ID,Job.Title,Salary,Location,Position.Type,Position.Subtype,Seniority,Tags,Technology,URL,Mining_Date,Review.Priority,Fit.Score,Primary.Track,Location.Fit,Mining.Age.Days,Fit.Reasons,Caution.Flags
JST_5782,ML výzkumník pro doporučovací systémy,Navrhni si mzdu,Praha,Researcher,Academic/Scientific Researcher,"Junior, Medior","AI & Machine Learning, Education & Research",,https://www.jobstack.it/it-job/data-scientist/66be2de03e3fb,2026-10-07T14:11:03+02:00,High,13,Data Science & Machine Learning,Prague,0,Data Science & Machine Learning; ML/AI or modelling; Junior/entry level; Medior level,
SJ_108185,Junior AI Engineer,,Prague,Engineer,AI/ML Engineer,Junior/Entry-level,"AI & Machine Learning, Engineering & R&D",,https://www.startupjobs.cz/nabidka/108185/junior-ai-engineer,2026-10-02T12:43:39+02:00,High,13,Data Science & Machine Learning,Prague,5,Data Science & Machine Learning; R; ML/AI or modelling; Junior/entry level,
JST_2868,ML výzkumník pro doporučovací systémy,Navrhni si mzdu,Praha,Researcher,Academic/Scientific Researcher,"Junior, Medior","AI & Machine Learning, Education & Research",,https://www.jobstack.it/it-job/specialista-ai/66be2de03e3fb,2026-09-12T11:33:28+02:00,High,13,Data Science & Machine Learning,Prague,25,Data Science & Machine Learning; ML/AI or modelling; Junior/entry level; Medior level,
JST_9501,Naprogramujete webovou appku? Baví vás AI? Pojďte k nám!,až 80 000 Kč / měsíc,"Praha 6 u metra Petřiny, hybrid",Developer,General Software Developer,"Junior, Medior",AI & Machine Learning,,https://www.jobstack.it/it-job/ruby-on-rails-developer/660e4c1b21d70,2026-09-12T11:33:02+02:00,High,13,Data Science & Machine Learning,Prague,25,Data Science & Machine Learning; ML/AI or modelling; Junior/entry level; Medior level,
JST_2175,Ruby on Rails Junior with a passion for AI,až 50 000 Kč / měsíc,"Praha 6 u metra Petřiny, hybrid",Developer,General Software Developer,"Junior, Medior",AI & Machine Learning,Ruby/Rails,https://www.jobstack.it/it-job/ruby-on-rails-developer/660e4aad9010c,2026-09-12T11:33:02+02:00,High,13,Data Science & Machine Learning,Prague,25,Data Science & Machine Learning; ML/AI or modelling; Junior/entry level; Medior level,
JB_5724,Data Scientist Junior / Data Scientist Medior – Corporate Banking (m/f),,Praha – Nusle,Scientist,Data Scientist,"Junior/Entry-level, Medior/Mid-level","Data & Analytics, Finance & Banking",,https://www.jobs.cz/rpd/2001421579/,2026-09-11T15:56:42+02:00,High,13,Data Science & Machine Learning,Prague,26,Data Science & Machine Learning; ML/AI or modelling; Junior/entry level; Medior level,
BLT_0502,Quantitative Research Analyst,,"Prague, CZE",Analyst,Technical/R&D Analyst,Entry level,Education & Research,,https://builtin.com/job/quantitative-research-analyst/8941799,,High,13,Customer/Market/Pricing Insights,Prague,,Customer/Market/Pricing Insights; R; Insights/research orientation; Junior/entry level,
JB_4245,Junior AI vývojář / Developer,60 000 – 90 000 Kč,Praha – Braník,Developer,General Software Developer,Junior/Entry-level,"AI & Machine Learning, IT & Software",,https://www.jobs.cz/rpd/2001457789/,2026-10-02T11:44:38+02:00,High,12,Data Science & Machine Learning,Prague,5,Data Science & Machine Learning; ML/AI or modelling; Junior/entry level,
JB_4853,Junior IT & AI Specialist,,Praha – Nové Město,Specialist,AI/Automation Specialist,Junior/Entry-level,"AI & Machine Learning, IT & Software",,https://www.jobs.cz/rpd/2001454322/,2026-09-30T11:55:23+02:00,High,12,Data Science & Machine Learning,Prague,7,Data Science & Machine Learning; ML/AI or modelling; Junior/entry level,
SJ_108049,"QA Tester, AI and automation (student or entry level job)",,Prague,Tester,Automation Tester,Junior/Entry-level,"AI & Machine Learning, Quality & Safety",,https://www.startupjobs.cz/nabidka/108049/qa-tester-ai-and-automation-student-or-entry-level-job,2026-09-23T21:48:38+02:00,High,12,Data Science & Machine Learning,Prague,14,Data Science & Machine Learning; ML/AI or modelling; Junior/entry level,
JB_7434,AI Developer JUNIOR/MEDIOR,,Modletice,Developer,General Software Developer,"Junior/Entry-level, Medior/Mid-level","AI & Machine Learning, IT & Software",,https://www.jobs.cz/rpd/2001424816/,2026-09-15T00:10:24+02:00,High,12,Data Science & Machine Learning,Outside Prague - verify,23,Data Science & Machine Learning; ML/AI or modelling; Junior/entry level; Medior level,Location requires verification
BLT_3913,AI Augmented Software Engineer [gn] Data Intelligence Platform,,27 Locations,Engineer,AI/ML Engineer,Entry level,"Data & Analytics, AI & Machine Learning, Cloud & Infrastructure, IT & Software, Engineering & R&D",,https://builtin.com/job/ai-augmented-software-engineer-gn-data-intelligence-platform/10889666,2026-09-14T23:28:00+02:00,High,12,Data Science & Machine Learning,Outside Prague - verify,23,Data Science & Machine Learning; R; ML/AI or modelling; Junior/entry level,Location requires verification
SJ_107047,"Hledám prvního technického člověka do Speyce | Junior fullstack/backend vývojář, AI-native",,Prague,Developer,Full-Stack Developer,Junior/Entry-level,"AI & Machine Learning, IT & Software",,https://www.startupjobs.cz/nabidka/107047/hledam-prvniho-technickeho-cloveka-do-speyce-junior-fullstack-backend-vyvojar-ai-native,2026-09-12T11:07:03+02:00,High,12,Data Science & Machine Learning,Prague,26,Data Science & Machine Learning; ML/AI or modelling; Junior/entry level,
SJ_107161,Junior AI Developer,,Prague,Developer,General Software Developer,Junior/Entry-level,"AI & Machine Learning, IT & Software",,https://www.startupjobs.cz/nabidka/107161/junior-ai-developer,2026-09-12T11:05:58+02:00,High,12,Data Science & Machine Learning,Prague,26,Data Science & Machine Learning; ML/AI or modelling; Junior/entry level,
JB_1450,Junior programátor AI,,Praha – Krč,Developer,General Software Developer,Junior/Entry-level,"AI & Machine Learning, IT & Software",,https://www.jobs.cz/rpd/2001405587/,2026-09-11T16:17:54+02:00,High,12,Data Science & Machine Learning,Prague,26,Data Science & Machine Learning; ML/AI or modelling; Junior/entry level,
JB_8586,E-commerce & AI Specialist (junior/medior),60 000 – 70 000 Kč,Dobrovíz,Specialist,AI/Automation Specialist,"Junior/Entry-level, Medior/Mid-level","AI & Machine Learning, Retail & E-commerce",,https://www.jobs.cz/rpd/2001412985/,2026-09-11T15:57:15+02:00,High,12,Data Science & Machine Learning,Outside Prague - verify,26,Data Science & Machine Learning; ML/AI or modelling; Junior/entry level; Medior level,Location requires verification
JB_6664,AI & Data Analytics Intern – 20 hrs/week,,Praha,Intern/Trainee,Data/Analytics Internship,Intern/Trainee,"Data & Analytics, AI & Machine Learning",,https://www.jobs.cz/rpd/2001410112/,2026-09-11T15:56:42+02:00,High,12,Data Science & Machine Learning,Prague,26,Data Science & Machine Learning; ML/AI or modelling; Junior/entry level,
BLT_5079,Fullstack Data Scientist (Remote),,"Prague, CZE",Scientist,Data Scientist,Entry level,Data & Analytics,,https://builtin.com/job/fullstack-data-scientist-remote/4455981,,High,12,Data Science & Machine Learning,Prague,,Data Science & Machine Learning; ML/AI or modelling; Junior/entry level,
JB_8030,IT BI/DWH specialista*ka – junior/medior,,Praha – Nusle,Specialist,Data/Analytics Specialist,"Junior/Entry-level, Medior/Mid-level","Data & Analytics, IT & Software",,https://www.jobs.cz/rpd/2001272827/,2026-09-21T17:35:11+02:00,High,11,Core Data & Analytics,Prague,16,Core Data & Analytics; SQL/data platform; Junior/entry level; Medior level,
BLT_4069,Data Scientist,,27 Locations,Scientist,Data Scientist,Junior,Data & Analytics,,https://builtin.com/job/data-scientist/3961686,,High,11,Data Science & Machine Learning,Outside Prague - verify,,Data Science & Machine Learning; ML/AI or modelling; Junior/entry level,Location requires verification
BLT_4479,Product Analyst,,27 Locations,Analyst,Product Analyst,Junior,,,https://builtin.com/job/product-analyst/8979355,,High,11,Customer/Market/Pricing Insights,Outside Prague - verify,,Customer/Market/Pricing Insights; Insights/research orientation; Junior/entry level,Location requires verification
BLT_6148,"SW Design Engineer - Python, Linux",,"Prague, CZE",Engineer,Software Engineer,Entry level,Engineering & R&D,"Python, Linux",https://builtin.com/job/sw-design-engineer-python-linux/11330052,2026-09-23T20:01:43+02:00,High,10,Python/Software Development,Prague,14,Python/Software Development; Python; R; Junior/entry level,
BLT_2781,Data Analytics Engineer,,"Prague, CZE",Engineer,Data Engineer,Junior,"Data & Analytics, Engineering & R&D",,https://builtin.com/job/data-analytics-engineer/11311665,2026-09-23T20:00:09+02:00,High,10,Data Engineering & Automation,Prague,14,Data Engineering & Automation; R; Junior/entry level,
JB_8296,Trainee pro Data CoE - Data analytik/čka s přesahem do Data Engineering,,Praha – Stodůlky,Analyst,General Analyst,Intern/Trainee,"Data & Analytics, Engineering & R&D",,https://www.jobs.cz/rpd/2001358369/,2026-09-21T17:22:21+02:00,High,10,Data Engineering & Automation,Prague,16,Data Engineering & Automation; R; Junior/entry level,
BLT_0670,Data Engineer Intern,,"Prague, CZE",Engineer,Data Engineer,Internship,"Data & Analytics, Engineering & R&D",,https://builtin.com/job/data-engineer-intern/10752568,,High,10,Data Engineering & Automation,Prague,,Data Engineering & Automation; R; Junior/entry level,
BLT_5083,SW Tool Developer - Python,,"Prague, CZE",Developer,General Software Developer,Entry level,IT & Software,Python,https://builtin.com/job/sw-tool-developer-python/11421706,2026-09-30T11:07:03+02:00,High,9,Python/Software Development,Prague,8,Python/Software Development; Python; Junior/entry level,
BLT_2165,Data Engineer,,27 Locations,Engineer,Data Engineer,Junior,"Data & Analytics, Engineering & R&D",,https://builtin.com/job/data-engineer/11409760,2026-09-29T10:52:30+02:00,High,9,Data Engineering & Automation,Outside Prague - verify,9,Data Engineering & Automation; R; Junior/entry level,Location requires verification
SJ_106229,Patent Specialist (junior) / Technický analytik inovací Praha,,Prague,Analyst,Technical/R&D Analyst,Junior/Entry-level,"Data & Analytics, Engineering & R&D, Legal",,https://www.startupjobs.cz/nabidka/106229/patent-specialist-junior-technicky-analytik-inovaci,2026-09-12T11:04:53+02:00,High,9,Core Data & Analytics,Prague,26,Core Data & Analytics; R; Junior/entry level,
JB_4792,Patent Specialist (junior) / Technický analytik inovací (Medical Devices),,Praha – Vokovice,Analyst,Technical/R&D Analyst,Junior/Entry-level,"Data & Analytics, Engineering & R&D, Healthcare & Pharma, Legal",,https://www.jobs.cz/rpd/2001341891/,2026-09-11T15:58:06+02:00,High,9,Core Data & Analytics,Prague,26,Core Data & Analytics; R; Junior/entry level,
JST_8648,Softwarový vývojář – Matlab / Simulink,Navrhni si mzdu,"Praha, Plzeň",Developer,General Software Developer,"Junior, Medior",IT & Software,,https://www.jobstack.it/it-job/iot-developer/63c7e5d8ac22c,2026-10-07T14:11:38+02:00,Good,8,Python/Software Development,Prague,0,Python/Software Development; Junior/entry level; Medior level,
JST_6228,Fiori Developer,Navrhni si mzdu,Praha,Developer,General Software Developer,"Junior, Medior",IT & Software,,https://www.jobstack.it/it-job/sap/649974baa54ad,2026-10-07T14:11:32+02:00,Good,8,Python/Software Development,Prague,0,Python/Software Development; Junior/entry level; Medior level,
JST_4473,PROGRAMÁTOR ERP SYSTÉMU,až 50 000 Kč / měsíc,"Štefánikova 32, Praha 5",Developer,Enterprise Applications Developer,"Junior, Medior",IT & Software,,https://www.jobstack.it/it-job/axapta-developer/60003c43e18d4,2026-10-07T14:11:03+02:00,Good,8,Python/Software Development,Prague,0,Python/Software Development; Junior/entry level; Medior level,
JB_2382,Datový analytik/Datová analytička junior,,Praha,Analyst,Data/BI Analyst,Junior/Entry-level,Data & Analytics,,https://www.jobs.cz/rpd/2001446338/,2026-09-25T11:26:15+02:00,Good,8,Core Data & Analytics,Prague,12,Core Data & Analytics; Junior/entry level,
SJ_108003,Business Intelligence Analyst (junior),,Prague,Analyst,Data/BI Analyst,Junior/Entry-level,Data & Analytics,,https://www.startupjobs.cz/nabidka/108003/business-intelligence-analyst-junior,2026-09-22T20:37:21+02:00,Good,8,Core Data & Analytics,Prague,15,Core Data & Analytics; Junior/entry level,
JB_7243,Junior Data Specialist (Risk & Finance) - zástup za MD/RD,,Praha – Strašnice,Specialist,Data/Analytics Specialist,Junior/Entry-level,"Data & Analytics, Finance & Banking, Compliance & Risk",,https://www.jobs.cz/rpd/2001364173/,2026-09-22T19:00:06+02:00,Good,8,Core Data & Analytics,Prague,15,Core Data & Analytics; Junior/entry level,
SJ_107927,Junior / Mid-level Scala Developer,,Prague,Developer,General Software Developer,"Junior/Entry-level, Medior/Mid-level",IT & Software,Scala,https://www.startupjobs.cz/nabidka/107927/junior-mid-level-scala-developer,2026-09-20T10:52:57+02:00,Good,8,Python/Software Development,Prague,18,Python/Software Development; Junior/entry level; Medior level,
JB_0403,Internship – Forward Deployed Software Engineer,,Praha – Nové Město,Engineer,Software Engineer,Intern/Trainee,"IT & Software, Engineering & R&D",,https://www.jobs.cz/rpd/2001433466/,2026-09-18T18:06:02+02:00,Good,8,Python/Software Development,Prague,19,Python/Software Development; R; Junior/entry level,
JB_4407,Junior Forward Deployed Software Engineer,50 000 Kč,Praha – Nové Město,Engineer,Software Engineer,Junior/Entry-level,"IT & Software, Engineering & R&D",,https://www.jobs.cz/rpd/2001433469/,2026-09-18T18:04:40+02:00,Good,8,Python/Software Development,Prague,19,Python/Software Development; R; Junior/entry level,
JB_0438,PPC specialista / Datový analytik (junior),35 000 – 50 000 Kč,Praha – Libeň,Analyst,Data/BI Analyst,Junior/Entry-level,"Data & Analytics, Marketing & Communications",,https://www.jobs.cz/rpd/2001427655/,2026-09-18T13:07:05+02:00,Good,8,Core Data & Analytics,Prague,19,Core Data & Analytics; Junior/entry level,
BLT_0726,"Software Engineer, Containers",,"Prague, CZE",Engineer,Software Engineer,Entry level,"IT & Software, Engineering & R&D",,https://builtin.com/job/software-engineer-containers/11203487,2026-09-17T10:31:21+02:00,Good,8,Python/Software Development,Prague,21,Python/Software Development; R; Junior/entry level,
BLT_2379,Junior Software Engineer,,"Prague, CZE",Engineer,Software Engineer,Junior,"IT & Software, Engineering & R&D",,https://builtin.com/job/junior-software-engineer/9112895,2026-09-14T23:27:16+02:00,Good,8,Python/Software Development,Prague,23,Python/Software Development; R; Junior/entry level,
BLT_8346,Crypto Backend Engineer,,"Prague, CZE",Engineer,Software Engineer,Entry level,Engineering & R&D,,https://builtin.com/job/crypto-backend-engineer/11133452,2026-09-14T23:26:27+02:00,Good,8,Python/Software Development,Prague,23,Python/Software Development; R; Junior/entry level,
JST_3980,Hledáme REACT Developera do našeho týmu v Praze!,Navrhni si mzdu,Praha 4,Developer,General Software Developer,"Junior, Medior",,React,https://www.jobstack.it/it-job/react-developer/5fc617e1695ed,2026-09-12T11:34:11+02:00,Good,8,Python/Software Development,Prague,25,Python/Software Development; Junior/entry level; Medior level,
JST_2418,INTEGRAČNÍ VÝVOJÁŘ / JUNIOR ARCHITEKT,Navrhni si mzdu,30% Praha + 70% Home Office,Architect,Systems/Integration Architect,Medior,IT & Software,,https://www.jobstack.it/it-job/architekt/6087e0c49ee22,2026-09-12T11:34:05+02:00,Good,8,Python/Software Development,Prague,25,Python/Software Development; Junior/entry level; Medior level,
JST_5890,Softwarový vývojář – Matlab / Simulink,Navrhni si mzdu,"Praha, Plzeň",Developer,General Software Developer,"Junior, Medior",IT & Software,,https://www.jobstack.it/it-job/developer-other/63c7e5d8ac22c,2026-09-12T11:33:50+02:00,Good,8,Python/Software Development,Prague,25,Python/Software Development; Junior/entry level; Medior level,
JST_8423,Fiori Developer,Navrhni si mzdu,Praha,Developer,General Software Developer,"Junior, Medior",IT & Software,,https://www.jobstack.it/it-job/developer-other/649974baa54ad,2026-09-12T11:33:42+02:00,Good,8,Python/Software Development,Prague,25,Python/Software Development; Junior/entry level; Medior level,
JST_9525,IT Solution Analyst,až 80 000 Kč / měsíc,"Rohanské nábřeží 19, Praha",Analyst,IT/Systems Analyst,"Junior, Medior",IT & Software,,https://www.jobstack.it/it-job/analytik/65df3760a8da9,2026-09-12T11:33:28+02:00,Good,8,Business/Product Analysis,Prague,25,Business/Product Analysis; Junior/entry level; Medior level,
JST_3867,PHP Developer (junior/medior) – interní aplikace s dopadem,Navrhni si mzdu,Praha,Developer,General Software Developer,"Junior, Medior",IT & Software,PHP,https://www.jobstack.it/it-job/php-developer/689527a77db40,2026-09-12T11:33:16+02:00,Good,8,Python/Software Development,Prague,25,Python/Software Development; Junior/entry level; Medior level,
JST_7017,PROGRAMÁTOR ERP SYSTÉMU,až 50 000 Kč / měsíc,"Štefánikova 32, Praha 5",Developer,Enterprise Applications Developer,"Junior, Medior",IT & Software,,https://www.jobstack.it/it-job/database-developer/60003c43e18d4,2026-09-12T11:33:16+02:00,Good,8,Python/Software Development,Prague,25,Python/Software Development; Junior/entry level; Medior level,
JST_8194,UK startup looks for a Junior RoR dev keen to learn,až 50 000 Kč / měsíc,"Praha 6 - Petřiny, hybrid",Developer,General Software Developer,"Junior, Medior",,,https://www.jobstack.it/it-job/python-developer/627a82ae181c1,2026-09-12T11:33:16+02:00,Good,8,Python/Software Development,Prague,25,Python/Software Development; Junior/entry level; Medior level,
JST_5801,"Junior programátor Ruby, co nemá zaťatý zuby",až 60 000 Kč / měsíc,"Praha 6 u metra Petřiny, hybrid",Developer,General Software Developer,"Junior, Medior",IT & Software,Ruby/Rails,https://www.jobstack.it/it-job/ruby-on-rails-developer/607d7030231e2,2026-09-12T11:33:02+02:00,Good,8,Python/Software Development,Prague,25,Python/Software Development; Junior/entry level; Medior level,
JST_4663,Nadšený backend vývojář na cestě k Ruby,až 80 000 Kč / měsíc,"Praha 6 u metra Petřiny, hybrid",Developer,Backend Developer,"Junior, Medior",IT & Software,Ruby/Rails,https://www.jobstack.it/it-job/ruby-on-rails-developer/65fab87b0579d,2026-09-12T11:33:02+02:00,Good,8,Python/Software Development,Prague,25,Python/Software Development; Junior/entry level; Medior level,
JST_7788,NEXT.js developer (Medior),až 100 000 Kč / měsíc,"Drtinova 10, Praha 5 (Impact Hub) nebo Cyrilská 7, Brno",Developer,General Software Developer,"Junior, Medior",IT & Software,JavaScript,https://www.jobstack.it/it-job/react-developer/5c0f96ef19d1c,2026-09-12T11:32:36+02:00,Good,8,Python/Software Development,Prague,25,Python/Software Development; Junior/entry level; Medior level,
JST_8793,PHP programátor (Nette),až 95 000 Kč / měsíc,"Drtinova 10, Praha 5 (Impact Hub), Brno - Cyrilská 7",Developer,General Software Developer,"Junior, Medior",IT & Software,PHP,https://www.jobstack.it/it-job/php-developer/5bd1c00490cad,2026-09-12T11:32:21+02:00,Good,8,Python/Software Development,Prague,25,Python/Software Development; Junior/entry level; Medior level,
SJ_107109,Junior / Mid-level Scala Developer,,Prague,Developer,General Software Developer,"Junior/Entry-level, Medior/Mid-level",IT & Software,Scala,https://www.startupjobs.cz/nabidka/107109/junior-mid-level-scala-developer,2026-09-12T10:43:17+02:00,Good,8,Python/Software Development,Prague,26,Python/Software Development; Junior/entry level; Medior level,
JB_0625,Business analytik - junior/medior - (m/ž/n) - PRAHA,,Praha – Karlín,Analyst,Business/Process Analyst,"Junior/Entry-level, Medior/Mid-level",Data & Analytics,,https://www.jobs.cz/rpd/2001412247/,2026-09-11T16:52:09+02:00,Good,8,Business/Product Analysis,Prague,26,Business/Product Analysis; Junior/entry level; Medior level,
JB_7739,Student – Test Automation Engineer in Python for Industrial Automation,,Praha – Stodůlky,Engineer,QA/Test Engineer,,"Manufacturing & Production, Engineering & R&D",Python,https://www.jobs.cz/rpd/2001173625/,2026-09-11T16:20:07+02:00,Good,8,Adjacent Technical,Prague,26,Adjacent Technical; Python; R; Junior/entry level,
JB_8335,Pricing Analyst - vhodné i pro absolventy SŠ/VŠ dopravní,,Pavlov,Analyst,Finance/Investment Analyst,Junior/Entry-level,Finance & Banking,,https://www.jobs.cz/rpd/2001392279/,2026-09-11T15:58:50+02:00,Good,8,Customer/Market/Pricing Insights,Outside Prague - verify,26,Customer/Market/Pricing Insights; Insights/research orientation; Junior/entry level,Finance/accounting orientation; Location requires verification
JB_7518,Datový analytik junior,,Praha – Libeň,Analyst,Data/BI Analyst,Junior/Entry-level,Data & Analytics,,https://www.jobs.cz/rpd/2001415391/,2026-09-11T15:58:19+02:00,Good,8,Core Data & Analytics,Prague,26,Core Data & Analytics; Junior/entry level,
JB_0577,Specialista datových analýz a reportingu (vhodné i pro absolventy),,Praha – Nusle,Specialist,Data/Analytics Specialist,Junior/Entry-level,,,https://www.jobs.cz/rpd/2001419288/,2026-09-11T15:58:19+02:00,Good,8,Core Data & Analytics,Prague,26,Core Data & Analytics; Junior/entry level,
BLT_1905,Software Developer,,"Prague, CZE",Developer,General Software Developer,Junior,IT & Software,,https://builtin.com/job/software-developer/11182194,2026-10-07T12:34:58+02:00,Good,7,Python/Software Development,Prague,0,Python/Software Development; Junior/entry level,
BLT_0533,Software Engineer,738K-1M Annually,CZ,Engineer,Software Engineer,Entry level,"IT & Software, Engineering & R&D",,https://builtin.com/job/software-engineer/11049016,2026-10-03T09:47:32+02:00,Good,7,Python/Software Development,Czechia - verify Prague/remote,5,Python/Software Development; R; Junior/entry level,Location requires verification
BLT_9140,"Software Engineer, Developer Tools",130K-160K Annually,27 Locations,Engineer,Software Engineer,Entry level,"IT & Software, Engineering & R&D",,https://builtin.com/job/software-engineer-developer-tools/11464042,2026-10-02T11:06:41+02:00,Good,7,Python/Software Development,Outside Prague - verify,6,Python/Software Development; R; Junior/entry level,Location requires verification
BLT_4190,RGM Data Analyst,,27 Locations,Analyst,Data/BI Analyst,Entry level,Data & Analytics,,https://builtin.com/job/rgm-data-analyst/11458469,2026-10-02T11:04:35+02:00,Good,7,Core Data & Analytics,Outside Prague - verify,6,Core Data & Analytics; Junior/entry level,Location requires verification
JB_3474,Junior Java Developer,60 000 – 70 000 Kč,Praha – Nové Město,Developer,General Software Developer,Junior/Entry-level,IT & Software,Java,https://www.jobs.cz/rpd/2001455461/,2026-09-30T11:32:17+02:00,Good,7,Python/Software Development,Prague,7,Python/Software Development; Junior/entry level,
BLT_2175,Full Stack Software Engineer,,27 Locations,Engineer,Software Engineer,Entry level,"IT & Software, Engineering & R&D",,https://builtin.com/job/full-stack-software-engineer/11415140,2026-09-30T11:08:11+02:00,Good,7,Python/Software Development,Outside Prague - verify,8,Python/Software Development; R; Junior/entry level,Location requires verification
BLT_1537,Data Analyst,,26 Locations,Analyst,Data/BI Analyst,Entry level,Data & Analytics,,https://builtin.com/job/data-analyst/11393293,2026-09-29T10:52:30+02:00,Good,7,Core Data & Analytics,Outside Prague - verify,9,Core Data & Analytics; Junior/entry level,Location requires verification
JB_5735,Junior konzultant/ka nebo vývojář/ka modelů – Řízení kreditního rizika,50 000 Kč,Praha,Consultant,General Consultant,Junior/Entry-level,IT & Software,,https://www.jobs.cz/rpd/2001439010/,2026-09-21T17:32:40+02:00,Good,7,Python/Software Development,Prague,16,Python/Software Development; Junior/entry level,
BLT_3958,Data Editor (TV & Streaming) - German&English (RO/MD),10K-10K Annually,6 Locations,Specialist,Data/Analytics Specialist,Entry level,Data & Analytics,,https://builtin.com/job/data-editor-tv-streaming-german-english-ro-md/10087743,2026-09-18T13:00:43+02:00,Good,7,Core Data & Analytics,Outside Prague - verify,19,Core Data & Analytics; Junior/entry level,Location requires verification
BLT_1133,"Software Engineer (Enterprise Experience, Backend)",,27 Locations,Engineer,Software Engineer,Junior,"IT & Software, Engineering & R&D",,https://builtin.com/job/software-engineer-enterprise-experience-backend/11198746,2026-09-17T10:32:37+02:00,Good,7,Python/Software Development,Outside Prague - verify,21,Python/Software Development; R; Junior/entry level,Location requires verification
BLT_5330,Junior Data Analyst,,32 Locations,Analyst,Data/BI Analyst,Junior,Data & Analytics,,https://builtin.com/job/junior-data-analyst/10978603,2026-09-17T10:30:17+02:00,Good,7,Core Data & Analytics,Outside Prague - verify,21,Core Data & Analytics; Junior/entry level,Location requires verification
BLT_7589,Software Development Engineer III,,21 Locations,Engineer,Software Engineer,Junior,"IT & Software, Engineering & R&D",,https://builtin.com/job/sde-i/9570935,2026-09-14T23:29:34+02:00,Good,7,Python/Software Development,Outside Prague - verify,23,Python/Software Development; R; Junior/entry level,Location requires verification
BLT_6905,Frontend Software Engineer,,27 Locations,Engineer,Software Engineer,Junior,"IT & Software, Engineering & R&D",,https://builtin.com/job/full-stack-developer/6356084,2026-09-14T23:29:04+02:00,Good,7,Python/Software Development,Outside Prague - verify,23,Python/Software Development; R; Junior/entry level,Location requires verification
BLT_4709,New Grad Software Engineer (Backend Rust),120K-260K Annually,36 Locations,Engineer,Software Engineer,Entry level,"IT & Software, Engineering & R&D",Rust,https://builtin.com/job/new-grad-software-engineer-backend-rust/6379221,2026-09-14T23:28:36+02:00,Good,7,Python/Software Development,Outside Prague - verify,23,Python/Software Development; R; Junior/entry level,Location requires verification
BLT_0484,Software Engineer (on site: Prague),,Czech Republic,Engineer,Software Engineer,Junior,"IT & Software, Engineering & R&D",,https://builtin.com/job/software-engineer-site-prague/8759419,2026-09-14T23:28:23+02:00,Good,7,Python/Software Development,Czechia - verify Prague/remote,23,Python/Software Development; R; Junior/entry level,Location requires verification
BLT_2344,Full Stack Software Engineer,,29 Locations,Engineer,Software Engineer,Entry level,"IT & Software, Engineering & R&D",,https://builtin.com/job/full-stack-software-engineer/10949761,2026-09-14T23:27:53+02:00,Good,7,Python/Software Development,Outside Prague - verify,23,Python/Software Development; R; Junior/entry level,Location requires verification
BLT_6614,Backend Engineer (Billing),,27 Locations,Engineer,Software Engineer,Junior,Engineering & R&D,,https://builtin.com/job/backend-engineer-billing/10984195,2026-09-14T23:27:44+02:00,Good,7,Python/Software Development,Outside Prague - verify,23,Python/Software Development; R; Junior/entry level,Location requires verification
BLT_9803,Backend Engineer (NestJS / Go),,27 Locations,Engineer,Software Engineer,Entry level,Engineering & R&D,,https://builtin.com/job/backend-engineer-nestjs-go/11070380,2026-09-14T23:27:38+02:00,Good,7,Python/Software Development,Outside Prague - verify,23,Python/Software Development; R; Junior/entry level,Location requires verification
BLT_0634,Software Engineer (Rust),,26 Locations,Engineer,Software Engineer,Entry level,"IT & Software, Engineering & R&D",Rust,https://builtin.com/job/software-engineer-rust/11133622,2026-09-14T23:27:30+02:00,Good,7,Python/Software Development,Outside Prague - verify,23,Python/Software Development; R; Junior/entry level,Location requires verification
BLT_2459,Compiler Software Engineer,738K-1M Annually,CZ,Engineer,Software Engineer,Junior,"IT & Software, Engineering & R&D",,https://builtin.com/job/compiler-software-engineer/10218943,2026-09-14T23:27:16+02:00,Good,7,Python/Software Development,Czechia - verify Prague/remote,23,Python/Software Development; R; Junior/entry level,Location requires verification
BLT_2327,Kotlin Developer,,"Prague, CZE",Developer,General Software Developer,Junior,IT & Software,Kotlin,https://builtin.com/job/kotlin-developer/10292005,2026-09-14T23:26:44+02:00,Good,7,Python/Software Development,Prague,23,Python/Software Development; Junior/entry level,
BLT_7425,Experienced SAP ABAP Developer,,"Prague, CZE",Developer,Enterprise Applications Developer,Entry level,IT & Software,"ABAP, SAP",https://builtin.com/job/experienced-sap-abap-developer/11130923,2026-09-14T23:26:27+02:00,Good,7,Python/Software Development,Prague,23,Python/Software Development; Junior/entry level,
JST_5386,IT Analytik,Navrhni si mzdu,Praha,Analyst,IT/Systems Analyst,Junior,"Data & Analytics, IT & Software",,https://www.jobstack.it/it-job/analytik/5fcf3a81124a9,2026-09-12T11:34:11+02:00,Good,7,Business/Product Analysis,Prague,25,Business/Product Analysis; Junior/entry level,
JST_0548,Programátor,až 50 000 Kč / měsíc,Praha,Developer,General Software Developer,Junior,IT & Software,,https://www.jobstack.it/it-job/trainee/5ca6fa90bd909,2026-09-12T11:34:05+02:00,Good,7,Python/Software Development,Prague,25,Python/Software Development; Junior/entry level,
JST_9544,Junior PHP Full-Stack Developer,až 60 000 Kč / měsíc,"Praha, Jinonice",Developer,Full-Stack Developer,Junior,IT & Software,PHP,https://www.jobstack.it/it-job/php-developer/61b888951559d,2026-09-12T11:33:57+02:00,Good,7,Python/Software Development,Prague,25,Python/Software Development; Junior/entry level,
JST_0352,Junior Mendix Developer/konzultant,Navrhni si mzdu,"Praha 5, Stodůlky",Developer,General Software Developer,Junior,IT & Software,,https://www.jobstack.it/it-job/analytik/63ca9f3d92383,2026-09-12T11:33:50+02:00,Good,7,Python/Software Development,Prague,25,Python/Software Development; Junior/entry level,
JST_8068,ABAP Developer,Navrhni si mzdu,Praha,Developer,Enterprise Applications Developer,Junior,IT & Software,ABAP,https://www.jobstack.it/it-job/javascript-developer/659e74727558b,2026-09-12T11:33:28+02:00,Good,7,Python/Software Development,Prague,25,Python/Software Development; Junior/entry level,
JST_0296,"Junior BE programátor, co se nebojí Ruby",až 60 000 Kč / měsíc,"Praha 6 - Petřiny, hybrid",Developer,General Software Developer,Junior,IT & Software,Ruby/Rails,https://www.jobstack.it/it-job/ruby-on-rails-developer/607d6c3fe3cd0,2026-09-12T11:33:02+02:00,Good,7,Python/Software Development,Prague,25,Python/Software Development; Junior/entry level,
SJ_99861,Junior Salesforce Developer,,Prague,Developer,Enterprise Applications Developer,Junior/Entry-level,IT & Software,Salesforce,https://www.startupjobs.cz/nabidka/99861/junior-salesforce-developer,2026-09-12T10:46:32+02:00,Good,7,Python/Software Development,Prague,26,Python/Software Development; Junior/entry level,
JB_0390,Junior IT Business Analytik,,Praha – Krč,Analyst,IT/Systems Analyst,Junior/Entry-level,"Data & Analytics, IT & Software",,https://www.jobs.cz/rpd/2001335181/,2026-09-11T16:52:09+02:00,Good,7,Business/Product Analysis,Prague,26,Business/Product Analysis; Junior/entry level,
JB_1750,Trainee IT Analytik/čka – tým Personalizovaného marketingu (OLEG - kampaňový systém),,Praha – Stodůlky,Analyst,IT/Systems Analyst,Intern/Trainee,"Data & Analytics, IT & Software",,https://www.jobs.cz/rpd/2001251994/,2026-09-11T16:43:08+02:00,Good,7,Business/Product Analysis,Prague,26,Business/Product Analysis; Junior/entry level,
JB_4768,IDT Junior Marketing Business Analyst (E-Commerce) (m/f),,Praha – Karlín,Analyst,Business/Process Analyst,Junior/Entry-level,"Marketing & Communications, Retail & E-commerce",,https://www.jobs.cz/rpd/2001419249/,2026-09-11T16:32:03+02:00,Good,7,Business/Product Analysis,Prague,26,Business/Product Analysis; Junior/entry level,
JB_3445,Junior programátor/ka,20 000 – 40 000 Kč,Praha – Karlín,Developer,General Software Developer,Junior/Entry-level,IT & Software,,https://www.jobs.cz/rpd/2001385301/,2026-09-11T16:29:17+02:00,Good,7,Python/Software Development,Prague,26,Python/Software Development; Junior/entry level,
JB_8862,Programátor IS junior,40 000 – 65 000 Kč,Praha – Malešice,Developer,General Software Developer,Junior/Entry-level,IT & Software,,https://www.jobs.cz/rpd/2001360201/,2026-09-11T16:29:17+02:00,Good,7,Python/Software Development,Prague,26,Python/Software Development; Junior/entry level,
JB_4961,SCADA Programátor / Junior SCADA programátor,,Praha – Malešice,Developer,General Software Developer,Junior/Entry-level,IT & Software,,https://www.jobs.cz/rpd/2001335771/,2026-09-11T16:29:17+02:00,Good,7,Python/Software Development,Prague,26,Python/Software Development; Junior/entry level,
JB_5411,Full-stack Developer | vývoj webových aplikací – zaměřením na UX (vhodné i pro absolventy),,Praha – Michle,Developer,Full-Stack Developer,Junior/Entry-level,IT & Software,,https://www.jobs.cz/rpd/2001383520/,2026-09-11T16:19:55+02:00,Good,7,Python/Software Development,Prague,26,Python/Software Development; Junior/entry level,
JB_7281,Hledá se Absolvent Programátor,50 000 – 100 000 Kč,Praha – Karlín,Developer,General Software Developer,Junior/Entry-level,IT & Software,,https://www.jobs.cz/rpd/2000419605/,2026-09-11T16:09:03+02:00,Good,7,Python/Software Development,Prague,26,Python/Software Development; Junior/entry level,
JB_6761,IT Analytik | Vhodné pro juniory | Praha,,Praha,Analyst,IT/Systems Analyst,Junior/Entry-level,"Data & Analytics, IT & Software",,https://www.jobs.cz/rpd/2001416676/,2026-09-11T15:58:06+02:00,Good,7,Business/Product Analysis,Prague,26,Business/Product Analysis; Junior/entry level,
JB_2170,JUNIORNÍ DATOVÝ ANALYTIK,,Slaný,Analyst,Data/BI Analyst,Junior/Entry-level,Data & Analytics,,https://www.jobs.cz/rpd/2001401252/,2026-09-11T15:58:06+02:00,Good,7,Core Data & Analytics,Outside Prague - verify,26,Core Data & Analytics; Junior/entry level,Location requires verification
JB_3084,Power BI konzultant / analytik (junior/medior),,Praha – Smíchov + 1 další lokalita,Consultant,Data/Analytics Consultant,"Junior/Entry-level, Medior/Mid-level","Data & Analytics, Energy & Utilities",Power BI,https://www.jobs.cz/rpd/2000977772/,2026-09-11T15:57:43+02:00,Good,7,Core Data & Analytics,Prague,26,Core Data & Analytics; Junior/entry level; Medior level,Primarily BI/reporting
JB_8653,Junior business analytik ICT,,Praha – Krč,Analyst,Business/Process Analyst,Junior/Entry-level,"Data & Analytics, IT & Software",,https://www.jobs.cz/rpd/2001415649/,2026-09-11T15:57:15+02:00,Good,7,Business/Product Analysis,Prague,26,Business/Product Analysis; Junior/entry level,
JB_2719,Junior IT Analytik - skvělý start tvé kariéry v IT!,,Praha – Krč,Analyst,IT/Systems Analyst,Junior/Entry-level,"Data & Analytics, IT & Software",,https://www.jobs.cz/rpd/2001338015/,2026-09-11T15:57:03+02:00,Good,7,Business/Product Analysis,Prague,26,Business/Product Analysis; Junior/entry level,
JB_2347,PROCESNÍ ANALYTIK - vhodné pro absolventy,,Praha – Hostivař,Analyst,Business/Process Analyst,Junior/Entry-level,Data & Analytics,,https://www.jobs.cz/rpd/2001405355/,2026-09-11T15:57:03+02:00,Good,7,Business/Product Analysis,Prague,26,Business/Product Analysis; Junior/entry level,
BLT_9561,Business Intelligence Executive,,2 Locations,Specialist,Data Governance/Quality Specialist,Entry level,Data & Analytics,,https://builtin.com/job/business-intelligence-executive/10912669,,Good,7,Core Data & Analytics,Outside Prague - verify,,Core Data & Analytics; Junior/entry level,Location requires verification
BLT_7014,Data Analyst (Slovak),,3 Locations,Analyst,Data/BI Analyst,Entry level,Data & Analytics,,https://builtin.com/job/data-analyst-slovak/10646288,,Good,7,Core Data & Analytics,Outside Prague - verify,,Core Data & Analytics; Junior/entry level,Location requires verification
BLT_4452,Data Analyst I,90K-120K Annually,27 Locations,Analyst,Data/BI Analyst,Entry level,Data & Analytics,,https://builtin.com/job/data-analyst-i/9919143,,Good,7,Core Data & Analytics,Outside Prague - verify,,Core Data & Analytics; Junior/entry level,Location requires verification
BLT_1131,IT Business Intelligence Analyst,,27 Locations,Analyst,Data/BI Analyst,Entry level,"Data & Analytics, IT & Software",,https://builtin.com/job/it-business-intelligence-analyst/10978112,,Good,7,Core Data & Analytics,Outside Prague - verify,,Core Data & Analytics; Junior/entry level,Location requires verification
BLT_1014,Junior Business Analyst (Full Remote - Europe),,27 Locations,Analyst,Business/Process Analyst,Junior,,,https://builtin.com/job/junior-business-analyst-full-remote-europe/10800476,,Good,7,Business/Product Analysis,Remote/Hybrid,,Business/Product Analysis; Junior/entry level,
BLT_3349,STIBO STEP Business Analyst,,"Prague, CZE",Analyst,Business/Process Analyst,Entry level,,,https://builtin.com/job/stibo-step-business-analyst/11102293,,Good,7,Business/Product Analysis,Prague,,Business/Product Analysis; Junior/entry level,
JB_4861,Junior Data & Credit Reporting Specialist (part-time / student),20 000 – 28 000 Kč,Praha,Specialist,Data/Analytics Specialist,Junior/Entry-level,"Data & Analytics, Compliance & Risk",,https://www.jobs.cz/rpd/2001467612/,2026-10-07T12:39:26+02:00,Good,6,Core Data & Analytics,Prague,0,Core Data & Analytics; Junior/entry level,Primarily BI/reporting
BLT_4892,Software Developers & Founders - Earn from Your Unused Code Repositories,40K-100K Annually,6 Locations,Developer,General Software Developer,Entry level,IT & Software,,https://builtin.com/job/software-developers-founders-earn-your-unused-code-repositories/11385936,2026-09-29T10:54:36+02:00,Good,6,Python/Software Development,Outside Prague - verify,9,Python/Software Development; Junior/entry level,Location requires verification
BLT_0925,C++ Developer,130K-130K Annually,Czechia,Developer,General Software Developer,Entry level,IT & Software,C/C++,https://builtin.com/job/c-developer/10889833,2026-09-14T23:28:00+02:00,Good,6,Python/Software Development,Czechia - verify Prague/remote,23,Python/Software Development; Junior/entry level,Location requires verification
JST_9277,DEVOPS SPECIALISTA -LINUX,až 80 000 Kč / měsíc,Praha a Home Office,Specialist,IT/Systems Specialist,"Junior, Medior",Cloud & Infrastructure,Linux,https://www.jobstack.it/it-job/application-server-admin/63db81bf5b2d9,2026-09-12T11:33:50+02:00,Good,6,Adjacent Technical,Prague,25,Adjacent Technical; Junior/entry level; Medior level,
SJ_107585,Junior QA Engineer,,Prague,Engineer,QA/Test Engineer,Junior/Entry-level,"Engineering & R&D, Quality & Safety",,https://www.startupjobs.cz/nabidka/107585/junior-qa-engineer,2026-09-12T10:58:33+02:00,Good,6,Adjacent Technical,Prague,26,Adjacent Technical; R; Junior/entry level,
JST_3524,ICT – Azure DevOps Engineer Praha/Olomouc,Navrhni si mzdu,Praha nebo Olomouc,Engineer,DevOps/SRE Engineer,"Junior, Medior","Cloud & Infrastructure, IT & Software, Engineering & R&D",Azure,https://www.jobstack.it/it-job/devops-admin/6682857e07edb,2026-10-07T14:10:43+02:00,Exploratory,5,Other,Prague,0,R; Junior/entry level; Medior level,
JB_8926,IT DEVOPS Specialist - Junior,,Praha – Braník,Specialist,IT/Systems Specialist,Junior/Entry-level,"Cloud & Infrastructure, IT & Software",,https://www.jobs.cz/rpd/2001460059/,2026-10-03T10:16:19+02:00,Exploratory,5,Adjacent Technical,Prague,5,Adjacent Technical; Junior/entry level,
JST_8497,"Junior tester s přesahem do automatizace - full onsite, Praha",až 44 000 Kč / měsíc,Praha - Barrandov,Tester,Automation Tester,Junior,,,https://www.jobstack.it/it-job/tester/6abf6520a7fef,2026-10-02T12:36:00+02:00,Exploratory,5,Adjacent Technical,Prague,5,Adjacent Technical; Junior/entry level,
JST_2919,"L1 IT support - Praha, IČO, onsite",až 50 000 Kč / měsíc,Praha,Support Specialist,Technical Support,Junior,IT & Software,,https://www.jobstack.it/it-job/it-podpora/6abe43a41a01a,2026-10-02T12:35:54+02:00,Exploratory,5,Adjacent Technical,Prague,5,Adjacent Technical; Junior/entry level,
JB_4480,Control Algorithm Engineer (Aerospace) - junior/medior,,Hlavní město Praha,Engineer,Automation/Control Engineer,"Junior/Entry-level, Medior/Mid-level",Engineering & R&D,,https://www.jobs.cz/rpd/2001412984/,2026-10-02T11:34:40+02:00,Exploratory,5,Other,Prague,5,R; Junior/entry level; Medior level,
JB_2267,Junior IT specialista / IT generalista,40 000 – 60 000 Kč,Praha – Smíchov,Specialist,IT/Systems Specialist,Junior/Entry-level,IT & Software,,https://www.jobs.cz/rpd/2001444295/,2026-09-25T10:17:55+02:00,Exploratory,5,Adjacent Technical,Prague,13,Adjacent Technical; Junior/entry level,
JB_1931,Junior GIS Analyst at Aon Impact Forecasting,,Praha – Nové Město,Analyst,General Analyst,Junior/Entry-level,,,https://www.jobs.cz/rpd/2001198210/,2026-09-18T13:06:32+02:00,Exploratory,5,Other,Prague,19,ML/AI or modelling; Junior/entry level,
SJ_107827,Hackni s námi svět jako Citadelo Junior Etický Hacker / Penetration Tester,,Prague,Tester,Security/Penetration Tester,Junior/Entry-level,,,https://www.startupjobs.cz/nabidka/107827/hackni-s-nami-svet-jako-citadelo-junior-eticky-hacker-penetration-tester,2026-09-17T10:44:16+02:00,Exploratory,5,Adjacent Technical,Prague,21,Adjacent Technical; Junior/entry level,
BLT_7863,Technical Trainee - Python + Jenkins / CI-CD,,"Prague, CZE",Intern/Trainee,Engineering/IT Internship,Entry level,,Python,https://builtin.com/job/technical-trainee-python-jenkins-ci-cd/10663697,2026-09-14T23:26:59+02:00,Exploratory,5,Other,Prague,23,Python; Junior/entry level,
JST_4520,JUNIOR IT SUPPORT,až 30 000 Kč / měsíc,Praha,Support Specialist,Technical Support,Junior,IT & Software,,https://www.jobstack.it/it-job/it-podpora/655323356cd16,2026-09-12T11:33:42+02:00,Exploratory,5,Adjacent Technical,Prague,25,Adjacent Technical; Junior/entry level,
JST_5846,ICT – Azure DevOps Engineer Praha/Olomouc,Navrhni si mzdu,Praha nebo Olomouc,Engineer,DevOps/SRE Engineer,"Junior, Medior","Cloud & Infrastructure, IT & Software, Engineering & R&D",Azure,https://www.jobstack.it/it-job/azure-admin/6682857e07edb,2026-09-12T11:32:53+02:00,Exploratory,5,Other,Prague,25,R; Junior/entry level; Medior level,
JST_1114,Tester automobilových technologií na HIL zařízeních,až 60 000 Kč / měsíc,"Mladá Boleslav, Praha",Tester,Automotive/Embedded Tester,Junior,,,https://www.jobstack.it/it-job/tester/68df7f0148951,2026-09-12T11:32:36+02:00,Exploratory,5,Adjacent Technical,Prague,25,Adjacent Technical; Junior/entry level,
SJ_107089,GTM Operator — AI-driven sales development (junior),,Prague,Sales Representative,Sales Development Representative,Junior/Entry-level,"AI & Machine Learning, Sales & Business Development",,https://www.startupjobs.cz/nabidka/107089/gtm-operator-ai-driven-sales-development-junior,2026-09-12T11:07:03+02:00,Exploratory,5,Data Science & Machine Learning,Prague,26,Data Science & Machine Learning; ML/AI or modelling; Junior/entry level,Non-target root occupation
SJ_107563,Junior CRM Specialist,,Prague,Specialist,IT/Systems Specialist,Junior/Entry-level,,,https://www.startupjobs.cz/nabidka/107563/junior-crm-specialist,2026-09-12T10:58:33+02:00,Exploratory,5,Adjacent Technical,Prague,26,Adjacent Technical; Junior/entry level,
JB_0709,IT Consultant - Junior,,Praha – Michle,Consultant,IT/Technology Consultant,Junior/Entry-level,IT & Software,,https://www.jobs.cz/rpd/2001390414/,2026-09-11T16:52:36+02:00,Exploratory,5,Adjacent Technical,Prague,26,Adjacent Technical; Junior/entry level,
JB_8065,Trainee Tester/ka – tým ZPS,,Praha – Stodůlky,Tester,General Tester,Intern/Trainee,,,https://www.jobs.cz/rpd/2001266647/,2026-09-11T16:17:54+02:00,Exploratory,5,Adjacent Technical,Prague,26,Adjacent Technical; Junior/entry level,
JB_5171,Planning consultant - příležitost pro absolventy ekonomických a IT oborů s praxí při škole,,Hlavní město Praha,Consultant,IT/Technology Consultant,Junior/Entry-level,IT & Software,,https://www.jobs.cz/rpd/2001387390/,2026-09-11T16:10:04+02:00,Exploratory,5,Adjacent Technical,Prague,26,Adjacent Technical; Junior/entry level,
JST_5210,IT Technik Junior (M/Ž) - Praha,až 30 000 Kč / měsíc,"Praha 1, Vladislavova 17",Technician,IT Technician,"Junior, Medior",IT & Software,,https://www.jobstack.it/it-job/it-podpora/602bd1f7f3158,2026-10-07T14:11:59+02:00,Exploratory,4,Other,Prague,0,Junior/entry level; Medior level,
JST_1612,Helpdesk Specialist – IT / Farmacie,Navrhni si mzdu,Praha 4 - Braník,Support Specialist,IT Helpdesk/Service Desk,"Junior, Medior",IT & Software,,https://www.jobstack.it/it-job/it-podpora/69babd779c2e0,2026-10-07T14:10:43+02:00,Exploratory,4,Other,Prague,0,Junior/entry level; Medior level,
JB_9454,Junior Agentic DevOps Engineer,,Praha – Modřany,Engineer,DevOps/SRE Engineer,Junior/Entry-level,"Cloud & Infrastructure, Engineering & R&D",,https://www.jobs.cz/rpd/2001459802/,2026-10-03T10:49:23+02:00,Exploratory,4,Other,Prague,5,R; Junior/entry level,
JST_8197,IAM Analytik (Junior/Medior),až 100 000 Kč / měsíc,Praha,Analyst,General Analyst,"Junior, Medior","Data & Analytics, Cybersecurity",,https://www.jobstack.it/it-job/it-podpora/6ab26e1cb38bd,2026-09-22T20:29:59+02:00,Exploratory,4,Other,Prague,15,Junior/entry level; Medior level,
BLT_1557,Software Engineering Intern,,"Prague, CZE",Intern/Trainee,Engineering/IT Internship,Internship,"IT & Software, Engineering & R&D",,https://builtin.com/job/software-engineering-intern/11252032,2026-09-18T17:35:23+02:00,Exploratory,4,Other,Prague,19,R; Junior/entry level,
JB_3932,Machining Technology Intern/Junior CNC Manufacturing Engineer,,Praha – Běchovice,Engineer,Process/Industrial Engineer,"Intern/Trainee, Junior/Entry-level","Manufacturing & Production, Engineering & R&D",,https://www.jobs.cz/rpd/2001311777/,2026-09-15T00:09:44+02:00,Exploratory,4,Other,Prague,23,R; Junior/entry level,
BLT_4784,CDN Engineer,,"Prague, CZE",Engineer,General Engineer,Entry level,Engineering & R&D,,https://builtin.com/job/cdn-engineer/9165196,2026-09-14T23:26:59+02:00,Exploratory,4,Other,Prague,23,R; Junior/entry level,
BLT_3662,GenAI Engineer,,"Prague, CZE",Engineer,General Engineer,Junior,Engineering & R&D,,https://builtin.com/job/genai-engineer/6263595,2026-09-14T23:26:11+02:00,Exploratory,4,Other,Prague,23,R; Junior/entry level,
JST_7327,IT Technik Junior (M/Ž) - Praha,až 30 000 Kč / měsíc,"Praha 1, Vladislavova 17",Technician,IT Technician,"Junior, Medior",IT & Software,,https://www.jobstack.it/it-job/specialista-it-securita/602bd1f7f3158,2026-09-12T11:34:05+02:00,Exploratory,4,Other,Prague,25,Junior/entry level; Medior level,
JST_6893,IT Technik Junior (podpora dohledového centra) M/Ž - Praha,až 40 000 Kč / měsíc,"Praha 1, Vladislavova 17",Technician,IT Technician,"Junior, Medior",IT & Software,,https://www.jobstack.it/it-job/specialista-it-securita/600ffa2b235a6,2026-09-12T11:34:05+02:00,Exploratory,4,Other,Prague,25,Junior/entry level; Medior level,
JST_7206,Helpdesk Specialist – IT / Farmacie,Navrhni si mzdu,Praha 4 - Braník,Support Specialist,IT Helpdesk/Service Desk,"Junior, Medior",IT & Software,,https://www.jobstack.it/it-job/univerzal-it/69babd779c2e0,2026-09-12T11:33:02+02:00,Exploratory,4,Other,Prague,25,Junior/entry level; Medior level,
JST_6959,IT Administrator - Cloud,Navrhni si mzdu,Praha nebo Olomouc,Administrator,Cloud Administrator,"Junior, Medior","Cloud & Infrastructure, IT & Software",,https://www.jobstack.it/it-job/it-podpora/69ae955a9a42a,2026-09-12T11:32:42+02:00,Exploratory,4,Other,Prague,25,Junior/entry level; Medior level,
JST_3416,Technická podpora (L1),Navrhni si mzdu,"Vinohradská 2828/151, 130 00 Praha 3 – Žižkov",Support Specialist,Technical Support,"Junior, Medior",,,https://www.jobstack.it/it-job/it-podpora/67376efc9456b,2026-09-12T11:32:42+02:00,Exploratory,4,Other,Prague,25,Junior/entry level; Medior level,
JST_0977,IT Hardware & Support Specialist,Navrhni si mzdu,"Karolinská 654/2, Praha 8 - Karlín",Support Specialist,Infrastructure/Network Support,"Junior, Medior",IT & Software,,https://www.jobstack.it/it-job/it-podpora/6a3cf7c524f64,2026-09-12T11:32:21+02:00,Exploratory,4,Other,Prague,25,Junior/entry level; Medior level,
SJ_106221,Junior HW Engineer (part-time s výhledem na HPP) Praha,,Prague,Engineer,Electrical/Electronics Engineer,Junior/Entry-level,Engineering & R&D,,https://www.startupjobs.cz/nabidka/106221/junior-hw-engineer-part-time-s-vyhledem-na-hpp,2026-09-12T10:43:17+02:00,Exploratory,4,Other,Prague,26,R; Junior/entry level,
JB_7411,CRM konzultant Dynamics 365 (junior/medior),,Praha – Smíchov,Consultant,SAP/ERP Consultant,"Junior/Entry-level, Medior/Mid-level",,,https://www.jobs.cz/rpd/2000981407/,2026-09-11T16:31:55+02:00,Exploratory,4,Other,Prague,26,Junior/entry level; Medior level,
JB_4476,STUDENT VE VÝVOJI - konstrukce nebo testování - dlouhodobá stáž v DOOSAN BOBCAT,,Dobříš,Tester,General Tester,,,,https://www.jobs.cz/rpd/2001373118/,2026-09-11T16:29:58+02:00,Exploratory,4,Adjacent Technical,Outside Prague - verify,26,Adjacent Technical; Junior/entry level,Location requires verification
JB_1986,L2 Support / Junior Cloud Engineer,,Praha – Slivenec,Engineer,Cloud/Platform Engineer,Junior/Entry-level,"Cloud & Infrastructure, Engineering & R&D",,https://www.jobs.cz/rpd/2001403439/,2026-09-11T16:09:09+02:00,Exploratory,4,Other,Prague,26,R; Junior/entry level,
JB_8135,CYBERSECURITY SPECIALIST / JUNIOR CYBERSECURITY SPECIALIST,,Praha,Specialist,General Specialist,Junior/Entry-level,Cybersecurity,,https://www.jobs.cz/rpd/2001463051/,2026-10-07T13:59:06+02:00,Exploratory,3,Other,Prague,0,Junior/entry level,
JB_1018,Junior konzultant/ka – People Advisory Services,60 000 Kč,Praha – Nové Město,Consultant,General Consultant,Junior/Entry-level,HR & Recruitment,,https://www.jobs.cz/rpd/2001463892/,2026-10-07T12:52:49+02:00,Exploratory,3,Other,Prague,0,Junior/entry level,
JB_8924,Internship – Audit Praha (při bakalářském studiu),,Praha – Nové Město,Intern/Trainee,General Internship/Traineeship,Intern/Trainee,Compliance & Risk,,https://www.jobs.cz/rpd/2001464138/,2026-10-07T12:51:35+02:00,Exploratory,3,Other,Prague,0,Junior/entry level,
JB_9116,Technical & Business Specialist – Junior (vodárenství),45 000 – 55 000 Kč,Praha – Vinohrady,Specialist,Technical/Engineering Specialist,Junior/Entry-level,,,https://www.jobs.cz/rpd/2001463778/,2026-10-07T12:51:12+02:00,Exploratory,3,Other,Prague,0,Junior/entry level,
JB_5693,Junior Bezpečnostní analytik pro Cyber Defense Center (m/ž),,Praha – Michle,Analyst,Security/Fraud Analyst,Junior/Entry-level,"Data & Analytics, Cybersecurity",,https://www.jobs.cz/rpd/2001465905/,2026-10-07T12:41:15+02:00,Exploratory,3,Other,Prague,0,Junior/entry level,
SJ_108235,Junior Product Packaging Coordinator - Apple Accessories,,Prague,Coordinator,General Coordinator,Junior/Entry-level,,,https://www.startupjobs.cz/nabidka/108235/junior-product-packaging-coordinator-apple-accessories,2026-10-02T12:43:39+02:00,Exploratory,3,Other,Prague,5,Junior/entry level,
JB_5166,Administrátor JIRA - trainee,,Praha – Dejvice,Administrator,General Administrator,Intern/Trainee,,,https://www.jobs.cz/rpd/2001457702/,2026-10-02T12:25:47+02:00,Exploratory,3,Other,Prague,5,Junior/entry level,
JB_8153,"Koordinátor auto asistence, vhodné i pro absolventy (m/ž)",,Praha – Dolní Chabry,Coordinator,General Coordinator,Junior/Entry-level,,,https://www.jobs.cz/rpd/2001457926/,2026-10-02T12:25:37+02:00,Exploratory,3,Other,Prague,5,Junior/entry level,
JB_9230,Purchasing Specialist/Specialista nákupu - Pozice vhodná i pro absolventy,45 000 – 55 000 Kč,Praha,Specialist,Procurement Specialist,Junior/Entry-level,Procurement,,https://www.jobs.cz/rpd/2001457318/,2026-10-02T11:12:30+02:00,Exploratory,3,Other,Prague,5,Junior/entry level,
JB_1720,Koordinátor partnerské sítě - junior (m/ž),,Praha – Dolní Chabry,Coordinator,General Coordinator,Junior/Entry-level,,,https://www.jobs.cz/rpd/2001455439/,2026-09-30T12:40:24+02:00,Exploratory,3,Other,Prague,7,Junior/entry level,
JB_0392,Junior HR Business Partner,,Praha – Krč,Specialist,HR/People Specialist,Junior/Entry-level,HR & Recruitment,,https://www.jobs.cz/rpd/2001453974/,2026-09-30T11:21:20+02:00,Exploratory,3,Other,Prague,7,Junior/entry level,
JB_5526,Junior nákupčí,,Praha – Žižkov,Specialist,Procurement Specialist,Junior/Entry-level,Procurement,,https://www.jobs.cz/rpd/2001093149/,2026-09-30T11:20:28+02:00,Exploratory,3,Other,Prague,7,Junior/entry level,
JB_8859,Junior Training Coordinator | DPČ,,Praha – Karlín,Coordinator,General Coordinator,Junior/Entry-level,Education & Research,,https://www.jobs.cz/rpd/2001453935/,2026-09-30T11:12:51+02:00,Exploratory,3,Other,Prague,7,Junior/entry level,
JB_3972,Junior specialista/ka kvality a procesů – part-time,,Praha – Strašnice,Specialist,Quality/Regulatory Specialist,Junior/Entry-level,Quality & Safety,,https://www.jobs.cz/rpd/2001452727/,2026-09-29T12:02:53+02:00,Exploratory,3,Other,Prague,8,Junior/entry level,
JB_6179,Administrative Trainee - Finance- vhodné pro studenty VŠ,,Praha – Strašnice,Administrator,Finance Administrator,Intern/Trainee,Finance & Banking,,https://www.jobs.cz/rpd/2001452062/,2026-09-29T11:09:50+02:00,Exploratory,3,Other,Prague,8,Junior/entry level,
JB_0025,Junior Operations Specialist - brigáda,,Praha – Libeň,Specialist,Operations Specialist,Junior/Entry-level,,,https://www.jobs.cz/rpd/2001453345/,2026-09-29T11:00:06+02:00,Exploratory,3,Other,Prague,9,Junior/entry level,
JB_7732,Job description - Junior IT administrator,,Praha – Kbely,Administrator,IT Administrator,Junior/Entry-level,IT & Software,,https://www.jobs.cz/rpd/2001367601/,2026-09-23T21:29:26+02:00,Exploratory,3,Other,Prague,14,Junior/entry level,
JB_8242,Junior Procurement Specialist,,Praha – Vinohrady,Specialist,Procurement Specialist,Junior/Entry-level,Procurement,,https://www.jobs.cz/rpd/2001443487/,2026-09-23T20:52:31+02:00,Exploratory,3,Other,Prague,14,Junior/entry level,
JB_0909,Analytics and PowerBI Development Intern,,Praha – Dejvice,Intern/Trainee,Data/Analytics Internship,Intern/Trainee,Data & Analytics,,https://www.jobs.cz/rpd/2001443223/,2026-09-23T20:17:36+02:00,Exploratory,3,Other,Prague,14,Junior/entry level,
JB_9180,Junior Transport Specialist (Import Operations),55 000 Kč,Praha – Nusle,Specialist,Logistics/Supply Chain Specialist,Junior/Entry-level,Supply Chain & Logistics,,https://www.jobs.cz/rpd/2001443206/,2026-09-23T20:16:02+02:00,Exploratory,3,Other,Prague,14,Junior/entry level,
JB_9317,Junior Project Coordinator - Lean/Kaizen,30 000 – 40 000 Kč,Praha – Letňany,Coordinator,Project/Program Coordinator,Junior/Entry-level,Project & Program Management,,https://www.jobs.cz/rpd/2001331429/,2026-09-23T20:07:08+02:00,Exploratory,3,Other,Prague,14,Junior/entry level,
BLT_2443,Frontend Developer (JavaScript),,"Prague, CZE",Developer,Frontend Developer,Junior,IT & Software,JavaScript,https://builtin.com/job/frontend-developer-javascript/11329901,2026-09-23T20:01:43+02:00,Exploratory,3,Other,Prague,14,Junior/entry level,
JB_6032,CORPORATE FINANCING TRAINEE PROGRAM,,Praha – Karlín,Intern/Trainee,General Internship/Traineeship,Intern/Trainee,Project & Program Management,,https://www.jobs.cz/rpd/2001441042/,2026-09-22T19:52:42+02:00,Exploratory,3,Other,Prague,15,Junior/entry level,
JB_9173,Právník junior,,Praha – Libeň,Specialist,Legal Specialist,Junior/Entry-level,Legal,,https://www.jobs.cz/rpd/2001441412/,2026-09-22T19:19:03+02:00,Exploratory,3,Other,Prague,15,Junior/entry level,
SJ_107945,Junior Media Consultant,,Prague,Consultant,General Consultant,Junior/Entry-level,"Marketing & Communications, Media & Entertainment",,https://www.startupjobs.cz/nabidka/107945/junior-media-consultant,2026-09-21T19:01:07+02:00,Exploratory,3,Other,Prague,16,Junior/entry level,
JB_7804,Junior Field Service Technik,35 000 – 45 000 Kč,Praha – Horní Počernice,Technician,Service/Maintenance Technician,Junior/Entry-level,,,https://www.jobs.cz/rpd/2001426670/,2026-09-21T18:35:04+02:00,Exploratory,3,Other,Prague,16,Junior/entry level,
JB_3882,Junior konzultant/ka - Regulace finančního trhu,50 000 Kč,Praha – Nové Město,Consultant,General Consultant,Junior/Entry-level,,,https://www.jobs.cz/rpd/2001439128/,2026-09-21T18:26:47+02:00,Exploratory,3,Other,Prague,16,Junior/entry level,
JB_4461,Junior Media Consultant,,Praha – Libeň,Consultant,General Consultant,Junior/Entry-level,"Marketing & Communications, Media & Entertainment",,https://www.jobs.cz/rpd/2001438410/,2026-09-21T17:34:06+02:00,Exploratory,3,Other,Prague,16,Junior/entry level,
JB_8326,Trainee v Energetickém managementu,,Praha – Libeň,Intern/Trainee,General Internship/Traineeship,Intern/Trainee,Energy & Utilities,,https://www.jobs.cz/rpd/2001437988/,2026-09-21T17:24:05+02:00,Exploratory,3,Other,Prague,16,Junior/entry level,
JB_4749,Junior Analyst - Oceňování nemovitostí,,Praha – Karlín,Analyst,General Analyst,Junior/Entry-level,Real Estate & Construction,,https://www.jobs.cz/rpd/2001431672/,2026-09-18T18:04:15+02:00,Exploratory,3,Other,Prague,19,Junior/entry level,
JB_6944,Junior Consultant – Strategy & Execution,60 000 Kč,Praha – Nové Město,Consultant,Management/Strategy Consultant,Junior/Entry-level,,,https://www.jobs.cz/rpd/2000710840/,2026-09-18T17:54:23+02:00,Exploratory,3,Other,Prague,19,Junior/entry level,
JB_4443,Junior marketingový specialista,,Praha – Hloubětín,Specialist,General Specialist,Junior/Entry-level,,,https://www.jobs.cz/rpd/2001432621/,2026-09-18T17:54:08+02:00,Exploratory,3,Other,Prague,19,Junior/entry level,
BLT_2375,Analytics Intern,,"Prague, CZE",Intern/Trainee,Data/Analytics Internship,Internship,Data & Analytics,,https://builtin.com/job/analytics-intern/11252034,2026-09-18T17:34:00+02:00,Exploratory,3,Other,Prague,19,Junior/entry level,
JB_8621,Trainee pro digitalizaci HSE & Facility,,Praha – Strašnice,Intern/Trainee,General Internship/Traineeship,Intern/Trainee,,,https://www.jobs.cz/rpd/2001143025/,2026-09-18T13:28:37+02:00,Exploratory,3,Other,Prague,19,Junior/entry level,
JB_1780,Technický specialista materiálových dat (junior),,Praha – Karlín,Specialist,Technical/Engineering Specialist,Junior/Entry-level,,,https://www.jobs.cz/rpd/2001433371/,2026-09-18T13:27:48+02:00,Exploratory,3,Other,Prague,19,Junior/entry level,
JB_6830,Junior IT specialista v oblasti AML,,Praha – Nové Město,Specialist,Compliance/AML Specialist,Junior/Entry-level,"IT & Software, Compliance & Risk",,https://www.jobs.cz/rpd/2001426692/,2026-09-18T13:25:33+02:00,Exploratory,3,Other,Prague,19,Junior/entry level,
JB_5743,Specialista / Specialistka validace a kontroly - junior,,Praha – Dejvice,Specialist,General Specialist,Junior/Entry-level,,,https://www.jobs.cz/rpd/2001427389/,2026-09-18T13:18:56+02:00,Exploratory,3,Other,Prague,19,Junior/entry level,
JB_9300,Junior HR / People Specialist - nastartuj kariéru v HR,35 000 – 40 000 Kč,Praha – Holešovice,Specialist,HR/People Specialist,Junior/Entry-level,HR & Recruitment,,https://www.jobs.cz/rpd/2001270580/,2026-09-18T13:17:21+02:00,Exploratory,3,Other,Prague,19,Junior/entry level,
JB_6137,⭕ JUNIOR specialista/ka plánování 📊 | 📍Praha-západ | 💰cca 50.000 Kč + bonusy,45 000 – 55 000 Kč,okres Praha-západ,Specialist,General Specialist,Junior/Entry-level,,,https://www.jobs.cz/rpd/2001428880/,2026-09-18T13:07:43+02:00,Exploratory,3,Other,Prague,19,Junior/entry level,
JB_1335,Junior konzultant/ka – Strategy & Execution,60 000 Kč,Praha – Nové Město,Consultant,Management/Strategy Consultant,Junior/Entry-level,,,https://www.jobs.cz/rpd/2000710861/,2026-09-15T09:52:36+02:00,Exploratory,3,Other,Prague,23,Junior/entry level,
BLT_6531,Enterprise Migrations Engineer,,28 Locations,Engineer,General Engineer,Entry level,Engineering & R&D,,https://builtin.com/job/enterprise-migrations-engineer/10741109,2026-09-14T23:28:36+02:00,Exploratory,3,Other,Outside Prague - verify,23,R; Junior/entry level,Location requires verification
BLT_2487,Engineering Talent Community,,28 Locations,Engineer,General Engineer,Entry level,"HR & Recruitment, Engineering & R&D",,https://builtin.com/job/engineering-talent-community/9648455,2026-09-14T23:28:11+02:00,Exploratory,3,Other,Outside Prague - verify,23,R; Junior/entry level,Location requires verification
BLT_2134,OSS & Product Engineer,130K-175K Annually,28 Locations,Engineer,General Engineer,Entry level,Engineering & R&D,,https://builtin.com/job/oss-product-engineer/10999492,2026-09-14T23:27:44+02:00,Exploratory,3,Other,Outside Prague - verify,23,R; Junior/entry level,Location requires verification
BLT_5117,Design Engineer - Creative & Studio,,37 Locations,Engineer,General Engineer,Entry level,Engineering & R&D,,https://builtin.com/job/design-engineer-creative-studio/11075565,2026-09-14T23:27:38+02:00,Exploratory,3,Other,Outside Prague - verify,23,R; Junior/entry level,Location requires verification
BLT_3774,"Forward Deployed Engineer, EMEA",,26 Locations,Engineer,General Engineer,Entry level,Engineering & R&D,,https://builtin.com/job/forward-deployed-engineer-emea/11118057,2026-09-14T23:27:38+02:00,Exploratory,3,Other,Outside Prague - verify,23,R; Junior/entry level,Location requires verification
BLT_6832,SAP Automation (VBA/SAP GUI) Engineer,,Czech Republic,Engineer,Automation/Control Engineer,Entry level,Engineering & R&D,SAP,https://builtin.com/job/sap-automation-vba-sap-gui-engineer/11136098,2026-09-14T23:27:30+02:00,Exploratory,3,Other,Czechia - verify Prague/remote,23,R; Junior/entry level,Location requires verification
BLT_3985,IT intern,,"Prague, CZE",Intern/Trainee,Engineering/IT Internship,Internship,IT & Software,,https://builtin.com/job/it-intern/9831150,2026-09-14T23:27:07+02:00,Exploratory,3,Other,Prague,23,Junior/entry level,
BLT_5348,Solutions Engineer – Pricing Technology & Automation,71K-140K Annually,17 Locations,Engineer,Automation/Control Engineer,Junior,"Finance & Banking, Engineering & R&D",,https://builtin.com/job/solutions-engineer-pricing-technology-automation/10937547,2026-09-14T23:26:35+02:00,Exploratory,3,Other,Outside Prague - verify,23,R; Junior/entry level,Location requires verification
JST_0465,Administrátor provozu aplikací,Navrhni si mzdu,Praha 4 - Pankrác,Administrator,Application Administrator,Junior,IT & Software,,https://www.jobstack.it/it-job/unix-linux-admin/5fd73c8a43c88,2026-09-12T11:34:05+02:00,Exploratory,3,Other,Prague,25,Junior/entry level,
JST_2230,IT architekt junior,Navrhni si mzdu,"Olšanská 38/9, Praha 3",Architect,General Architect,Junior,IT & Software,,https://www.jobstack.it/it-job/architekt/6087d9c8a12fe,2026-09-12T11:34:05+02:00,Exploratory,3,Other,Prague,25,Junior/entry level,
JST_2176,INCIDENT KOORDINATOR/KA - ABSOLVENT/KA SŠ S IT ZAMĚŘENÍM,Navrhni si mzdu,Praha,Coordinator,IT/Incident Coordinator,Junior,IT & Software,,https://www.jobstack.it/it-job/it-operator/6538d9eba4e03,2026-09-12T11:33:42+02:00,Exploratory,3,Other,Prague,25,Junior/entry level,
JST_1905,Junior SAP FI Konzultant,Navrhni si mzdu,Praha,Consultant,SAP/ERP Consultant,Junior,,SAP,https://www.jobstack.it/it-job/javascript-developer/6540d6b04a32e,2026-09-12T11:33:42+02:00,Exploratory,3,Other,Prague,25,Junior/entry level,
JST_6540,2nd Level Support Specialist,až 65 000 Kč / měsíc,"Rohanské nábřeží 19, Praha - Karlín",Support Specialist,IT Helpdesk/Service Desk,Junior,,,https://www.jobstack.it/it-job/it-podpora/6a4cd6cbd2ad5,2026-09-12T11:32:53+02:00,Exploratory,3,Other,Prague,25,Junior/entry level,
JST_4122,"Junior IT L2 Support- Praha, IČO",až 70 000 Kč / měsíc,Praha,Support Specialist,IT Helpdesk/Service Desk,Junior,IT & Software,,https://www.jobstack.it/it-job/it-podpora/6a2aba4d53c25,2026-09-12T11:32:21+02:00,Exploratory,3,Other,Prague,25,Junior/entry level,
SJ_106855,HW Designer – Junior+,,Prague,Designer,Mechanical/Technical Designer,Junior/Entry-level,,,https://www.startupjobs.cz/nabidka/106855/hw-designer-junior,2026-09-12T11:10:13+02:00,Exploratory,3,Other,Prague,25,Junior/entry level,
SJ_105005,🚀 Junior start-up projekťák,,Prague,Manager,Executive/General Manager,Junior/Entry-level,Project & Program Management,,https://www.startupjobs.cz/nabidka/105005/junior-start-up-projektak,2026-09-12T11:10:13+02:00,Exploratory,3,Other,Prague,25,Junior/entry level,
SJ_105785,Junior Analyst / Student Consultant – Compliance & Sustainability,,Prague,Analyst,General Analyst,Junior/Entry-level,Compliance & Risk,,https://www.startupjobs.cz/nabidka/105785/junior-analyst-student-consultant-compliance-sustainability,2026-09-12T11:04:53+02:00,Exploratory,3,Other,Prague,26,Junior/entry level,
SJ_107363,Junior Product Packaging Coordinator - Apple Accessories,,Prague,Coordinator,General Coordinator,Junior/Entry-level,,,https://www.startupjobs.cz/nabidka/107363/junior-product-packaging-coordinator-apple-accessories,2026-09-12T11:01:43+02:00,Exploratory,3,Other,Prague,26,Junior/entry level,
SJ_105631,Junior HW Technik Praha,,Prague,Technician,General Technician,Junior/Entry-level,,,https://www.startupjobs.cz/nabidka/105631/junior-hw-technik,2026-09-12T11:00:38+02:00,Exploratory,3,Other,Prague,26,Junior/entry level,
SJ_107505,Junior Project Support Coordinator – Healthcare (Czech Republic),,Prague,Coordinator,Project/Program Coordinator,Junior/Entry-level,"Project & Program Management, Healthcare & Pharma",,https://www.startupjobs.cz/nabidka/107505/junior-project-support-coordinator-healthcare-czech-republic,2026-09-12T10:59:33+02:00,Exploratory,3,Other,Prague,26,Junior/entry level,
SJ_72267,Junior IT konzultant / Trainee – Finance & Microsoft Dynamics 365 🚀 Zdiby,,Prague,Consultant,SAP/ERP Consultant,"Intern/Trainee, Junior/Entry-level","IT & Software, Finance & Banking",,https://www.startupjobs.cz/nabidka/72267/junior-it-konzultant-trainee-finance-and-microsoft-dynamics-365,2026-09-12T10:58:33+02:00,Exploratory,3,Other,Prague,26,Junior/entry level,
SJ_107555,Founder’s Associate / Junior Business Builder,,Prague,Specialist,General Specialist,Junior/Entry-level,,,https://www.startupjobs.cz/nabidka/107555/founder-s-associate-junior-business-builder,2026-09-12T10:46:32+02:00,Exploratory,3,Other,Prague,26,Junior/entry level,
JB_4553,Konzultant pronájmů industriálních prostor - vhodné pro studenty a absolventy VŠ,,Praha – Nové Město,Consultant,Real Estate Consultant,Junior/Entry-level,,,https://www.jobs.cz/rpd/2001419342/,2026-09-11T17:33:08+02:00,Exploratory,3,Other,Prague,26,Junior/entry level,
JB_3195,"Koordinátor auto asistence, vhodné i pro absolventy (m/ž)",,Praha – Dolní Chabry,Coordinator,General Coordinator,Junior/Entry-level,,,https://www.jobs.cz/rpd/2001401271/,2026-09-11T17:20:41+02:00,Exploratory,3,Other,Prague,26,Junior/entry level,
JB_2464,Koordinátor cestovní asistence - vhodné i pro absolventy - m/ž,,Praha – Dolní Chabry,Coordinator,General Coordinator,Junior/Entry-level,,,https://www.jobs.cz/rpd/2001401272/,2026-09-11T17:20:41+02:00,Exploratory,3,Other,Prague,26,Junior/entry level,
JB_0925,Specialista/Specialistka kybernetické bezpečnosti - junior,,Praha – Šeberov,Specialist,Cybersecurity Specialist,Junior/Entry-level,Cybersecurity,,https://www.jobs.cz/rpd/2001385555/,2026-09-11T17:20:00+02:00,Exploratory,3,Other,Prague,26,Junior/entry level,
JB_2389,JUNIOR OFFICE & FINANCE SUPPORT (m/ž) – GANT / Vermont Holding,,Praha – Dejvice,Support Specialist,General Support Specialist,Junior/Entry-level,Finance & Banking,,https://www.jobs.cz/rpd/2001417280/,2026-09-11T17:19:31+02:00,Exploratory,3,Other,Prague,26,Junior/entry level,
JB_7978,Junior administrátor cloudových služeb - ÚVT UK,50 000 – 60 000 Kč,Praha – Staré Město,Administrator,General Administrator,Junior/Entry-level,,,https://www.jobs.cz/rpd/2001420349/,2026-09-11T17:18:57+02:00,Exploratory,3,Other,Prague,26,Junior/entry level,
JB_2384,Junior Analytik pro Přenosovou soustavu,,Praha – Michle,Analyst,General Analyst,Junior/Entry-level,Data & Analytics,,https://www.jobs.cz/rpd/2001041810/,2026-09-11T17:12:48+02:00,Exploratory,3,Other,Prague,26,Junior/entry level,
JB_4832,Junior konzultant/ka - Regulace finančního trhu,50 000 Kč,Praha – Nové Město,Consultant,General Consultant,Junior/Entry-level,,,https://www.jobs.cz/rpd/2001374202/,2026-09-11T17:03:31+02:00,Exploratory,3,Other,Prague,26,Junior/entry level,
JB_5104,Compliance Trainee,,Praha – Vokovice,Intern/Trainee,Compliance/Risk Internship,Intern/Trainee,Compliance & Risk,,https://www.jobs.cz/rpd/2001374104/,2026-09-11T17:03:20+02:00,Exploratory,3,Other,Prague,26,Junior/entry level,
JB_3973,Cloud Architect – junior (M/Ž),,Praha,Architect,Cloud/Infrastructure Architect,Junior/Entry-level,Cloud & Infrastructure,,https://www.jobs.cz/rpd/2001421010/,2026-09-11T16:55:12+02:00,Exploratory,3,Other,Prague,26,Junior/entry level,
JB_0544,Internship - Korporátní finance & Restrukturalizace,,Praha – Nové Město,Intern/Trainee,Finance Internship,Intern/Trainee,Finance & Banking,,https://www.jobs.cz/rpd/2001385534/,2026-09-11T16:55:12+02:00,Exploratory,3,Other,Prague,26,Junior/entry level,
JB_6826,Internship – Finanční Due Diligence (M&A),,Praha – Nové Město,Intern/Trainee,General Internship/Traineeship,Intern/Trainee,,,https://www.jobs.cz/rpd/2000612571/,2026-09-11T16:54:19+02:00,Exploratory,3,Other,Prague,26,Junior/entry level,
JB_5397,Junior Audit Consultant,,Praha – Karlín,Consultant,General Consultant,Junior/Entry-level,Compliance & Risk,,https://www.jobs.cz/rpd/2001415176/,2026-09-11T16:52:55+02:00,Exploratory,3,Other,Prague,26,Junior/entry level,
JB_6061,Junior M&A Associate,,Praha – Nové Město,Specialist,General Specialist,Junior/Entry-level,,,https://www.jobs.cz/rpd/2001420476/,2026-09-11T16:52:55+02:00,Exploratory,3,Other,Prague,26,Junior/entry level,
JB_8548,Part-time internship/traineeship,,Praha – Holešovice,Intern/Trainee,General Internship/Traineeship,Intern/Trainee,,,https://www.jobs.cz/rpd/2001379074/,2026-09-11T16:44:29+02:00,Exploratory,3,Other,Prague,26,Junior/entry level,
JB_5686,Technická podpora do Test Inženýringu - příležitost pro studenty,,Žebrák,Support Specialist,Technical Support,,Engineering & R&D,,https://www.jobs.cz/rpd/2001122456/,2026-09-11T16:29:58+02:00,Exploratory,3,Other,Outside Prague - verify,26,R; Junior/entry level,Location requires verification
JB_0519,Technolog výroby - montáž ( vhodné i pro juniory),,Praha – Horní Počernice,Technician,Installation Technician,Junior/Entry-level,Manufacturing & Production,,https://www.jobs.cz/rpd/2001336176/,2026-09-11T16:20:31+02:00,Exploratory,3,Other,Prague,26,Junior/entry level,
JB_6798,Technický inženýr - junior,,Hořovice,Engineer,General Engineer,Junior/Entry-level,Engineering & R&D,,https://www.jobs.cz/rpd/2001200369/,2026-09-11T16:20:20+02:00,Exploratory,3,Other,Outside Prague - verify,26,R; Junior/entry level,Location requires verification
JB_6633,Junior Accounts Receivable Processor,,Praha – Nusle,Specialist,Operations Specialist,Junior/Entry-level,,,https://www.jobs.cz/rpd/2001380930/,2026-09-11T16:19:22+02:00,Exploratory,3,Other,Prague,26,Junior/entry level,
JB_3187,JUNIORNÍ POJISTNÝ MATEMATIK/ČKA (DPP),,Praha – Michle,Specialist,Insurance/Actuarial Specialist,Junior/Entry-level,Insurance,,https://www.jobs.cz/rpd/2001384423/,2026-09-11T16:18:40+02:00,Exploratory,3,Other,Prague,26,Junior/entry level,
JB_1840,Specialista Tradingu - junior,,Praha – Karlín,Specialist,General Specialist,Junior/Entry-level,,,https://www.jobs.cz/rpd/2001379239/,2026-09-11T16:18:26+02:00,Exploratory,3,Other,Prague,26,Junior/entry level,
JB_6667,Procurement Intern – Prague,14 000 – 15 000 Kč,Hlavní město Praha,Intern/Trainee,General Internship/Traineeship,Intern/Trainee,Procurement,,https://www.jobs.cz/rpd/2001419401/,2026-09-11T16:18:18+02:00,Exploratory,3,Other,Prague,26,Junior/entry level,
JB_7616,"Total Rewards, Intern (Part-time 20h/week)",,Praha – Jinonice,Intern/Trainee,General Internship/Traineeship,Intern/Trainee,,,https://www.jobs.cz/rpd/2001398698/,2026-09-11T16:18:17+02:00,Exploratory,3,Other,Prague,26,Junior/entry level,
JB_6907,IT Transformation trainee (f/m),,Praha – Chodov,Intern/Trainee,Engineering/IT Internship,Intern/Trainee,IT & Software,,https://www.jobs.cz/rpd/2001277555/,2026-09-11T16:17:54+02:00,Exploratory,3,Other,Prague,26,Junior/entry level,
JB_2152,CUSTOMER EXPERIENCE DESIGNER JUNIOR,,Praha – Michle,Designer,Service/CX Designer,Junior/Entry-level,Customer Service,,https://www.jobs.cz/rpd/2001402606/,2026-09-11T16:11:17+02:00,Exploratory,3,Other,Prague,26,Junior/entry level,
JB_7961,⭕Disponent námořních přeprav/ Ocean Freight -JUNIOŘI VÍTÁNI!,40 000 – 65 000 Kč,Hlavní město Praha,Specialist,Logistics/Supply Chain Specialist,Junior/Entry-level,Supply Chain & Logistics,,https://www.jobs.cz/rpd/2001391187/,2026-09-11T16:11:17+02:00,Exploratory,3,Other,Prague,26,Junior/entry level,
JB_6099,⭕Disponent námořních přeprav/ Ocean Freight -JUNIOŘI VÍTÁNI!,40 000 – 65 000 Kč,Hlavní město Praha,Specialist,Logistics/Supply Chain Specialist,Junior/Entry-level,Supply Chain & Logistics,,https://www.jobs.cz/rpd/2001371211/,2026-09-11T16:11:17+02:00,Exploratory,3,Other,Prague,26,Junior/entry level,
JB_2590,Junior HR Specialista,,Praha – Libeň,Specialist,HR/People Specialist,Junior/Entry-level,HR & Recruitment,,https://www.jobs.cz/rpd/2001372056/,2026-09-11T16:11:05+02:00,Exploratory,3,Other,Prague,26,Junior/entry level,
JB_1220,Trainee - Shopper/Trade Marketing (part-time),15 000 – 20 000 Kč,Praha – Nusle,Intern/Trainee,Marketing/Sales Internship,Intern/Trainee,Marketing & Communications,,https://www.jobs.cz/rpd/2001403231/,2026-09-11T16:11:05+02:00,Exploratory,3,Other,Prague,26,Junior/entry level,
JB_9515,⭕Disponent námořních přeprav/ Ocean Freight -JUNIOŘI VÍTÁNI!,40 000 – 65 000 Kč,Hlavní město Praha,Specialist,Logistics/Supply Chain Specialist,Junior/Entry-level,Supply Chain & Logistics,,https://www.jobs.cz/rpd/2001414765/,2026-09-11T16:11:05+02:00,Exploratory,3,Other,Prague,26,Junior/entry level,
JB_5381,Junior Network Administrator,40 000 Kč,Praha – Krč,Administrator,Network/Infrastructure Administrator,Junior/Entry-level,Cloud & Infrastructure,,https://www.jobs.cz/rpd/2001326398/,2026-09-11T16:10:53+02:00,Exploratory,3,Other,Prague,26,Junior/entry level,
JB_5557,Administrátor nákupního systému - Junior,,Praha – Hostivař,Administrator,Procurement Administrator,Junior/Entry-level,Procurement,,https://www.jobs.cz/rpd/2001374176/,2026-09-11T16:10:45+02:00,Exploratory,3,Other,Prague,26,Junior/entry level,
JB_5406,Junior Mechanical Designer,,Praha – Nusle,Designer,Mechanical/Technical Designer,Junior/Entry-level,,,https://www.jobs.cz/rpd/2001408483/,2026-09-11T16:10:20+02:00,Exploratory,3,Other,Prague,26,Junior/entry level,
JB_5581,Junior Security Consultant,,Praha – Krč,Consultant,Security Consultant,Junior/Entry-level,Cybersecurity,,https://www.jobs.cz/rpd/2001264458/,2026-09-11T16:09:22+02:00,Exploratory,3,Other,Prague,26,Junior/entry level,
JB_4852,Produkťák v mezinárodním vydavatelství - vhodné pro absolventy,30 000 – 32 000 Kč,Praha – Kobylisy,Manager,Product Manager/Product Owner,Junior/Entry-level,,,https://www.jobs.cz/rpd/2001272296/,2026-09-11T16:09:22+02:00,Exploratory,3,Other,Prague,26,Junior/entry level,
JB_4987,Trainee - Sales support - segment Construction & Agri,,Praha – Stodůlky,Intern/Trainee,Marketing/Sales Internship,Intern/Trainee,"Sales & Business Development, Real Estate & Construction",,https://www.jobs.cz/rpd/2001260827/,2026-09-11T16:09:09+02:00,Exploratory,3,Other,Prague,26,Junior/entry level,
JB_1951,CYBER SECURITY SPECIALISTA - vhodné i pro absolventy,,Praha – Nusle,Specialist,Cybersecurity Specialist,Junior/Entry-level,Cybersecurity,,https://www.jobs.cz/rpd/2001378351/,2026-09-11T16:08:47+02:00,Exploratory,3,Other,Prague,26,Junior/entry level,
JB_3453,⭕ JUNIOR specialista/ka plánování 📊 | 📍Praha-západ | 💰cca 50.000 Kč + bonusy,45 000 – 55 000 Kč,okres Praha-západ,Specialist,General Specialist,Junior/Entry-level,,,https://www.jobs.cz/rpd/2001399790/,2026-09-11T15:59:06+02:00,Exploratory,3,Other,Prague,26,Junior/entry level,
JB_5108,Analytik kybernetické bezpečnosti - i pro absolventy,,Praha – Ruzyně,Analyst,Security/Fraud Analyst,Junior/Entry-level,"Data & Analytics, Cybersecurity",,https://www.jobs.cz/rpd/2001212299/,2026-09-11T15:58:59+02:00,Exploratory,3,Other,Prague,26,Junior/entry level,
JB_4244,Junior analytik provozu energetických zdrojů,,Praha + 2 další lokality,Analyst,General Analyst,Junior/Entry-level,"Data & Analytics, Energy & Utilities",,https://www.jobs.cz/rpd/2001318594/,2026-09-11T15:58:59+02:00,Exploratory,3,Other,Prague,26,Junior/entry level,
JB_7416,Junior Media Planner / Marketing Specialist,,Praha – Nusle,Planner,Media Planner,Junior/Entry-level,"Marketing & Communications, Media & Entertainment",,https://www.jobs.cz/rpd/2001134330/,2026-09-11T15:58:49+02:00,Exploratory,3,Other,Prague,26,Junior/entry level,
JB_6945,French Junior Payroll Specialist - Paid training provided!,,Praha – Karlín,Specialist,HR/People Specialist,Junior/Entry-level,"HR & Recruitment, Education & Research",,https://www.jobs.cz/rpd/2001408285/,2026-09-11T15:58:34+02:00,Exploratory,3,Other,Prague,26,French-language advantage; Junior/entry level,Finance/accounting orientation
JB_1634,Junior Analytik /analytička systémových nástrojů,,Praha – Michle,Analyst,General Analyst,Junior/Entry-level,Data & Analytics,,https://www.jobs.cz/rpd/2001137983/,2026-09-11T15:58:19+02:00,Exploratory,3,Other,Prague,26,Junior/entry level,
JB_5978,Trainee do finančního oddělení ( CFO office ) - Nové Butovice,45 000 – 49 000 Kč,Praha,Intern/Trainee,General Internship/Traineeship,"Intern/Trainee, Executive",,,https://www.jobs.cz/rpd/2001374222/,2026-09-11T15:58:19+02:00,Exploratory,3,Other,Prague,26,Junior/entry level,
JB_4610,JUNIOR ANALYTIK KYBERNETICKÉ BEZPEČNOSTI,,Praha,Analyst,Security/Fraud Analyst,Junior/Entry-level,"Data & Analytics, Cybersecurity",,https://www.jobs.cz/rpd/2001394578/,2026-09-11T15:57:43+02:00,Exploratory,3,Other,Prague,26,Junior/entry level,
JB_2461,Regulatory Affairs Specialist/Junior specialista kvality a regulatorních záležitostí,15 000 – 25 000 Kč,Praha – Vokovice,Specialist,Compliance/AML Specialist,Junior/Entry-level,"Compliance & Risk, Quality & Safety",,https://www.jobs.cz/rpd/2001421027/,2026-09-11T15:57:43+02:00,Exploratory,3,Other,Prague,26,Junior/entry level,
JB_5197,Junior Middleware Administrator (f/m/d),,Praha – Karlín,Administrator,General Administrator,Junior/Entry-level,,,https://www.jobs.cz/rpd/2001412775/,2026-09-11T15:57:28+02:00,Exploratory,3,Other,Prague,26,Junior/entry level,
JB_8768,Junior technický konzultant/konzultantka - Cyber Security,50 000 – 55 000 Kč,Praha – Nové Město,Consultant,Security Consultant,Junior/Entry-level,Cybersecurity,,https://www.jobs.cz/rpd/2000766617/,2026-09-11T15:57:28+02:00,Exploratory,3,Other,Prague,26,Junior/entry level,
JB_7922,Branch JUNIOR Operations Analyst (f/m/x),,Praha – Nové Město,Analyst,Operations/Supply Chain Analyst,Junior/Entry-level,,,https://www.jobs.cz/rpd/2001383418/,2026-09-11T15:57:15+02:00,Exploratory,3,Other,Prague,26,Junior/entry level,
JB_0035,Intern in the Cloud & Data Analytics Department (f/m/d),,Praha – Jinonice + 1 další lokalita,Intern/Trainee,Data/Analytics Internship,Intern/Trainee,"Data & Analytics, Cloud & Infrastructure",,https://www.jobs.cz/rpd/2001414351/,2026-09-11T15:56:42+02:00,Exploratory,3,Other,Prague,26,Junior/entry level,
BLT_1430,BI Solution Architect - Agentic Analytics,,"Prague, CZE",Architect,Solution Architect,Entry level,Data & Analytics,,https://builtin.com/job/bi-solution-architect/10800194,,Exploratory,3,Other,Prague,,Junior/entry level,
JST_6370,Data Engineer,až 180 000 Kč / měsíc,Praha,Engineer,Data Engineer,"Junior, Medior, Senior, Expert","Data & Analytics, Engineering & R&D",,https://www.jobstack.it/it-job/data-engineer/6ab0e4edcc628,2026-10-07T14:10:25+02:00,Senior/Leadership Stretch,7,Data Engineering & Automation,Prague,0,Data Engineering & Automation; R; Junior/entry level; Medior level,Senior-level position
JST_2895,Data Engineer,až 180 000 Kč / měsíc,Praha,Engineer,Data Engineer,"Junior, Medior, Senior, Expert","Data & Analytics, Engineering & R&D",,https://www.jobstack.it/it-job/integration-developer/6ab0e4edcc628,2026-09-21T18:52:21+02:00,Senior/Leadership Stretch,7,Data Engineering & Automation,Prague,16,Data Engineering & Automation; R; Junior/entry level; Medior level,Senior-level position
JB_5806,DWH Developer (Junior & Senior) - Praha,65 000 – 130 000 Kč,Praha – Karlín,Developer,Data/Database Developer,"Junior/Entry-level, Senior","Data & Analytics, IT & Software",,https://www.jobs.cz/rpd/2001295427/,2026-09-11T16:18:18+02:00,Senior/Leadership Stretch,7,Data Engineering & Automation,Prague,26,Data Engineering & Automation; SQL/data platform; Junior/entry level,Senior-level position
JST_3239,C++ Software engineer,až 100 000 Kč / měsíc,"Argentinská 1610/4, 170 00 Praha 7-Holešovice",Engineer,Software Engineer,"Junior, Medior, Senior, Expert","IT & Software, Engineering & R&D",C/C++,https://www.jobstack.it/it-job/c-cplusplus-developer/629f0aab1c6d4,2026-09-12T11:33:42+02:00,Senior/Leadership Stretch,5,Python/Software Development,Prague,25,Python/Software Development; R; Junior/entry level; Medior level,Senior-level position
JST_0691,⭕ ABAP PROGRAMÁTOR - PRAHA,až 110 000 Kč / měsíc,Praha/remote,Developer,Enterprise Applications Developer,"Junior, Medior, Senior",IT & Software,ABAP,https://www.jobstack.it/it-job/sap/65ddd5bbc0f44,2026-10-07T14:11:17+02:00,Senior/Leadership Stretch,4,Python/Software Development,Prague,0,Python/Software Development; Junior/entry level; Medior level,Senior-level position
JST_4357,Vývojář / technický parťák pro vznik nové B2B aplikace – part-time,až 40 000 Kč / měsíc,Praha,Developer,General Software Developer,"Junior, Medior, Senior",IT & Software,,https://www.jobstack.it/it-job/full-stack-developer/6ac62c365b635,2026-10-07T14:10:19+02:00,Senior/Leadership Stretch,4,Python/Software Development,Prague,0,Python/Software Development; Junior/entry level; Medior level,Senior-level position
JST_9121,Java vývojář/ka Praha,Navrhni si mzdu,Praha,Developer,General Software Developer,"Junior, Medior, Senior, Expert",IT & Software,Java,https://www.jobstack.it/it-job/java-developer/60089fb66d63b,2026-09-12T11:34:05+02:00,Senior/Leadership Stretch,4,Python/Software Development,Prague,25,Python/Software Development; Junior/entry level; Medior level,Senior-level position
JST_8554,PHP vývojář*ka,Navrhni si mzdu,Praha,Developer,General Software Developer,"Junior, Medior, Senior, Expert",IT & Software,PHP,https://www.jobstack.it/it-job/php-developer/5a2a5dfd104a0,2026-09-12T11:33:57+02:00,Senior/Leadership Stretch,4,Python/Software Development,Prague,25,Python/Software Development; Junior/entry level; Medior level,Senior-level position
JST_4424,Software Developer | .Net,Navrhni si mzdu,Praha 8,Developer,General Software Developer,"Junior, Medior, Senior, Expert",IT & Software,.NET,https://www.jobstack.it/it-job/dot-net-developer/61a9fdabc2798,2026-09-12T11:33:57+02:00,Senior/Leadership Stretch,4,Python/Software Development,Prague,25,Python/Software Development; Junior/entry level; Medior level,Senior-level position
JST_2460,Full stack .NET/Vue.js developer e-learningu,až 120 000 Kč / měsíc,Praha 8,Developer,Full-Stack Developer,"Junior, Medior, Senior, Expert",IT & Software,JavaScript,https://www.jobstack.it/it-job/full-stack-developer/6272409c151d6,2026-09-12T11:33:50+02:00,Senior/Leadership Stretch,4,Python/Software Development,Prague,25,Python/Software Development; Junior/entry level; Medior level,Senior-level position
JST_7969,PlayCanvas Developer,až 100 000 Kč / měsíc,Praha,Developer,General Software Developer,"Junior, Medior, Senior, Expert",IT & Software,,https://www.jobstack.it/it-job/developer-other/65ce0b3368993,2026-09-12T11:33:28+02:00,Senior/Leadership Stretch,4,Python/Software Development,Prague,25,Python/Software Development; Junior/entry level; Medior level,Senior-level position
JST_1322,React Vývojář,až 100 000 Kč / měsíc,Praha / Remote,Developer,General Software Developer,"Junior, Medior, Senior",IT & Software,React,https://www.jobstack.it/it-job/react-developer/609a58e9756b3,2026-09-12T11:33:28+02:00,Senior/Leadership Stretch,4,Python/Software Development,Prague,25,Python/Software Development; Junior/entry level; Medior level,Senior-level position
JST_1228,⭕ ABAP PROGRAMÁTOR - PRAHA,až 110 000 Kč / měsíc,Praha/remote,Developer,Enterprise Applications Developer,"Junior, Medior, Senior",IT & Software,ABAP,https://www.jobstack.it/it-job/specialista-erp/65ddd5bbc0f44,2026-09-12T11:33:28+02:00,Senior/Leadership Stretch,4,Python/Software Development,Prague,25,Python/Software Development; Junior/entry level; Medior level,Senior-level position
JST_9151,Ruby on Rails programátor/ka do party,až 80 000 Kč / měsíc,"Praha 6 - Petřiny, hybrid",Developer,General Software Developer,"Junior, Medior, Senior",IT & Software,Ruby/Rails,https://www.jobstack.it/it-job/python-developer/615b13673423d,2026-09-12T11:33:02+02:00,Senior/Leadership Stretch,4,Python/Software Development,Prague,25,Python/Software Development; Junior/entry level; Medior level,Senior-level position
JB_7424,HR Data Analyst / HR Analytik – Praha (junior/senior),,Praha – Nové Město,Analyst,Data/BI Analyst,"Junior/Entry-level, Senior","Data & Analytics, HR & Recruitment",,https://www.jobs.cz/rpd/2000739085/,2026-09-11T15:56:36+02:00,Senior/Leadership Stretch,4,Core Data & Analytics,Prague,26,Core Data & Analytics; Junior/entry level,Senior-level position
JST_8065,Vývojář software,až 90 000 Kč / měsíc,Praha,Developer,General Software Developer,"Junior, Senior",IT & Software,,https://www.jobstack.it/it-job/dot-net-developer/5dfa19c4ed995,2026-10-07T14:11:59+02:00,Senior/Leadership Stretch,3,Python/Software Development,Prague,0,Python/Software Development; Junior/entry level,Senior-level position
BLT_2464,Staff Frontend Engineer,,28 Locations,Engineer,Software Engineer,Entry level,Engineering & R&D,,https://builtin.com/job/staff-frontend-engineer/11211023,2026-09-17T10:32:22+02:00,Senior/Leadership Stretch,3,Python/Software Development,Outside Prague - verify,21,Python/Software Development; R; Junior/entry level,Senior-level position; Location requires verification
BLT_8104,"Staff Software Engineer, Data Products",,28 Locations,Engineer,Software Engineer,Entry level,"Data & Analytics, IT & Software, Engineering & R&D",,https://builtin.com/job/staff-software-engineer-data-products/11173168,2026-09-15T09:49:34+02:00,Senior/Leadership Stretch,3,Python/Software Development,Outside Prague - verify,23,Python/Software Development; R; Junior/entry level,Senior-level position; Location requires verification
BLT_2029,Senior Full Stack Engineer,,CZE,Engineer,Software Engineer,Entry level,Engineering & R&D,,https://builtin.com/job/full-stack-engineer/4453899,2026-09-14T23:29:04+02:00,Senior/Leadership Stretch,3,Python/Software Development,Outside Prague - verify,23,Python/Software Development; R; Junior/entry level,Senior-level position; Location requires verification
BLT_9255,Staff Software Engineer - Data,,40 Locations,Engineer,Software Engineer,Entry level,"Data & Analytics, IT & Software, Engineering & R&D",,https://builtin.com/job/staff-software-engineer-data/11045269,2026-09-14T23:27:44+02:00,Senior/Leadership Stretch,3,Python/Software Development,Outside Prague - verify,23,Python/Software Development; R; Junior/entry level,Senior-level position; Location requires verification
JST_2530,Vývojář software,až 90 000 Kč / měsíc,Praha,Developer,General Software Developer,"Junior, Senior",IT & Software,,https://www.jobstack.it/it-job/developer-other/5dfa19c4ed995,2026-09-12T11:34:05+02:00,Senior/Leadership Stretch,3,Python/Software Development,Prague,25,Python/Software Development; Junior/entry level,Senior-level position
JB_1938,"Junior consultant – technologie, procesy, management (ž/m)",,Praha – Chodov,Consultant,Business/Process Consultant,Junior/Entry-level,,,https://www.jobs.cz/rpd/2001371357/,2026-09-11T15:58:06+02:00,Senior/Leadership Stretch,3,Business/Product Analysis,Prague,26,Business/Product Analysis; Junior/entry level,Leadership/management position
JB_4677,IT Business Analytik – procesy a změny senior/junior (m/ž),,Praha,Analyst,IT/Systems Analyst,"Junior/Entry-level, Senior","Data & Analytics, IT & Software",,https://www.jobs.cz/rpd/2001152793/,2026-09-11T15:57:03+02:00,Senior/Leadership Stretch,3,Business/Product Analysis,Prague,26,Business/Product Analysis; Junior/entry level,Senior-level position
JST_1338,"⋙Baví Tě data, ML, s Pythonem děláš většinu pracovního dne?⋘",Navrhni si mzdu,praha,Other,Unclassified,"Junior, Medior, Senior","Data & Analytics, AI & Machine Learning",,https://www.jobstack.it/it-job/data-scientist/6526a3f55c8e7,2026-10-07T14:11:32+02:00,Deprioritized,2,Data Science & Machine Learning,Prague,0,Data Science & Machine Learning; ML/AI or modelling; Junior/entry level; Medior level,Senior-level position; Non-target root occupation
JB_2866,XXXLutz Trainee nákup – od absolventa k nákupčímu,,Čestlice,Intern/Trainee,General Internship/Traineeship,"Intern/Trainee, Junior/Entry-level",Procurement,,https://www.jobs.cz/rpd/2001463782/,2026-10-07T12:52:03+02:00,Deprioritized,2,Other,Outside Prague - verify,0,Junior/entry level,Location requires verification
BLT_9857,Fraud Analyst,,26 Locations,Analyst,Security/Fraud Analyst,Entry level,Compliance & Risk,,https://builtin.com/job/fraud-analyst/11393302,2026-09-29T10:52:30+02:00,Deprioritized,2,Other,Outside Prague - verify,9,Junior/entry level,Location requires verification
BLT_8219,Payment Analyst,40K-60K Annually,27 Locations,Analyst,General Analyst,Entry level,,,https://builtin.com/job/payment-analyst/11351897,2026-09-25T10:00:05+02:00,Deprioritized,2,Other,Outside Prague - verify,13,Junior/entry level,Location requires verification
BLT_5521,Staff Software Developer (Kotlin Libraries),,12 Locations,Developer,General Software Developer,Entry level,IT & Software,Kotlin,https://builtin.com/job/staff-software-developer-kotlin-libraries/11306167,2026-09-22T18:54:45+02:00,Deprioritized,2,Python/Software Development,Outside Prague - verify,15,Python/Software Development; Junior/entry level,Senior-level position; Location requires verification
JB_3478,Bookmaker junior pro Live sázky (m/ž),,Beroun – Beroun-Centrum,Specialist,General Specialist,Junior/Entry-level,,,https://www.jobs.cz/rpd/2001431154/,2026-09-18T18:41:49+02:00,Deprioritized,2,Other,Outside Prague - verify,19,Junior/entry level,Location requires verification
JB_7877,Asistent/ka plánování výroby - Junior Supply Chain Planner,,Příbram – Příbram I,Planner,Demand/Supply Planner,Junior/Entry-level,"Supply Chain & Logistics, Manufacturing & Production",,https://www.jobs.cz/rpd/2001430757/,2026-09-18T13:19:29+02:00,Deprioritized,2,Other,Outside Prague - verify,19,Junior/entry level,Location requires verification
JB_0167,Junior Procurement COE Analyst,,Středočeský kraj + 1 další lokalita,Analyst,Operations/Supply Chain Analyst,Junior/Entry-level,Procurement,,https://www.jobs.cz/rpd/2001306346/,2026-09-18T13:06:19+02:00,Deprioritized,2,Other,Outside Prague - verify,19,Junior/entry level,Location requires verification
JST_1180,Software Tester,až 50 000 Kč / měsíc,Praha,Tester,General Software Tester,"Junior, Medior, Senior",IT & Software,,https://www.jobstack.it/it-job/automatizovane-testovani/62971866c504a,2026-09-12T11:33:57+02:00,Deprioritized,2,Adjacent Technical,Prague,25,Adjacent Technical; Junior/entry level; Medior level,Senior-level position
JST_9605,DevOps specialista pro datová uložiště,Navrhni si mzdu,Praha,Specialist,IT/Systems Specialist,"Junior, Medior, Senior, Expert",Cloud & Infrastructure,,https://www.jobstack.it/it-job/specialista-devops/63fc76f7b3598,2026-09-12T11:33:50+02:00,Deprioritized,2,Adjacent Technical,Prague,25,Adjacent Technical; Junior/entry level; Medior level,Senior-level position
JST_3362,"⋙Baví Tě data, ML, s Pythonem děláš většinu pracovního dne?⋘",Navrhni si mzdu,praha,Other,Unclassified,"Junior, Medior, Senior","Data & Analytics, AI & Machine Learning",,https://www.jobstack.it/it-job/specialista-data-bi-dwh-bigdata/6526a3f55c8e7,2026-09-12T11:33:42+02:00,Deprioritized,2,Data Science & Machine Learning,Prague,25,Data Science & Machine Learning; ML/AI or modelling; Junior/entry level; Medior level,Senior-level position; Non-target root occupation
JST_7100,IT konzultant pro zajímavé projekty z oblasti Identity Managementu,Navrhni si mzdu,"7. května 1168/70, Praha – Chodov",Consultant,IT/Technology Consultant,"Junior, Medior, Senior","IT & Software, Project & Program Management",,https://www.jobstack.it/it-job/it-konzultant/628768222baf9,2026-09-12T11:33:16+02:00,Deprioritized,2,Adjacent Technical,Prague,25,Adjacent Technical; Junior/entry level; Medior level,Senior-level position
JB_0639,Bookmaker junior pro Live sázky (m/ž),,Beroun – Beroun-Centrum,Specialist,General Specialist,Junior/Entry-level,,,https://www.jobs.cz/rpd/2001378301/,2026-09-11T17:20:41+02:00,Deprioritized,2,Other,Outside Prague - verify,26,Junior/entry level,Location requires verification
JB_6401,Junior správce IT systémů,50 000 – 60 000 Kč,Jirny,Administrator,IT Administrator,Junior/Entry-level,IT & Software,,https://www.jobs.cz/rpd/2001404841/,2026-09-11T17:18:57+02:00,Deprioritized,2,Other,Outside Prague - verify,26,Junior/entry level,Location requires verification
JB_2568,TRAINEE PROGRAM pro absolventy technických oborů VŠ,45 000 – 55 000 Kč,Kněžmost,Intern/Trainee,General Internship/Traineeship,"Intern/Trainee, Junior/Entry-level",Project & Program Management,,https://www.jobs.cz/rpd/2001141918/,2026-09-11T17:01:25+02:00,Deprioritized,2,Other,Outside Prague - verify,26,Junior/entry level,Location requires verification
JB_1461,HW Designer – Junior+,55 000 – 70 000 Kč,Vestec,Designer,Mechanical/Technical Designer,Junior/Entry-level,,,https://www.jobs.cz/rpd/2001415011/,2026-09-11T16:30:53+02:00,Deprioritized,2,Other,Outside Prague - verify,26,Junior/entry level,Location requires verification
JB_7699,TRAINEE DO VÝROBY V PIVOVARU,37 500 – 39 500 Kč,Krušovice,Intern/Trainee,General Internship/Traineeship,Intern/Trainee,Manufacturing & Production,,https://www.jobs.cz/rpd/2001373480/,2026-09-11T16:30:25+02:00,Deprioritized,2,Other,Outside Prague - verify,26,Junior/entry level,Location requires verification
JB_2970,Servisní technik - Zdravotnictví - vhodné i pro absolventy,,Nehvizdy,Technician,Service/Maintenance Technician,Junior/Entry-level,,,https://www.jobs.cz/rpd/2001210106/,2026-09-11T16:30:24+02:00,Deprioritized,2,Other,Outside Prague - verify,26,Junior/entry level,Location requires verification
JB_6657,Trainee – technolog svařování - student/ka VŠ,,Říčany,Technician,Manufacturing/Process Technician,Intern/Trainee,,,https://www.jobs.cz/rpd/2001286017/,2026-09-11T16:30:24+02:00,Deprioritized,2,Other,Outside Prague - verify,26,Junior/entry level,Location requires verification
JB_6968,Junior PLC technik,,Dobříň,Technician,General Technician,Junior/Entry-level,,,https://www.jobs.cz/rpd/2001407931/,2026-09-11T16:29:58+02:00,Deprioritized,2,Other,Outside Prague - verify,26,Junior/entry level,Location requires verification
JB_3577,Junior Compliance Specialista/ka,,Modletice,Specialist,Compliance/AML Specialist,Junior/Entry-level,Compliance & Risk,,https://www.jobs.cz/rpd/2001339548/,2026-09-11T16:18:03+02:00,Deprioritized,2,Other,Outside Prague - verify,26,Junior/entry level,Location requires verification
JB_4104,💻 HR Trainee | Příležitost pro studenty,,Bakov nad Jizerou – Horka,Intern/Trainee,HR Internship,Intern/Trainee,HR & Recruitment,,https://www.jobs.cz/rpd/2001350121/,2026-09-11T16:11:05+02:00,Deprioritized,2,Other,Outside Prague - verify,26,Junior/entry level,Location requires verification
JB_4412,Asistent/ka plánování výroby - Junior Supply Chain Planner,,Příbram – Příbram I,Planner,Demand/Supply Planner,Junior/Entry-level,"Supply Chain & Logistics, Manufacturing & Production",,https://www.jobs.cz/rpd/2001373735/,2026-09-11T16:10:53+02:00,Deprioritized,2,Other,Outside Prague - verify,26,Junior/entry level,Location requires verification
JB_5051,Junior technik procesů a údržby (start pro studenty/absolventy),,Rakovník – Rakovník II,Technician,Service/Maintenance Technician,Junior/Entry-level,,,https://www.jobs.cz/rpd/2001417469/,2026-09-11T16:10:53+02:00,Deprioritized,2,Other,Outside Prague - verify,26,Junior/entry level,Location requires verification
JB_0634,XXXLutz Trainee nákup – od absolventa k nákupčímu,,Čestlice,Intern/Trainee,General Internship/Traineeship,"Intern/Trainee, Junior/Entry-level",Procurement,,https://www.jobs.cz/rpd/2001381539/,2026-09-11T16:09:22+02:00,Deprioritized,2,Other,Outside Prague - verify,26,Junior/entry level,Location requires verification
JB_5172,Trainee - Finance (M/Ž),,okres Kutná Hora,Intern/Trainee,Finance Internship,Intern/Trainee,Finance & Banking,,https://www.jobs.cz/rpd/2001262227/,2026-09-11T16:08:47+02:00,Deprioritized,2,Other,Outside Prague - verify,26,Junior/entry level,Location requires verification
JB_3354,Procurement Specialist Trainee - part time,,Beroun – Beroun-Závodí,Specialist,Procurement Specialist,Intern/Trainee,Procurement,,https://www.jobs.cz/rpd/2001342100/,2026-09-11T16:08:24+02:00,Deprioritized,2,Other,Outside Prague - verify,26,Junior/entry level,Location requires verification
JB_9505,"Environment, Health, Safety Specialist - Intern - Brigáda vhodná pro studenty VŠ",,Česká republika + 1 další lokalita,Specialist,Quality/Regulatory Specialist,Intern/Trainee,Quality & Safety,,https://www.jobs.cz/rpd/2001350465/,2026-09-11T16:08:10+02:00,Deprioritized,2,Other,Czechia - verify Prague/remote,26,Junior/entry level,Location requires verification
JB_2997,Purchasing Specialist/Specialista nákupu - Pozice vhodná i pro absolventy,45 000 – 55 000 Kč,Klíčany + 1 další lokalita,Specialist,Procurement Specialist,Junior/Entry-level,Procurement,,https://www.jobs.cz/rpd/2001415213/,2026-09-11T16:08:10+02:00,Deprioritized,2,Other,Outside Prague - verify,26,Junior/entry level,Location requires verification
JB_9570,Trainee v oblasti managementu kvality - part time,,Beroun – Beroun-Závodí,Intern/Trainee,General Internship/Traineeship,Intern/Trainee,Quality & Safety,,https://www.jobs.cz/rpd/2001415838/,2026-09-11T15:58:34+02:00,Deprioritized,2,Other,Outside Prague - verify,26,Junior/entry level,Location requires verification
BLT_3173,Czech Transcriber,,Czechia,Specialist,General Specialist,Entry level,,,https://builtin.com/job/czech-transcriber/10183761,,Deprioritized,2,Other,Czechia - verify Prague/remote,,Junior/entry level,Location requires verification
JST_5034,Konzultant ERP systému,až 80 000 Kč / měsíc,"Štefánikova 32, Praha 5",Consultant,SAP/ERP Consultant,"Junior, Medior, Senior, Expert",,,https://www.jobstack.it/it-job/erp-podnikove-systemy/5f86b80e1a9ef,2026-10-07T14:10:55+02:00,Deprioritized,0,Other,Prague,0,Junior/entry level; Medior level,Senior-level position
JB_3785,Junior KYC Compliance Analysts,,Praha – Karlín,Analyst,Risk/Credit Analyst,Junior/Entry-level,Compliance & Risk,,https://www.jobs.cz/rpd/2001467717/,2026-10-07T13:36:52+02:00,Deprioritized,0,Other,Prague,0,Junior/entry level,Finance/accounting orientation
JB_6721,"Student Support in MCC & Client Valuation (Lebovic), Branch",,Praha – Vinohrady,Support Specialist,Customer Support,,"Finance & Banking, Customer Service",,https://www.jobs.cz/rpd/2001463637/,2026-10-07T13:03:34+02:00,Deprioritized,0,Other,Prague,0,Junior/entry level,Finance/accounting orientation
JB_4311,FINANČNÍ ANALYTIK/ČKA JUNIOR - PART TIME,,Praha – Karlín,Analyst,Finance/Investment Analyst,Junior/Entry-level,Data & Analytics,,https://www.jobs.cz/rpd/2001465284/,2026-10-07T12:41:39+02:00,Deprioritized,0,Other,Prague,0,Junior/entry level,Finance/accounting orientation
JB_7966,Junior finanční analytik,,Praha – Staré Město,Analyst,Finance/Investment Analyst,Junior/Entry-level,Data & Analytics,,https://www.jobs.cz/rpd/2001457838/,2026-10-02T12:23:24+02:00,Deprioritized,0,Other,Prague,5,Junior/entry level,Finance/accounting orientation
JB_2235,Credit Analyst Trainee with German,,Praha – Vinohrady,Analyst,Risk/Credit Analyst,Intern/Trainee,Compliance & Risk,,https://www.jobs.cz/rpd/2001457399/,2026-10-02T11:55:25+02:00,Deprioritized,0,Other,Prague,5,Junior/entry level,Finance/accounting orientation
JB_7480,Junior Valuation Consultant - oceňování podniků,,Praha – Karlín,Consultant,Finance/Transactions Consultant,Junior/Entry-level,Finance & Banking,,https://www.jobs.cz/rpd/2001453223/,2026-09-29T11:09:00+02:00,Deprioritized,0,Other,Prague,8,Junior/entry level,Finance/accounting orientation
JB_8484,DELOITTE - Junior Finance Consultant | Účetnictví a finanční projekty,,Praha – Vinohrady,Consultant,Finance/Transactions Consultant,Junior/Entry-level,"Finance & Banking, Project & Program Management",,https://www.jobs.cz/rpd/2001444903/,2026-09-25T11:02:41+02:00,Deprioritized,0,Other,Prague,13,Junior/entry level,Finance/accounting orientation
JB_1690,Inženýr pro vysokofrekvenční měřící techniku a metrologii (m/ž) Junior/Senior,69 000 – 82 000 Kč,Praha – Dejvice,Engineer,General Engineer,"Junior/Entry-level, Senior",Engineering & R&D,,https://www.jobs.cz/rpd/2001441162/,2026-09-22T19:20:09+02:00,Deprioritized,0,Other,Prague,15,R; Junior/entry level,Senior-level position
JB_0156,Investment Analyst Junior – Public Equities & M&A,,Praha,Analyst,Finance/Investment Analyst,Junior/Entry-level,Finance & Banking,,https://www.jobs.cz/rpd/2001441181/,2026-09-22T19:00:20+02:00,Deprioritized,0,Other,Prague,15,Junior/entry level,Finance/accounting orientation
JB_4940,Junior Accounting IFRS Methodology specialist (m/f),,Praha – Nusle,Specialist,Finance/Banking Specialist,Junior/Entry-level,Finance & Banking,,https://www.jobs.cz/rpd/2001438587/,2026-09-21T18:35:34+02:00,Deprioritized,0,Other,Prague,16,Junior/entry level,Finance/accounting orientation
JB_7151,Junior Research Manager,,Praha – Žižkov,Manager,R&D/Innovation Manager,Junior/Entry-level,Education & Research,,https://www.jobs.cz/rpd/2001429058/,2026-09-18T13:27:13+02:00,Deprioritized,0,Other,Prague,19,R; Junior/entry level,Leadership/management position
BLT_4100,Part-time Team Lead / Senior Python developer | Side-job,,28 Locations,Manager,IT/Engineering Manager,Entry level,IT & Software,Python,https://builtin.com/job/part-time-python-developer-side-job/10051527,2026-09-14T23:29:42+02:00,Deprioritized,0,Python/Software Development,Outside Prague - verify,23,Python/Software Development; Python; Junior/entry level,Senior-level position; Leadership/management position; Location requires verification
JST_7323,Projektový manažer,Navrhni si mzdu,Praha,Manager,Project Manager,"Junior, Medior",Project & Program Management,,https://www.jobstack.it/it-job/it-project-manager/61843fd5258ae,2026-09-12T11:33:42+02:00,Deprioritized,0,Other,Prague,25,Junior/entry level; Medior level,Leadership/management position
JST_9568,"SPRÁVCE ARCHIVNÍHO INFORMAČNÍHO SYSTÉMU (0,5 úvazek)",Navrhni si mzdu,"Ovocný trh 5, Praha 1",Administrator,General Administrator,"Junior, Medior, Senior, Expert",,,https://www.jobstack.it/it-job/unix-linux-admin/654e0f6a180dc,2026-09-12T11:33:42+02:00,Deprioritized,0,Other,Prague,25,Junior/entry level; Medior level,Senior-level position
JST_3694,Projektový manažer,Navrhni si mzdu,Praha,Manager,Project Manager,"Junior, Medior",Project & Program Management,,https://www.jobstack.it/it-job/it-project-manager/65a65512d25bd,2026-09-12T11:33:28+02:00,Deprioritized,0,Other,Prague,25,Junior/entry level; Medior level,Leadership/management position
JST_3656,Doménový analytik v oblasti trackování a datové fúze,Navrhni si mzdu,"Praha, Pardubice",Analyst,General Analyst,"Junior, Medior, Senior, Expert",Data & Analytics,,https://www.jobstack.it/it-job/analytik/6887a7399612e,2026-09-12T11:33:16+02:00,Deprioritized,0,Other,Prague,25,Junior/entry level; Medior level,Senior-level position
JST_4609,Konzultant ERP systému,až 80 000 Kč / měsíc,"Štefánikova 32, Praha 5",Consultant,SAP/ERP Consultant,"Junior, Medior, Senior, Expert",,,https://www.jobstack.it/it-job/it-konzultant/5f86b80e1a9ef,2026-09-12T11:33:16+02:00,Deprioritized,0,Other,Prague,25,Junior/entry level; Medior level,Senior-level position
JST_7691,Linux administrátor ( Junior / senior ),Navrhni si mzdu,Praha / Plzeň / Full remote,Administrator,Systems/Server Administrator,"Junior, Medior, Senior, Expert",,Linux,https://www.jobstack.it/it-job/unix-linux-admin/644bcbddea8b9,2026-09-12T11:32:53+02:00,Deprioritized,0,Other,Prague,25,Junior/entry level; Medior level,Senior-level position
JST_0360,MS Windows Administrátor (i absolvent),Navrhni si mzdu,"Drahobejlova 1452/54, Praha 9",Administrator,Systems/Server Administrator,"Junior, Medior, Senior, Expert",,,https://www.jobstack.it/it-job/microsoft-admin/67e5479d54313,2026-09-12T11:32:53+02:00,Deprioritized,0,Other,Prague,25,Junior/entry level; Medior level,Senior-level position
JST_0886,Office Manager,až 50 000 Kč / měsíc,Praha - Hostivař,Manager,Operations/Service Delivery Manager,"Junior, Medior",,,https://www.jobstack.it/it-job/it-hr-manager/6aa3ef0d1ef3c,2026-09-12T11:32:21+02:00,Deprioritized,0,Other,Prague,25,Junior/entry level; Medior level,Leadership/management position
SJ_105261,Junior Esims Trader,,Prague,Specialist,Finance/Banking Specialist,Junior/Entry-level,,,https://www.startupjobs.cz/nabidka/105261/junior-esims-trader,2026-09-12T10:43:17+02:00,Deprioritized,0,Other,Prague,26,Junior/entry level,Finance/accounting orientation
JB_3766,Junior Broker in Reinsurance,,Praha – Nové Město,Specialist,Finance/Banking Specialist,Junior/Entry-level,,,https://www.jobs.cz/rpd/2001295864/,2026-09-11T17:32:32+02:00,Deprioritized,0,Other,Prague,26,Junior/entry level,Finance/accounting orientation
JB_3238,IFRS SPECIALISTA junior (ž/m),,Praha – Chodov,Specialist,Finance/Banking Specialist,Junior/Entry-level,,,https://www.jobs.cz/rpd/2000659367/,2026-09-11T16:52:55+02:00,Deprioritized,0,Other,Prague,26,Junior/entry level,Finance/accounting orientation
JB_6198,Junior Consultant M&A and Transaction,,Praha – Karlín,Consultant,Finance/Transactions Consultant,Junior/Entry-level,,,https://www.jobs.cz/rpd/2001356235/,2026-09-11T16:52:55+02:00,Deprioritized,0,Other,Prague,26,Junior/entry level,Finance/accounting orientation
JB_4966,"Student Support in MCC & Client Valuation (Lebovic), Branch",,Praha – Vinohrady,Support Specialist,Customer Support,,"Finance & Banking, Customer Service",,https://www.jobs.cz/rpd/2001417779/,2026-09-11T16:19:02+02:00,Deprioritized,0,Other,Prague,26,Junior/entry level,Finance/accounting orientation
JB_3755,Junior specialista finančního reportingu a IFRS (m/ž),,Praha – Holešovice,Specialist,Finance/Banking Specialist,Junior/Entry-level,,,https://www.jobs.cz/rpd/2001367835/,2026-09-11T16:09:49+02:00,Deprioritized,0,Other,Prague,26,Junior/entry level,Finance/accounting orientation
JB_2844,Junior Valuation Consultant - oceňování nemovitostí,,Praha – Karlín,Consultant,Finance/Transactions Consultant,Junior/Entry-level,"Finance & Banking, Real Estate & Construction",,https://www.jobs.cz/rpd/2001178246/,2026-09-11T16:08:47+02:00,Deprioritized,0,Other,Prague,26,Junior/entry level,Finance/accounting orientation
JB_2543,Junior konzultant/ka – Finanční Due Diligence (M&A),,Praha – Nové Město,Consultant,Finance/Transactions Consultant,Junior/Entry-level,,,https://www.jobs.cz/rpd/2000612574/,2026-09-11T16:08:36+02:00,Deprioritized,0,Other,Prague,26,Junior/entry level,Finance/accounting orientation
JB_3221,Czech Junior Payroll Specialist - Paid training provided!,,Praha – Karlín,Specialist,HR/People Specialist,Junior/Entry-level,"HR & Recruitment, Education & Research",,https://www.jobs.cz/rpd/2001368296/,2026-09-11T16:08:10+02:00,Deprioritized,0,Other,Prague,26,Junior/entry level,Finance/accounting orientation
JB_0708,Digital Marketing Specialist – Junior/Medior,,Praha – Libeň,Specialist,Marketing/Communications Specialist,"Junior/Entry-level, Medior/Mid-level",Marketing & Communications,,https://www.jobs.cz/rpd/2001389228/,2026-09-11T15:59:12+02:00,Deprioritized,0,Other,Prague,26,Junior/entry level; Medior level,Generic marketing role
JB_4532,FSI Audit Analyst | Ideální start kariéry pro absolventy | Praha,,Praha – Vinohrady,Analyst,Risk/Credit Analyst,Junior/Entry-level,Compliance & Risk,,https://www.jobs.cz/rpd/2001287949/,2026-09-11T15:59:05+02:00,Deprioritized,0,Other,Prague,26,Junior/entry level,Finance/accounting orientation
JB_6627,English Junior Payroll Specialist - Paid training provided!,,Praha – Karlín,Specialist,HR/People Specialist,Junior/Entry-level,"HR & Recruitment, Education & Research",,https://www.jobs.cz/rpd/2001408301/,2026-09-11T15:58:34+02:00,Deprioritized,0,Other,Prague,26,Junior/entry level,Finance/accounting orientation
JB_6471,English Junior Payroll Specialist - Paid training provided!,,Praha – Karlín,Specialist,HR/People Specialist,Junior/Entry-level,"HR & Recruitment, Education & Research",,https://www.jobs.cz/rpd/2001406220/,2026-09-11T15:58:34+02:00,Deprioritized,0,Other,Prague,26,Junior/entry level,Finance/accounting orientation
JB_6367,German Junior Payroll Specialist - Paid training provided!,,Praha – Karlín,Specialist,HR/People Specialist,Junior/Entry-level,"HR & Recruitment, Education & Research",,https://www.jobs.cz/rpd/2001364753/,2026-09-11T15:58:34+02:00,Deprioritized,0,Other,Prague,26,Junior/entry level,Finance/accounting orientation
JB_8655,Polish Junior Payroll Specialist - Paid training provided!,,Praha – Karlín,Specialist,HR/People Specialist,Junior/Entry-level,"HR & Recruitment, Education & Research",,https://www.jobs.cz/rpd/2001364827/,2026-09-11T15:58:34+02:00,Deprioritized,0,Other,Prague,26,Junior/entry level,Finance/accounting orientation
JB_1510,Portuguese Junior Payroll Specialist - Paid training provided!,,Praha – Karlín,Specialist,HR/People Specialist,Junior/Entry-level,"HR & Recruitment, Education & Research",,https://www.jobs.cz/rpd/2001408282/,2026-09-11T15:58:34+02:00,Deprioritized,0,Other,Prague,26,Junior/entry level,Finance/accounting orientation
JB_7429,Junior Analyst - valuation,,Praha – Nové Město,Analyst,Finance/Investment Analyst,Junior/Entry-level,Finance & Banking,,https://www.jobs.cz/rpd/2001382944/,2026-09-11T15:57:55+02:00,Deprioritized,0,Other,Prague,26,Junior/entry level,Finance/accounting orientation
JB_9926,Banking (kvantitativní rizika) – Junior konzultant/ka,,Praha – Karlín,Consultant,Finance/Transactions Consultant,Junior/Entry-level,Finance & Banking,,https://www.jobs.cz/rpd/2001214504/,2026-09-11T15:57:28+02:00,Deprioritized,0,Other,Prague,26,Junior/entry level,Finance/accounting orientation
BLT_4605,Junior Esims Trader,,"Prague, CZE",Specialist,Finance/Banking Specialist,Junior,,,https://builtin.com/job/junior-esims-trader/9884967,,Deprioritized,0,Other,Prague,,Junior/entry level,Finance/accounting orientation
BLT_6203,Valuation editor,,"Prague, CZE",Specialist,Finance/Banking Specialist,Entry level,Finance & Banking,,https://builtin.com/job/valuation-editor/8876342,,Deprioritized,0,Other,Prague,,Junior/entry level,Finance/accounting orientation
SJ_851136,Junior produktový manažer pro Seznam Homepage,,Prague,Manager,Product Manager/Product Owner,Junior/Entry-level,Product Management,,https://www.startupjobs.cz/nabidka/108163/junior-produktovy-manazer-pro-seznam-homepage,2026-10-07T14:20:29+02:00,Deprioritized,-1,Other,Prague,0,Junior/entry level,Leadership/management position
JB_2157,BI ANALYTIK / JUNIOR BUSINESS INTELLIGENCE EXPERT,,Praha,Analyst,General Analyst,Junior/Entry-level,Data & Analytics,,https://www.jobs.cz/rpd/2001463079/,2026-10-07T12:40:05+02:00,Deprioritized,-1,Other,Prague,0,Junior/entry level,Senior-level position
BLT_7369,Product Software Engineering Manager (m/f/d),,27 Locations,Manager,IT/Engineering Manager,Entry level,"IT & Software, Engineering & R&D",,https://builtin.com/job/product-software-engineering-manager-m-f-d/11528360,2026-10-07T12:36:02+02:00,Deprioritized,-1,Other,Outside Prague - verify,0,R; Junior/entry level,Leadership/management position; Location requires verification
JB_1887,Category Manager Junior / Coordinator,,Praha – Libeň,Manager,Product Manager/Product Owner,Junior/Entry-level,,,https://www.jobs.cz/rpd/2001460456/,2026-10-03T09:52:16+02:00,Deprioritized,-1,Other,Prague,5,Junior/entry level,Leadership/management position
SJ_108221,🚙 Junior Project Manager,,Prague,Manager,Project Manager,Junior/Entry-level,Project & Program Management,,https://www.startupjobs.cz/nabidka/108221/junior-project-manager,2026-10-02T12:41:34+02:00,Deprioritized,-1,Other,Prague,5,Junior/entry level,Leadership/management position
JB_2974,Junior Content Creator – brigáda pro studenta/studentku,,okres Praha,Specialist,Marketing/Communications Specialist,Junior/Entry-level,Marketing & Communications,,https://www.jobs.cz/rpd/2001453240/,2026-09-29T12:00:46+02:00,Deprioritized,-1,Other,Prague,8,Junior/entry level,Generic marketing role
JB_5093,Intern Business Management,,Praha – Nové Město,Intern/Trainee,General Internship/Traineeship,Intern/Trainee,,,https://www.jobs.cz/rpd/2001445240/,2026-09-25T10:07:17+02:00,Deprioritized,-1,Other,Prague,13,Junior/entry level,Leadership/management position
BLT_9773,"Lead Engineer, Frontier Traders",,26 Locations,Manager,Executive/General Manager,Entry level,Engineering & R&D,,https://builtin.com/job/lead-engineer-frontier-traders/11309644,2026-09-22T18:56:01+02:00,Deprioritized,-1,Other,Outside Prague - verify,15,R; Junior/entry level,Leadership/management position; Location requires verification
JB_1781,JUNIOR EVENT KOORDINÁTOR/KA,25 000 – 30 000 Kč,Praha – Nové Město,Coordinator,Sales/Marketing Coordinator,Junior/Entry-level,,,https://www.jobs.cz/rpd/2001427590/,2026-09-18T18:18:13+02:00,Deprioritized,-1,Other,Prague,19,Junior/entry level,Generic marketing role
JB_5976,Junior produktový/á manažer/ka pro hypotéky,,Praha – Michle,Manager,Product Manager/Product Owner,Junior/Entry-level,,,https://www.jobs.cz/rpd/2001259184/,2026-09-18T13:18:26+02:00,Deprioritized,-1,Other,Prague,19,Junior/entry level,Leadership/management position
JB_4017,Junior PR & Marketing Specialist,45 000 Kč,Praha – Nové Město,Specialist,Marketing/Communications Specialist,Junior/Entry-level,Marketing & Communications,,https://www.jobs.cz/rpd/2001380996/,2026-09-18T13:08:06+02:00,Deprioritized,-1,Other,Prague,19,Junior/entry level,Generic marketing role
SJ_728711,Junior Account Manager,,Prague,Manager,Sales/Account Manager,Junior/Entry-level,Sales & Business Development,,https://www.startupjobs.cz/nabidka/107355/junior-account-manager,2026-09-17T10:51:21+02:00,Deprioritized,-1,Other,Prague,21,Junior/entry level,Leadership/management position
BLT_6406,Engineering Manager,,26 Locations,Manager,IT/Engineering Manager,Entry level,Engineering & R&D,,https://builtin.com/job/engineering-manager/11178741,2026-09-17T10:32:37+02:00,Deprioritized,-1,Other,Outside Prague - verify,21,R; Junior/entry level,Leadership/management position; Location requires verification
JB_7896,JUNIOR Category Manager s němčinou (m/ž/n) – vhodné i pro absolventy,,Praha – Stodůlky,Manager,Product Manager/Product Owner,Junior/Entry-level,,,https://www.jobs.cz/rpd/2001426434/,2026-09-15T11:05:22+02:00,Deprioritized,-1,Other,Prague,23,Junior/entry level,Leadership/management position
JB_1708,Obchodní konzultant JUNIOR pro AV technologie,40 000 – 60 000 Kč,Praha – Hostivař,Consultant,Marketing/Sales Consultant,Junior/Entry-level,Sales & Business Development,,https://www.jobs.cz/rpd/2000564239/,2026-09-15T00:00:17+02:00,Deprioritized,-1,Other,Prague,23,Junior/entry level,Generic marketing role
BLT_1489,Senior Backend Engineer - Network Discovery,,2 Locations,Engineer,Network/Infrastructure Engineer,Junior,"Cloud & Infrastructure, Engineering & R&D",,https://builtin.com/job/backend-developer/7277119,2026-09-14T23:26:44+02:00,Deprioritized,-1,Other,Outside Prague - verify,23,R; Junior/entry level,Senior-level position; Location requires verification
BLT_5174,Engineering Manager,140K-250K Annually,Czech Republic,Manager,IT/Engineering Manager,Entry level,Engineering & R&D,,https://builtin.com/job/engineering-manager/10773180,2026-09-14T23:26:11+02:00,Deprioritized,-1,Other,Czechia - verify Prague/remote,23,R; Junior/entry level,Leadership/management position; Location requires verification
SJ_107355,Junior Account Manager – vyber si trh: CZ / SK / HU,,Prague,Manager,Sales/Account Manager,Junior/Entry-level,Sales & Business Development,,https://www.startupjobs.cz/nabidka/107355/junior-account-manager-vyber-si-trh-cz-sk-hu,2026-09-12T11:01:43+02:00,Deprioritized,-1,Other,Prague,26,Junior/entry level,Leadership/management position
SJ_88279,Trainee Account Manager | Staň se součástí světa IT obchodu 🚀 Onsite Zdiby,,Prague,Manager,Sales/Account Manager,Intern/Trainee,"IT & Software, Sales & Business Development",,https://www.startupjobs.cz/nabidka/88279/trainee-account-manager-stan-se-soucasti-sveta-it-obchodu,2026-09-12T10:58:33+02:00,Deprioritized,-1,Other,Prague,26,Junior/entry level,Leadership/management position
SJ_107657,Product manager junior pro tým CONNECT IT,,Prague,Manager,Product Manager/Product Owner,Junior/Entry-level,"IT & Software, Product Management",,https://www.startupjobs.cz/nabidka/107657/product-manager-junior-pro-tym-connect-it,2026-09-12T10:56:33+02:00,Deprioritized,-1,Other,Prague,26,Junior/entry level,Leadership/management position
SJ_107685,Vývoj doplňků stravy / Manažer produktového portfolia Junior,,Prague,Manager,Product Manager/Product Owner,Junior/Entry-level,,,https://www.startupjobs.cz/nabidka/107685/vyvoj-doplnku-stravy-manazer-produktoveho-portfolia-junior,2026-09-12T10:56:33+02:00,Deprioritized,-1,Other,Prague,26,Junior/entry level,Leadership/management position
SJ_107725,Digital Junior Account manager,,Prague,Manager,Sales/Account Manager,Junior/Entry-level,Sales & Business Development,,https://www.startupjobs.cz/nabidka/107725/digital-junior-account-manager,2026-09-12T10:55:23+02:00,Deprioritized,-1,Other,Prague,26,Junior/entry level,Leadership/management position
SJ_83153,Trainee Marketing Specialist | Staň se hlasem naší značky na LinkedInu 🚀 Hybrid Zdiby,,Prague,Specialist,Marketing/Communications Specialist,Intern/Trainee,Marketing & Communications,,https://www.startupjobs.cz/nabidka/83153/trainee-marketing-specialist-stan-se-hlasem-nasi-znacky-na-linkedinu,2026-09-12T10:55:23+02:00,Deprioritized,-1,Other,Prague,26,Junior/entry level,Generic marketing role
SJ_106395,Junior Project Manager ve Viole - expanduj do Evropy s digitální platformou 🧓🏻,,Prague,Manager,Project Manager,Junior/Entry-level,Project & Program Management,,https://www.startupjobs.cz/nabidka/106395/junior-project-manager-ve-viole-expanduj-do-evropy-s-digitalni-platformou,2026-09-12T10:46:32+02:00,Deprioritized,-1,Other,Prague,26,Junior/entry level,Leadership/management position
JB_3701,Konzultant značkové prodejny – příležitost pro absolventy (m/ž),40 000 – 70 000 Kč,Praha,Consultant,Marketing/Sales Consultant,Junior/Entry-level,"Sales & Business Development, Retail & E-commerce",,https://www.jobs.cz/rpd/2001232793/,2026-09-11T17:21:51+02:00,Deprioritized,-1,Other,Prague,26,Junior/entry level,Generic marketing role
JB_1278,Junior Project Manager,70 000 – 100 000 Kč,Praha – Nové Město,Manager,Project Manager,Junior/Entry-level,Project & Program Management,,https://www.jobs.cz/rpd/2001421530/,2026-09-11T17:20:00+02:00,Deprioritized,-1,Other,Prague,26,Junior/entry level,Leadership/management position
JB_8869,Architekt/ka kybernetické bezpečnosti IT/OT (junior/senior),85 000 – 110 000 Kč,Praha – Strašnice,Architect,Security Architect,"Junior/Entry-level, Senior","Cybersecurity, IT & Software",,https://www.jobs.cz/rpd/2001377968/,2026-09-11T17:18:57+02:00,Deprioritized,-1,Other,Prague,26,Junior/entry level,Senior-level position
JB_5650,Transfer Pricing | Junior Consultant,,Praha – Staré Město,Consultant,Marketing/Sales Consultant,Junior/Entry-level,Finance & Banking,,https://www.jobs.cz/rpd/2001410838/,2026-09-11T16:52:55+02:00,Deprioritized,-1,Other,Prague,26,Junior/entry level,Generic marketing role
JB_4909,=STARLUX Airlines= Marketing & Sales (Welcome fresh graduates!),,Praha,Specialist,Marketing/Communications Specialist,Junior/Entry-level,"Sales & Business Development, Marketing & Communications",,https://www.jobs.cz/rpd/2001391857/,2026-09-11T16:43:19+02:00,Deprioritized,-1,Other,Prague,26,Junior/entry level,Generic marketing role
JB_3184,Student internship - Configuration Management,,Praha – Stodůlky,Intern/Trainee,General Internship/Traineeship,Intern/Trainee,,,https://www.jobs.cz/rpd/2001415025/,2026-09-11T16:30:10+02:00,Deprioritized,-1,Other,Prague,26,Junior/entry level,Leadership/management position
JB_0836,Junior / Senior Consultant in automotive,,Praha – Michle,Consultant,Technical/Infrastructure Consultant,"Junior/Entry-level, Senior",Automotive & Mobility,,https://www.jobs.cz/rpd/2000598279/,2026-09-11T16:19:22+02:00,Deprioritized,-1,Other,Prague,26,Junior/entry level,Senior-level position
JB_1902,JUNIOR Category Manager s němčinou (m/ž/n) – vhodné i pro absolventy,,Praha – Stodůlky,Manager,Product Manager/Product Owner,Junior/Entry-level,,,https://www.jobs.cz/rpd/2001401059/,2026-09-11T16:19:22+02:00,Deprioritized,-1,Other,Prague,26,Junior/entry level,Leadership/management position
JB_6060,A&P Junior Category Manager CE (CZ/SK/HU),,Praha – Karlín,Manager,Product Manager/Product Owner,Junior/Entry-level,,,https://www.jobs.cz/rpd/2001419579/,2026-09-11T16:18:49+02:00,Deprioritized,-1,Other,Prague,26,Junior/entry level,Leadership/management position
JB_5615,"Junior Project Manager - poloviční úvazek a možnost práce z domova, vhodné i pro studenty",,Praha – Nusle,Manager,Project Manager,Junior/Entry-level,Project & Program Management,,https://www.jobs.cz/rpd/2001396699/,2026-09-11T16:18:03+02:00,Deprioritized,-1,Other,Prague,26,Junior/entry level,Leadership/management position
JB_5689,⭕ Specialisté logistiky s AJ - Karlín ► JUNIOR/SENIOR ◄ (40.000 - 60.000 Kč + 13. mzda),40 000 – 60 000 Kč,Hlavní město Praha,Specialist,HR/People Specialist,"Junior/Entry-level, Senior",HR & Recruitment,,https://www.jobs.cz/rpd/2001383535/,2026-09-11T16:11:17+02:00,Deprioritized,-1,Other,Prague,26,Junior/entry level,Senior-level position
JB_6717,🚀 Junior PPC specialista - Vybuduj si kariéru v online marketingu!,30 000 – 40 000 Kč,Praha – Libeň,Specialist,Marketing/Communications Specialist,Junior/Entry-level,Marketing & Communications,,https://www.jobs.cz/rpd/2001415278/,2026-09-11T16:09:09+02:00,Deprioritized,-1,Other,Prague,26,Junior/entry level,Generic marketing role
JB_5215,Trainee program - Management,,Praha – Břevnov,Intern/Trainee,General Internship/Traineeship,Intern/Trainee,Project & Program Management,,https://www.jobs.cz/rpd/2001286480/,2026-09-11T15:58:34+02:00,Deprioritized,-1,Other,Prague,26,Junior/entry level,Leadership/management position
JB_2701,Manažer nemovitostí - trainee program 80.000 kč čistého,60 000 – 80 000 Kč,Praha – Karlín,Manager,Executive/General Manager,Intern/Trainee,"Project & Program Management, Real Estate & Construction",,https://www.jobs.cz/rpd/2001288683/,2026-09-11T15:58:25+02:00,Deprioritized,-1,Other,Prague,26,Junior/entry level,Leadership/management position
JB_6183,Junior Controlling Specialist (Chrášťany u Prahy),,Chrášťany,Specialist,Finance/Banking Specialist,Junior/Entry-level,,,https://www.jobs.cz/rpd/2001393839/,2026-09-11T15:58:19+02:00,Deprioritized,-1,Other,Outside Prague - verify,26,Junior/entry level,Finance/accounting orientation; Location requires verification
JB_8070,Junior Automotive Product Content Specialist,,Praha – Michle,Specialist,Marketing/Communications Specialist,Junior/Entry-level,"Marketing & Communications, Automotive & Mobility",,https://www.jobs.cz/rpd/2001379665/,2026-09-11T15:58:06+02:00,Deprioritized,-1,Other,Prague,26,Junior/entry level,Generic marketing role
JB_0370,Junior produktový manažer/manažerka HYDRO-TECH,,Ústecký kraj + 2 další lokality,Manager,Product Manager/Product Owner,Junior/Entry-level,Product Management,,https://www.jobs.cz/rpd/2001463089/,2026-10-07T13:03:34+02:00,Deprioritized,-2,Other,Outside Prague - verify,0,Junior/entry level,Leadership/management position; Location requires verification
BLT_1223,Tech Lead - Payments and Billing,,28 Locations,Manager,IT/Engineering Manager,Entry level,,,https://builtin.com/job/tech-lead-payments-and-billing/11478311,2026-10-03T09:47:32+02:00,Deprioritized,-2,Other,Outside Prague - verify,5,Junior/entry level,Leadership/management position; Location requires verification
JST_2366,IT KONZULTANT /facility management/,až 130 000 Kč / měsíc,Praha 7,Consultant,IT/Technology Consultant,"Junior, Medior, Senior",IT & Software,,https://www.jobstack.it/it-job/it-konzultant/6a79c10fa6f8c,2026-09-12T11:32:36+02:00,Deprioritized,-2,Adjacent Technical,Prague,25,Adjacent Technical; Junior/entry level; Medior level,Senior-level position; Leadership/management position
JB_0963,Nákupčí Junior/Senior,,Nymburk,Specialist,Procurement Specialist,"Junior/Entry-level, Senior",Procurement,,https://www.jobs.cz/rpd/2001418616/,2026-09-11T16:20:31+02:00,Deprioritized,-2,Other,Outside Prague - verify,26,Junior/entry level,Senior-level position; Location requires verification
JB_3666,Junior marketingový koordinátor/ka,30 000 – 40 000 Kč,Zlonice,Coordinator,Sales/Marketing Coordinator,Junior/Entry-level,,,https://www.jobs.cz/rpd/2001419660/,2026-09-11T16:09:34+02:00,Deprioritized,-2,Other,Outside Prague - verify,26,Junior/entry level,Generic marketing role; Location requires verification
JB_6148,(Junior) Customer Care Agent in Finance & Accounting with Dutch (R00335320),,Praha – Holešovice,Customer Service Representative,Customer Care Representative,Junior/Entry-level,"Finance & Banking, Customer Service",,https://www.jobs.cz/rpd/2001318455/,2026-09-23T20:29:30+02:00,Deprioritized,-3,Other,Prague,14,R; Junior/entry level,Non-target root occupation
JST_3711,"Umíš stavět aplikace v Ruby či Pythonu. Je čas stavět to, na čem porosteš taky",až 60 000 Kč / měsíc,"Praha 6 - Petřiny, hybrid",Other,Unclassified,"Junior, Medior",IT & Software,Ruby/Rails,https://www.jobstack.it/it-job/python-developer/60ff3341948f5,2026-09-12T11:33:02+02:00,Deprioritized,-3,Other,Prague,25,Junior/entry level; Medior level,Non-target root occupation
JST_1688,Sales Development Representative - otevírejte dveře k novým obchodům!,až 60 000 Kč / měsíc,Praha 5 (hybridní režim),Sales Representative,Sales Development Representative,"Junior, Medior",Sales & Business Development,,https://www.jobstack.it/it-job/sales-manager/6a0eaa97041aa,2026-09-12T11:32:21+02:00,Deprioritized,-3,Other,Prague,25,Junior/entry level; Medior level,Non-target root occupation
SJ_103631,Administrativní podpora nákupu (vhodné pro absolventy) Praha,,Prague,Assistant,Administrative/Back-Office Assistant,Junior/Entry-level,Procurement,,https://www.startupjobs.cz/nabidka/103631/administrativni-podpora-nakupu-vhodne-pro-absolventy,2026-10-07T14:18:14+02:00,Deprioritized,-4,Other,Prague,0,Junior/entry level,Non-target root occupation
JST_2600,Junior obchodník – nastartujte kariéru v B2B sales,až 60 000 Kč / měsíc,Praha 5 (hybridní režim - po zaučení je možná práce převážně na dálku),Sales Representative,Field Sales Representative,Junior,Sales & Business Development,,https://www.jobstack.it/it-job/sales-manager/6ac39de0e57eb,2026-10-07T14:10:19+02:00,Deprioritized,-4,Other,Prague,0,Junior/entry level,Non-target root occupation
JB_8366,Junior Ethical Hacker (f/m),,Praha – Chodov,Other,Unclassified,Junior/Entry-level,,,https://www.jobs.cz/rpd/2001179906/,2026-10-07T13:02:35+02:00,Deprioritized,-4,Other,Prague,0,Junior/entry level,Non-target root occupation
SJ_88403,Junior PR account executive,,Prague,Sales Representative,Account Executive,Junior/Entry-level,,,https://www.startupjobs.cz/nabidka/88403/junior-pr-account-executive,2026-10-02T12:42:34+02:00,Deprioritized,-4,Other,Prague,5,Junior/entry level,Non-target root occupation
JB_8533,Studentská stáž v týmu Sales,,Praha – Libeň,Sales Representative,General Sales Representative,,Sales & Business Development,,https://www.jobs.cz/rpd/2001455676/,2026-10-02T11:22:59+02:00,Deprioritized,-4,Other,Prague,5,Junior/entry level,Non-target root occupation
JB_6055,Back office junior,30 000 – 45 000 Kč,Praha – Staré Město,Assistant,Administrative/Back-Office Assistant,Junior/Entry-level,,,https://www.jobs.cz/rpd/2001446960/,2026-09-29T12:00:39+02:00,Deprioritized,-4,Other,Prague,8,Junior/entry level,Non-target root occupation
JB_8329,(Junior) Customer Care Agent in Finance and Accounting with German PART-TIME,,Praha – Holešovice,Customer Service Representative,Customer Care Representative,Junior/Entry-level,"Finance & Banking, Customer Service",,https://www.jobs.cz/rpd/2001347766/,2026-09-29T11:19:34+02:00,Deprioritized,-4,Other,Prague,8,Junior/entry level,Non-target root occupation
JB_0526,Junior Finance Manager,,Praha – Dejvice,Manager,Finance/Risk Manager,Junior/Entry-level,Finance & Banking,,https://www.jobs.cz/rpd/2001444773/,2026-09-25T11:05:10+02:00,Deprioritized,-4,Other,Prague,13,Junior/entry level,Leadership/management position; Finance/accounting orientation
SJ_107737,Junior B2B Sales Representative (HW + SaaS),,Prague,Sales Representative,General Sales Representative,Junior/Entry-level,Sales & Business Development,,https://www.startupjobs.cz/nabidka/107737/junior-b2b-sales-representative-hw-saas,2026-09-18T19:01:54+02:00,Deprioritized,-4,Other,Prague,19,Junior/entry level,Non-target root occupation
JB_1964,Operační asistent / Junior Operations specialista,40 000 – 50 000 Kč,Hlavní město Praha,Assistant,General Assistant,Junior/Entry-level,,,https://www.jobs.cz/rpd/2001433151/,2026-09-18T18:30:59+02:00,Deprioritized,-4,Other,Prague,19,Junior/entry level,Non-target root occupation
JB_6849,Junior Catastrophe Modeller,,Praha – Nové Město,Other,Unclassified,Junior/Entry-level,,,https://www.jobs.cz/rpd/2001432991/,2026-09-18T13:25:47+02:00,Deprioritized,-4,Other,Prague,19,Junior/entry level,Non-target root occupation
JST_4945,IT OPERÁTOR - HLEDÁME ŠIKOVNÉ ABSOLVENTY SŠ S IT ZAMĚŘENÍM,až 30 000 Kč / měsíc,Praha,Operator,IT/Data-Centre Operator,Junior,IT & Software,,https://www.jobstack.it/it-job/microsoft-admin/61b9ee8825122,2026-09-12T11:34:05+02:00,Deprioritized,-4,Other,Prague,25,Junior/entry level,Non-target root occupation
JST_1916,Konzultant - Staňte se odborníkem na Enterprise Content Management,až 80 000 Kč / měsíc,"Jankovcova 1595/14, Praha - Holešovice",Consultant,Management/Strategy Consultant,"Junior, Medior, Senior, Expert",Marketing & Communications,,https://www.jobstack.it/it-job/it-konzultant/61b896caae01f,2026-09-12T11:34:05+02:00,Deprioritized,-4,Other,Prague,25,Junior/entry level; Medior level,Senior-level position; Leadership/management position
JST_4721,HW Project Manager,až 70 000 Kč / měsíc,Praha 7,Manager,Project Manager,"Junior, Medior, Senior",Project & Program Management,,https://www.jobstack.it/it-job/it-project-manager/621cbbd6b5ef1,2026-09-12T11:33:57+02:00,Deprioritized,-4,Other,Prague,25,Junior/entry level; Medior level,Senior-level position; Leadership/management position
JST_3162,Business Development Manager,až 110 000 Kč / měsíc,Praha 4,Manager,Sales/Account Manager,"Junior, Medior, Senior",Sales & Business Development,,https://www.jobstack.it/it-job/sales-manager/6981ef4349361,2026-09-12T11:32:21+02:00,Deprioritized,-4,Other,Prague,25,Junior/entry level; Medior level,Senior-level position; Leadership/management position
SJ_107149,Junior Customer Support Specialist (m/ž),,Prague,Customer Service Representative,Customer Support Representative,Junior/Entry-level,Customer Service,,https://www.startupjobs.cz/nabidka/107149/junior-customer-support-specialist-m-z,2026-09-12T11:05:58+02:00,Deprioritized,-4,Other,Prague,26,Junior/entry level,Non-target root occupation
SJ_100985,Sales Entry Point – CZ & SK (Sales Rep / Sales Operations Assistant) 🚀,,Prague,Sales Representative,General Sales Representative,,Sales & Business Development,,https://www.startupjobs.cz/nabidka/100985/sales-entry-point-cz-sk-sales-rep-sales-operations-assistant,2026-09-12T11:04:53+02:00,Deprioritized,-4,Other,Prague,26,Junior/entry level,Non-target root occupation
SJ_101761,Junior Sales Specialist – výdělek až 70 000 Kč,,Prague,Sales Representative,General Sales Representative,Junior/Entry-level,Sales & Business Development,,https://www.startupjobs.cz/nabidka/101761/junior-sales-specialist-vydelek-az-70-000-kc,2026-09-12T11:01:43+02:00,Deprioritized,-4,Other,Prague,26,Junior/entry level,Non-target root occupation
SJ_107403,Junior Business Development Representative (BDR) 🚀🌍,,Prague,Sales Representative,Business Development Representative,Junior/Entry-level,Sales & Business Development,,https://www.startupjobs.cz/nabidka/107403/junior-business-development-representative-bdr,2026-09-12T11:00:38+02:00,Deprioritized,-4,Other,Prague,26,Junior/entry level,Non-target root occupation
JB_9134,Meetings & Events Sales Intern - HILTON PRAGUE ATRIUM,22 400 Kč,Praha – Karlín,Sales Representative,General Sales Representative,Intern/Trainee,Sales & Business Development,,https://www.jobs.cz/rpd/2001360265/,2026-09-11T17:33:08+02:00,Deprioritized,-4,Other,Prague,26,Junior/entry level,Non-target root occupation
JB_3275,"🚂POZOR, ZMĚNA NÁSTUPIŠTĚ🚌: Hledáme recruitera do Prahy | Regiojet | Student Agency",,Praha – Nové Město,Recruiter,General Recruiter,,HR & Recruitment,,https://www.jobs.cz/rpd/2001363024/,2026-09-11T17:03:31+02:00,Deprioritized,-4,Other,Prague,26,Junior/entry level,Non-target root occupation
JB_3204,Junior portfolio manažer/ka investiční společnosti,,Praha – Nové Město,Manager,Finance/Risk Manager,Junior/Entry-level,Finance & Banking,,https://www.jobs.cz/rpd/2001394097/,2026-09-11T16:52:55+02:00,Deprioritized,-4,Other,Prague,26,Junior/entry level,Leadership/management position; Finance/accounting orientation
JB_9330,Junior portfolio manažer/ka investiční společnosti,,Praha – Karlín,Manager,Finance/Risk Manager,Junior/Entry-level,Finance & Banking,,https://www.jobs.cz/rpd/2001398658/,2026-09-11T16:52:45+02:00,Deprioritized,-4,Other,Prague,26,Junior/entry level,Leadership/management position; Finance/accounting orientation
JB_8169,Junior Makléř - obchodník s investičními produkty,50 000 – 100 000 Kč,Praha – Nové Město,Sales Representative,Field Sales Representative,Junior/Entry-level,"Finance & Banking, Sales & Business Development",,https://www.jobs.cz/rpd/2001020592/,2026-09-11T16:42:55+02:00,Deprioritized,-4,Other,Prague,26,Junior/entry level,Non-target root occupation
JB_8829,🚀 Obchodník / Junior obchodník | Praha – Anděl,40 000 – 80 000 Kč,Praha – Smíchov,Sales Representative,Field Sales Representative,Junior/Entry-level,Sales & Business Development,,https://www.jobs.cz/rpd/2001382282/,2026-09-11T16:42:18+02:00,Deprioritized,-4,Other,Prague,26,Junior/entry level,Non-target root occupation
JB_5116,🚀 Obchodník / Junior obchodník | Praha – Anděl,40 000 – 80 000 Kč,Praha – Smíchov,Sales Representative,Field Sales Representative,Junior/Entry-level,Sales & Business Development,,https://www.jobs.cz/rpd/2001378086/,2026-09-11T16:42:18+02:00,Deprioritized,-4,Other,Prague,26,Junior/entry level,Non-target root occupation
JB_1283,(Junior) Customer Care Agent in Finance and Accounting with Catalan,,Praha – Holešovice,Customer Service Representative,Customer Care Representative,Junior/Entry-level,"Finance & Banking, Customer Service",,https://www.jobs.cz/rpd/2001379020/,2026-09-11T16:19:30+02:00,Deprioritized,-4,Other,Prague,26,Junior/entry level,Non-target root occupation
JB_5037,(Junior) Customer Care Agent in Finance and Accounting with Spanish,,Praha – Holešovice,Customer Service Representative,Customer Care Representative,Junior/Entry-level,"Finance & Banking, Customer Service",,https://www.jobs.cz/rpd/2001400477/,2026-09-11T16:19:30+02:00,Deprioritized,-4,Other,Prague,26,Junior/entry level,Non-target root occupation
JB_7356,Specialista náboru studentů,55 000 – 90 000 Kč,Hlavní město Praha,Recruiter,General Recruiter,,,,https://www.jobs.cz/rpd/2001397332/,2026-09-11T16:19:02+02:00,Deprioritized,-4,Other,Prague,26,Junior/entry level,Non-target root occupation
JB_7368,Senior/junior makléř/ka luxusních nemovitostí pro Prahu a Středočeský kraj,70 000 – 140 000 Kč,Praha – Nové Město,Specialist,Finance/Banking Specialist,"Junior/Entry-level, Senior",Real Estate & Construction,,https://www.jobs.cz/rpd/2001303247/,2026-09-11T16:18:49+02:00,Deprioritized,-4,Other,Prague,26,Junior/entry level,Senior-level position; Finance/accounting orientation
JB_5272,Máte chuť zpracovat mzdy pro RegioJet/Student Agency?,,Praha – Nové Město,Other,Unclassified,,HR & Recruitment,,https://www.jobs.cz/rpd/2001372087/,2026-09-11T16:11:17+02:00,Deprioritized,-4,Other,Prague,26,Junior/entry level,Non-target root occupation
JB_3449,Personalista junior (M/Ž) - Praha,,Praha – Nové Město,Recruiter,General Recruiter,Junior/Entry-level,,,https://www.jobs.cz/rpd/2000934290/,2026-09-11T16:11:05+02:00,Deprioritized,-4,Other,Prague,26,Junior/entry level,Non-target root occupation
JB_5089,🚀 Obchodník / Junior obchodník | Praha – Anděl 🚀,40 000 – 80 000 Kč,Praha – Smíchov,Sales Representative,Field Sales Representative,Junior/Entry-level,Sales & Business Development,,https://www.jobs.cz/rpd/2001384579/,2026-09-11T16:08:47+02:00,Deprioritized,-4,Other,Prague,26,Junior/entry level,Non-target root occupation
JB_0887,Junior Service Sales Specialist,,Praha – Michle,Sales Representative,General Sales Representative,Junior/Entry-level,Sales & Business Development,,https://www.jobs.cz/rpd/2001419517/,2026-09-11T16:08:02+02:00,Deprioritized,-4,Other,Prague,26,Junior/entry level,Non-target root occupation
JB_2973,Junior Service Sales Specialist,,Praha – Michle,Sales Representative,General Sales Representative,Junior/Entry-level,Sales & Business Development,,https://www.jobs.cz/rpd/2001413583/,2026-09-11T16:08:02+02:00,Deprioritized,-4,Other,Prague,26,Junior/entry level,Non-target root occupation
JB_3780,Geographic Data and Risk Analyst - junior/senior,,Praha – Michle,Analyst,Risk/Credit Analyst,"Junior/Entry-level, Senior","Data & Analytics, Compliance & Risk",,https://www.jobs.cz/rpd/2001281051/,2026-09-11T15:56:22+02:00,Deprioritized,-4,Other,Prague,26,Junior/entry level,Senior-level position; Finance/accounting orientation
BLT_2361,Data & Insights,,28 Locations,Other,Unclassified,Entry level,Data & Analytics,,https://builtin.com/job/data-insights/11435195,2026-10-02T11:04:35+02:00,Deprioritized,-5,Other,Outside Prague - verify,6,Junior/entry level,Non-target root occupation; Location requires verification
BLT_5591,"Spontaneous Application (Tech, Product & GTM)",,27 Locations,Other,Unclassified,Entry level,IT & Software,,https://builtin.com/job/spontaneous-application-tech-product-gtm/10108033,2026-09-14T23:29:34+02:00,Deprioritized,-5,Other,Outside Prague - verify,23,Junior/entry level,Non-target root occupation; Location requires verification
SJ_103703,Obchodní konzultant (junior / expert) pro optický internet,,Prague,Consultant,Marketing/Sales Consultant,Junior/Entry-level,Sales & Business Development,,https://www.startupjobs.cz/nabidka/103703/obchodni-konzultant-junior-expert-pro-opticky-internet,2026-09-12T11:01:43+02:00,Deprioritized,-5,Other,Prague,26,Junior/entry level,Senior-level position; Generic marketing role
JB_9212,Obchodník Junior (m/ž),60 000 – 120 000 Kč,Česká republika,Sales Representative,Field Sales Representative,Junior/Entry-level,Sales & Business Development,,https://www.jobs.cz/rpd/2000945844/,2026-09-11T17:12:12+02:00,Deprioritized,-5,Other,Czechia - verify Prague/remote,26,Junior/entry level,Non-target root occupation; Location requires verification
JB_9580,Junior Brand Manager,,Praha – Strašnice,Manager,Marketing/Brand Manager,Junior/Entry-level,Marketing & Communications,,https://www.jobs.cz/rpd/2001421095/,2026-09-11T17:03:31+02:00,Deprioritized,-5,Other,Prague,26,Junior/entry level,Leadership/management position; Generic marketing role
JB_5373,Junior Brand Manager,,Praha – Smíchov,Manager,Marketing/Brand Manager,Junior/Entry-level,Marketing & Communications,,https://www.jobs.cz/rpd/2001385509/,2026-09-11T16:09:34+02:00,Deprioritized,-5,Other,Prague,26,Junior/entry level,Leadership/management position; Generic marketing role
JB_1870,FINANCIAL CONTROLLER junior,,Praha – Hostivař,Controller,Financial Controller,Junior/Entry-level,Finance & Banking,,https://www.jobs.cz/rpd/2001459021/,2026-10-02T11:22:24+02:00,Deprioritized,-7,Other,Prague,5,Junior/entry level,Finance/accounting orientation; Non-target root occupation
JB_7070,Financial Controller – Junior - Part-time (20 hours/week),,Praha – Karlín,Controller,Financial Controller,Junior/Entry-level,Finance & Banking,,https://www.jobs.cz/rpd/2001446255/,2026-09-25T11:43:33+02:00,Deprioritized,-7,Other,Prague,12,Junior/entry level,Finance/accounting orientation; Non-target root occupation
JB_3302,JUNIOR ÚČETNÍ - Praha 10 (nové kancelářské prostory v blízkosti metra A),,Praha – Malešice,Accountant,General Accountant,Junior/Entry-level,,,https://www.jobs.cz/rpd/2001446144/,2026-09-25T10:19:38+02:00,Deprioritized,-7,Other,Prague,13,Junior/entry level,Finance/accounting orientation; Non-target root occupation
JB_1601,CONTROLLER / ANALYTIK JUNIOR (M/Ž),40 000 – 50 000 Kč,Praha – Kobylisy,Controller,General Controller,Junior/Entry-level,"Data & Analytics, Finance & Banking",,https://www.jobs.cz/rpd/2001438805/,2026-09-21T18:06:06+02:00,Deprioritized,-7,Other,Prague,16,Junior/entry level,Finance/accounting orientation; Non-target root occupation
JB_9164,Junior Accountant,,Praha – Michle,Accountant,General Accountant,Junior/Entry-level,,,https://www.jobs.cz/rpd/2001433355/,2026-09-18T17:40:33+02:00,Deprioritized,-7,Other,Prague,19,Junior/entry level,Finance/accounting orientation; Non-target root occupation
JST_5628,Lékař/ka - senior konzultant/ka,Navrhni si mzdu,"Brno, Praha, Ostrava nebo Pardubice",Healthcare Professional,Medical/Clinical Professional,"Junior, Medior, Senior, Expert",,,https://www.jobstack.it/it-job/it-konzultant/61dd4cb9e3d9b,2026-09-12T11:33:28+02:00,Deprioritized,-7,Other,Prague,25,Junior/entry level; Medior level,Senior-level position; Non-target root occupation
JST_9298,Business Developer - vývoj elektronických systémů,až 65 000 Kč / měsíc,Praha 10,Sales Representative,General Sales Representative,"Junior, Medior, Senior",IT & Software,,https://www.jobstack.it/it-job/sales-manager/680b5d326110a,2026-09-12T11:32:53+02:00,Deprioritized,-7,Other,Prague,25,Junior/entry level; Medior level,Senior-level position; Non-target root occupation
JST_9394,Akviziční obchodník pro tech produkt (Junior - Senior) | 70–120k+,až 120 000 Kč / měsíc,Praha 5,Sales Representative,Field Sales Representative,"Junior, Medior, Senior",Sales & Business Development,,https://www.jobstack.it/it-job/sales-manager/69c2950d83d2e,2026-09-12T11:32:36+02:00,Deprioritized,-7,Other,Prague,25,Junior/entry level; Medior level,Senior-level position; Non-target root occupation
SJ_107567,Junior Accountant,,Prague,Accountant,General Accountant,Junior/Entry-level,,,https://www.startupjobs.cz/nabidka/107567/junior-accountant,2026-09-12T10:58:33+02:00,Deprioritized,-7,Other,Prague,26,Junior/entry level,Finance/accounting orientation; Non-target root occupation
SJ_106389,Junior Controller @PRAGER'S,,Prague,Controller,General Controller,Junior/Entry-level,Finance & Banking,,https://www.startupjobs.cz/nabidka/106389/junior-controller-pragers,2026-09-12T10:46:32+02:00,Deprioritized,-7,Other,Prague,26,Junior/entry level,Finance/accounting orientation; Non-target root occupation
JB_7049,JUNIOR CONTROLLER,,Praha,Controller,General Controller,Junior/Entry-level,Finance & Banking,,https://www.jobs.cz/rpd/2001415275/,2026-09-11T16:53:56+02:00,Deprioritized,-7,Other,Prague,26,Junior/entry level,Finance/accounting orientation; Non-target root occupation
JB_1316,Junior Controller - poloviční úvazek,25 000 – 35 000 Kč,Praha – Smíchov,Controller,General Controller,Junior/Entry-level,Finance & Banking,,https://www.jobs.cz/rpd/2001412355/,2026-09-11T16:52:55+02:00,Deprioritized,-7,Other,Prague,26,Junior/entry level,Finance/accounting orientation; Non-target root occupation
JB_1825,Junior Risk Controller,,Praha – Nové Město,Controller,General Controller,Junior/Entry-level,"Finance & Banking, Compliance & Risk",,https://www.jobs.cz/rpd/2001387332/,2026-09-11T16:30:38+02:00,Deprioritized,-7,Other,Prague,26,Junior/entry level,Finance/accounting orientation; Non-target root occupation
JB_8880,Junior Accountant and Business Support (Czech or Slovak native speaker),50 000 – 65 000 Kč,Praha – Jinonice,Accountant,General Accountant,Junior/Entry-level,,,https://www.jobs.cz/rpd/2001383016/,2026-09-11T16:18:17+02:00,Deprioritized,-7,Other,Prague,26,Junior/entry level,Finance/accounting orientation; Non-target root occupation
JB_4670,Junior Business Controller,,Praha – Dejvice,Controller,Business/Commercial Controller,Junior/Entry-level,Finance & Banking,,https://www.jobs.cz/rpd/2001354150/,2026-09-11T16:17:54+02:00,Deprioritized,-7,Other,Prague,26,Junior/entry level,Finance/accounting orientation; Non-target root occupation
JB_7724,Interní auditor/interní auditorka junior,,Praha – Nové Město,Auditor,Internal Auditor,Junior/Entry-level,,,https://www.jobs.cz/rpd/2001409426/,2026-09-11T16:11:17+02:00,Deprioritized,-7,Other,Prague,26,Junior/entry level,Finance/accounting orientation; Non-target root occupation
JB_1345,Finanční účetní/Junior Controller,,Praha – Libeň,Controller,Financial Controller,Junior/Entry-level,Finance & Banking,,https://www.jobs.cz/rpd/2001415827/,2026-09-11T16:11:05+02:00,Deprioritized,-7,Other,Prague,26,Junior/entry level,Finance/accounting orientation; Non-target root occupation
JB_4901,Junior Accountant / Finance Support (0.5 úvazek přes agenturu práce) - UniCredit S.p.A. or,,Praha,Accountant,Financial Accountant,Junior/Entry-level,Finance & Banking,,https://www.jobs.cz/rpd/2001371444/,2026-09-11T16:09:03+02:00,Deprioritized,-7,Other,Prague,26,Junior/entry level,Finance/accounting orientation; Non-target root occupation
JB_8863,Controlling - junior (M/Ž),45 000 – 50 000 Kč,okres Praha,Controller,General Controller,Junior/Entry-level,,,https://www.jobs.cz/rpd/2001416943/,2026-09-11T16:08:47+02:00,Deprioritized,-7,Other,Prague,26,Junior/entry level,Finance/accounting orientation; Non-target root occupation
JB_5222,"Finanční controller junior - DPČ, DPP",,Praha – Vysočany,Controller,Financial Controller,Junior/Entry-level,Finance & Banking,,https://www.jobs.cz/rpd/2001390317/,2026-09-11T16:08:36+02:00,Deprioritized,-7,Other,Prague,26,Junior/entry level,Finance/accounting orientation; Non-target root occupation
JB_8236,IT Audit & Licence SW - junior,,Praha – Karlín,Auditor,IT Auditor,Junior/Entry-level,"IT & Software, Compliance & Risk",,https://www.jobs.cz/rpd/2001227090/,2026-09-11T16:08:36+02:00,Deprioritized,-7,Other,Prague,26,Junior/entry level,Finance/accounting orientation; Non-target root occupation
JB_4415,Finanční controller/ka junior – výrobní společnost,55 000 – 65 000 Kč,Beroun,Controller,Financial Controller,Junior/Entry-level,"Finance & Banking, Manufacturing & Production",,https://www.jobs.cz/rpd/2001443205/,2026-09-23T20:16:20+02:00,Deprioritized,-8,Other,Outside Prague - verify,14,Junior/entry level,Finance/accounting orientation; Non-target root occupation; Location requires verification
JB_0274,Junior účetní (poloviční úvazek) - TRATON Financial Services,,Chrášťany,Accountant,Financial Accountant,Junior/Entry-level,Finance & Banking,,https://www.jobs.cz/rpd/2001433320/,2026-09-18T18:04:48+02:00,Deprioritized,-8,Other,Outside Prague - verify,19,Junior/entry level,Finance/accounting orientation; Non-target root occupation; Location requires verification
JB_5353,finanční controller - junior,,okres Beroun,Controller,Financial Controller,Junior/Entry-level,Finance & Banking,,https://www.jobs.cz/rpd/2001400890/,2026-09-11T16:52:55+02:00,Deprioritized,-8,Other,Outside Prague - verify,26,Junior/entry level,Finance/accounting orientation; Non-target root occupation; Location requires verification
JB_8322,Údržbář lakovacích robotů junior i senior | s řadou benefitů,40 000 – 55 000 Kč,Nymburk,Other,Unclassified,"Junior/Entry-level, Senior",,,https://www.jobs.cz/rpd/2001310245/,2026-09-25T10:30:54+02:00,Deprioritized,-9,Other,Outside Prague - verify,13,Junior/entry level,Senior-level position; Non-target root occupation; Location requires verification
