ID,Job.Title,Salary,Location,Position.Type,Position.Subtype,Seniority,Tags,Technology,URL,Mining_Date,Review.Priority,Fit.Score,Primary.Track,Location.Fit,Mining.Age.Days,Fit.Reasons,Caution.Flags
SJ_108297,AI Model Red Teamer 🦅,,Prague,Other,Unclassified,,AI & Machine Learning,,https://www.startupjobs.cz/nabidka/108297/ai-model-red-teamer,2026-10-07T14:18:14+02:00,Deprioritized,2,Data Science & Machine Learning,Prague,0,Data Science & Machine Learning; ML/AI or modelling,Non-target root occupation
SJ_108349,E-mailing & CRM Specialist,,Prague,Specialist,IT/Systems Specialist,,,,https://www.startupjobs.cz/nabidka/108349/e-mailing-crm-specialist,2026-10-07T14:17:09+02:00,Deprioritized,2,Adjacent Technical,Prague,0,Adjacent Technical,
SJ_108269,Obchodník pro AI startup: prodávej AI starostům,,Prague,Sales Representative,Field Sales Representative,,"AI & Machine Learning, Sales & Business Development",,https://www.startupjobs.cz/nabidka/108269/obchodnik-pro-ai-startup-prodavej-ai-starostum,2026-10-07T14:17:09+02:00,Deprioritized,2,Data Science & Machine Learning,Prague,0,Data Science & Machine Learning; ML/AI or modelling,Non-target root occupation
JST_1338,"⋙Baví Tě data, ML, s Pythonem děláš většinu pracovního dne?⋘",Navrhni si mzdu,praha,Other,Unclassified,"Junior, Medior, Senior","Data & Analytics, AI & Machine Learning",,https://www.jobstack.it/it-job/data-scientist/6526a3f55c8e7,2026-10-07T14:11:32+02:00,Deprioritized,2,Data Science & Machine Learning,Prague,0,Data Science & Machine Learning; ML/AI or modelling; Junior/entry level; Medior level,Senior-level position; Non-target root occupation
JB_3145,IT Konzultant/ka pro zdravotnické systémy,,Praha – Vinohrady + 3 další lokality,Consultant,IT/Technology Consultant,,IT & Software,,https://www.jobs.cz/rpd/2001463252/,2026-10-07T13:14:22+02:00,Deprioritized,2,Adjacent Technical,Prague,0,Adjacent Technical,
JB_2978,"IT Consultant (kapitálové trhy, hybrid, Anděl)",,Praha – Smíchov,Consultant,IT/Technology Consultant,,IT & Software,,https://www.jobs.cz/rpd/2001465637/,2026-10-07T13:13:56+02:00,Deprioritized,2,Adjacent Technical,Prague,0,Adjacent Technical,
JB_3180,Aplikační specialista/specialistka pro kamerový systém hl. m. Prahy,,Praha – Holešovice,Specialist,IT/Systems Specialist,,IT & Software,,https://www.jobs.cz/rpd/2001462494/,2026-10-07T13:02:56+02:00,Deprioritized,2,Adjacent Technical,Prague,0,Adjacent Technical,
JB_7790,IT Support / IT Administrator,,Praha – Nusle,Administrator,IT Administrator,,IT & Software,,https://www.jobs.cz/rpd/2001463359/,2026-10-07T13:02:44+02:00,Deprioritized,2,Adjacent Technical,Prague,0,Adjacent Technical,
JB_2866,XXXLutz Trainee nákup – od absolventa k nákupčímu,,Čestlice,Intern/Trainee,General Internship/Traineeship,"Intern/Trainee, Junior/Entry-level",Procurement,,https://www.jobs.cz/rpd/2001463782/,2026-10-07T12:52:03+02:00,Deprioritized,2,Other,Outside Prague - verify,0,Junior/entry level,Location requires verification
JB_9020,E-mailing & CRM Specialist,,Praha,Specialist,IT/Systems Specialist,,,,https://www.jobs.cz/rpd/2001465407/,2026-10-07T12:41:48+02:00,Deprioritized,2,Adjacent Technical,Prague,0,Adjacent Technical,
JB_6819,SAP & IT Application Support Specialist,55 000 – 75 000 Kč,Praha – Smíchov,Support Specialist,Application/Software Support,,IT & Software,SAP,https://www.jobs.cz/rpd/2001466500/,2026-10-07T12:41:48+02:00,Deprioritized,2,Adjacent Technical,Prague,0,Adjacent Technical,
JB_4927,SQL DATABASE ADMINISTRATOR,,Praha,Administrator,Database Administrator,,,SQL,https://www.jobs.cz/rpd/2001465120/,2026-10-07T12:40:12+02:00,Deprioritized,2,Other,Prague,0,SQL/data platform,
BLT_0402,Senior Data Engineer,,2 Locations,Engineer,Data Engineer,Senior level,"Data & Analytics, Engineering & R&D",,https://builtin.com/job/senior-data-engineer/11541719,2026-10-07T12:33:36+02:00,Deprioritized,2,Data Engineering & Automation,Outside Prague - verify,0,Data Engineering & Automation; R,Senior-level position; Location requires verification
BLT_9813,Senior Data Engineer,,2 Locations,Engineer,Data Engineer,Senior level,"Data & Analytics, Engineering & R&D",,https://builtin.com/job/senior-data-engineer/11539932,2026-10-07T12:33:36+02:00,Deprioritized,2,Data Engineering & Automation,Outside Prague - verify,0,Data Engineering & Automation; R,Senior-level position; Location requires verification
SJ_108179,Data Team Leader – buduj s námi nové datové oddělení,,Prague,Manager,Data/AI Manager,Lead/Head,Data & Analytics,,https://www.startupjobs.cz/nabidka/108179/data-team-leader-buduj-s-nami-nove-datove-oddeleni,2026-10-02T12:41:34+02:00,Deprioritized,2,Other,Prague,5,ML/AI or modelling,
JB_7600,Business Analyst – Insights & Reporting – Central Europe (CZ/SK/DE),,Praha – Jinonice,Analyst,Business/Process Analyst,,Data & Analytics,,https://www.jobs.cz/rpd/2001458937/,2026-10-02T11:09:39+02:00,Deprioritized,2,Business/Product Analysis,Prague,5,Business/Product Analysis,Primarily BI/reporting
JB_0626,Treasury Data Analyst - Prague,,Praha – Nové Město,Analyst,Data/BI Analyst,,"Data & Analytics, Finance & Banking",,https://www.jobs.cz/rpd/2001456987/,2026-10-02T11:09:39+02:00,Deprioritized,2,Core Data & Analytics,Prague,5,Core Data & Analytics,Finance/accounting orientation
SJ_061604,📊 Medior/Senior Data Analyst (možnost remote),,Prague,Analyst,Data/BI Analyst,"Medior/Mid-level, Senior",Data & Analytics,,https://www.startupjobs.cz/nabidka/107905/medior-senior-data-analyst-moznost-remote,2026-09-30T12:46:22+02:00,Deprioritized,2,Core Data & Analytics,Prague,7,Core Data & Analytics; Medior level,Senior-level position
JB_5837,B2B obchodník/obchodnice – AI řešení pro firmy,,Praha,Sales Representative,Field Sales Representative,,"AI & Machine Learning, Sales & Business Development",,https://www.jobs.cz/rpd/2001455694/,2026-09-30T12:40:47+02:00,Deprioritized,2,Data Science & Machine Learning,Prague,7,Data Science & Machine Learning; ML/AI or modelling,Non-target root occupation
JB_0016,Metodik - specialista uživatelského rozvoje aplikací v oblasti reportingu,,Praha – Strašnice,Specialist,IT/Systems Specialist,,IT & Software,,https://www.jobs.cz/rpd/2001453519/,2026-09-29T11:30:06+02:00,Deprioritized,2,Adjacent Technical,Prague,8,Adjacent Technical,
JB_8928,Product & Service Owner – Conversational AI (AVA),,Praha – Ruzyně,Other,Unclassified,,AI & Machine Learning,,https://www.jobs.cz/rpd/2001444811/,2026-09-29T11:09:58+02:00,Deprioritized,2,Data Science & Machine Learning,Prague,8,Data Science & Machine Learning; ML/AI or modelling,Non-target root occupation
JB_8612,Metodik (metodika a rozvoj svěřené aplikace),,Praha – Strašnice,Specialist,IT/Systems Specialist,,IT & Software,,https://www.jobs.cz/rpd/2001453276/,2026-09-29T10:59:27+02:00,Deprioritized,2,Adjacent Technical,Prague,9,Adjacent Technical,
BLT_9857,Fraud Analyst,,26 Locations,Analyst,Security/Fraud Analyst,Entry level,Compliance & Risk,,https://builtin.com/job/fraud-analyst/11393302,2026-09-29T10:52:30+02:00,Deprioritized,2,Other,Outside Prague - verify,9,Junior/entry level,Location requires verification
BLT_6235,Senior Big Data Engineer,,27 Locations,Engineer,Data Engineer,Senior level,"Data & Analytics, Engineering & R&D",,https://builtin.com/job/senior-big-data-engineer/11393003,2026-09-29T10:52:30+02:00,Deprioritized,2,Data Engineering & Automation,Outside Prague - verify,9,Data Engineering & Automation; R,Senior-level position; Location requires verification
JB_8105,"Aplikační podpora – bankovní factoringový systém (Praha + remote, částečný úvazek 20 h/t)",17 500 – 25 000 Kč,Praha,Support Specialist,Application/Software Support,,"IT & Software, Finance & Banking",,https://www.jobs.cz/rpd/2001446662/,2026-09-26T11:52:12+02:00,Deprioritized,2,Adjacent Technical,Prague,11,Adjacent Technical,
JB_2628,Senior Data Architect,,Praha – Libeň,Architect,Data Architect,Senior,Data & Analytics,,https://www.jobs.cz/rpd/2001446720/,2026-09-26T10:19:48+02:00,Deprioritized,2,Data Engineering & Automation,Prague,12,Data Engineering & Automation,Senior-level position
BLT_3583,Senior Data Platform Engineer,6K-7K Annually,6 Locations,Engineer,Data Engineer,Senior level,"Data & Analytics, Cloud & Infrastructure, Engineering & R&D",,https://builtin.com/job/senior-data-platform-engineer/11370117,2026-09-26T10:06:23+02:00,Deprioritized,2,Data Engineering & Automation,Outside Prague - verify,12,Data Engineering & Automation; R,Senior-level position; Location requires verification
BLT_9231,Database Developer,,"Prague, CZE",Developer,Data/Database Developer,Senior level,IT & Software,,https://builtin.com/job/database-developer-data-ops-team/11368331,2026-09-26T10:05:52+02:00,Deprioritized,2,Data Engineering & Automation,Prague,12,Data Engineering & Automation,Senior-level position
SJ_108083,"Prodávej a konzultuj AI, ERP a automatizaci - remote 🚀",,Prague,Other,Unclassified,,AI & Machine Learning,,https://www.startupjobs.cz/nabidka/108083/prodavej-a-konzultuj-ai-erp-a-automatizaci-remote,2026-09-25T11:52:06+02:00,Deprioritized,2,Data Science & Machine Learning,Prague,12,Data Science & Machine Learning; ML/AI or modelling,Non-target root occupation
BLT_1420,"Data Engineer, Platform",55K-72K Annually,27 Locations,Engineer,Data Engineer,Senior level,"Data & Analytics, Cloud & Infrastructure, Engineering & R&D",,https://builtin.com/job/data-engineer-platform/11351899,2026-09-25T10:00:05+02:00,Deprioritized,2,Data Engineering & Automation,Outside Prague - verify,13,Data Engineering & Automation; R,Senior-level position; Location requires verification
BLT_7817,"Data Engineer, Product",55K-72K Annually,27 Locations,Engineer,Data Engineer,Senior level,"Data & Analytics, Engineering & R&D",,https://builtin.com/job/data-engineer-product/11351894,2026-09-25T10:00:05+02:00,Deprioritized,2,Data Engineering & Automation,Outside Prague - verify,13,Data Engineering & Automation; R,Senior-level position; Location requires verification
BLT_8219,Payment Analyst,40K-60K Annually,27 Locations,Analyst,General Analyst,Entry level,,,https://builtin.com/job/payment-analyst/11351897,2026-09-25T10:00:05+02:00,Deprioritized,2,Other,Outside Prague - verify,13,Junior/entry level,Location requires verification
JB_0810,SAP Specialist (m/f),,Praha,Specialist,IT/Systems Specialist,,,SAP,https://www.jobs.cz/rpd/1634507821/,2026-09-23T21:07:52+02:00,Deprioritized,2,Adjacent Technical,Prague,14,Adjacent Technical,
JB_0649,SAP Specialista (m/ž),,Praha,Specialist,IT/Systems Specialist,,,SAP,https://www.jobs.cz/rpd/1631966409/,2026-09-23T21:07:52+02:00,Deprioritized,2,Adjacent Technical,Prague,14,Adjacent Technical,
JB_2443,IT Konzultant/ka (app- podnikové procesy),,Praha,Consultant,IT/Technology Consultant,,IT & Software,,https://www.jobs.cz/rpd/2001442220/,2026-09-23T21:00:36+02:00,Deprioritized,2,Adjacent Technical,Prague,14,Adjacent Technical,
JB_5848,TESTER / TESTERKA SW APLIKACÍ,,Praha – Hostivař,Tester,General Software Tester,,IT & Software,,https://www.jobs.cz/rpd/2001442279/,2026-09-23T20:40:54+02:00,Deprioritized,2,Adjacent Technical,Prague,14,Adjacent Technical,
JB_8000,CRM specialista*ka bankovních kampaní,,Praha – Nusle,Specialist,IT/Systems Specialist,,,,https://www.jobs.cz/rpd/2001440905/,2026-09-23T20:17:08+02:00,Deprioritized,2,Adjacent Technical,Prague,14,Adjacent Technical,
JB_3043,Specialista/tka na ICT architekturu a rozvoj systémů,35 000 – 61 000 Kč,Praha – Libeň,Specialist,IT/Systems Specialist,,IT & Software,,https://www.jobs.cz/rpd/2001442808/,2026-09-23T20:17:08+02:00,Deprioritized,2,Adjacent Technical,Prague,14,Adjacent Technical,
JB_6908,Technical Lead Data Center & Storage,,Praha – Holešovice,Manager,Data/AI Manager,Lead/Head,"Data & Analytics, Cloud & Infrastructure",,https://www.jobs.cz/rpd/2001417646/,2026-09-23T20:07:35+02:00,Deprioritized,2,Other,Prague,14,ML/AI or modelling,
JB_1094,Informatik - příslušník IT/ICT oddělení,60 000 – 100 000 Kč,Praha – Stodůlky,Specialist,IT/Systems Specialist,,IT & Software,,https://www.jobs.cz/rpd/2001442407/,2026-09-23T20:07:01+02:00,Deprioritized,2,Adjacent Technical,Prague,14,Adjacent Technical,
JB_6412,IT konzultant / Business analytik – zákaznické portály,,Praha – Podolí,Consultant,IT/Technology Consultant,,"Data & Analytics, IT & Software, Customer Service",,https://www.jobs.cz/rpd/2001443146/,2026-09-23T20:06:05+02:00,Deprioritized,2,Adjacent Technical,Prague,14,Adjacent Technical,
SJ_107969,PUELLA Emailing / CRM Specialist (Bloomreach),,Prague,Specialist,IT/Systems Specialist,,,,https://www.startupjobs.cz/nabidka/107969/puella-emailing-crm-specialist-bloomreach,2026-09-22T20:38:31+02:00,Deprioritized,2,Adjacent Technical,Prague,15,Adjacent Technical,
JB_4253,Konzultant/ka nemocničního informačního systému FONS Akord,,Praha – Vinohrady + 1 další lokalita,Consultant,IT/Technology Consultant,,,,https://www.jobs.cz/rpd/2001440787/,2026-09-22T19:30:10+02:00,Deprioritized,2,Adjacent Technical,Prague,15,Adjacent Technical,
JB_1173,Big Data Administrátor/ka - Cloudera a Databricks,,Praha – Stodůlky,Administrator,General Administrator,,Data & Analytics,Databricks,https://www.jobs.cz/rpd/2001440645/,2026-09-22T19:00:32+02:00,Deprioritized,2,Other,Prague,15,SQL/data platform,
JB_1293,AI Platform Owner,,Praha – Vokovice + 1 další lokalita,Other,Unclassified,,"AI & Machine Learning, Cloud & Infrastructure",,https://www.jobs.cz/rpd/2001441179/,2026-09-22T18:59:39+02:00,Deprioritized,2,Data Science & Machine Learning,Prague,15,Data Science & Machine Learning; ML/AI or modelling,Non-target root occupation
BLT_5521,Staff Software Developer (Kotlin Libraries),,12 Locations,Developer,General Software Developer,Entry level,IT & Software,Kotlin,https://builtin.com/job/staff-software-developer-kotlin-libraries/11306167,2026-09-22T18:54:45+02:00,Deprioritized,2,Python/Software Development,Outside Prague - verify,15,Python/Software Development; Junior/entry level,Senior-level position; Location requires verification
JB_1280,CRM Specialista,,Praha – Chodov,Specialist,IT/Systems Specialist,,,,https://www.jobs.cz/rpd/2001439140/,2026-09-21T17:56:05+02:00,Deprioritized,2,Adjacent Technical,Prague,16,Adjacent Technical,
SJ_107873,Frontend tester/ka - Automatizace,,Prague,Tester,Automation Tester,,,,https://www.startupjobs.cz/nabidka/107873/frontend-tester-ka-automatizace,2026-09-18T19:01:54+02:00,Deprioritized,2,Adjacent Technical,Prague,19,Adjacent Technical,
JB_3478,Bookmaker junior pro Live sázky (m/ž),,Beroun – Beroun-Centrum,Specialist,General Specialist,Junior/Entry-level,,,https://www.jobs.cz/rpd/2001431154/,2026-09-18T18:41:49+02:00,Deprioritized,2,Other,Outside Prague - verify,19,Junior/entry level,Location requires verification
JB_6205,Test Analytik/čka,,Praha – Michle,Tester,Functional/QA Tester,,Data & Analytics,,https://www.jobs.cz/rpd/2001433794/,2026-09-18T18:05:14+02:00,Deprioritized,2,Adjacent Technical,Prague,19,Adjacent Technical,
JB_1104,Application Support (L2) - Chceš být blízko QA i vývoji?,,Praha – Karlín,Support Specialist,Application/Software Support,,"IT & Software, Quality & Safety",,https://www.jobs.cz/rpd/2001431338/,2026-09-18T17:41:00+02:00,Deprioritized,2,Adjacent Technical,Prague,19,Adjacent Technical,
JB_8449,Test analytik/analytička,,Praha,Tester,Functional/QA Tester,,Data & Analytics,,https://www.jobs.cz/rpd/2001433054/,2026-09-18T17:41:00+02:00,Deprioritized,2,Adjacent Technical,Prague,19,Adjacent Technical,
JB_9125,🛡️ Tester digitálních bankovních služeb,,Praha – Vinohrady,Tester,General Tester,,,,https://www.jobs.cz/rpd/2001427245/,2026-09-18T17:40:48+02:00,Deprioritized,2,Adjacent Technical,Prague,19,Adjacent Technical,
BLT_1635,Engineers - Data Platform,84K-150K Annually,Czech Republic,Engineer,Cloud/Platform Engineer,Senior level,"Data & Analytics, Cloud & Infrastructure, Engineering & R&D",,https://builtin.com/job/engineers-data-platform/8695182,2026-09-18T17:36:18+02:00,Deprioritized,2,Data Engineering & Automation,Czechia - verify Prague/remote,19,Data Engineering & Automation; R,Senior-level position; Location requires verification
JB_7087,Specialista/ka SAP B2B Integrací | Cloud Migration Projects | Hybrid HO 2-3 dny týdně,,Praha,Specialist,IT/Systems Specialist,,Cloud & Infrastructure,SAP,https://www.jobs.cz/rpd/2001417087/,2026-09-18T13:25:47+02:00,Deprioritized,2,Adjacent Technical,Prague,19,Adjacent Technical,
JB_0300,Pre-sales / Solution Architect | Databricks | REMOTE,,Praha,Architect,Solution Architect,,Sales & Business Development,Databricks,https://www.jobs.cz/rpd/2001431569/,2026-09-18T13:20:01+02:00,Deprioritized,2,Other,Prague,19,SQL/data platform,
JB_7877,Asistent/ka plánování výroby - Junior Supply Chain Planner,,Příbram – Příbram I,Planner,Demand/Supply Planner,Junior/Entry-level,"Supply Chain & Logistics, Manufacturing & Production",,https://www.jobs.cz/rpd/2001430757/,2026-09-18T13:19:29+02:00,Deprioritized,2,Other,Outside Prague - verify,19,Junior/entry level,Location requires verification
JB_3683,Specialista/ka správy podnikových aplikací,,Praha – Řepy,Specialist,IT/Systems Specialist,,IT & Software,,https://www.jobs.cz/rpd/2001432804/,2026-09-18T13:07:29+02:00,Deprioritized,2,Adjacent Technical,Prague,19,Adjacent Technical,
JB_0167,Junior Procurement COE Analyst,,Středočeský kraj + 1 další lokalita,Analyst,Operations/Supply Chain Analyst,Junior/Entry-level,Procurement,,https://www.jobs.cz/rpd/2001306346/,2026-09-18T13:06:19+02:00,Deprioritized,2,Other,Outside Prague - verify,19,Junior/entry level,Location requires verification
SJ_107805,Test Analyst,,Prague,Analyst,QA/Test Analyst,,,,https://www.startupjobs.cz/nabidka/107805/test-analyst,2026-09-17T10:45:16+02:00,Deprioritized,2,Adjacent Technical,Prague,21,Adjacent Technical,
JST_6082,"Senior Fullstack Engineer - Praha, IČO",až 160 000 Kč / měsíc,Praha,Engineer,Software Engineer,"Medior, Senior",Engineering & R&D,,https://www.jobstack.it/it-job/full-stack-developer/6aa92ddc92d4e,2026-09-17T10:36:14+02:00,Deprioritized,2,Python/Software Development,Prague,21,Python/Software Development; R; Medior level,Senior-level position
JB_5437,IT INFRASTRUCTURE SPECIALIST 🖥️,,Praha – Nusle,Specialist,IT/Systems Specialist,,"Cloud & Infrastructure, IT & Software",,https://www.jobs.cz/rpd/2001425654/,2026-09-15T10:56:15+02:00,Deprioritized,2,Adjacent Technical,Prague,23,Adjacent Technical,
BLT_1523,Senior Full-Stack Engineer (Python&React),,27 Locations,Engineer,Software Engineer,Senior level,Engineering & R&D,"Python, React",https://builtin.com/job/senior-full-stack-engineer-python-react/10726400,2026-09-14T23:28:46+02:00,Deprioritized,2,Python/Software Development,Outside Prague - verify,23,Python/Software Development; Python; R,Senior-level position; Location requires verification
BLT_5292,Senior Data Engineer,,27 Locations,Engineer,Data Engineer,Senior level,"Data & Analytics, Engineering & R&D",,https://builtin.com/job/senior-data-engineer/2551359,2026-09-14T23:28:36+02:00,Deprioritized,2,Data Engineering & Automation,Outside Prague - verify,23,Data Engineering & Automation; R,Senior-level position; Location requires verification
BLT_8167,Ruby Engineer - Web Scraping (Remote),,59 Locations,Engineer,General Engineer,Mid level,Engineering & R&D,Ruby/Rails,https://builtin.com/job/ruby-engineer-web-scraping-remote/8321884,2026-09-14T23:28:23+02:00,Deprioritized,2,Other,Remote/Hybrid,23,R; Medior level,
BLT_3690,Software Engineer (Python) — Programmable Networking,,27 Locations,Engineer,Software Engineer,Senior level,"IT & Software, Engineering & R&D",Python,https://builtin.com/job/software-engineer-python-programmable-networking/10875785,2026-09-14T23:28:00+02:00,Deprioritized,2,Python/Software Development,Outside Prague - verify,23,Python/Software Development; Python; R,Senior-level position; Location requires verification
BLT_6915,Python Software Engineer (m/f/n),3K-3K Annually,2 Locations,Engineer,Software Engineer,Senior level,"IT & Software, Engineering & R&D",Python,https://builtin.com/job/python-software-engineer/9445319,2026-09-14T23:27:16+02:00,Deprioritized,2,Python/Software Development,Outside Prague - verify,23,Python/Software Development; Python; R,Senior-level position; Location requires verification
BLT_9361,Senior Python developer,,"Prague, CZE",Developer,General Software Developer,Senior level,IT & Software,Python,https://builtin.com/job/senior-python-developer/8854904,2026-09-14T23:27:16+02:00,Deprioritized,2,Python/Software Development,Prague,23,Python/Software Development; Python,Senior-level position
BLT_8148,Senior OSS Developer — Python (Remote),,"Prague, CZE",Developer,General Software Developer,Senior level,IT & Software,Python,https://builtin.com/job/senior-oss-developer-python-remote/4456092,2026-09-14T23:26:59+02:00,Deprioritized,2,Python/Software Development,Prague,23,Python/Software Development; Python,Senior-level position
BLT_3897,Data Engineer (Data & Product Engineering),,4 Locations,Engineer,Data Engineer,Senior level,"Data & Analytics, Engineering & R&D",,https://builtin.com/job/full-stack-engineer-data-product-engineering/9862257,2026-09-14T23:26:11+02:00,Deprioritized,2,Data Engineering & Automation,Outside Prague - verify,23,Data Engineering & Automation; R,Senior-level position; Location requires verification
JST_7444,Python vývojář/řka,Navrhni si mzdu,Praha,Developer,General Software Developer,Senior,IT & Software,Python,https://www.jobstack.it/it-job/python-developer/608be2d607c4c,2026-09-12T11:34:05+02:00,Deprioritized,2,Python/Software Development,Prague,25,Python/Software Development; Python,Senior-level position
JST_1180,Software Tester,až 50 000 Kč / měsíc,Praha,Tester,General Software Tester,"Junior, Medior, Senior",IT & Software,,https://www.jobstack.it/it-job/automatizovane-testovani/62971866c504a,2026-09-12T11:33:57+02:00,Deprioritized,2,Adjacent Technical,Prague,25,Adjacent Technical; Junior/entry level; Medior level,Senior-level position
JST_9605,DevOps specialista pro datová uložiště,Navrhni si mzdu,Praha,Specialist,IT/Systems Specialist,"Junior, Medior, Senior, Expert",Cloud & Infrastructure,,https://www.jobstack.it/it-job/specialista-devops/63fc76f7b3598,2026-09-12T11:33:50+02:00,Deprioritized,2,Adjacent Technical,Prague,25,Adjacent Technical; Junior/entry level; Medior level,Senior-level position
JST_3362,"⋙Baví Tě data, ML, s Pythonem děláš většinu pracovního dne?⋘",Navrhni si mzdu,praha,Other,Unclassified,"Junior, Medior, Senior","Data & Analytics, AI & Machine Learning",,https://www.jobstack.it/it-job/specialista-data-bi-dwh-bigdata/6526a3f55c8e7,2026-09-12T11:33:42+02:00,Deprioritized,2,Data Science & Machine Learning,Prague,25,Data Science & Machine Learning; ML/AI or modelling; Junior/entry level; Medior level,Senior-level position; Non-target root occupation
JST_7100,IT konzultant pro zajímavé projekty z oblasti Identity Managementu,Navrhni si mzdu,"7. května 1168/70, Praha – Chodov",Consultant,IT/Technology Consultant,"Junior, Medior, Senior","IT & Software, Project & Program Management",,https://www.jobstack.it/it-job/it-konzultant/628768222baf9,2026-09-12T11:33:16+02:00,Deprioritized,2,Adjacent Technical,Prague,25,Adjacent Technical; Junior/entry level; Medior level,Senior-level position
JST_5137,Python/Django Senior Developer,až 130 000 Kč / měsíc,Z pohodlí domova nebo Praha - předměstí,Developer,General Software Developer,Senior,IT & Software,Python,https://www.jobstack.it/it-job/python-developer/61b75fe1a4daa,2026-09-12T11:32:42+02:00,Deprioritized,2,Python/Software Development,Prague,25,Python/Software Development; Python,Senior-level position
SJ_105161,Mobile Security Tester,,Prague,Tester,Security/Penetration Tester,,Cybersecurity,,https://www.startupjobs.cz/nabidka/105161/mobile-security-tester,2026-09-12T11:09:08+02:00,Deprioritized,2,Adjacent Technical,Prague,25,Adjacent Technical,
SJ_103071,Tester - oblast investičního bankovnictví,,Prague,Tester,General Tester,,Finance & Banking,,https://www.startupjobs.cz/nabidka/103071/tester-oblast-investicniho-bankovnictvi,2026-09-12T11:09:08+02:00,Deprioritized,2,Adjacent Technical,Prague,25,Adjacent Technical,
SJ_106979,Business Representative pro AI/Data,,Prague,Sales Representative,General Sales Representative,,"Data & Analytics, AI & Machine Learning",,https://www.startupjobs.cz/nabidka/106979/business-representative-pro-ai-data,2026-09-12T11:08:03+02:00,Deprioritized,2,Data Science & Machine Learning,Prague,26,Data Science & Machine Learning; ML/AI or modelling,Non-target root occupation
SJ_107063,Obchodník/obchodnice pro AI platformu Singulora.ai,,Prague,Sales Representative,Field Sales Representative,,"AI & Machine Learning, Sales & Business Development",,https://www.startupjobs.cz/nabidka/107063/obchodnik-obchodnice-pro-ai-platformu-singulora-ai,2026-09-12T11:07:03+02:00,Deprioritized,2,Data Science & Machine Learning,Prague,26,Data Science & Machine Learning; ML/AI or modelling,Non-target root occupation
SJ_107151,Cloud Engineer (medior),,Prague,Engineer,Cloud/Platform Engineer,Medior/Mid-level,"Cloud & Infrastructure, Engineering & R&D",,https://www.startupjobs.cz/nabidka/107151/cloud-engineer-medior,2026-09-12T11:05:58+02:00,Deprioritized,2,Other,Prague,26,R; Medior level,
SJ_107365,Testovací pilot dronů (PX4 / ArduPilot),,Prague,Tester,General Tester,,,,https://www.startupjobs.cz/nabidka/107365/testovaci-pilot-dronu-px4-ardupilot,2026-09-12T11:01:43+02:00,Deprioritized,2,Adjacent Technical,Prague,26,Adjacent Technical,
SJ_106293,Obchodník v Digitoo.ai (80.000 - 150.000 Kč),,Prague,Sales Representative,Field Sales Representative,,"AI & Machine Learning, Sales & Business Development",,https://www.startupjobs.cz/nabidka/106293/obchodnik-v-digitoo-ai-80-000-150-000-kc,2026-09-12T11:00:38+02:00,Deprioritized,2,Data Science & Machine Learning,Prague,26,Data Science & Machine Learning; ML/AI or modelling,Non-target root occupation
SJ_107509,IT Specialist,,Prague,Specialist,IT/Systems Specialist,,IT & Software,,https://www.startupjobs.cz/nabidka/107509/it-specialist,2026-09-12T10:59:33+02:00,Deprioritized,2,Adjacent Technical,Prague,26,Adjacent Technical,
SJ_107667,"Business & Sales Assistant – AI, obchod a technologie",,Prague,Assistant,Sales/Business Assistant,,"AI & Machine Learning, Sales & Business Development",,https://www.startupjobs.cz/nabidka/107667/business-and-sales-assistant-ai-obchod-a-technologie,2026-09-12T10:56:33+02:00,Deprioritized,2,Data Science & Machine Learning,Prague,26,Data Science & Machine Learning; ML/AI or modelling,Non-target root occupation
SJ_103979,Energický akviziční obchodník pro softwarová řešení (vč. AI a produktů),,Prague,Sales Representative,Field Sales Representative,,"AI & Machine Learning, Sales & Business Development",,https://www.startupjobs.cz/nabidka/103979/energicky-akvizicni-obchodnik-pro-softwarova-reseni-vc-ai-a-produktu-full-time-praha,2026-09-12T10:46:32+02:00,Deprioritized,2,Data Science & Machine Learning,Prague,26,Data Science & Machine Learning; ML/AI or modelling,Non-target root occupation
SJ_94129,Senior Application Python Developer 🚀,,Prague,Developer,General Software Developer,Senior,IT & Software,Python,https://www.startupjobs.cz/nabidka/94129/senior-application-python-developer,2026-09-11T23:07:28+02:00,Deprioritized,2,Python/Software Development,Prague,26,Python/Software Development; Python,Senior-level position
JB_0639,Bookmaker junior pro Live sázky (m/ž),,Beroun – Beroun-Centrum,Specialist,General Specialist,Junior/Entry-level,,,https://www.jobs.cz/rpd/2001378301/,2026-09-11T17:20:41+02:00,Deprioritized,2,Other,Outside Prague - verify,26,Junior/entry level,Location requires verification
JB_6401,Junior správce IT systémů,50 000 – 60 000 Kč,Jirny,Administrator,IT Administrator,Junior/Entry-level,IT & Software,,https://www.jobs.cz/rpd/2001404841/,2026-09-11T17:18:57+02:00,Deprioritized,2,Other,Outside Prague - verify,26,Junior/entry level,Location requires verification
JB_5201,IT support týmu Rozvoje a vzdělávání - 1/2 úvazek - agenturní pracovník,,Praha + 2 další lokality,Support Specialist,Technical Support,,IT & Software,,https://www.jobs.cz/rpd/2001416947/,2026-09-11T17:10:12+02:00,Deprioritized,2,Adjacent Technical,Prague,26,Adjacent Technical,
JB_7426,Ethical Hacker/Penetration Tester 🔐,,Praha + 1 další lokalita,Tester,Security/Penetration Tester,,,,https://www.jobs.cz/rpd/2001409649/,2026-09-11T17:03:20+02:00,Deprioritized,2,Adjacent Technical,Prague,26,Adjacent Technical,
JB_4681,IT Specialist_Czech/Slovak speaking (f/m),,Praha – Holešovice,Specialist,IT/Systems Specialist,,IT & Software,,https://www.jobs.cz/rpd/2001408365/,2026-09-11T17:03:14+02:00,Deprioritized,2,Adjacent Technical,Prague,26,Adjacent Technical,
JB_0180,Guild master - AI First Domain (set AI standards across the bank),,Praha – Michle,Other,Unclassified,,AI & Machine Learning,,https://www.jobs.cz/rpd/2000894738/,2026-09-11T17:01:45+02:00,Deprioritized,2,Data Science & Machine Learning,Prague,26,Data Science & Machine Learning; ML/AI or modelling,Non-target root occupation
JB_5256,Test Engineer (m/f/d) Automotive Communication Networks,,Středočeský kraj,Engineer,QA/Test Engineer,,"Marketing & Communications, Engineering & R&D, Automotive & Mobility",,https://www.jobs.cz/rpd/2001378857/,2026-09-11T17:01:31+02:00,Deprioritized,2,Adjacent Technical,Outside Prague - verify,26,Adjacent Technical; R,Location requires verification
JB_5906,Test Engineer (m/f/d) Light Measurement,,Středočeský kraj,Engineer,QA/Test Engineer,,Engineering & R&D,,https://www.jobs.cz/rpd/2001378771/,2026-09-11T17:01:31+02:00,Deprioritized,2,Adjacent Technical,Outside Prague - verify,26,Adjacent Technical; R,Location requires verification
JB_2568,TRAINEE PROGRAM pro absolventy technických oborů VŠ,45 000 – 55 000 Kč,Kněžmost,Intern/Trainee,General Internship/Traineeship,"Intern/Trainee, Junior/Entry-level",Project & Program Management,,https://www.jobs.cz/rpd/2001141918/,2026-09-11T17:01:25+02:00,Deprioritized,2,Other,Outside Prague - verify,26,Junior/entry level,Location requires verification
JB_0183,SPECIALISTA ROZVOJE ERP A DIGITALIZACE,,Praha,Specialist,IT/Systems Specialist,,,,https://www.jobs.cz/rpd/2001333383/,2026-09-11T17:01:17+02:00,Deprioritized,2,Adjacent Technical,Prague,26,Adjacent Technical,
JB_4050,IT Infrastructure Specialist,,Praha – Malešice + 2 další lokality,Specialist,IT/Systems Specialist,,"Cloud & Infrastructure, IT & Software",,https://www.jobs.cz/rpd/2001421121/,2026-09-11T17:00:30+02:00,Deprioritized,2,Adjacent Technical,Prague,26,Adjacent Technical,
JB_0926,Specialista ProjectWise,,Praha – Libeň + 4 další lokality,Specialist,IT/Systems Specialist,,,ProjectWise,https://www.jobs.cz/rpd/2001300974/,2026-09-11T16:54:10+02:00,Deprioritized,2,Adjacent Technical,Prague,26,Adjacent Technical,
JB_4074,Test analytik / Tester (m/ž) - O2 CRM Services,,Praha – Michle,Tester,Functional/QA Tester,,Data & Analytics,,https://www.jobs.cz/rpd/2001369849/,2026-09-11T16:31:10+02:00,Deprioritized,2,Adjacent Technical,Prague,26,Adjacent Technical,
JB_1461,HW Designer – Junior+,55 000 – 70 000 Kč,Vestec,Designer,Mechanical/Technical Designer,Junior/Entry-level,,,https://www.jobs.cz/rpd/2001415011/,2026-09-11T16:30:53+02:00,Deprioritized,2,Other,Outside Prague - verify,26,Junior/entry level,Location requires verification
JB_4141,IT konzultant pro oblast leasingu,,Praha – Smíchov,Consultant,IT/Technology Consultant,,IT & Software,,https://www.jobs.cz/rpd/2001417314/,2026-09-11T16:30:53+02:00,Deprioritized,2,Adjacent Technical,Prague,26,Adjacent Technical,
JB_7699,TRAINEE DO VÝROBY V PIVOVARU,37 500 – 39 500 Kč,Krušovice,Intern/Trainee,General Internship/Traineeship,Intern/Trainee,Manufacturing & Production,,https://www.jobs.cz/rpd/2001373480/,2026-09-11T16:30:25+02:00,Deprioritized,2,Other,Outside Prague - verify,26,Junior/entry level,Location requires verification
JB_2970,Servisní technik - Zdravotnictví - vhodné i pro absolventy,,Nehvizdy,Technician,Service/Maintenance Technician,Junior/Entry-level,,,https://www.jobs.cz/rpd/2001210106/,2026-09-11T16:30:24+02:00,Deprioritized,2,Other,Outside Prague - verify,26,Junior/entry level,Location requires verification
JB_6657,Trainee – technolog svařování - student/ka VŠ,,Říčany,Technician,Manufacturing/Process Technician,Intern/Trainee,,,https://www.jobs.cz/rpd/2001286017/,2026-09-11T16:30:24+02:00,Deprioritized,2,Other,Outside Prague - verify,26,Junior/entry level,Location requires verification
JB_6968,Junior PLC technik,,Dobříň,Technician,General Technician,Junior/Entry-level,,,https://www.jobs.cz/rpd/2001407931/,2026-09-11T16:29:58+02:00,Deprioritized,2,Other,Outside Prague - verify,26,Junior/entry level,Location requires verification
JB_6146,Software Support Specialist (WMS & SW),45 000 – 60 000 Kč,Praha – Motol,Support Specialist,Application/Software Support,,IT & Software,,https://www.jobs.cz/rpd/2001401002/,2026-09-11T16:29:50+02:00,Deprioritized,2,Adjacent Technical,Prague,26,Adjacent Technical,
JB_5497,Connect & 3D Experience PLM Solution Specialist,,Praha – Michle,Specialist,IT/Systems Specialist,,,"PLM, 3DEXPERIENCE",https://www.jobs.cz/rpd/2001345588/,2026-09-11T16:29:35+02:00,Deprioritized,2,Adjacent Technical,Prague,26,Adjacent Technical,
JB_6552,Testing Engineer,45 000 – 80 000 Kč,Mladá Boleslav – Bezděčín,Engineer,QA/Test Engineer,,Engineering & R&D,,https://www.jobs.cz/rpd/2001263469/,2026-09-11T16:29:24+02:00,Deprioritized,2,Adjacent Technical,Outside Prague - verify,26,Adjacent Technical; R,Location requires verification
JB_1914,Konzultant ERP i6 / MSSQL Developer (PRAHA/BRNO),,Praha – Štěrboholy + 1 další lokalita,Consultant,SAP/ERP Consultant,,IT & Software,MS SQL Server,https://www.jobs.cz/rpd/2001383246/,2026-09-11T16:29:17+02:00,Deprioritized,2,Other,Prague,26,SQL/data platform,
JB_5430,SENIOR JAVA DEVELOPER - Java|Spring Boot|Kafka|Microservices,80 000 – 125 000 Kč,okres Praha,Developer,General Software Developer,Senior,IT & Software,"Java, Kafka",https://www.jobs.cz/rpd/2001390193/,2026-09-11T16:29:17+02:00,Deprioritized,2,Data Engineering & Automation,Prague,26,Data Engineering & Automation,Senior-level position
JB_4557,QA Automation Developer (Embedded Systems) - Readers,,Praha – Modřany,Developer,Embedded/Systems Developer,,"IT & Software, Quality & Safety",,https://www.jobs.cz/rpd/2001253238/,2026-09-11T16:19:55+02:00,Deprioritized,2,Adjacent Technical,Prague,26,Adjacent Technical,
JB_0693,"Senior Backend Developer - Python, AWS, Kubernetes",,Praha – Nové Město,Developer,Backend Developer,Senior,IT & Software,"Python, AWS, Kubernetes",https://www.jobs.cz/rpd/2000637710/,2026-09-11T16:19:44+02:00,Deprioritized,2,Python/Software Development,Prague,26,Python/Software Development; Python,Senior-level position
JB_9731,"Quality Engineer (Mýto, Chladírenství)",,Mýto,Engineer,QA/Test Engineer,,"Engineering & R&D, Quality & Safety",,https://www.jobs.cz/rpd/2001339455/,2026-09-11T16:19:30+02:00,Deprioritized,2,Adjacent Technical,Outside Prague - verify,26,Adjacent Technical; R,Location requires verification
JB_7482,IT Tester*ka,,Praha – Nusle,Tester,General Tester,,IT & Software,,https://www.jobs.cz/rpd/2001419547/,2026-09-11T16:18:26+02:00,Deprioritized,2,Adjacent Technical,Prague,26,Adjacent Technical,
JB_2005,IT Tester*ka - Retail,,Praha – Nusle,Tester,General Tester,,"IT & Software, Retail & E-commerce",,https://www.jobs.cz/rpd/2001419089/,2026-09-11T16:18:26+02:00,Deprioritized,2,Adjacent Technical,Prague,26,Adjacent Technical,
JB_0971,Technical SAP/BW Application Support,,Praha – Nové Město,Support Specialist,Application/Software Support,,IT & Software,SAP,https://www.jobs.cz/rpd/2000757652/,2026-09-11T16:18:17+02:00,Deprioritized,2,Adjacent Technical,Prague,26,Adjacent Technical,
JB_6320,AI Assistant,,Praha – Nusle,Assistant,General Assistant,,AI & Machine Learning,,https://www.jobs.cz/rpd/2001419456/,2026-09-11T16:18:03+02:00,Deprioritized,2,Data Science & Machine Learning,Prague,26,Data Science & Machine Learning; ML/AI or modelling,Non-target root occupation
JB_4218,IT Konzultant,,Praha,Consultant,IT/Technology Consultant,,IT & Software,,https://www.jobs.cz/rpd/2001378091/,2026-09-11T16:18:03+02:00,Deprioritized,2,Adjacent Technical,Prague,26,Adjacent Technical,
JB_3577,Junior Compliance Specialista/ka,,Modletice,Specialist,Compliance/AML Specialist,Junior/Entry-level,Compliance & Risk,,https://www.jobs.cz/rpd/2001339548/,2026-09-11T16:18:03+02:00,Deprioritized,2,Other,Outside Prague - verify,26,Junior/entry level,Location requires verification
JB_8372,"Specialista/ka testování desktopové aplikace (automatizace/manuální testování) — DEK, a.s.",60 000 – 80 000 Kč,Praha – Malešice,Specialist,IT/Systems Specialist,,IT & Software,,https://www.jobs.cz/rpd/2001403135/,2026-09-11T16:17:54+02:00,Deprioritized,2,Adjacent Technical,Prague,26,Adjacent Technical,
JB_1766,IT Solutions Consultant,,Praha – Chodov,Consultant,IT/Technology Consultant,,IT & Software,,https://www.jobs.cz/rpd/2001394840/,2026-09-11T16:17:46+02:00,Deprioritized,2,Adjacent Technical,Prague,26,Adjacent Technical,
JB_7034,Technical Consultant - English ONLY!,,Praha – Karlín,Consultant,IT/Technology Consultant,,,,https://www.jobs.cz/rpd/2001395768/,2026-09-11T16:17:46+02:00,Deprioritized,2,Adjacent Technical,Prague,26,Adjacent Technical,
JB_9100,2nd Level Application Support for BCS/SAP,,Praha – Nové Město,Support Specialist,IT Helpdesk/Service Desk,,IT & Software,SAP,https://www.jobs.cz/rpd/2001283822/,2026-09-11T16:11:17+02:00,Deprioritized,2,Adjacent Technical,Prague,26,Adjacent Technical,
JB_4104,💻 HR Trainee | Příležitost pro studenty,,Bakov nad Jizerou – Horka,Intern/Trainee,HR Internship,Intern/Trainee,HR & Recruitment,,https://www.jobs.cz/rpd/2001350121/,2026-09-11T16:11:05+02:00,Deprioritized,2,Other,Outside Prague - verify,26,Junior/entry level,Location requires verification
JB_4412,Asistent/ka plánování výroby - Junior Supply Chain Planner,,Příbram – Příbram I,Planner,Demand/Supply Planner,Junior/Entry-level,"Supply Chain & Logistics, Manufacturing & Production",,https://www.jobs.cz/rpd/2001373735/,2026-09-11T16:10:53+02:00,Deprioritized,2,Other,Outside Prague - verify,26,Junior/entry level,Location requires verification
JB_5051,Junior technik procesů a údržby (start pro studenty/absolventy),,Rakovník – Rakovník II,Technician,Service/Maintenance Technician,Junior/Entry-level,,,https://www.jobs.cz/rpd/2001417469/,2026-09-11T16:10:53+02:00,Deprioritized,2,Other,Outside Prague - verify,26,Junior/entry level,Location requires verification
JB_6898,ERP specialista,,Praha – Nusle,Specialist,IT/Systems Specialist,,,,https://www.jobs.cz/rpd/2001403169/,2026-09-11T16:10:45+02:00,Deprioritized,2,Adjacent Technical,Prague,26,Adjacent Technical,
JB_0140,SEO & AI Search Specialista (AEO/GEO) – medior/senior,,Praha – Nové Město,Specialist,Marketing/Communications Specialist,"Medior/Mid-level, Senior","AI & Machine Learning, Marketing & Communications",,https://www.jobs.cz/rpd/2001403504/,2026-09-11T16:10:45+02:00,Deprioritized,2,Data Science & Machine Learning,Prague,26,Data Science & Machine Learning; ML/AI or modelling; Medior level,Senior-level position; Generic marketing role
JB_0430,Obchodník s cestou do leadershipu | AI Everbot | Nová pobočka v Praze,100 000 – 200 000 Kč,Hlavní město Praha,Sales Representative,Retail Sales Representative,,"AI & Machine Learning, Sales & Business Development",,https://www.jobs.cz/rpd/2001405150/,2026-09-11T16:10:33+02:00,Deprioritized,2,Data Science & Machine Learning,Prague,26,Data Science & Machine Learning; ML/AI or modelling,Non-target root occupation
JB_7402,IT Specialista podnikových systémů,,Praha – Vysočany,Specialist,IT/Systems Specialist,,IT & Software,,https://www.jobs.cz/rpd/2001415666/,2026-09-11T16:09:49+02:00,Deprioritized,2,Adjacent Technical,Prague,26,Adjacent Technical,
JB_0634,XXXLutz Trainee nákup – od absolventa k nákupčímu,,Čestlice,Intern/Trainee,General Internship/Traineeship,"Intern/Trainee, Junior/Entry-level",Procurement,,https://www.jobs.cz/rpd/2001381539/,2026-09-11T16:09:22+02:00,Deprioritized,2,Other,Outside Prague - verify,26,Junior/entry level,Location requires verification
JB_3111,Pracovník/pracovnice zákaznické a technické podpory – mzdové aplikace,,Praha – Kamýk,Support Specialist,Application/Software Support,,"IT & Software, HR & Recruitment, Customer Service",,https://www.jobs.cz/rpd/2001404954/,2026-09-11T16:09:09+02:00,Deprioritized,2,Adjacent Technical,Prague,26,Adjacent Technical,
JB_0208,Specialista CMDB (m/ž),,Praha – Holešovice,Specialist,IT/Systems Specialist,,,CMDB,https://www.jobs.cz/rpd/2001111563/,2026-09-11T16:09:03+02:00,Deprioritized,2,Adjacent Technical,Prague,26,Adjacent Technical,
JB_6670,Specialista marketingu - CRM | TETA drogerie 📩 (m/ž),,Praha,Specialist,IT/Systems Specialist,,,,https://www.jobs.cz/rpd/2001145485/,2026-09-11T16:09:03+02:00,Deprioritized,2,Adjacent Technical,Prague,26,Adjacent Technical,
JB_1698,Tester - oblast investičního bankovnictví,,Praha – Krč,Tester,General Tester,,Finance & Banking,,https://www.jobs.cz/rpd/2001417199/,2026-09-11T16:08:47+02:00,Deprioritized,2,Adjacent Technical,Prague,26,Adjacent Technical,
JB_5172,Trainee - Finance (M/Ž),,okres Kutná Hora,Intern/Trainee,Finance Internship,Intern/Trainee,Finance & Banking,,https://www.jobs.cz/rpd/2001262227/,2026-09-11T16:08:47+02:00,Deprioritized,2,Other,Outside Prague - verify,26,Junior/entry level,Location requires verification
JB_3354,Procurement Specialist Trainee - part time,,Beroun – Beroun-Závodí,Specialist,Procurement Specialist,Intern/Trainee,Procurement,,https://www.jobs.cz/rpd/2001342100/,2026-09-11T16:08:24+02:00,Deprioritized,2,Other,Outside Prague - verify,26,Junior/entry level,Location requires verification
JB_9505,"Environment, Health, Safety Specialist - Intern - Brigáda vhodná pro studenty VŠ",,Česká republika + 1 další lokalita,Specialist,Quality/Regulatory Specialist,Intern/Trainee,Quality & Safety,,https://www.jobs.cz/rpd/2001350465/,2026-09-11T16:08:10+02:00,Deprioritized,2,Other,Czechia - verify Prague/remote,26,Junior/entry level,Location requires verification
JB_4585,IT Support Specialist,,Praha – Vinohrady,Support Specialist,Technical Support,,IT & Software,,https://www.jobs.cz/rpd/2001384826/,2026-09-11T16:08:10+02:00,Deprioritized,2,Adjacent Technical,Prague,26,Adjacent Technical,
JB_2997,Purchasing Specialist/Specialista nákupu - Pozice vhodná i pro absolventy,45 000 – 55 000 Kč,Klíčany + 1 další lokalita,Specialist,Procurement Specialist,Junior/Entry-level,Procurement,,https://www.jobs.cz/rpd/2001415213/,2026-09-11T16:08:10+02:00,Deprioritized,2,Other,Outside Prague - verify,26,Junior/entry level,Location requires verification
JB_0515,ICT Server Specialist,,Praha – Karlín,Specialist,IT/Systems Specialist,,"Cloud & Infrastructure, IT & Software",,https://www.jobs.cz/rpd/2000759540/,2026-09-11T15:59:06+02:00,Deprioritized,2,Adjacent Technical,Prague,26,Adjacent Technical,
JB_5836,IT specialista SAP Archiving - OpenText / IT specialist SAP Archiving OpenText (m/ž),,Praha – Vysočany,Specialist,IT/Systems Specialist,,IT & Software,SAP,https://www.jobs.cz/rpd/2001322155/,2026-09-11T15:59:06+02:00,Deprioritized,2,Adjacent Technical,Prague,26,Adjacent Technical,
JB_5392,Metodik - specialista uživatelského rozvoje aplikací,,Praha – Vršovice,Specialist,IT/Systems Specialist,,IT & Software,,https://www.jobs.cz/rpd/2001394102/,2026-09-11T15:58:59+02:00,Deprioritized,2,Adjacent Technical,Prague,26,Adjacent Technical,
JB_2103,Test Analytik (m/ž),,Praha – Radlice,Tester,Functional/QA Tester,,Data & Analytics,,https://www.jobs.cz/rpd/2001394372/,2026-09-11T15:58:59+02:00,Deprioritized,2,Adjacent Technical,Prague,26,Adjacent Technical,
JB_4548,Agilní Test Analytik Digitálních kanálů,,Praha – Radlice,Tester,Functional/QA Tester,,Data & Analytics,,https://www.jobs.cz/rpd/2001394385/,2026-09-11T15:58:50+02:00,Deprioritized,2,Adjacent Technical,Prague,26,Adjacent Technical,
JB_5980,IT Application Support Specialist,,Praha,Support Specialist,Application/Software Support,,IT & Software,,https://www.jobs.cz/rpd/2001414805/,2026-09-11T15:58:50+02:00,Deprioritized,2,Adjacent Technical,Prague,26,Adjacent Technical,
JB_4568,IT Tester/QA Analyst,,Praha – Holešovice,Tester,Functional/QA Tester,,"IT & Software, Quality & Safety",,https://www.jobs.cz/rpd/2001394204/,2026-09-11T15:58:50+02:00,Deprioritized,2,Adjacent Technical,Prague,26,Adjacent Technical,
JB_9570,Trainee v oblasti managementu kvality - part time,,Beroun – Beroun-Závodí,Intern/Trainee,General Internship/Traineeship,Intern/Trainee,Quality & Safety,,https://www.jobs.cz/rpd/2001415838/,2026-09-11T15:58:34+02:00,Deprioritized,2,Other,Outside Prague - verify,26,Junior/entry level,Location requires verification
JB_1387,IT Infrastructure a Integrations Specialist | Provoz a rozvoj klíčové interní platformy,,Praha,Specialist,IT/Systems Specialist,,"Cloud & Infrastructure, IT & Software",,https://www.jobs.cz/rpd/2001394425/,2026-09-11T15:58:25+02:00,Deprioritized,2,Adjacent Technical,Prague,26,Adjacent Technical,
JB_1694,Specialista SW podpory BIM projektů,,Praha – Libeň,Support Specialist,Application/Software Support,,Project & Program Management,BIM,https://www.jobs.cz/rpd/2000978044/,2026-09-11T15:58:25+02:00,Deprioritized,2,Adjacent Technical,Prague,26,Adjacent Technical,
JB_6429,Aplikační specialista/ specialistka – ekonomické informační systémy,,Praha – Nové Město,Specialist,IT/Systems Specialist,,IT & Software,,https://www.jobs.cz/rpd/2001356601/,2026-09-11T15:58:19+02:00,Deprioritized,2,Adjacent Technical,Prague,26,Adjacent Technical,
JB_6523,BI Test Analyst – Oneplay,,Praha – Hlubočepy,Analyst,QA/Test Analyst,,Data & Analytics,,https://www.jobs.cz/rpd/2001345901/,2026-09-11T15:58:06+02:00,Deprioritized,2,Adjacent Technical,Prague,26,Adjacent Technical,
JB_4444,GIS Specialist at Aon Impact Forecasting,,Praha – Nové Město,Specialist,General Specialist,,,,https://www.jobs.cz/rpd/2001375654/,2026-09-11T15:58:06+02:00,Deprioritized,2,Other,Prague,26,ML/AI or modelling,
JB_6012,Big Data Administrátor/ka - Cloudera a Databricks,,Praha – Stodůlky,Administrator,General Administrator,,Data & Analytics,Databricks,https://www.jobs.cz/rpd/2001065600/,2026-09-11T15:57:28+02:00,Deprioritized,2,Other,Prague,26,SQL/data platform,
JB_5759,IT specialista - Praha,,Praha – Dolní Měcholupy,Specialist,IT/Systems Specialist,,IT & Software,,https://www.jobs.cz/rpd/2001412140/,2026-09-11T15:57:28+02:00,Deprioritized,2,Adjacent Technical,Prague,26,Adjacent Technical,
JB_9539,IT Strategy and Governance Specialist (m/f),,Praha – Nusle,Specialist,IT/Systems Specialist,,IT & Software,,https://www.jobs.cz/rpd/2001301648/,2026-09-11T15:57:28+02:00,Deprioritized,2,Adjacent Technical,Prague,26,Adjacent Technical,
JB_5522,SQL DATABASE ADMINISTRATOR,,Praha,Administrator,Database Administrator,,,SQL,https://www.jobs.cz/rpd/2001408717/,2026-09-11T15:57:28+02:00,Deprioritized,2,Other,Prague,26,SQL/data platform,
JB_5049,Quality Engineer / Analytik kvality,,Kolín – Kolín IV,Engineer,QA/Test Engineer,,"Data & Analytics, Engineering & R&D, Quality & Safety",,https://www.jobs.cz/rpd/2001419192/,2026-09-11T15:57:15+02:00,Deprioritized,2,Adjacent Technical,Outside Prague - verify,26,Adjacent Technical; R,Location requires verification
JB_9918,Medior Functional Analyst in Credit Risk (Prague or Brno),,Praha – Radlice + 1 další lokalita,Analyst,Business/Process Analyst,Medior/Mid-level,Compliance & Risk,,https://www.jobs.cz/rpd/2001414923/,2026-09-11T15:56:42+02:00,Deprioritized,2,Business/Product Analysis,Prague,26,Business/Product Analysis; Medior level,Finance/accounting orientation
JB_9389,Treasury Data Analyst - Prague,,Praha – Nové Město,Analyst,Data/BI Analyst,,"Data & Analytics, Finance & Banking",,https://www.jobs.cz/rpd/2001394336/,2026-09-11T15:56:42+02:00,Deprioritized,2,Core Data & Analytics,Prague,26,Core Data & Analytics,Finance/accounting orientation
JB_5304,Business Analyst – Insights & Reporting – Central Europe (CZ/SK/DE),,Praha – Jinonice,Analyst,Business/Process Analyst,,Data & Analytics,,https://www.jobs.cz/rpd/2001403688/,2026-09-11T15:56:36+02:00,Deprioritized,2,Business/Product Analysis,Prague,26,Business/Product Analysis,Primarily BI/reporting
JB_9557,IT Core Process Specialist - Cloud & Architecture (full or part-time) (f/m/d),,Praha – Karlín,Specialist,IT/Systems Specialist,,"Cloud & Infrastructure, IT & Software",,https://www.jobs.cz/rpd/2001412765/,2026-09-11T15:56:36+02:00,Deprioritized,2,Adjacent Technical,Prague,26,Adjacent Technical,
BLT_3173,Czech Transcriber,,Czechia,Specialist,General Specialist,Entry level,,,https://builtin.com/job/czech-transcriber/10183761,,Deprioritized,2,Other,Czechia - verify Prague/remote,,Junior/entry level,Location requires verification
BLT_9354,Data Engineer (First Data Hire),,29 Locations,Engineer,Data Engineer,Senior level,"Data & Analytics, Engineering & R&D",,https://builtin.com/job/data-engineer-first-data-hire/9940679,,Deprioritized,2,Data Engineering & Automation,Outside Prague - verify,,Data Engineering & Automation; R,Senior-level position; Location requires verification
BLT_7722,"Innovation, Data & Analytics Team, Data Engineer",124K-207K Annually,32 Locations,Engineer,Data Engineer,Senior level,"Data & Analytics, Engineering & R&D",,https://builtin.com/job/innovation-data-analytics-team-data-engineer/11110171,,Deprioritized,2,Data Engineering & Automation,Outside Prague - verify,,Data Engineering & Automation; R,Senior-level position; Location requires verification
BLT_5575,Principal Data Engineer -General application,,28 Locations,Engineer,Data Engineer,Senior level,"Data & Analytics, IT & Software, Engineering & R&D",,https://builtin.com/job/principal-data-engineer-general-application/6425682,,Deprioritized,2,Data Engineering & Automation,Outside Prague - verify,,Data Engineering & Automation; R,Senior-level position; Location requires verification
BLT_7418,Senior Analytics Engineer,,27 Locations,Engineer,Data Engineer,Senior level,"Data & Analytics, Engineering & R&D",,https://builtin.com/job/senior-analytics-engineer/10503504,,Deprioritized,2,Data Engineering & Automation,Outside Prague - verify,,Data Engineering & Automation; R,Senior-level position; Location requires verification
BLT_8307,Senior Data Engineer,,29 Locations,Engineer,Data Engineer,Senior level,"Data & Analytics, Engineering & R&D",,https://builtin.com/job/data-engineer/11020489,,Deprioritized,2,Data Engineering & Automation,Outside Prague - verify,,Data Engineering & Automation; R,Senior-level position; Location requires verification
BLT_1332,Senior Data Engineer,,37 Locations,Engineer,Data Engineer,Senior level,"Data & Analytics, Engineering & R&D",,https://builtin.com/job/senior-data-engineer/9187673,,Deprioritized,2,Data Engineering & Automation,Outside Prague - verify,,Data Engineering & Automation; R,Senior-level position; Location requires verification
BLT_1083,Senior Data Engineer,,6 Locations,Engineer,Data Engineer,Senior level,"Data & Analytics, Engineering & R&D",,https://builtin.com/job/senior-data-engineer/10775755,,Deprioritized,2,Data Engineering & Automation,Outside Prague - verify,,Data Engineering & Automation; R,Senior-level position; Location requires verification
BLT_6306,Senior Data Engineer,,32 Locations,Engineer,Data Engineer,Senior level,"Data & Analytics, Engineering & R&D",,https://builtin.com/job/senior-data-engineer/10692583,,Deprioritized,2,Data Engineering & Automation,Outside Prague - verify,,Data Engineering & Automation; R,Senior-level position; Location requires verification
BLT_3874,Senior Data Engineer,,26 Locations,Engineer,Data Engineer,Senior level,"Data & Analytics, Engineering & R&D",,https://builtin.com/job/senior-data-engineer/10656955,,Deprioritized,2,Data Engineering & Automation,Outside Prague - verify,,Data Engineering & Automation; R,Senior-level position; Location requires verification
BLT_0699,Senior Data Engineer,,27 Locations,Engineer,Data Engineer,Senior level,"Data & Analytics, Engineering & R&D",,https://builtin.com/job/senior-data-engineer/10643348,,Deprioritized,2,Data Engineering & Automation,Outside Prague - verify,,Data Engineering & Automation; R,Senior-level position; Location requires verification
BLT_8633,Senior Data Platform Engineer,,3 Locations,Engineer,Data Engineer,Senior level,"Data & Analytics, Cloud & Infrastructure, Engineering & R&D",,https://builtin.com/job/senior-data-platform-engineer/9880852,,Deprioritized,2,Data Engineering & Automation,Outside Prague - verify,,Data Engineering & Automation; R,Senior-level position; Location requires verification
BLT_4368,Senior Global Azure Data Engineer,,Czechia,Engineer,Data Engineer,Senior level,"Data & Analytics, Engineering & R&D",Azure,https://builtin.com/job/senior-global-azure-data-engineer/10818426,,Deprioritized,2,Data Engineering & Automation,Czechia - verify Prague/remote,,Data Engineering & Automation; R,Senior-level position; Location requires verification
SJ_98135,DevOps Inženýr/ka - Microsoft Azure,,Prague,Engineer,DevOps/SRE Engineer,,"Cloud & Infrastructure, Engineering & R&D",Azure,https://www.startupjobs.cz/nabidka/98135/devops-inzenyr-ka-microsoft-azure,2026-10-07T14:18:14+02:00,Deprioritized,1,Other,Prague,0,R,
SJ_84593,🤖Mobile Agentic Engineer,,Prague,Engineer,General Engineer,,Engineering & R&D,,https://www.startupjobs.cz/nabidka/84593/mobile-agentic-engineer,2026-10-07T14:17:09+02:00,Deprioritized,1,Other,Prague,0,R,
SJ_813155,DevOps Engineer - remote projekty,,Prague,Engineer,DevOps/SRE Engineer,,"Cloud & Infrastructure, Project & Program Management, Engineering & R&D",,https://www.startupjobs.cz/nabidka/108223/devops-engineer-remote-projekty,2026-10-07T14:16:19+02:00,Deprioritized,1,Other,Prague,0,R,
SJ_108293,Senior Software Engineer (Full-stack),,Prague,Engineer,Software Engineer,Senior,"IT & Software, Engineering & R&D",,https://www.startupjobs.cz/nabidka/108293/senior-software-engineer-full-stack,2026-10-07T14:15:14+02:00,Deprioritized,1,Python/Software Development,Prague,0,Python/Software Development; R,Senior-level position
JST_2980,IT administrator,Navrhni si mzdu,Praha,Administrator,IT Administrator,Medior,IT & Software,,https://www.jobstack.it/it-job/univerzal-it/6270e668b9b54,2026-10-07T14:11:48+02:00,Deprioritized,1,Other,Prague,0,Medior level,
JST_1860,Head of Data/Senior Data Engineer for global SaaS business (remote),až 130 000 Kč / měsíc,Remote/Praha/Bratislava,Manager,Data/AI Manager,"Senior, Expert","Data & Analytics, Engineering & R&D",,https://www.jobstack.it/it-job/data-engineer/636def1b6c038,2026-10-07T14:11:38+02:00,Deprioritized,1,Data Engineering & Automation,Prague,0,Data Engineering & Automation; R; ML/AI or modelling,Senior-level position; Leadership/management position
JST_8620,BI Data Engineer – Tech Lead (f/m),až 200 000 Kč / měsíc,Praha,Manager,Data/AI Manager,Senior,"Data & Analytics, Engineering & R&D",,https://www.jobstack.it/it-job/data-engineer/688a23675a6cf,2026-10-07T14:11:03+02:00,Deprioritized,1,Data Engineering & Automation,Prague,0,Data Engineering & Automation; R; ML/AI or modelling,Senior-level position; Leadership/management position
JST_8662,Hledá se ISO Specialista/ka na ISO a firemní certifikace (HPP),Navrhni si mzdu,Praha 8 Karlín,Specialist,General Specialist,Medior,,,https://www.jobstack.it/it-job/security-grc-compliance/6ab2834ce5839,2026-10-07T14:10:25+02:00,Deprioritized,1,Other,Prague,0,Medior level,
JST_8812,"Konzultant SAP – logistika (moduly MM, SD)",Navrhni si mzdu,Praha 8 Karlín,Consultant,SAP/ERP Consultant,Medior,,SAP,https://www.jobstack.it/it-job/sap/6ab281a39da00,2026-10-07T14:10:25+02:00,Deprioritized,1,Other,Prague,0,Medior level,
JB_2220,"Product Engineer - React, TypeScript, .Net",,Praha – Braník,Engineer,General Engineer,,Engineering & R&D,"TypeScript, React, .NET",https://www.jobs.cz/rpd/2001463757/,2026-10-07T13:46:55+02:00,Deprioritized,1,Other,Prague,0,R,
JB_6416,SYSTÉMOVÝ INŽENÝR,,Praha – Podolí,Engineer,General Engineer,,Engineering & R&D,,https://www.jobs.cz/rpd/2000593110/,2026-10-07T13:13:32+02:00,Deprioritized,1,Other,Prague,0,R,
JB_3279,DevOps engineer,,Praha – Holešovice,Engineer,DevOps/SRE Engineer,,"Cloud & Infrastructure, Engineering & R&D",,https://www.jobs.cz/rpd/2001462617/,2026-10-07T13:05:29+02:00,Deprioritized,1,Other,Prague,0,R,
JB_4860,DevOps engineer/ architekt,,Praha – Braník + 1 další lokalita,Architect,General Architect,,"Cloud & Infrastructure, Engineering & R&D",,https://www.jobs.cz/rpd/2001466051/,2026-10-07T13:05:29+02:00,Deprioritized,1,Other,Prague,0,R,
JB_8141,AWS DevOps Engineer,,Praha – Strašnice,Engineer,DevOps/SRE Engineer,,"Cloud & Infrastructure, Engineering & R&D",AWS,https://www.jobs.cz/rpd/2001465290/,2026-10-07T13:02:56+02:00,Deprioritized,1,Other,Prague,0,R,
JB_3113,Solution Engineer,,Praha – Stodůlky,Engineer,General Engineer,,Engineering & R&D,,https://www.jobs.cz/rpd/2001462564/,2026-10-07T13:02:56+02:00,Deprioritized,1,Other,Prague,0,R,
JB_5159,Master Data Expert – SAP SD/MM Key User / Praha – hybridně | IČO – full-time | Preferovaný,,Praha – Karlín,Specialist,Data Governance/Quality Specialist,,Data & Analytics,SAP,https://www.jobs.cz/rpd/2001464053/,2026-10-07T12:41:15+02:00,Deprioritized,1,Core Data & Analytics,Prague,0,Core Data & Analytics,Senior-level position
JB_9738,IT Infrastructure Specialist,,Říčany – Jažlovice,Specialist,IT/Systems Specialist,,"Cloud & Infrastructure, IT & Software",,https://www.jobs.cz/rpd/2001346036/,2026-10-07T12:40:47+02:00,Deprioritized,1,Adjacent Technical,Outside Prague - verify,0,Adjacent Technical,Location requires verification
JB_1061,Senior BI / Data Analyst – banka (m/ž),,Praha + 1 další lokalita,Analyst,Data/BI Analyst,Senior,Data & Analytics,,https://www.jobs.cz/rpd/2001368263/,2026-10-03T10:46:42+02:00,Deprioritized,1,Core Data & Analytics,Prague,5,Core Data & Analytics,Senior-level position
JB_1310,CLOUD AUTOMATION ENGINEER,,Praha – Karlín,Engineer,Cloud/Platform Engineer,,"Cloud & Infrastructure, Engineering & R&D",,https://www.jobs.cz/rpd/2001460028/,2026-10-03T10:25:15+02:00,Deprioritized,1,Other,Prague,5,R,
BLT_9211,Senior Software Engineer - Compute Control Plane - Remote,,4 Locations,Engineer,Software Engineer,Senior level,"IT & Software, Engineering & R&D",,https://builtin.com/job/senior-software-engineer-compute-control-plane-remote/11481712,2026-10-03T09:46:52+02:00,Deprioritized,1,Python/Software Development,Remote/Hybrid,5,Python/Software Development; R,Senior-level position
SJ_105553,"Senior Fullstack Engineer, Store",,Prague,Engineer,Software Engineer,Senior,"Engineering & R&D, Retail & E-commerce",,https://www.startupjobs.cz/nabidka/105553/senior-fullstack-engineer-store,2026-10-02T12:43:39+02:00,Deprioritized,1,Python/Software Development,Prague,5,Python/Software Development; R,Senior-level position
SJ_108223,DevOps Engineer,,Prague,Engineer,DevOps/SRE Engineer,,"Cloud & Infrastructure, Engineering & R&D",,https://www.startupjobs.cz/nabidka/108223/devops-engineer,2026-10-02T12:41:34+02:00,Deprioritized,1,Other,Prague,5,R,
SJ_70233,Java Engineer,,Prague,Engineer,General Engineer,,Engineering & R&D,Java,https://www.startupjobs.cz/nabidka/70233/java-engineer,2026-10-02T12:39:24+02:00,Deprioritized,1,Other,Prague,5,R,
SJ_108231,"Senior Backend Engineer, Billing",,Prague,Engineer,Software Engineer,Senior,Engineering & R&D,,https://www.startupjobs.cz/nabidka/108231/senior-backend-engineer-billing,2026-10-02T12:39:24+02:00,Deprioritized,1,Python/Software Development,Prague,5,Python/Software Development; R,Senior-level position
SJ_105551,"Senior Backend Engineer, Store",,Prague,Engineer,Software Engineer,Senior,"Engineering & R&D, Retail & E-commerce",,https://www.startupjobs.cz/nabidka/105551/senior-backend-engineer-store,2026-10-02T12:39:24+02:00,Deprioritized,1,Python/Software Development,Prague,5,Python/Software Development; R,Senior-level position
JB_5571,"DevOps Engineer – udržujte v chodu systémy, které zajišťují digitální identitu v EU",,Praha + 1 další lokalita,Engineer,DevOps/SRE Engineer,,"Cloud & Infrastructure, Engineering & R&D",,https://www.jobs.cz/rpd/2001051215/,2026-10-02T11:34:55+02:00,Deprioritized,1,Other,Prague,5,R,
JB_7782,Senior Full Stack Engineer (Java + React/Node),,Praha – Karlín,Engineer,Software Engineer,Senior,Engineering & R&D,"Java, Node.js, React",https://www.jobs.cz/rpd/2001459355/,2026-10-02T11:34:29+02:00,Deprioritized,1,Python/Software Development,Prague,5,Python/Software Development; R,Senior-level position
BLT_3872,Mojo Back-End Compiler Engineer,100K-270K Annually,29 Locations,Engineer,General Engineer,Mid level,Engineering & R&D,,https://builtin.com/job/mojo-back-end-compiler-engineer/11463299,2026-10-02T11:06:50+02:00,Deprioritized,1,Other,Outside Prague - verify,6,R; Medior level,Location requires verification
BLT_3315,Senior System Software Engineer – Golang / Java | Distributed Systems,,"Prague, CZE",Engineer,Software Engineer,Senior level,"IT & Software, Engineering & R&D",Java,https://builtin.com/job/senior-system-software-engineer-golang-java-distributed-systems/11461938,2026-10-02T11:05:53+02:00,Deprioritized,1,Python/Software Development,Prague,6,Python/Software Development; R,Senior-level position
SJ_108081,🚀 Customer Success Manager - Samba.ai (SaaS / AI Marketing Automation),,Prague,Manager,Marketing/Brand Manager,,"AI & Machine Learning, Marketing & Communications, Customer Service",,https://www.startupjobs.cz/nabidka/108081/customer-success-manager-samba-ai-saas-ai-marketing-automation,2026-09-30T12:49:47+02:00,Deprioritized,1,Data Science & Machine Learning,Prague,7,Data Science & Machine Learning; ML/AI or modelling,Leadership/management position; Generic marketing role
JB_9472,DevOps Engineer,,Praha – Smíchov,Engineer,DevOps/SRE Engineer,,"Cloud & Infrastructure, Engineering & R&D",,https://www.jobs.cz/rpd/2001454044/,2026-09-30T11:41:37+02:00,Deprioritized,1,Other,Prague,7,R,
JB_5504,DevOps Engineer,,Praha – Karlín,Engineer,DevOps/SRE Engineer,,"Cloud & Infrastructure, Engineering & R&D",,https://www.jobs.cz/rpd/2001453673/,2026-09-30T11:31:09+02:00,Deprioritized,1,Other,Prague,7,R,
JB_5652,Cyber Security Engineer – Web & Mobile (85-105.000 Kč),85 000 – 105 000 Kč,Praha,Engineer,Security Engineer,,"Cybersecurity, Engineering & R&D",,https://www.jobs.cz/rpd/2001454277/,2026-09-30T11:20:03+02:00,Deprioritized,1,Other,Prague,7,R,
BLT_5616,Data Architect,,6 Locations,Architect,Data Architect,Expert/Leader,Data & Analytics,,https://builtin.com/job/data-architect/11423946,2026-09-30T11:06:01+02:00,Deprioritized,1,Data Engineering & Automation,Outside Prague - verify,8,Data Engineering & Automation,Senior-level position; Location requires verification
SJ_106769,Sr Software Engineer - PHP/Java,,Prague,Engineer,Software Engineer,Senior,"IT & Software, Engineering & R&D","Java, PHP",https://www.startupjobs.cz/nabidka/106769/sr-software-engineer-php-java,2026-09-29T12:28:35+02:00,Deprioritized,1,Python/Software Development,Prague,8,Python/Software Development; R,Senior-level position
JB_5518,Robotics Engineer | Robotický inženýr | Full remote (home office),,Hlavní město Praha,Engineer,Automation/Control Engineer,,Engineering & R&D,,https://www.jobs.cz/rpd/2001450727/,2026-09-29T12:00:13+02:00,Deprioritized,1,Other,Prague,8,R,
JB_9161,"DevOps / Systems Engineer (RHEL, Ansible, Kontejnery) – Remote/Hybrid",,Hlavní město Praha,Engineer,DevOps/SRE Engineer,,"Cloud & Infrastructure, IT & Software, Engineering & R&D",,https://www.jobs.cz/rpd/2001449992/,2026-09-29T11:21:06+02:00,Deprioritized,1,Other,Prague,8,R,
JB_9967,Internal Tools Engineer,,Praha – Libeň + 2 další lokality,Engineer,General Engineer,,Engineering & R&D,,https://www.jobs.cz/rpd/2001452066/,2026-09-29T11:20:17+02:00,Deprioritized,1,Other,Prague,8,R,
JB_4006,Network Engineer – Secure Access Edge / App Services,,Praha – Chodov,Engineer,Network/Infrastructure Engineer,,"Cloud & Infrastructure, Engineering & R&D",,https://www.jobs.cz/rpd/2001453273/,2026-09-29T11:11:21+02:00,Deprioritized,1,Other,Prague,8,R,
BLT_8059,Business Intelligence Analyst,,"Prague, CZE",Analyst,Data/BI Analyst,Senior level,Data & Analytics,,https://builtin.com/job/business-intelligence-analyst/11393374,2026-09-29T10:52:03+02:00,Deprioritized,1,Core Data & Analytics,Prague,9,Core Data & Analytics,Senior-level position
JB_4425,Systémová podpora logistiky / SAP specialist,45 000 – 60 000 Kč,Nymburk,Specialist,IT/Systems Specialist,,,SAP,https://www.jobs.cz/rpd/2001446426/,2026-09-26T10:21:06+02:00,Deprioritized,1,Adjacent Technical,Outside Prague - verify,12,Adjacent Technical,Location requires verification
JB_0196,DATA STEWARD (Configuration & Asset Management),,Praha – Karlín,Specialist,Data Governance/Quality Specialist,,Data & Analytics,,https://www.jobs.cz/rpd/2001446835/,2026-09-26T10:12:03+02:00,Deprioritized,1,Core Data & Analytics,Prague,12,Core Data & Analytics,Leadership/management position
BLT_7414,Quantitative Markets Engineer,,30 Locations,Engineer,General Engineer,Mid level,Engineering & R&D,,https://builtin.com/job/backend-engineer-hft-low-latency-systems/9344070,2026-09-26T10:09:59+02:00,Deprioritized,1,Other,Outside Prague - verify,12,R; Medior level,Location requires verification
SJ_107941,DevOps engineer (C/C++),,Prague,Engineer,DevOps/SRE Engineer,,"Cloud & Infrastructure, Engineering & R&D",C/C++,https://www.startupjobs.cz/nabidka/107941/devops-engineer-c-c,2026-09-25T11:52:06+02:00,Deprioritized,1,Other,Prague,12,R,
SJ_107983,Medior/Senior Backend vývojář/ka .NET – Credit Check,,Prague,Developer,Backend Developer,"Medior/Mid-level, Senior","IT & Software, Compliance & Risk",.NET,https://www.startupjobs.cz/nabidka/107983/medior-senior-backend-vyvojar-ka-net-credit-check,2026-09-25T11:52:06+02:00,Deprioritized,1,Python/Software Development,Prague,12,Python/Software Development; Medior level,Senior-level position
SJ_539171,Technický specialista pro inovace a registraci technologií Praha,,Prague,Specialist,Technical/Engineering Specialist,,Engineering & R&D,,https://www.startupjobs.cz/nabidka/106229/technicky-specialista-pro-inovace-a-registraci-technologii,2026-09-25T11:52:06+02:00,Deprioritized,1,Other,Prague,12,R,
SJ_108105,Forward Deployed Engineer,,Prague,Engineer,General Engineer,,Engineering & R&D,,https://www.startupjobs.cz/nabidka/108105/forward-deployed-engineer,2026-09-25T11:51:01+02:00,Deprioritized,1,Other,Prague,12,R,
SJ_108077,"Senior Backend Engineer, Core Services",,Prague,Engineer,Software Engineer,Senior,Engineering & R&D,,https://www.startupjobs.cz/nabidka/108077/senior-backend-engineer-core-services,2026-09-25T11:47:51+02:00,Deprioritized,1,Python/Software Development,Prague,12,Python/Software Development; R,Senior-level position
JB_5068,DEVOPS ENGINEER (K8S) SE SOFTWARE ENGINEERING BACKGROUNDEM,,Praha – Nové Město + 1 další lokalita,Engineer,DevOps/SRE Engineer,,"Cloud & Infrastructure, IT & Software, Engineering & R&D",Kubernetes,https://www.jobs.cz/rpd/2001445224/,2026-09-25T10:41:41+02:00,Deprioritized,1,Other,Prague,13,R,
JB_5146,Project Engineer - vedení výrobních projektů (m/ž),55 000 – 75 000 Kč,Praha,Engineer,Process/Industrial Engineer,,"Project & Program Management, Manufacturing & Production, Engineering & R&D",,https://www.jobs.cz/rpd/2001446228/,2026-09-25T10:31:36+02:00,Deprioritized,1,Other,Prague,13,R,
JB_4004,GitHub Platform Engineer (m/ž),,Praha – Radlice,Engineer,Cloud/Platform Engineer,,"Cloud & Infrastructure, Engineering & R&D",,https://www.jobs.cz/rpd/2001445248/,2026-09-25T10:28:50+02:00,Deprioritized,1,Other,Prague,13,R,
SJ_106595,"Art Director , který umí naplno využít AI - pro naši kreativní a marketingovou agenturu Proboston",,Prague,Manager,Marketing/Brand Manager,Executive,AI & Machine Learning,,https://www.startupjobs.cz/nabidka/106595/art-director-ktery-umi-naplno-vyuzit-ai-pro-nasi-kreativni-a-marketingovou-agenturu-proboston,2026-09-23T21:48:38+02:00,Deprioritized,1,Data Science & Machine Learning,Prague,14,Data Science & Machine Learning; ML/AI or modelling,Leadership/management position; Generic marketing role
SJ_108041,Infrastructure Engineer,,Prague,Engineer,Network/Infrastructure Engineer,,"Cloud & Infrastructure, Engineering & R&D",,https://www.startupjobs.cz/nabidka/108041/infrastructure-engineer,2026-09-23T21:48:38+02:00,Deprioritized,1,Other,Prague,14,R,
SJ_108037,Senior Software Engineer – Rust & Linux,,Prague,Engineer,Software Engineer,Senior,"IT & Software, Engineering & R&D","Rust, Linux",https://www.startupjobs.cz/nabidka/108037/senior-software-engineer-rust-linux,2026-09-23T21:45:13+02:00,Deprioritized,1,Python/Software Development,Prague,14,Python/Software Development; R,Senior-level position
JB_2118,Datový analytik senior,,Praha – Holešovice,Analyst,Data/BI Analyst,Senior,Data & Analytics,,https://www.jobs.cz/rpd/2000537771/,2026-09-23T20:07:01+02:00,Deprioritized,1,Core Data & Analytics,Prague,14,Core Data & Analytics,Senior-level position
JB_5944,Expert/ka datových analýz,,Praha – Michle,Specialist,Data/Analytics Specialist,,,,https://www.jobs.cz/rpd/2001442544/,2026-09-23T20:07:01+02:00,Deprioritized,1,Core Data & Analytics,Prague,14,Core Data & Analytics,Senior-level position
JST_2258,"Konzultant SAP – logistika (moduly MM, SD)",Navrhni si mzdu,Praha 8 Karlín,Consultant,SAP/ERP Consultant,Medior,,SAP,https://www.jobstack.it/it-job/specialista-erp/6ab281a39da00,2026-09-22T20:29:59+02:00,Deprioritized,1,Other,Prague,15,Medior level,
JST_6331,Hledá se ISO Specialista/ka na ISO a firemní certifikace (HPP),Navrhni si mzdu,Praha 8 Karlín,Specialist,General Specialist,Medior,,,https://www.jobstack.it/it-job/it-project-manager/6ab2834ce5839,2026-09-22T20:29:53+02:00,Deprioritized,1,Other,Prague,15,Medior level,
JB_9113,PLC Engineer | Industrial Automation a Control Systems | Prague | Hybrid,,Praha,Engineer,Automation/Control Engineer,,"IT & Software, Manufacturing & Production, Engineering & R&D",,https://www.jobs.cz/rpd/2001441194/,2026-09-22T20:00:13+02:00,Deprioritized,1,Other,Prague,15,R,
JB_0046,Cloud AWS & Site Reliability Engineer/ka,,Praha – Dejvice + 1 další lokalita,Engineer,DevOps/SRE Engineer,,"Cloud & Infrastructure, Engineering & R&D",AWS,https://www.jobs.cz/rpd/2001440185/,2026-09-22T19:29:19+02:00,Deprioritized,1,Other,Prague,15,R,
JB_7725,Engineer Operations for Market Risk applications,,Praha – Nové Město,Engineer,General Engineer,,"Compliance & Risk, Engineering & R&D",,https://www.jobs.cz/rpd/2001440624/,2026-09-22T19:18:17+02:00,Deprioritized,1,Other,Prague,15,R,
JB_5326,Site Reliability Engineer / DevOps & Integration Engineer,,Praha – Michle,Engineer,DevOps/SRE Engineer,,"Cloud & Infrastructure, Engineering & R&D",,https://www.jobs.cz/rpd/2001441278/,2026-09-22T19:17:40+02:00,Deprioritized,1,Other,Prague,15,R,
SJ_107965,DevOps Engineer,,Prague,Engineer,DevOps/SRE Engineer,,"Cloud & Infrastructure, Engineering & R&D",,https://www.startupjobs.cz/nabidka/107965/devops-engineer,2026-09-21T19:00:02+02:00,Deprioritized,1,Other,Prague,16,R,
JB_3263,Procesní inženýr/technolog | mzda dohodou + nadstandardní bonus!,,Hlavní město Praha,Engineer,Process/Industrial Engineer,,"HR & Recruitment, Engineering & R&D",,https://www.jobs.cz/rpd/2001412094/,2026-09-21T17:55:06+02:00,Deprioritized,1,Other,Prague,16,R,
JB_7306,Platform Automation Engineer | Budujte cloudovou platformu a self-service prostředí,,Praha,Engineer,Cloud/Platform Engineer,,"Cloud & Infrastructure, Engineering & R&D",,https://www.jobs.cz/rpd/2001416980/,2026-09-21T17:54:40+02:00,Deprioritized,1,Other,Prague,16,R,
JB_5025,IT Systems Development Engineer,,Praha – Chodov,Engineer,General Engineer,,"IT & Software, Engineering & R&D",,https://www.jobs.cz/rpd/2001438970/,2026-09-21T17:23:15+02:00,Deprioritized,1,Other,Prague,16,R,
BLT_9367,Principal Data Architect,,27 Locations,Architect,Data Architect,Expert/Leader,Data & Analytics,,https://builtin.com/job/principal-data-architect/11279168,2026-09-21T17:16:55+02:00,Deprioritized,1,Data Engineering & Automation,Outside Prague - verify,16,Data Engineering & Automation,Senior-level position; Location requires verification
SJ_107895,Full-stack Developer (medior/senior),,Prague,Developer,Full-Stack Developer,"Medior/Mid-level, Senior",IT & Software,,https://www.startupjobs.cz/nabidka/107895/full-stack-developer-medior-senior,2026-09-18T19:01:54+02:00,Deprioritized,1,Python/Software Development,Prague,19,Python/Software Development; Medior level,Senior-level position
JB_1756,DevOps Engineer,,Praha – Staré Město,Engineer,DevOps/SRE Engineer,,"Cloud & Infrastructure, Engineering & R&D",,https://www.jobs.cz/rpd/2001427683/,2026-09-18T18:17:45+02:00,Deprioritized,1,Other,Prague,19,R,
JB_5120,Senior Software Engineer,,Praha – Karlín,Engineer,Software Engineer,Senior,"IT & Software, Engineering & R&D",,https://www.jobs.cz/rpd/2001431443/,2026-09-18T18:17:45+02:00,Deprioritized,1,Python/Software Development,Prague,19,Python/Software Development; R,Senior-level position
JB_2415,DepthAI Engineer (C/C++),,Praha – Jinonice,Engineer,General Engineer,,Engineering & R&D,C/C++,https://www.jobs.cz/rpd/2001431329/,2026-09-18T18:17:27+02:00,Deprioritized,1,Other,Prague,19,R,
JB_2324,DevOps Engineer,,Praha – Libeň,Engineer,DevOps/SRE Engineer,,"Cloud & Infrastructure, Engineering & R&D",,https://www.jobs.cz/rpd/2001427404/,2026-09-18T17:40:03+02:00,Deprioritized,1,Other,Prague,19,R,
JB_0367,"API Engineer — DEK, a.s.",65 000 – 80 000 Kč,Praha – Malešice,Engineer,General Engineer,,Engineering & R&D,,https://www.jobs.cz/rpd/2001431432/,2026-09-18T13:26:32+02:00,Deprioritized,1,Other,Prague,19,R,
JB_8597,ERP & IT Application Specialist 🚀,,Rudná,Specialist,IT/Systems Specialist,,IT & Software,,https://www.jobs.cz/rpd/2001427677/,2026-09-18T13:07:43+02:00,Deprioritized,1,Adjacent Technical,Outside Prague - verify,19,Adjacent Technical,Location requires verification
JB_4241,Web Optimization Specialist (medior),,Praha – Karlín,Specialist,General Specialist,Medior/Mid-level,,,https://www.jobs.cz/rpd/2001432978/,2026-09-18T13:07:05+02:00,Deprioritized,1,Other,Prague,19,Medior level,
JB_2780,AI & Data Professional (m/ž),,Mladá Boleslav,Other,Unclassified,,"Data & Analytics, AI & Machine Learning",,https://www.jobs.cz/rpd/2001076717/,2026-09-18T13:05:31+02:00,Deprioritized,1,Data Science & Machine Learning,Outside Prague - verify,19,Data Science & Machine Learning; ML/AI or modelling,Non-target root occupation; Location requires verification
SJ_107763,Infrastructure & DevOps Engineer,,Prague,Engineer,DevOps/SRE Engineer,,"Cloud & Infrastructure, Engineering & R&D",,https://www.startupjobs.cz/nabidka/107763/infrastructure-and-devops-engineer,2026-09-17T10:45:16+02:00,Deprioritized,1,Other,Prague,21,R,
SJ_107813,Technical Support Engineer,,Prague,Engineer,General Engineer,,Engineering & R&D,,https://www.startupjobs.cz/nabidka/107813/technical-support-engineer,2026-09-17T10:44:16+02:00,Deprioritized,1,Other,Prague,21,R,
SJ_107845,Technický Support Engineer pro Linux a databáze ve FLOWBOXu,,Prague,Engineer,General Engineer,,Engineering & R&D,Linux,https://www.startupjobs.cz/nabidka/107845/technicky-support-engineer-pro-linux-a-databaze-ve-flowboxu,2026-09-17T10:44:16+02:00,Deprioritized,1,Other,Prague,21,R,
BLT_6858,"Technical Lead, Spark",,4 Locations,Manager,IT/Engineering Manager,Senior level,,Spark,https://builtin.com/job/technical-lead-spark/9706507,2026-09-17T10:31:14+02:00,Deprioritized,1,Data Engineering & Automation,Outside Prague - verify,21,Data Engineering & Automation,Senior-level position; Location requires verification
JB_9343,Inženýr/ka spolehlivosti a životního cyklu (FMECA/FTA) (m/ž/n),,Praha – Stodůlky + 1 další lokalita,Engineer,General Engineer,,Engineering & R&D,,https://www.jobs.cz/rpd/2001426648/,2026-09-15T11:14:17+02:00,Deprioritized,1,Other,Prague,22,R,
BLT_3333,Senior Backend Engineer (Integrations),,"Prague, CZE",Engineer,Software Engineer,Senior level,Engineering & R&D,,https://builtin.com/job/senior-backend-engineer-integrations/10581048,2026-09-15T10:50:34+02:00,Deprioritized,1,Python/Software Development,Prague,23,Python/Software Development; R,Senior-level position
JB_9352,Aplikační inženýr (m/ž),,Praha – Radlice,Engineer,General Engineer,,"IT & Software, Engineering & R&D",,https://www.jobs.cz/rpd/2001425287/,2026-09-15T00:17:51+02:00,Deprioritized,1,Other,Prague,23,R,
JB_6182,Network Operations Engineer,,Praha – Karlín,Engineer,Network/Infrastructure Engineer,,"Cloud & Infrastructure, Engineering & R&D",,https://www.jobs.cz/rpd/2001308564/,2026-09-15T00:08:41+02:00,Deprioritized,1,Other,Prague,23,R,
BLT_8485,Forward Deployed Engineer,150K-240K Annually,29 Locations,Engineer,General Engineer,Mid level,Engineering & R&D,,https://builtin.com/job/forward-deployed-engineer/10065077,2026-09-14T23:29:42+02:00,Deprioritized,1,Other,Outside Prague - verify,23,R; Medior level,Location requires verification
BLT_0374,Technical Designer | North America | Canada | Europe | Fully Remote,,5 Locations,Designer,Mechanical/Technical Designer,Mid level,,,https://builtin.com/job/technical-designer-north-america-canada-europe-fully-remote/10123366,2026-09-14T23:29:42+02:00,Deprioritized,1,Other,Remote/Hybrid,23,Medior level,
BLT_9842,Partner Deployed Engineer - Europe,,28 Locations,Engineer,General Engineer,Mid level,Engineering & R&D,,https://builtin.com/job/partner-deployed-engineer-london/8459684,2026-09-14T23:29:19+02:00,Deprioritized,1,Other,Outside Prague - verify,23,R; Medior level,Location requires verification
BLT_1766,Full Stack Cloud Engineer - Copenhagen Based,,26 Locations,Engineer,Cloud/Platform Engineer,Mid level,"Cloud & Infrastructure, Engineering & R&D",,https://builtin.com/job/full-stack-cloud-engineer-copenhagen-based/10600153,2026-09-14T23:29:04+02:00,Deprioritized,1,Other,Outside Prague - verify,23,R; Medior level,Location requires verification
BLT_8741,Smart Contract Engineer,,27 Locations,Engineer,General Engineer,Mid level,Engineering & R&D,,https://builtin.com/job/smart-contract-engineer/7372209,2026-09-14T23:28:55+02:00,Deprioritized,1,Other,Outside Prague - verify,23,R; Medior level,Location requires verification
BLT_1861,Database Reliability Engineer,,38 Locations,Engineer,General Engineer,Mid level,Engineering & R&D,,https://builtin.com/job/database-reliability-engineer/10304915,2026-09-14T23:28:46+02:00,Deprioritized,1,Other,Outside Prague - verify,23,R; Medior level,Location requires verification
BLT_2008,Product Engineer (Mobile) (m/f/d),,26 Locations,Engineer,General Engineer,Mid level,Engineering & R&D,,https://builtin.com/job/product-engineer-mobile-m-f-d/9646796,2026-09-14T23:28:23+02:00,Deprioritized,1,Other,Outside Prague - verify,23,R; Medior level,Location requires verification
BLT_8386,Sr. Software Engineer - Go/MongoDB (Remote),,31 Locations,Engineer,Software Engineer,Senior level,"IT & Software, Engineering & R&D",,https://builtin.com/job/sr-software-engineer-go-mongodb-remote/10419105,2026-09-14T23:28:23+02:00,Deprioritized,1,Python/Software Development,Remote/Hybrid,23,Python/Software Development; R,Senior-level position
BLT_6749,Enterprise Support Engineer,120K-200K Annually,28 Locations,Engineer,General Engineer,Mid level,Engineering & R&D,,https://builtin.com/job/enterprise-support-engineer/9646809,2026-09-14T23:28:11+02:00,Deprioritized,1,Other,Outside Prague - verify,23,R; Medior level,Location requires verification
BLT_1051,"Forward Deployed Engineer, Agentic Platform (UK/Europe)",,35 Locations,Engineer,Cloud/Platform Engineer,Mid level,"Cloud & Infrastructure, Engineering & R&D",,https://builtin.com/job/forward-deployed-engineer-agentic-platform-uk-europe/9328104,2026-09-14T23:28:11+02:00,Deprioritized,1,Other,Outside Prague - verify,23,R; Medior level,Location requires verification
BLT_6597,iOS Developer (Remote),,27 Locations,Developer,Mobile Developer,Mid level,IT & Software,,https://builtin.com/job/ios-developer-remote/10628404,2026-09-14T23:27:53+02:00,Deprioritized,1,Other,Remote/Hybrid,23,Medior level,
BLT_7887,Frontend Engineer (CZ),,"Prague, CZE",Engineer,Software Engineer,Senior level,Engineering & R&D,,https://builtin.com/job/frontend-engineer-cz/9317312,2026-09-14T23:27:07+02:00,Deprioritized,1,Python/Software Development,Prague,23,Python/Software Development; R,Senior-level position
BLT_9257,Senior Software Engineer - Flight Experience,,"Prague, CZE",Engineer,Software Engineer,Senior level,"IT & Software, Engineering & R&D",,https://builtin.com/job/senior-software-engineer-flight-experience/10555419,2026-09-14T23:27:07+02:00,Deprioritized,1,Python/Software Development,Prague,23,Python/Software Development; R,Senior-level position
BLT_7011,Staff Software Engineer,,"Prague, CZE",Engineer,Software Engineer,Senior level,"IT & Software, Engineering & R&D",,https://builtin.com/job/staff-software-engineer/10188302,2026-09-14T23:27:07+02:00,Deprioritized,1,Python/Software Development,Prague,23,Python/Software Development; R,Senior-level position
BLT_0625,"Staff Software Engineer (GOlang, Back-end) - Prague, Czechia",,"Prague, CZE",Engineer,Software Engineer,Senior level,"IT & Software, Engineering & R&D",,https://builtin.com/job/staff-software-engineer-golang-back-end-prague-czechia/9894525,2026-09-14T23:26:59+02:00,Deprioritized,1,Python/Software Development,Prague,23,Python/Software Development; R,Senior-level position
BLT_8301,"Senior Software Engineer, Core Experiences - Prague, Czech Republic",,"Prague, CZE",Engineer,Software Engineer,Senior level,"IT & Software, Engineering & R&D",,https://builtin.com/job/senior-software-engineer-core-experiences-prague-czech-republic/9248198,2026-09-14T23:26:35+02:00,Deprioritized,1,Python/Software Development,Prague,23,Python/Software Development; R,Senior-level position
BLT_4289,"Staff Full-stack Product Engineer, Growth (Prague/Brno/Remote EU)",2M-3M Annually,28 Locations,Engineer,Software Engineer,Senior level,Engineering & R&D,,https://builtin.com/job/staff-full-stack-product-engineer-growth-prague-brno-remote-eu/10854420,2026-09-14T23:26:35+02:00,Deprioritized,1,Python/Software Development,Remote/Hybrid,23,Python/Software Development; R,Senior-level position
BLT_4248,Senior Software Engineer — Real-Time Ad Serving,50K-130K Annually,"Prague, CZE",Engineer,Software Engineer,Senior level,"IT & Software, Engineering & R&D",,https://builtin.com/job/senior-software-engineer-real-time-ad-serving-liveintent-3/8996887,2026-09-14T23:26:11+02:00,Deprioritized,1,Python/Software Development,Prague,23,Python/Software Development; R,Senior-level position
JST_4986,PHP Developer,až 90 000 Kč / měsíc,Praha,Developer,General Software Developer,"Medior, Senior",IT & Software,PHP,https://www.jobstack.it/it-job/php-developer/5f0d7ca89f21d,2026-09-12T11:34:11+02:00,Deprioritized,1,Python/Software Development,Prague,25,Python/Software Development; Medior level,Senior-level position
JST_9304,Backend Software Developer - GO,až 120 000 Kč / měsíc,"Praha, Bratislava, Malaga or Remote",Developer,Backend Developer,"Medior, Senior",IT & Software,,https://www.jobstack.it/it-job/go-developer/623831b5198a6,2026-09-12T11:33:57+02:00,Deprioritized,1,Python/Software Development,Prague,25,Python/Software Development; Medior level,Senior-level position
JST_2077,IT administrator,Navrhni si mzdu,Praha,Administrator,IT Administrator,Medior,IT & Software,,https://www.jobstack.it/it-job/it-chuck-norris/6270e668b9b54,2026-09-12T11:33:57+02:00,Deprioritized,1,Other,Prague,25,Medior level,
JST_1041,Technical Support Representative,až 50 000 Kč / měsíc,"Praha 7, Remote possible",Support Specialist,Technical Support,Medior,,,https://www.jobstack.it/it-job/it-podpora/626bd5268a370,2026-09-12T11:33:57+02:00,Deprioritized,1,Other,Prague,25,Medior level,
JST_6386,Administrátor informačních systémů a DevOps,Navrhni si mzdu,Praha,Administrator,General Administrator,Medior,Cloud & Infrastructure,,https://www.jobstack.it/it-job/devops-admin/63874085f0992,2026-09-12T11:33:50+02:00,Deprioritized,1,Other,Prague,25,Medior level,
JST_3578,BACKEND DEVELOPER - 75.000 - 110.000 Kč,až 110 000 Kč / měsíc,"Hvězdova 1716/2b, Praha 4 - Pankrác",Developer,Backend Developer,"Medior, Senior, Expert",IT & Software,,https://www.jobstack.it/it-job/php-developer/63452fc30d04d,2026-09-12T11:33:50+02:00,Deprioritized,1,Python/Software Development,Prague,25,Python/Software Development; Medior level,Senior-level position
JST_9436,Backend Developer PHP,Navrhni si mzdu,Praha 6/Home Office,Developer,Backend Developer,"Medior, Senior",IT & Software,PHP,https://www.jobstack.it/it-job/web-koder/63bff210e1206,2026-09-12T11:33:50+02:00,Deprioritized,1,Python/Software Development,Prague,25,Python/Software Development; Medior level,Senior-level position
JST_6906,"Fullstack Developer - Medior, Senior, Lead (m/f/d) - Prague (CZ) or remote",až 180 000 Kč / měsíc,Praha - Remote - Hybrid,Manager,IT/Engineering Manager,"Medior, Senior, Expert",IT & Software,,https://www.jobstack.it/it-job/full-stack-developer/627a4b66cbac0,2026-09-12T11:33:50+02:00,Deprioritized,1,Python/Software Development,Prague,25,Python/Software Development; Medior level,Senior-level position
JST_3277,Head of Data/Senior Data Engineer for global SaaS business (remote),až 130 000 Kč / měsíc,Remote/Praha/Bratislava,Manager,Data/AI Manager,"Senior, Expert","Data & Analytics, Engineering & R&D",,https://www.jobstack.it/it-job/data-dwh-bigdata-developer/636def1b6c038,2026-09-12T11:33:50+02:00,Deprioritized,1,Data Engineering & Automation,Prague,25,Data Engineering & Automation; R; ML/AI or modelling,Senior-level position; Leadership/management position
JST_3764,Medior Backend Developer,až 100 000 Kč / měsíc,Praha,Developer,Backend Developer,"Medior, Senior",IT & Software,,https://www.jobstack.it/it-job/php-developer/61ead4a041c55,2026-09-12T11:33:50+02:00,Deprioritized,1,Python/Software Development,Prague,25,Python/Software Development; Medior level,Senior-level position
JST_2255,Back-end developer C#/.Net,až 130 000 Kč / měsíc,Praha,Developer,Backend Developer,"Medior, Senior",IT & Software,,https://www.jobstack.it/it-job/dot-net-developer/64ec84f9166b7,2026-09-12T11:33:42+02:00,Deprioritized,1,Python/Software Development,Prague,25,Python/Software Development; Medior level,Senior-level position
JST_7243,⋙Senior Java developer s možností vedení týmu⋘,Navrhni si mzdu,praha,Developer,General Software Developer,"Medior, Senior, Expert",IT & Software,Java,https://www.jobstack.it/it-job/analytik/64dcdd73d2c8c,2026-09-12T11:33:42+02:00,Deprioritized,1,Python/Software Development,Prague,25,Python/Software Development; Medior level,Senior-level position
JST_9294,IT Risk Specialist (f/m/d),Nadstandardní,"Prague, Sokolovská 662, 186 00 Praha 8-Invalidovna, Česko",Specialist,Compliance/AML Specialist,Medior,"IT & Software, Compliance & Risk",,https://www.jobstack.it/it-job/specialista-it-securita/65dc46998a9d1,2026-09-12T11:33:28+02:00,Deprioritized,1,Other,Prague,25,Medior level,
JST_7344,BI Data Engineer – Tech Lead (f/m),až 200 000 Kč / měsíc,Praha,Manager,Data/AI Manager,Senior,"Data & Analytics, Engineering & R&D",,https://www.jobstack.it/it-job/specialista-data-bi-dwh-bigdata/688a23675a6cf,2026-09-12T11:33:16+02:00,Deprioritized,1,Data Engineering & Automation,Prague,25,Data Engineering & Automation; R; ML/AI or modelling,Senior-level position; Leadership/management position
JST_6907,London based startup looks for a Medior to Senior RoR dev,až 80 000 Kč / měsíc,"Praha 6 - Petřiny, hybrid",Developer,General Software Developer,"Medior, Senior",,,https://www.jobstack.it/it-job/python-developer/654a4093d28af,2026-09-12T11:33:16+02:00,Deprioritized,1,Python/Software Development,Prague,25,Python/Software Development; Medior level,Senior-level position
JST_3763,⋙Business Analytik - zajímavé zahraniční projekty⋘,Navrhni si mzdu,Praha,Analyst,Business/Process Analyst,"Medior, Senior","Data & Analytics, Project & Program Management",,https://www.jobstack.it/it-job/analytik/693294e3ca7dc,2026-09-12T11:33:02+02:00,Deprioritized,1,Business/Product Analysis,Prague,25,Business/Product Analysis; Medior level,Senior-level position
JST_9725,Java Developer (Praha),až 120 000 Kč / měsíc,Java Developer (Praha),Developer,General Software Developer,"Medior, Senior, Expert",IT & Software,Java,https://www.jobstack.it/it-job/react-developer/6a2bb632bc5c6,2026-09-12T11:32:53+02:00,Deprioritized,1,Python/Software Development,Prague,25,Python/Software Development; Medior level,Senior-level position
JST_5857,Vývojář C# pro eWay-CRM,až 100 000 Kč / měsíc,"Záběhlice, Praha",Developer,Enterprise Applications Developer,"Medior, Senior, Expert",IT & Software,C#,https://www.jobstack.it/it-job/dot-net-developer/678a2dbcd43ed,2026-09-12T11:32:53+02:00,Deprioritized,1,Python/Software Development,Prague,25,Python/Software Development; Medior level,Senior-level position
JST_7328,embedded C vývojář,až 65 000 Kč / měsíc,Praha 10,Developer,Embedded/Systems Developer,"Medior, Senior",IT & Software,,https://www.jobstack.it/it-job/c-cplusplus-developer/6a398e0a9970f,2026-09-12T11:32:42+02:00,Deprioritized,1,Python/Software Development,Prague,25,Python/Software Development; Medior level,Senior-level position
JST_7945,Full stack web developer/ka (ASP.NET + Vue.js) pro Scormium,až 130 000 Kč / měsíc,Praha - Karlín,Developer,Full-Stack Developer,"Medior, Senior, Expert",IT & Software,JavaScript,https://www.jobstack.it/it-job/full-stack-developer/691eeee3a1d4a,2026-09-12T11:32:36+02:00,Deprioritized,1,Python/Software Development,Prague,25,Python/Software Development; Medior level,Senior-level position
JST_6436,IT Analytik,až 80 000 Kč / měsíc,"Žitomírská 599/38, Praha 10",Analyst,IT/Systems Analyst,"Medior, Senior","Data & Analytics, IT & Software",,https://www.jobstack.it/it-job/analytik/6567a8d43dbde,2026-09-12T11:32:36+02:00,Deprioritized,1,Business/Product Analysis,Prague,25,Business/Product Analysis; Medior level,Senior-level position
JST_7402,Hledáme šikovného medior | senior IT analytika na stabilní dlouhodobý projekt,až 110 000 Kč / měsíc,Praha,Analyst,IT/Systems Analyst,"Medior, Senior","Data & Analytics, IT & Software, Project & Program Management",,https://www.jobstack.it/it-job/analytik/69cd4b094f6d9,2026-09-12T11:32:21+02:00,Deprioritized,1,Business/Product Analysis,Prague,25,Business/Product Analysis; Medior level,Senior-level position
JST_8885,KONZULTANT – SYSTÉMOVÝ A PROCESNÍ ANALYTIK,až 80 000 Kč / měsíc,Praha,Analyst,IT/Systems Analyst,"Medior, Senior",Data & Analytics,,https://www.jobstack.it/it-job/procesni-analytik/65b9426f7dbf7,2026-09-12T11:32:21+02:00,Deprioritized,1,Business/Product Analysis,Prague,25,Business/Product Analysis; Medior level,Senior-level position
SJ_106865,Embedded Software Developer - medior/senior,,Prague,Developer,Embedded/Systems Developer,"Medior/Mid-level, Senior",IT & Software,,https://www.startupjobs.cz/nabidka/106865/embedded-software-developer-medior-senior,2026-09-12T11:10:13+02:00,Deprioritized,1,Python/Software Development,Prague,25,Python/Software Development; Medior level,Senior-level position
SJ_106875,"Platform Engineer - Operations & Reliability | On-site or Hybrid (Prague, Brno)",,Prague,Engineer,Cloud/Platform Engineer,,"Cloud & Infrastructure, Engineering & R&D",,https://www.startupjobs.cz/nabidka/106875/platform-engineer-operations-and-reliability-on-site-or-hybrid-prague-brno,2026-09-12T11:09:08+02:00,Deprioritized,1,Other,Prague,25,R,
SJ_106879,⭐ IT Aplikační inženýr - ČSOB CEB,,Prague,Engineer,General Engineer,,"IT & Software, Engineering & R&D",,https://www.startupjobs.cz/nabidka/106879/it-aplikacni-inzenyr-csob-ceb,2026-09-12T11:09:08+02:00,Deprioritized,1,Other,Prague,25,R,
SJ_107005,Engineering Lead,,Prague,Manager,IT/Engineering Manager,Lead/Head,Engineering & R&D,,https://www.startupjobs.cz/nabidka/107005/engineering-lead,2026-09-12T11:08:03+02:00,Deprioritized,1,Other,Prague,26,R,
SJ_107225,DevOps Engineer,,Prague,Engineer,DevOps/SRE Engineer,,"Cloud & Infrastructure, Engineering & R&D",,https://www.startupjobs.cz/nabidka/107225/devops-engineer,2026-09-12T11:04:53+02:00,Deprioritized,1,Other,Prague,26,R,
SJ_106185,Product Discovery & Prototyping Engineer,,Prague,Engineer,General Engineer,,Engineering & R&D,,https://www.startupjobs.cz/nabidka/106185/product-discovery-prototyping-engineer,2026-09-12T11:04:53+02:00,Deprioritized,1,Other,Prague,26,R,
SJ_106219,Site Reliability Engineer,,Prague,Engineer,DevOps/SRE Engineer,,Engineering & R&D,,https://www.startupjobs.cz/nabidka/106219/site-reliability-engineer,2026-09-12T11:04:53+02:00,Deprioritized,1,Other,Prague,26,R,
SJ_107283,Hardware & Embedded Engineer,,Prague,Engineer,Electrical/Electronics Engineer,,Engineering & R&D,,https://www.startupjobs.cz/nabidka/107283/hardware-and-embedded-engineer,2026-09-12T11:03:48+02:00,Deprioritized,1,Other,Prague,26,R,
SJ_103567,Senior Product Manager (AI solutions),,Prague,Manager,Data/AI Manager,Senior,"AI & Machine Learning, Product Management",,https://www.startupjobs.cz/nabidka/103567/senior-product-manager-ai-solutions,2026-09-12T11:03:48+02:00,Deprioritized,1,Data Science & Machine Learning,Prague,26,Data Science & Machine Learning; ML/AI or modelling,Senior-level position; Leadership/management position
SJ_107249,🖤💛 Developer Experience Engineer | 200K+ devices. 60+ HW platforms. One ecosystem. 🚀,,Prague,Engineer,Electrical/Electronics Engineer,,"IT & Software, Engineering & R&D",,https://www.startupjobs.cz/nabidka/107249/developer-experience-engineer-200k-devices-60-hw-platforms-one-ecosystem,2026-09-12T11:03:48+02:00,Deprioritized,1,Other,Prague,26,R,
SJ_36746,🐧 Linux server administrator / DevOps Engineer pro globální infrastrukturu,,Prague,Administrator,Network/Infrastructure Administrator,,"Cloud & Infrastructure, Engineering & R&D",Linux,https://www.startupjobs.cz/nabidka/36746/linux-server-administrator-devops-engineer-pro-globalni-infrastrukturu,2026-09-12T11:02:48+02:00,Deprioritized,1,Other,Prague,26,R,
SJ_107397,DevOps Engineer,,Prague,Engineer,DevOps/SRE Engineer,,"Cloud & Infrastructure, Engineering & R&D",,https://www.startupjobs.cz/nabidka/107397/devops-engineer,2026-09-12T11:01:43+02:00,Deprioritized,1,Other,Prague,26,R,
SJ_107427,Enterprise Mobility Engineer (F/M),,Prague,Engineer,General Engineer,,"Engineering & R&D, Automotive & Mobility",,https://www.startupjobs.cz/nabidka/107427/enterprise-mobility-engineer-f-m,2026-09-12T11:00:38+02:00,Deprioritized,1,Other,Prague,26,R,
SJ_107545,Platform Engineer (HealthTech),,Prague,Engineer,Cloud/Platform Engineer,,"Cloud & Infrastructure, Engineering & R&D, Healthcare & Pharma",,https://www.startupjobs.cz/nabidka/107545/platform-engineer-healthtech,2026-09-12T10:58:33+02:00,Deprioritized,1,Other,Prague,26,R,
SJ_107587,Platform Reliability Engineer,,Prague,Engineer,Cloud/Platform Engineer,,"Cloud & Infrastructure, Engineering & R&D",,https://www.startupjobs.cz/nabidka/107587/platform-reliability-engineer,2026-09-12T10:57:33+02:00,Deprioritized,1,Other,Prague,26,R,
SJ_105797,Forward Deployed Engineer,,Prague,Engineer,General Engineer,,Engineering & R&D,,https://www.startupjobs.cz/nabidka/105797/forward-deployed-engineer,2026-09-12T10:55:23+02:00,Deprioritized,1,Other,Prague,26,R,
SJ_70217,Senior Software Engineer | Backend / Full-Stack | E-commerce SaaS,,Prague,Engineer,Software Engineer,Senior,"IT & Software, Engineering & R&D, Retail & E-commerce",,https://www.startupjobs.cz/nabidka/70217/senior-software-engineer-backend-full-stack-e-commerce-saas,2026-09-12T10:46:32+02:00,Deprioritized,1,Python/Software Development,Prague,26,Python/Software Development; R,Senior-level position
SJ_107223,(Senior) Trading Data Analyst pro greentech startup Delta Green ⚡,,Prague,Analyst,Data/BI Analyst,Senior,Data & Analytics,,https://www.startupjobs.cz/nabidka/107223/senior-trading-data-analyst-pro-greentech-startup-delta-green,2026-09-12T10:43:17+02:00,Deprioritized,1,Core Data & Analytics,Prague,26,Core Data & Analytics,Senior-level position
SJ_107261,BI Engineer,,Prague,Engineer,General Engineer,,"Data & Analytics, Engineering & R&D",,https://www.startupjobs.cz/nabidka/107261/bi-engineer,2026-09-12T10:43:17+02:00,Deprioritized,1,Other,Prague,26,R,
SJ_107287,Control & State Estimation Engineer,,Prague,Engineer,Automation/Control Engineer,,Engineering & R&D,,https://www.startupjobs.cz/nabidka/107287/control-and-state-estimation-engineer,2026-09-12T10:43:17+02:00,Deprioritized,1,Other,Prague,26,R,
SJ_106487,Senior/Staff Software Engineer Backend,,Prague,Engineer,Software Engineer,Senior,"IT & Software, Engineering & R&D",,https://www.startupjobs.cz/nabidka/106487/senior-staff-software-engineer-backend,2026-09-12T10:43:17+02:00,Deprioritized,1,Python/Software Development,Prague,26,Python/Software Development; R,Senior-level position
SJ_106691,Mobile Reverse Engineer – Android,,Prague,Engineer,General Engineer,,Engineering & R&D,,https://www.startupjobs.cz/nabidka/106691/mobile-reverse-engineer-android,2026-09-11T23:07:28+02:00,Deprioritized,1,Other,Prague,26,R,
SJ_107521,Senior Backend Engineer (Laravel),,Prague,Engineer,Software Engineer,Senior,Engineering & R&D,,https://www.startupjobs.cz/nabidka/107521/senior-backend-engineer-laravel,2026-09-11T23:07:28+02:00,Deprioritized,1,Python/Software Development,Prague,26,Python/Software Development; R,Senior-level position
SJ_107591,Senior Backend Engineer for Foundation group,,Prague,Engineer,Software Engineer,Senior,Engineering & R&D,,https://www.startupjobs.cz/nabidka/107591/senior-backend-engineer-for-foundation-group,2026-09-11T23:07:28+02:00,Deprioritized,1,Python/Software Development,Prague,26,Python/Software Development; R,Senior-level position
SJ_104595,"🖤💛 Backend Engineer | Build Infrastructure, Not Another SaaS 🚀",,Prague,Engineer,Network/Infrastructure Engineer,,"Cloud & Infrastructure, Engineering & R&D",,https://www.startupjobs.cz/nabidka/104595/backend-engineer-build-infrastructure-not-another-saas,2026-09-11T23:07:28+02:00,Deprioritized,1,Other,Prague,26,R,
JB_8541,Inženýr/ka spolehlivosti a životního cyklu (FMECA/FTA) (m/ž/n),,Praha – Stodůlky + 1 další lokalita,Engineer,General Engineer,,Engineering & R&D,,https://www.jobs.cz/rpd/2001396700/,2026-09-11T17:32:32+02:00,Deprioritized,1,Other,Prague,26,R,
JB_6134,💬 Péče o stálé klienty bez aktivního navolávání & ruční testování aplikací,32 000 Kč,Kolín – Kolín IV,Tester,Manual Software Tester,,"IT & Software, Customer Service",,https://www.jobs.cz/rpd/2001420975/,2026-09-11T17:20:41+02:00,Deprioritized,1,Adjacent Technical,Outside Prague - verify,26,Adjacent Technical,Location requires verification
JB_3066,INŽENÝR KVALITY VE VÝVOJI (PLASTOVÉ DÍLY PRO LUXUSNÍ AUTA),,okres Hlavní město Praha,Engineer,General Engineer,,"Engineering & R&D, Quality & Safety",,https://www.jobs.cz/rpd/2001414970/,2026-09-11T17:11:01+02:00,Deprioritized,1,Other,Prague,26,R,
JB_8333,Digital Innovation Specialist,,Praha – Krč,Specialist,General Specialist,,Engineering & R&D,,https://www.jobs.cz/rpd/2001379609/,2026-09-11T17:03:00+02:00,Deprioritized,1,Other,Prague,26,R,
JB_4182,***Developer Experience Engineer (DevEx)***,90 000 – 115 000 Kč,Praha,Engineer,General Engineer,,"IT & Software, Engineering & R&D",,https://www.jobs.cz/rpd/2001390588/,2026-09-11T17:02:50+02:00,Deprioritized,1,Other,Prague,26,R,
JB_1117,ICT Infrastructure Engineer/Technician (síťař),50 000 – 80 000 Kč,Praha – Nusle,Engineer,Network/Infrastructure Engineer,,"Cloud & Infrastructure, IT & Software, Engineering & R&D",,https://www.jobs.cz/rpd/2001406128/,2026-09-11T17:02:50+02:00,Deprioritized,1,Other,Prague,26,R,
JB_5560,Senior SW engineer_iOS pro Native Labs,,Praha – Krč,Engineer,Software Engineer,Senior,Engineering & R&D,,https://www.jobs.cz/rpd/2001407874/,2026-09-11T17:02:50+02:00,Deprioritized,1,Python/Software Development,Prague,26,Python/Software Development; R,Senior-level position
JB_2931,Electronic Engineer - stávající produkty,,Praha – Modřany,Engineer,Electrical/Electronics Engineer,,Engineering & R&D,,https://www.jobs.cz/rpd/2001356047/,2026-09-11T17:02:39+02:00,Deprioritized,1,Other,Prague,26,R,
JB_5645,Genesys Cloud CX Engineer | remote from CZ & SK,,Praha,Engineer,Cloud/Platform Engineer,,"Cloud & Infrastructure, Engineering & R&D",,https://www.jobs.cz/rpd/2001372248/,2026-09-11T17:02:39+02:00,Deprioritized,1,Other,Prague,26,R,
JB_8898,Software Engineer (SRE),75 000 – 85 000 Kč,Praha – Krč,Engineer,DevOps/SRE Engineer,,"Cloud & Infrastructure, IT & Software, Engineering & R&D",,https://www.jobs.cz/rpd/2001415477/,2026-09-11T17:02:39+02:00,Deprioritized,1,Other,Prague,26,R,
JB_4234,Cloud DevOps Engineer,,Praha – Chodov,Engineer,DevOps/SRE Engineer,,"Cloud & Infrastructure, Engineering & R&D",,https://www.jobs.cz/rpd/2001396188/,2026-09-11T17:01:31+02:00,Deprioritized,1,Other,Prague,26,R,
JB_6516,Software Tester (m/f/d) Mobile Online Services,,Středočeský kraj,Tester,Mobile/Web Tester,,IT & Software,,https://www.jobs.cz/rpd/2001378812/,2026-09-11T17:01:31+02:00,Deprioritized,1,Adjacent Technical,Outside Prague - verify,26,Adjacent Technical,Location requires verification
JB_5142,Automation Engineer – Enterprise Scheduling & Workload Automation,,Praha – Michle,Engineer,Automation/Control Engineer,,Engineering & R&D,,https://www.jobs.cz/rpd/2001333293/,2026-09-11T17:01:17+02:00,Deprioritized,1,Other,Prague,26,R,
JB_3825,Functional Safety and Cyber Security Engineer,,Praha,Engineer,Automotive/Safety Engineer,,"Cybersecurity, Engineering & R&D, Quality & Safety",,https://www.jobs.cz/rpd/2001416917/,2026-09-11T16:55:12+02:00,Deprioritized,1,Other,Prague,26,R,
JB_5236,Aplikační inženýr pro Acquiring (m/ž),,Hlavní město Praha,Engineer,General Engineer,,"IT & Software, Engineering & R&D",,https://www.jobs.cz/rpd/2001376073/,2026-09-11T16:54:10+02:00,Deprioritized,1,Other,Prague,26,R,
JB_9656,DevOps Engineer ☁️,,Praha – Smíchov,Engineer,DevOps/SRE Engineer,,"Cloud & Infrastructure, Engineering & R&D",,https://www.jobs.cz/rpd/2001381254/,2026-09-11T16:54:10+02:00,Deprioritized,1,Other,Prague,26,R,
JB_4642,Konzultant/Konzultantka firemního systému,,Příbram – Příbram II,Consultant,IT/Technology Consultant,,,,https://www.jobs.cz/rpd/2001419527/,2026-09-11T16:44:56+02:00,Deprioritized,1,Adjacent Technical,Outside Prague - verify,26,Adjacent Technical,Location requires verification
JB_8936,Specialista digitalizace výroby (MES / SCADA / ERP) – Kolín,50 000 – 60 000 Kč,Kolín – Sendražice,Specialist,IT/Systems Specialist,,Manufacturing & Production,,https://www.jobs.cz/rpd/2001386802/,2026-09-11T16:31:10+02:00,Deprioritized,1,Adjacent Technical,Outside Prague - verify,26,Adjacent Technical,Location requires verification
JB_0564,TESTER/-KA / TEST KOORDINÁTOR/-KA (automotive),45 000 – 60 000 Kč,Mladá Boleslav,Tester,Automotive/Embedded Tester,,Automotive & Mobility,,https://www.jobs.cz/rpd/2001387116/,2026-09-11T16:31:10+02:00,Deprioritized,1,Adjacent Technical,Outside Prague - verify,26,Adjacent Technical,Location requires verification
JB_5930,IT Aplikační inženýr - ČSOB CEB (m/ž),,Hlavní město Praha,Engineer,General Engineer,,"IT & Software, Engineering & R&D",,https://www.jobs.cz/rpd/2001361141/,2026-09-11T16:31:03+02:00,Deprioritized,1,Other,Prague,26,R,
JB_7102,QA TECHNIK - AUTOMOTIVE,,Kladno – Kročehlavy,Technician,Quality/Test Technician,,"Quality & Safety, Automotive & Mobility",,https://www.jobs.cz/rpd/2001358647/,2026-09-11T16:30:24+02:00,Deprioritized,1,Adjacent Technical,Outside Prague - verify,26,Adjacent Technical,Location requires verification
JB_9055,DevOps Engineer for R&D department,120 000 – 140 000 Kč,Praha,Engineer,DevOps/SRE Engineer,,"Cloud & Infrastructure, Engineering & R&D",,https://www.jobs.cz/rpd/2001394489/,2026-09-11T16:30:10+02:00,Deprioritized,1,Other,Prague,26,R,
JB_3948,Platform Engineer (DevOps SRE Infra),,Praha – Dejvice,Engineer,DevOps/SRE Engineer,,"Cloud & Infrastructure, Engineering & R&D",,https://www.jobs.cz/rpd/2001401101/,2026-09-11T16:30:10+02:00,Deprioritized,1,Other,Prague,26,R,
JB_7469,SW inženýr/ka řízení trakce lokomotiv (m/ž/n),,Praha – Stodůlky + 2 další lokality,Engineer,Automation/Control Engineer,,Engineering & R&D,,https://www.jobs.cz/rpd/2001396697/,2026-09-11T16:29:58+02:00,Deprioritized,1,Other,Prague,26,R,
JB_5959,Automotive CI/CD Engineer (DevOps),,Praha + 2 další lokality,Engineer,DevOps/SRE Engineer,,"Cloud & Infrastructure, Engineering & R&D, Automotive & Mobility",,https://www.jobs.cz/rpd/2001138157/,2026-09-11T16:29:50+02:00,Deprioritized,1,Other,Prague,26,R,
JB_2268,Inženýr testovacích systémů,,Praha – Stodůlky + 2 další lokality,Engineer,General Engineer,,Engineering & R&D,,https://www.jobs.cz/rpd/2001134278/,2026-09-11T16:29:50+02:00,Deprioritized,1,Other,Prague,26,R,
JB_9206,⋙ Product Security Engineer | Projekty udržitelnosti | švédská kultura ⋘,,Praha,Engineer,Security Engineer,,"Cybersecurity, Project & Program Management, Engineering & R&D",,https://www.jobs.cz/rpd/2001410858/,2026-09-11T16:29:50+02:00,Deprioritized,1,Other,Prague,26,R,
JB_2163,⋙ Product Security Engineer ⋘,,Praha,Engineer,Security Engineer,,"Cybersecurity, Engineering & R&D",,https://www.jobs.cz/rpd/2001094988/,2026-09-11T16:29:50+02:00,Deprioritized,1,Other,Prague,26,R,
JB_0771,Electrical Installation Planning Engineer,,Praha – Nusle,Engineer,Electrical/Electronics Engineer,,Engineering & R&D,,https://www.jobs.cz/rpd/2001398450/,2026-09-11T16:29:24+02:00,Deprioritized,1,Other,Prague,26,R,
JB_2034,Process Engineer – Flour Milling Industry,,Praha – Nusle,Engineer,Process/Industrial Engineer,,Engineering & R&D,,https://www.jobs.cz/rpd/2000594634/,2026-09-11T16:29:24+02:00,Deprioritized,1,Other,Prague,26,R,
JB_3866,Systémový administrátor / DevOps inženýr,,Praha,Administrator,Systems/Server Administrator,,"Cloud & Infrastructure, Engineering & R&D",,https://www.jobs.cz/rpd/2001408333/,2026-09-11T16:29:24+02:00,Deprioritized,1,Other,Prague,26,R,
JB_1620,Commissioning Process Engineer,,Praha – Nusle,Engineer,Process/Industrial Engineer,,Engineering & R&D,,https://www.jobs.cz/rpd/2000594659/,2026-09-11T16:20:20+02:00,Deprioritized,1,Other,Prague,26,R,
JB_8796,Design Engineer - IT infrastructure,,Praha – Veleslavín,Engineer,Network/Infrastructure Engineer,,"Cloud & Infrastructure, IT & Software, Engineering & R&D",,https://www.jobs.cz/rpd/2001371696/,2026-09-11T16:20:20+02:00,Deprioritized,1,Other,Prague,26,R,
JB_7515,Mechanical Engineer (Design Engineer),,Praha – Nusle,Engineer,Mechanical/Automotive Engineer,,Engineering & R&D,,https://www.jobs.cz/rpd/2001364187/,2026-09-11T16:20:20+02:00,Deprioritized,1,Other,Prague,26,R,
JB_2846,Service Engineer Production Printing/Servisní technik pro Produkční stroje - střední Čechy,,Praha – Michle,Engineer,Mechanical/Automotive Engineer,,"Manufacturing & Production, Engineering & R&D",,https://www.jobs.cz/rpd/2001412095/,2026-09-11T16:20:20+02:00,Deprioritized,1,Other,Prague,26,R,
JB_7410,Data Center Facility Engineer - provoz a rozvoj kritické infrastruktury datových center,,Praha – Žižkov,Engineer,Network/Infrastructure Engineer,,"Data & Analytics, Cloud & Infrastructure, Engineering & R&D",,https://www.jobs.cz/rpd/2001333068/,2026-09-11T16:20:07+02:00,Deprioritized,1,Other,Prague,26,R,
JB_6829,DevOps Engineer for Entitlement Server (f/m),,Praha – Chodov,Engineer,DevOps/SRE Engineer,,"Cloud & Infrastructure, Engineering & R&D",,https://www.jobs.cz/rpd/2000781499/,2026-09-11T16:20:07+02:00,Deprioritized,1,Other,Prague,26,R,
JB_8719,Lead Quotation Engineer - Automation,,Praha – Nusle,Manager,IT/Engineering Manager,Lead/Head,Engineering & R&D,,https://www.jobs.cz/rpd/1616961138/,2026-09-11T16:20:06+02:00,Deprioritized,1,Other,Prague,26,R,
JB_6835,Front line Sales Engineer,,Praha – Strašnice + 1 další lokalita,Engineer,General Engineer,,"Sales & Business Development, Engineering & R&D",,https://www.jobs.cz/rpd/2001385278/,2026-09-11T16:19:30+02:00,Deprioritized,1,Other,Prague,26,R,
JB_3233,Middle/Senior C# Developer,,Praha – Karlín,Developer,General Software Developer,"Medior/Mid-level, Senior",IT & Software,C#,https://www.jobs.cz/rpd/2000258539/,2026-09-11T16:19:30+02:00,Deprioritized,1,Python/Software Development,Prague,26,Python/Software Development; Medior level,Senior-level position
JB_9659,PRE-SALES SUPPORT ENGINEER,70 000 – 75 000 Kč,Hlavní město Praha + 2 další lokality,Engineer,General Engineer,,"Sales & Business Development, Engineering & R&D",,https://www.jobs.cz/rpd/2001408045/,2026-09-11T16:19:15+02:00,Deprioritized,1,Other,Prague,26,R,
JB_6950,Network managed service engineer (L3),,Praha – Krč,Engineer,Network/Infrastructure Engineer,,"Cloud & Infrastructure, Engineering & R&D",,https://www.jobs.cz/rpd/2001421301/,2026-09-11T16:19:02+02:00,Deprioritized,1,Other,Prague,26,R,
JB_9928,DevOps Engineer,,Praha,Engineer,DevOps/SRE Engineer,,"Cloud & Infrastructure, Engineering & R&D",,https://www.jobs.cz/rpd/2001390361/,2026-09-11T16:18:49+02:00,Deprioritized,1,Other,Prague,26,R,
JB_6677,Process Engineer,,Praha – Libeň,Engineer,Process/Industrial Engineer,,Engineering & R&D,,https://www.jobs.cz/rpd/2001421217/,2026-09-11T16:18:49+02:00,Deprioritized,1,Other,Prague,26,R,
JB_2108,System Engineer for a RAN Automation and Control Platform (f/m),,Praha – Chodov,Engineer,Cloud/Platform Engineer,,"Cloud & Infrastructure, IT & Software, Engineering & R&D",,https://www.jobs.cz/rpd/2001317185/,2026-09-11T16:18:40+02:00,Deprioritized,1,Other,Prague,26,R,
JB_8226,SAP Services s.r.o. | Events & Sponsorships Buyer,,Praha – Stodůlky,Specialist,Procurement Specialist,,Procurement,SAP,https://www.jobs.cz/rpd/2001280838/,2026-09-11T16:18:26+02:00,Deprioritized,1,Other,Prague,26,R,
JB_1247,L1 Network Support Engineer (24/7),,Praha – Krč,Engineer,Network/Infrastructure Engineer,,"Cloud & Infrastructure, Engineering & R&D",,https://www.jobs.cz/rpd/2001311218/,2026-09-11T16:18:18+02:00,Deprioritized,1,Other,Prague,26,R,
JB_5270,Technical Configurator Engineer – Automation,,Praha – Nusle,Engineer,Automation/Control Engineer,,Engineering & R&D,,https://www.jobs.cz/rpd/2001097999/,2026-09-11T16:18:18+02:00,Deprioritized,1,Other,Prague,26,R,
JB_7141,DevOps Engineer (m/ž),,Praha + 2 další lokality,Engineer,DevOps/SRE Engineer,,"Cloud & Infrastructure, Engineering & R&D",,https://www.jobs.cz/rpd/2000443892/,2026-09-11T16:18:03+02:00,Deprioritized,1,Other,Prague,26,R,
JB_9556,IT aplikační inženýr (m/ž),,Praha – Radlice,Engineer,General Engineer,,"IT & Software, Engineering & R&D",,https://www.jobs.cz/rpd/2001407920/,2026-09-11T16:18:03+02:00,Deprioritized,1,Other,Prague,26,R,
JB_9924,Platform Engineer,,Praha – Libeň,Engineer,Cloud/Platform Engineer,,"Cloud & Infrastructure, Engineering & R&D",,https://www.jobs.cz/rpd/2001004375/,2026-09-11T16:18:03+02:00,Deprioritized,1,Other,Prague,26,R,
JB_4823,IT Projekty SAP FI pro VW (m/ž),,Mladá Boleslav – Mladá Boleslav II,Specialist,IT/Systems Specialist,,"IT & Software, Project & Program Management",SAP,https://www.jobs.cz/rpd/2001316528/,2026-09-11T16:17:54+02:00,Deprioritized,1,Adjacent Technical,Outside Prague - verify,26,Adjacent Technical,Location requires verification
JB_1254,IT System Engineer Linux (Remote Work - all CZ),,Praha – Libeň,Engineer,General Engineer,,"IT & Software, Engineering & R&D",Linux,https://www.jobs.cz/rpd/2001396751/,2026-09-11T16:17:54+02:00,Deprioritized,1,Other,Prague,26,R,
JB_3747,Network Security Engineer (L3) - Dutch Speaker,,Praha – Krč,Engineer,Security Engineer,,"Cybersecurity, Cloud & Infrastructure, Engineering & R&D",,https://www.jobs.cz/rpd/2001317404/,2026-09-11T16:17:54+02:00,Deprioritized,1,Other,Prague,26,R,
JB_9315,SIEM Engineer – Cyber Security (f/m),,Praha – Chodov + 2 další lokality,Engineer,Security Engineer,,"Cybersecurity, Engineering & R&D",,https://www.jobs.cz/rpd/2001171477/,2026-09-11T16:17:54+02:00,Deprioritized,1,Other,Prague,26,R,
JB_5736,Network managed services engineer (L2),,Praha – Krč,Engineer,Network/Infrastructure Engineer,,"Cloud & Infrastructure, Engineering & R&D",,https://www.jobs.cz/rpd/2001380720/,2026-09-11T16:17:46+02:00,Deprioritized,1,Other,Prague,26,R,
JB_9332,Cloud Platform Engineer,,Praha – Libeň,Engineer,Cloud/Platform Engineer,,"Cloud & Infrastructure, Engineering & R&D",,https://www.jobs.cz/rpd/2001358554/,2026-09-11T16:17:36+02:00,Deprioritized,1,Other,Prague,26,R,
JB_7351,Digital Manufacturing Engineer (Software RM) - (m/f/d),,Praha – Stodůlky + 1 další lokalita,Engineer,Process/Industrial Engineer,,"IT & Software, Manufacturing & Production, Engineering & R&D",,https://www.jobs.cz/rpd/2001405121/,2026-09-11T16:17:36+02:00,Deprioritized,1,Other,Prague,26,R,
JB_6359,IT Odborný Specialista,,Benešov,Specialist,IT/Systems Specialist,,IT & Software,,https://www.jobs.cz/rpd/2001394405/,2026-09-11T16:17:36+02:00,Deprioritized,1,Adjacent Technical,Outside Prague - verify,26,Adjacent Technical,Location requires verification
JB_6654,Engineering Lead pro Direct Auto,,Praha – Holešovice,Manager,IT/Engineering Manager,Lead/Head,Engineering & R&D,,https://www.jobs.cz/rpd/2001380677/,2026-09-11T16:11:17+02:00,Deprioritized,1,Other,Prague,26,R,
JB_2071,ServiceNow Security Operations Engineer,,Praha – Nové Město,Engineer,Security Engineer,,"Cybersecurity, Engineering & R&D",ServiceNow,https://www.jobs.cz/rpd/2001317006/,2026-09-11T16:11:17+02:00,Deprioritized,1,Other,Prague,26,R,
JB_0199,ICT – Azure/On-prem DevOps Engineer - Olomouc/ Praha,,Praha – Karlín + 1 další lokalita,Engineer,DevOps/SRE Engineer,,"Cloud & Infrastructure, IT & Software, Engineering & R&D",Azure,https://www.jobs.cz/rpd/2001258676/,2026-09-11T16:10:20+02:00,Deprioritized,1,Other,Prague,26,R,
JB_3114,Mechanical Designer (2D/3D CAD) - R&D,,Praha – Nusle,Designer,Mechanical/Technical Designer,,Engineering & R&D,,https://www.jobs.cz/rpd/2001338336/,2026-09-11T16:10:20+02:00,Deprioritized,1,Other,Prague,26,R,
JB_2164,Mechanical Designer - R&D,,Praha – Nusle,Designer,Mechanical/Technical Designer,,Engineering & R&D,,https://www.jobs.cz/rpd/2001408263/,2026-09-11T16:10:20+02:00,Deprioritized,1,Other,Prague,26,R,
JB_2279,Storage & Backup Infrastructure Engineer,,Praha – Krč,Engineer,Network/Infrastructure Engineer,,"Cloud & Infrastructure, Engineering & R&D",,https://www.jobs.cz/rpd/2001109022/,2026-09-11T16:10:04+02:00,Deprioritized,1,Other,Prague,26,R,
JB_2052,Cyber Security Detection Engineer – SOC L3 (m/ž),,Praha – Michle,Engineer,Security Engineer,,"Cybersecurity, Engineering & R&D",,https://www.jobs.cz/rpd/2001219179/,2026-09-11T16:09:49+02:00,Deprioritized,1,Other,Prague,26,R,
JB_4256,Enterprise Mobility Engineer (f/m),,Praha – Chodov,Engineer,General Engineer,,"Engineering & R&D, Automotive & Mobility",,https://www.jobs.cz/rpd/2001269819/,2026-09-11T16:09:49+02:00,Deprioritized,1,Other,Prague,26,R,
JB_0411,Inženýr technických analýz a reklamací (Warranty Engineer) m/f/d,,Praha – Strašnice,Engineer,General Engineer,,"Customer Service, Engineering & R&D",,https://www.jobs.cz/rpd/2001371299/,2026-09-11T16:09:49+02:00,Deprioritized,1,Other,Prague,26,R,
JB_8349,Cloud Security Engineer,,Praha – Nusle,Engineer,Security Engineer,,"Cybersecurity, Cloud & Infrastructure, Engineering & R&D",,https://www.jobs.cz/rpd/2001352549/,2026-09-11T16:09:34+02:00,Deprioritized,1,Other,Prague,26,R,
JB_4323,IT Infrastructure Security Engineer,,Praha – Nové Město,Engineer,Security Engineer,,"Cybersecurity, Cloud & Infrastructure, IT & Software, Engineering & R&D",,https://www.jobs.cz/rpd/2001289017/,2026-09-11T16:09:22+02:00,Deprioritized,1,Other,Prague,26,R,
JB_5532,Specialista B2B integrace | SAP PI/PO & Cloud Integration,,Modletice,Specialist,IT/Systems Specialist,,Cloud & Infrastructure,SAP,https://www.jobs.cz/rpd/2001380914/,2026-09-11T16:09:22+02:00,Deprioritized,1,Adjacent Technical,Outside Prague - verify,26,Adjacent Technical,Location requires verification
JB_2753,Aplikační inženýr – finanční trhy,,Praha – Dejvice,Engineer,General Engineer,,"IT & Software, Engineering & R&D",,https://www.jobs.cz/rpd/2000739873/,2026-09-11T16:09:09+02:00,Deprioritized,1,Other,Prague,26,R,
JB_8314,Research Area (R&D) Lead – Classical Communication & Compute (f/m),,Praha – Chodov,Manager,R&D/Innovation Manager,Lead/Head,"Marketing & Communications, Engineering & R&D, Education & Research",,https://www.jobs.cz/rpd/2001294966/,2026-09-11T16:09:09+02:00,Deprioritized,1,Other,Prague,26,R,
JB_3920,Research Area (R&D) Lead – Network Capabilities (f/m),,Praha – Chodov,Manager,R&D/Innovation Manager,Lead/Head,"Cloud & Infrastructure, Engineering & R&D, Education & Research",,https://www.jobs.cz/rpd/2001295020/,2026-09-11T16:09:09+02:00,Deprioritized,1,Other,Prague,26,R,
JB_0400,Specialista/ka Kybernetické bezpečnosti (ISMS) 2-3r zkušeností / PRAHA,,Praha – Holešovice,Specialist,Cybersecurity Specialist,,Cybersecurity,,https://www.jobs.cz/rpd/2001219824/,2026-09-11T16:09:09+02:00,Deprioritized,1,Other,Prague,26,R,
JB_6510,Cyber Security Onboarding Engineer - SOC L3 (m/ž),,Praha – Michle,Engineer,Security Engineer,,"Cybersecurity, Engineering & R&D",,https://www.jobs.cz/rpd/2001178283/,2026-09-11T16:09:03+02:00,Deprioritized,1,Other,Prague,26,R,
JB_6694,Cyber Security Threat Hunting Engineer – SOC L3 (m/ž),,Praha – Michle,Engineer,Security Engineer,,"Cybersecurity, Engineering & R&D",,https://www.jobs.cz/rpd/2001219043/,2026-09-11T16:09:03+02:00,Deprioritized,1,Other,Prague,26,R,
JB_5229,Senior SEO & AI Search Specialista (AEO/GEO),,Praha – Nové Město,Specialist,Marketing/Communications Specialist,Senior,"AI & Machine Learning, Marketing & Communications",,https://www.jobs.cz/rpd/2001417143/,2026-09-11T16:09:03+02:00,Deprioritized,1,Data Science & Machine Learning,Prague,26,Data Science & Machine Learning; ML/AI or modelling,Senior-level position; Generic marketing role
JB_6885,IT Specialist,,okres Mladá Boleslav,Specialist,IT/Systems Specialist,,IT & Software,,https://www.jobs.cz/rpd/2001385354/,2026-09-11T16:08:24+02:00,Deprioritized,1,Adjacent Technical,Outside Prague - verify,26,Adjacent Technical,Location requires verification
JB_1431,Mechanical Engineer - Technical Configurator Specialist,,Praha – Nusle,Engineer,Mechanical/Automotive Engineer,,Engineering & R&D,,https://www.jobs.cz/rpd/2001318965/,2026-09-11T16:08:10+02:00,Deprioritized,1,Other,Prague,26,R,
JB_8167,Development Engineer – Vehicle Dynamics (MBS) (f/m),,Praha – Jinonice,Engineer,Mechanical/Automotive Engineer,,"Engineering & R&D, Automotive & Mobility",,https://www.jobs.cz/rpd/2001208592/,2026-09-11T15:58:50+02:00,Deprioritized,1,Other,Prague,26,R,
JB_0493,Cyber Security Automation Engineer– SOC L3 (m/ž),,Praha – Michle,Engineer,Security Engineer,,"Cybersecurity, Engineering & R&D",,https://www.jobs.cz/rpd/2001279114/,2026-09-11T15:58:19+02:00,Deprioritized,1,Other,Prague,26,R,
JB_2055,Výrobní analytik & Supervisor | Měňte výrobní data v reálná řešení,,Bitozeves – Bitozeves-Průmyslová zóna Triangle,Manager,Data/AI Manager,,"Data & Analytics, Manufacturing & Production",,https://www.jobs.cz/rpd/2001347837/,2026-09-11T15:57:55+02:00,Deprioritized,1,Other,Outside Prague - verify,26,ML/AI or modelling,Location requires verification
JB_2699,IT Analytik/ IT Architekt - medior (m/ž),,Praha – Stodůlky,Architect,General Architect,Medior/Mid-level,"Data & Analytics, IT & Software",,https://www.jobs.cz/rpd/2001325080/,2026-09-11T15:57:43+02:00,Deprioritized,1,Other,Prague,26,Medior level,
JB_8973,IT Systems Development Engineer,,Praha – Chodov,Engineer,General Engineer,,"IT & Software, Engineering & R&D",,https://www.jobs.cz/rpd/2001380099/,2026-09-11T15:57:28+02:00,Deprioritized,1,Other,Prague,26,R,
JB_7153,Business Intelligence Expert (Czech/Slovak speaker),,Praha – Chodov,Specialist,Data Governance/Quality Specialist,,Data & Analytics,,https://www.jobs.cz/rpd/2001410318/,2026-09-11T15:57:03+02:00,Deprioritized,1,Core Data & Analytics,Prague,26,Core Data & Analytics,Senior-level position
JB_7078,Senior specialista/ka datové analytiky a optimalizace obchodu,90 000 – 105 000 Kč,Praha – Strašnice,Analyst,Data/BI Analyst,Senior,"Data & Analytics, Sales & Business Development",,https://www.jobs.cz/rpd/2001379538/,2026-09-11T15:57:03+02:00,Deprioritized,1,Core Data & Analytics,Prague,26,Core Data & Analytics,Senior-level position
JB_3797,Senior specialist data center,,Praha – Krč + 1 další lokalita,Specialist,Data/Analytics Specialist,Senior,"Data & Analytics, Cloud & Infrastructure",,https://www.jobs.cz/rpd/2001228193/,2026-09-11T15:56:42+02:00,Deprioritized,1,Core Data & Analytics,Prague,26,Core Data & Analytics,Senior-level position
JB_7564,Data & Product Engineer,,Praha – Vokovice,Engineer,General Engineer,,"Data & Analytics, Engineering & R&D",,https://www.jobs.cz/rpd/2001318768/,2026-09-11T15:56:36+02:00,Deprioritized,1,Other,Prague,26,R,
JB_8483,Data Analyst / Risk Management Consultant,,Praha – Nové Město,Analyst,Data/BI Analyst,,"Data & Analytics, Compliance & Risk",,https://www.jobs.cz/rpd/2001417774/,2026-09-11T15:56:36+02:00,Deprioritized,1,Core Data & Analytics,Prague,26,Core Data & Analytics,Leadership/management position
JB_1067,Data Operations Engineer (m/ž),,Praha – Michle,Engineer,General Engineer,,"Data & Analytics, Engineering & R&D",,https://www.jobs.cz/rpd/2001193909/,2026-09-11T15:56:36+02:00,Deprioritized,1,Other,Prague,26,R,
JB_0503,"Senior Expert for Life Savings, Pension & Investment Fund Business with Data Analytics",,Praha – Vokovice + 1 další lokalita,Specialist,Data/Analytics Specialist,Senior,"Data & Analytics, Finance & Banking",,https://www.jobs.cz/rpd/2001417900/,2026-09-11T15:56:36+02:00,Deprioritized,1,Core Data & Analytics,Prague,26,Core Data & Analytics,Senior-level position
BLT_1408,Business Intelligence Engineer,,27 Locations,Engineer,General Engineer,Mid level,"Data & Analytics, Engineering & R&D",,https://builtin.com/job/data-bi-engineer/7762110,,Deprioritized,1,Other,Outside Prague - verify,,R; Medior level,Location requires verification
BLT_2182,Data Solutions Architect,,26 Locations,Architect,Data Architect,Senior level,Data & Analytics,,https://builtin.com/job/data-solutions-architect/10419283,,Deprioritized,1,Data Engineering & Automation,Outside Prague - verify,,Data Engineering & Automation,Senior-level position; Location requires verification
BLT_2918,"Senior Manager, Data Engineering",,"Prague, CZE",Manager,Data/AI Manager,Senior level,"Data & Analytics, Engineering & R&D",,https://builtin.com/job/senior-manager-data-engineering/11097669,,Deprioritized,1,Data Engineering & Automation,Prague,,Data Engineering & Automation; R; ML/AI or modelling,Senior-level position; Leadership/management position
SJ_606423,Esports Trading & Operations Specialist,,Prague,Specialist,Operations Specialist,,,,https://www.startupjobs.cz/nabidka/108095/esports-trading-operations-specialist,2026-10-07T14:22:48+02:00,Deprioritized,0,Other,Prague,0,,
SJ_108317,Mosaic Camera Technician,,Prague,Technician,General Technician,,,,https://www.startupjobs.cz/nabidka/108317/mosaic-camera-technician,2026-10-07T14:18:14+02:00,Deprioritized,0,Other,Prague,0,,
SJ_108313,People & Operations Support,,Prague,Support Specialist,General Support Specialist,,HR & Recruitment,,https://www.startupjobs.cz/nabidka/108313/people-operations-support,2026-10-07T14:18:14+02:00,Deprioritized,0,Other,Prague,0,,
SJ_108329,Lawyer | Venture Builder's Legal Partner,,Prague,Specialist,Legal Specialist,,Legal,,https://www.startupjobs.cz/nabidka/108329/lawyer-venture-builder-s-legal-partner,2026-10-07T14:17:09+02:00,Deprioritized,0,Other,Prague,0,,
SJ_108351,Office & Events Coordinator,,Prague,Coordinator,Finance/Administrative Coordinator,,,,https://www.startupjobs.cz/nabidka/108351/office-events-coordinator,2026-10-07T14:17:09+02:00,Deprioritized,0,Other,Prague,0,,
SJ_108359,Specialista/​ka pro digitální kampaně a automatizaci,,Prague,Specialist,General Specialist,,,,https://www.startupjobs.cz/nabidka/108359/specialista-ka-pro-digitalni-kampane-a-automatizaci,2026-10-07T14:17:09+02:00,Deprioritized,0,Other,Prague,0,,
SJ_108347,Technický specialista,,Prague,Specialist,Technical/Engineering Specialist,,,,https://www.startupjobs.cz/nabidka/108347/technicky-specialista,2026-10-07T14:17:09+02:00,Deprioritized,0,Other,Prague,0,,
SJ_108339,Training & Events Lead – Run a company within the company,,Prague,Manager,Executive/General Manager,Lead/Head,Education & Research,,https://www.startupjobs.cz/nabidka/108339/training-events-lead-run-a-company-within-the-company,2026-10-07T14:17:09+02:00,Deprioritized,0,Other,Prague,0,,
JST_4577,Hledáme SharePoint Developera do našeho týmu!,Navrhni si mzdu,Praha 4,Developer,Enterprise Applications Developer,"Senior, Expert",,,https://www.jobstack.it/it-job/react-developer/5fc6387e7f587,2026-10-07T14:11:59+02:00,Deprioritized,0,Python/Software Development,Prague,0,Python/Software Development,Senior-level position
JST_8761,"HLEDÁME Senior React Developera pro M365, SPFX!",Navrhni si mzdu,"Mezilesní 23, Praha 4",Developer,General Software Developer,"Senior, Expert",,React,https://www.jobstack.it/it-job/react-developer/67dc12d1afcfe,2026-10-07T14:11:03+02:00,Deprioritized,0,Python/Software Development,Prague,0,Python/Software Development,Senior-level position
JST_5034,Konzultant ERP systému,až 80 000 Kč / měsíc,"Štefánikova 32, Praha 5",Consultant,SAP/ERP Consultant,"Junior, Medior, Senior, Expert",,,https://www.jobstack.it/it-job/erp-podnikove-systemy/5f86b80e1a9ef,2026-10-07T14:10:55+02:00,Deprioritized,0,Other,Prague,0,Junior/entry level; Medior level,Senior-level position
JST_0845,SAP KONZULTANT NA HPP,Navrhni si mzdu,Praha 8 Karlín,Consultant,SAP/ERP Consultant,,,SAP,https://www.jobstack.it/it-job/sap/60460c4c09c52,2026-10-07T14:10:25+02:00,Deprioritized,0,Other,Prague,0,,
JST_9153,Senior Salesforce Developer,až 200 000 Kč / měsíc,Praha,Developer,Enterprise Applications Developer,"Senior, Expert",IT & Software,Salesforce,https://www.jobstack.it/it-job/salesforce-developer/6ac2b09e971fc,2026-10-07T14:10:19+02:00,Deprioritized,0,Python/Software Development,Prague,0,Python/Software Development,Senior-level position
JB_8517,Referent/ka zpracování zakázek Praha,40 000 – 45 000 Kč,Praha – Karlín,Administrator,Business/Office Administrator,,,,https://www.jobs.cz/rpd/2001467103/,2026-10-07T14:10:02+02:00,Deprioritized,0,Other,Prague,0,,
JB_5975,IVF Koordinátor/ka pro zahraniční klienty s AJ/NJ/SRB/FR,,Praha – Vysočany,Coordinator,General Coordinator,,Customer Service,,https://www.jobs.cz/rpd/2001466486/,2026-10-07T14:08:21+02:00,Deprioritized,0,Other,Prague,0,,
JB_7280,Specialista péče o klienty,,Praha – Vysočany,Specialist,Customer Service Specialist,,Customer Service,,https://www.jobs.cz/rpd/2001468038/,2026-10-07T14:08:21+02:00,Deprioritized,0,Other,Prague,0,,
JB_2125,Koordinátor / ka pojistných událostí – Podpora klientů při hlášení a řešení škod (SK/CZ),,Praha – Chodov,Coordinator,General Coordinator,,"Insurance, Customer Service",,https://www.jobs.cz/rpd/2001463570/,2026-10-07T14:07:26+02:00,Deprioritized,0,Other,Prague,0,,
JB_5015,Referent/ka administrativy a datové zprávy,,Praha – Kobylisy,Administrator,Business/Office Administrator,,,,https://www.jobs.cz/rpd/2001463323/,2026-10-07T14:07:26+02:00,Deprioritized,0,Other,Prague,0,,
JB_4330,Specialista péče o klienty,,Praha – Vysočany,Specialist,Customer Service Specialist,,Customer Service,,https://www.jobs.cz/rpd/2001467346/,2026-10-07T14:07:26+02:00,Deprioritized,0,Other,Prague,0,,
JB_8684,Konstruktér ve vývoji,,Praha – Vinohrady,Technician,Mechanical Technician,,,,https://www.jobs.cz/rpd/2001465713/,2026-10-07T13:47:42+02:00,Deprioritized,0,Other,Prague,0,,
JB_4145,referent Oddělení finančních zdrojů a plateb (Praha),33 000 – 49 000 Kč,Praha – Nové Město,Administrator,Finance Administrator,,,,https://www.jobs.cz/rpd/2001464759/,2026-10-07T13:37:45+02:00,Deprioritized,0,Other,Prague,0,,
JB_3785,Junior KYC Compliance Analysts,,Praha – Karlín,Analyst,Risk/Credit Analyst,Junior/Entry-level,Compliance & Risk,,https://www.jobs.cz/rpd/2001467717/,2026-10-07T13:36:52+02:00,Deprioritized,0,Other,Prague,0,Junior/entry level,Finance/accounting orientation
JB_9226,Solution Architekt*ka,,Praha – Nusle,Architect,Solution Architect,,,,https://www.jobs.cz/rpd/2001465174/,2026-10-07T13:36:03+02:00,Deprioritized,0,Other,Prague,0,,
JB_0706,Solution Architekt (m/ž),,Praha – Radlice,Architect,Solution Architect,,,,https://www.jobs.cz/rpd/2001463641/,2026-10-07T13:25:57+02:00,Deprioritized,0,Other,Prague,0,,
JB_0157,Analytický chemik,,Praha – Vysočany,Scientist,General Scientist,,,,https://www.jobs.cz/rpd/2001462998/,2026-10-07T13:25:26+02:00,Deprioritized,0,Other,Prague,0,,
JB_6661,Vertical Threat Intelligence Analyst (m/f/n),,Praha – Holešovice,Analyst,General Analyst,,,,https://www.jobs.cz/rpd/2001464905/,2026-10-07T13:25:03+02:00,Deprioritized,0,Other,Prague,0,,
JB_0193,SW Administrátor/ka pro projekty kolejových vozidel (m/ž/n),,Praha – Stodůlky,Administrator,Application Administrator,,"Project & Program Management, Automotive & Mobility",,https://www.jobs.cz/rpd/2001466440/,2026-10-07T13:14:22+02:00,Deprioritized,0,Other,Prague,0,,
JB_4911,** Servisní technik - strojní zařízení **,60 000 – 70 000 Kč,Praha,Technician,Service/Maintenance Technician,,,,https://www.jobs.cz/rpd/2001462365/,2026-10-07T13:13:32+02:00,Deprioritized,0,Other,Prague,0,,
JB_1666,Ekolog - systémový specialista (M/Ž),,Praha,Specialist,General Specialist,,,,https://www.jobs.cz/rpd/2001463197/,2026-10-07T13:13:25+02:00,Deprioritized,0,Other,Prague,0,,
JB_6115,Technický pracovník - energetik,,Praha – Malá Strana,Specialist,Technical/Engineering Specialist,,Energy & Utilities,,https://www.jobs.cz/rpd/2001467525/,2026-10-07T13:13:18+02:00,Deprioritized,0,Other,Prague,0,,
JB_0739,Linux System Architect – Red Hat | 100 % Remote | Deutsch,,Praha – Nové Město,Architect,Systems/Integration Architect,,IT & Software,Linux,https://www.jobs.cz/rpd/2001466530/,2026-10-07T13:05:35+02:00,Deprioritized,0,Other,Prague,0,,
JB_4782,TECHNICKÝ / PROCESNÍ INŽENÝR (náborový příspěvek 70 000Kč),,Hořovice,Engineer,Process/Industrial Engineer,,Engineering & R&D,,https://www.jobs.cz/rpd/2001462948/,2026-10-07T13:05:29+02:00,Deprioritized,0,Other,Outside Prague - verify,0,R,Location requires verification
JB_3816,SENIOR VÝVOJÁŘ/KA DATOVÉ PLATFORMY,44 000 Kč,Praha – Vršovice,Developer,General Software Developer,Senior,IT & Software,,https://www.jobs.cz/rpd/2001465216/,2026-10-07T13:04:22+02:00,Deprioritized,0,Python/Software Development,Prague,0,Python/Software Development,Senior-level position
JB_4726,SPECIALISTA OCEŇOVÁNÍ / VALUACE NEMOVITOSTÍ,,Praha,Specialist,General Specialist,,Real Estate & Construction,,https://www.jobs.cz/rpd/2001463113/,2026-10-07T13:03:34+02:00,Deprioritized,0,Other,Prague,0,,
JB_6721,"Student Support in MCC & Client Valuation (Lebovic), Branch",,Praha – Vinohrady,Support Specialist,Customer Support,,"Finance & Banking, Customer Service",,https://www.jobs.cz/rpd/2001463637/,2026-10-07T13:03:34+02:00,Deprioritized,0,Other,Prague,0,Junior/entry level,Finance/accounting orientation
JB_8643,Specialista/Specialistka pro digitální kampaně a automatizaci,,Praha – Chodov,Specialist,General Specialist,,,,https://www.jobs.cz/rpd/2001465538/,2026-10-07T13:03:19+02:00,Deprioritized,0,Other,Prague,0,,
JB_7166,Specialista/ka nefinančních rizik,,Praha – Michle,Specialist,General Specialist,,,,https://www.jobs.cz/rpd/2001464780/,2026-10-07T13:02:56+02:00,Deprioritized,0,Other,Prague,0,,
JB_2899,Strategic Transportation Buyer – EMEA,,Praha,Specialist,Procurement Specialist,,"Supply Chain & Logistics, Procurement",,https://www.jobs.cz/rpd/2001467459/,2026-10-07T13:02:56+02:00,Deprioritized,0,Other,Prague,0,,
JB_1218,Training & Enablement Designer – Cross-Functional Software Training,,Praha – Staré Město,Designer,General Designer,,"IT & Software, Education & Research",,https://www.jobs.cz/rpd/2001464127/,2026-10-07T13:02:56+02:00,Deprioritized,0,Other,Prague,0,,
JB_8170,SPRÁVCE/SPRÁVKYNĚ REGISTRU OSOB,45 000 – 65 000 Kč,Praha – Žižkov,Administrator,General Administrator,,,,https://www.jobs.cz/rpd/2001467355/,2026-10-07T13:02:35+02:00,Deprioritized,0,Other,Prague,0,,
JB_8307,🔐 Application Security Architect – SSDLC,,Praha – Vinohrady,Architect,Security Architect,,"Cybersecurity, IT & Software",,https://www.jobs.cz/rpd/2001465078/,2026-10-07T13:02:35+02:00,Deprioritized,0,Other,Prague,0,,
JB_4413,Specialista bezpečnostních systémů,,Praha – Ruzyně,Specialist,Cybersecurity Specialist,,,,https://www.jobs.cz/rpd/2001466160/,2026-10-07T12:53:40+02:00,Deprioritized,0,Other,Prague,0,,
JB_9163,HR specialista/ka,,Praha – Nové Město,Specialist,HR/People Specialist,,HR & Recruitment,,https://www.jobs.cz/rpd/2001463265/,2026-10-07T12:53:10+02:00,Deprioritized,0,Other,Prague,0,,
JB_0104,HR administrátor/ka,,Praha – Libeň,Administrator,HR/Payroll Administrator,,HR & Recruitment,,https://www.jobs.cz/rpd/2001465464/,2026-10-07T12:52:59+02:00,Deprioritized,0,Other,Prague,0,,
JB_2308,Marketingový specialista / marketingová specialistka pro Vysokou školu Scio,30 000 – 40 000 Kč,Praha,Specialist,General Specialist,,,,https://www.jobs.cz/rpd/2001463200/,2026-10-07T12:52:10+02:00,Deprioritized,0,Other,Prague,0,,
JB_7126,Systémový administrátor IT / Microsoft 365 / Praha,50 000 – 80 000 Kč,Praha – Vršovice,Administrator,Systems/Server Administrator,,IT & Software,,https://www.jobs.cz/rpd/2001463553/,2026-10-07T12:52:03+02:00,Deprioritized,0,Other,Prague,0,,
JB_8703,"Systémový administrátor IT / VmWare, Hyper-V, servery a datová pole Dell / Praha",50 000 – 80 000 Kč,Praha – Vršovice,Administrator,Systems/Server Administrator,,IT & Software,,https://www.jobs.cz/rpd/2001463558/,2026-10-07T12:52:03+02:00,Deprioritized,0,Other,Prague,0,,
JB_0154,referent Oddělení podpory aplikací (Praha),30 000 – 43 000 Kč,Praha – Nové Město,Administrator,Application Administrator,,IT & Software,,https://www.jobs.cz/rpd/2001462631/,2026-10-07T12:51:55+02:00,Deprioritized,0,Other,Prague,0,,
JB_0921,Account & Operations Specialist v kreativní agentuře,50 000 – 65 000 Kč,Praha – Holešovice,Specialist,Operations Specialist,,,,https://www.jobs.cz/rpd/2001462356/,2026-10-07T12:51:12+02:00,Deprioritized,0,Other,Prague,0,,
JB_8109,Operations Support Specialist,,Praha – Karlín,Support Specialist,General Support Specialist,,,,https://www.jobs.cz/rpd/2001464078/,2026-10-07T12:51:12+02:00,Deprioritized,0,Other,Prague,0,,
JB_5309,PURCHASING TRADE SPECIALIST,,Praha – Hostivař,Specialist,Procurement Specialist,,Procurement,,https://www.jobs.cz/rpd/2001463138/,2026-10-07T12:51:12+02:00,Deprioritized,0,Other,Prague,0,,
JB_0500,HR Specialist,,Praha – Karlín,Specialist,HR/People Specialist,,HR & Recruitment,,https://www.jobs.cz/rpd/2001467726/,2026-10-07T12:41:48+02:00,Deprioritized,0,Other,Prague,0,,
JB_4311,FINANČNÍ ANALYTIK/ČKA JUNIOR - PART TIME,,Praha – Karlín,Analyst,Finance/Investment Analyst,Junior/Entry-level,Data & Analytics,,https://www.jobs.cz/rpd/2001465284/,2026-10-07T12:41:39+02:00,Deprioritized,0,Other,Prague,0,Junior/entry level,Finance/accounting orientation
JB_7419,IT Procurement Category Specialist - Pharma,85 000 – 95 000 Kč,Hlavní město Praha,Specialist,Procurement Specialist,,"IT & Software, Procurement, Healthcare & Pharma",,https://www.jobs.cz/rpd/2001465212/,2026-10-07T12:41:39+02:00,Deprioritized,0,Other,Prague,0,,
JB_4187,Security Monitoring Analyst (m/f/n),,Praha – Holešovice,Analyst,Security/Fraud Analyst,,Cybersecurity,,https://www.jobs.cz/rpd/2001424271/,2026-10-07T12:41:15+02:00,Deprioritized,0,Other,Prague,0,,
JB_8946,HR Coordinator - Clarion Congress Hotel Prague****,,Praha – Vysočany,Coordinator,HR/People Coordinator,,HR & Recruitment,,https://www.jobs.cz/rpd/2001467338/,2026-10-07T12:41:01+02:00,Deprioritized,0,Other,Prague,0,,
JB_1471,Office & Project Coordinator,,Praha – Nové Město,Coordinator,Project/Program Coordinator,,Project & Program Management,,https://www.jobs.cz/rpd/2001462484/,2026-10-07T12:41:01+02:00,Deprioritized,0,Other,Prague,0,,
JB_0496,SAP S/4HANA Rollout Coordinator – MM/SD,100 000 Kč,Praha – Nové Město,Coordinator,General Coordinator,,,SAP,https://www.jobs.cz/rpd/2001465719/,2026-10-07T12:40:55+02:00,Deprioritized,0,Other,Prague,0,,
JB_1614,HR Controlling & Compensation Specialist,,Praha – Nové Město,Specialist,HR/People Specialist,,HR & Recruitment,,https://www.jobs.cz/rpd/2001463600/,2026-10-07T12:40:47+02:00,Deprioritized,0,Other,Prague,0,,
JB_6282,Fair Play Client Specialist | Praha,,Praha – Karlín,Specialist,General Specialist,,Customer Service,,https://www.jobs.cz/rpd/2001466625/,2026-10-07T12:40:21+02:00,Deprioritized,0,Other,Prague,0,,
JB_0977,Konzultant a analytik pro ERP HELIOS iNuvio / Praha,80 000 – 120 000 Kč,Praha – Vršovice,Consultant,SAP/ERP Consultant,,Data & Analytics,,https://www.jobs.cz/rpd/2001463559/,2026-10-07T12:40:21+02:00,Deprioritized,0,Other,Prague,0,,
JB_6150,🛡️ Security Analyst – Monitoring & SSDLC,,Praha – Vinohrady + 1 další lokalita,Analyst,Security/Fraud Analyst,,Cybersecurity,,https://www.jobs.cz/rpd/2001465025/,2026-10-07T12:40:21+02:00,Deprioritized,0,Other,Prague,0,,
JB_8770,Technik/čka akvizic 📊,,Praha – Smíchov,Technician,General Technician,,Sales & Business Development,,https://www.jobs.cz/rpd/2001467334/,2026-10-07T12:40:12+02:00,Deprioritized,0,Other,Prague,0,,
JB_9404,Network Operations Center Analyst - 12 h směny,,Praha – Strašnice,Analyst,Operations/Supply Chain Analyst,,Cloud & Infrastructure,,https://www.jobs.cz/rpd/2001465268/,2026-10-07T12:39:38+02:00,Deprioritized,0,Other,Prague,0,,
BLT_8099,Senior Backend Engineer (Go),,27 Locations,Engineer,Software Engineer,Senior level,Engineering & R&D,,https://builtin.com/job/senior-backend-engineer-go/11508676,2026-10-07T12:36:12+02:00,Deprioritized,0,Python/Software Development,Outside Prague - verify,0,Python/Software Development; R,Senior-level position; Location requires verification
BLT_6429,Backend Engineer,,27 Locations,Engineer,Software Engineer,Senior level,Engineering & R&D,,https://builtin.com/job/backend-engineer/11539972,2026-10-07T12:36:02+02:00,Deprioritized,0,Python/Software Development,Outside Prague - verify,0,Python/Software Development; R,Senior-level position; Location requires verification
BLT_7579,Senior Backend Engineer (Node.js),,27 Locations,Engineer,Software Engineer,Senior level,Engineering & R&D,"JavaScript, Node.js",https://builtin.com/job/senior-backend-engineer-node-js/11522709,2026-10-07T12:36:02+02:00,Deprioritized,0,Python/Software Development,Outside Prague - verify,0,Python/Software Development; R,Senior-level position; Location requires verification
BLT_9743,Senior Software Engineer - Predict,157K-221K Annually,36 Locations,Engineer,Software Engineer,Senior level,"IT & Software, Engineering & R&D",,https://builtin.com/job/senior-software-engineer-predict/11532272,2026-10-07T12:36:02+02:00,Deprioritized,0,Python/Software Development,Outside Prague - verify,0,Python/Software Development; R,Senior-level position; Location requires verification
BLT_3942,Senior Software Engineer - Pricing,,28 Locations,Engineer,Software Engineer,Senior level,"IT & Software, Finance & Banking, Engineering & R&D",,https://builtin.com/job/senior-software-engineer-pricing/11521716,2026-10-07T12:36:02+02:00,Deprioritized,0,Python/Software Development,Outside Prague - verify,0,Python/Software Development; R,Senior-level position; Location requires verification
BLT_1886,Senior Java Developer,,"Prague, CZE",Developer,General Software Developer,Senior level,IT & Software,Java,https://builtin.com/job/senior-java-developer/11519965,2026-10-07T12:34:58+02:00,Deprioritized,0,Python/Software Development,Prague,0,Python/Software Development,Senior-level position
BLT_7960,Senior Software Engineer - Optimizer Hub,,3 Locations,Engineer,Software Engineer,Senior level,"IT & Software, Engineering & R&D",,https://builtin.com/job/senior-software-engineer-optimizer-hub/11522314,2026-10-07T12:34:58+02:00,Deprioritized,0,Python/Software Development,Outside Prague - verify,0,Python/Software Development; R,Senior-level position; Location requires verification
BLT_4818,Senior Consultant - Data & Analytics,,27 Locations,Consultant,Data/Analytics Consultant,Senior level,Data & Analytics,,https://builtin.com/job/senior-consultant-data-analytics/11072879,2026-10-07T12:34:10+02:00,Deprioritized,0,Core Data & Analytics,Outside Prague - verify,0,Core Data & Analytics,Senior-level position; Location requires verification
BLT_2691,Senior Data Analyst,,25 Locations,Analyst,Data/BI Analyst,Senior level,Data & Analytics,,https://builtin.com/job/senior-data-analyst/11528960,2026-10-07T12:33:59+02:00,Deprioritized,0,Core Data & Analytics,Outside Prague - verify,0,Core Data & Analytics,Senior-level position; Location requires verification
JB_4439,Specialista / Specialistka e-commerce & online marketingu (vyhrazeno pro OZP) – částečný ú,17 000 – 25 000 Kč,Praha – Letňany,Specialist,General Specialist,,Retail & E-commerce,,https://www.jobs.cz/rpd/2001255139/,2026-10-03T11:09:57+02:00,Deprioritized,0,Other,Prague,4,,
JB_7862,SPECIALISTA / SPECIALISTKA MEZINÁRODNÍ LOGISTIKY,50 000 – 70 000 Kč,Praha – Holešovice,Specialist,General Specialist,,,,https://www.jobs.cz/rpd/2001460008/,2026-10-03T10:59:11+02:00,Deprioritized,0,Other,Prague,5,,
JB_2223,Specialista/ka marketingu,,Praha – Libeň,Specialist,General Specialist,,,,https://www.jobs.cz/rpd/2001460410/,2026-10-03T10:58:52+02:00,Deprioritized,0,Other,Prague,5,,
JB_7236,Technický analytik / analytička obchodních zakázek | Praha,,Praha – Jinonice,Analyst,General Analyst,,"Data & Analytics, Sales & Business Development",,https://www.jobs.cz/rpd/2001297795/,2026-10-03T10:40:45+02:00,Deprioritized,0,Other,Prague,5,,
JB_9423,Solution Architect – Corporate Digital Banking,,Praha – Nusle,Architect,Solution Architect,,Finance & Banking,,https://www.jobs.cz/rpd/2001460226/,2026-10-03T10:40:09+02:00,Deprioritized,0,Other,Prague,5,,
JB_9077,Solution Architect – Enterprise Integration,,Praha – Nusle,Architect,Enterprise Architect,,,,https://www.jobs.cz/rpd/2001460225/,2026-10-03T10:40:09+02:00,Deprioritized,0,Other,Prague,5,,
JB_3765,UX designer digitálních služeb Komerčního bankovnictví (m/ž),,Hlavní město Praha,Designer,UX/UI/Product Designer,,,,https://www.jobs.cz/rpd/2001459940/,2026-10-03T10:38:14+02:00,Deprioritized,0,Other,Prague,5,,
JB_9509,Vývojový analytik,,Praha – Hostivař,Analyst,General Analyst,,Data & Analytics,,https://www.jobs.cz/rpd/2001459949/,2026-10-03T10:37:54+02:00,Deprioritized,0,Other,Prague,5,,
JB_1600,Solution architekt (integrace a ERP),,Praha – Smíchov,Architect,Solution Architect,,,,https://www.jobs.cz/rpd/2001333209/,2026-10-03T10:25:27+02:00,Deprioritized,0,Other,Prague,5,,
JB_8927,Koordinátor plánování výroby - production planning support (m/ž),,Praha – Braník,Planner,Production Planner,,Manufacturing & Production,,https://www.jobs.cz/rpd/2001460413/,2026-10-03T10:14:14+02:00,Deprioritized,0,Other,Prague,5,,
JB_0517,Konzultant/ka ERP systému,,Praha – Smíchov,Consultant,SAP/ERP Consultant,,,,https://www.jobs.cz/rpd/2001189493/,2026-10-03T10:02:45+02:00,Deprioritized,0,Other,Prague,5,,
JB_7323,Commercial Specialist,,Praha – Malešice,Specialist,Sales/Commercial Specialist,,Sales & Business Development,,https://www.jobs.cz/rpd/2001460656/,2026-10-03T09:53:15+02:00,Deprioritized,0,Other,Prague,5,,
JB_7558,Dispatcher / L1 Support Specialist,,Praha – Nové Město,Support Specialist,IT Helpdesk/Service Desk,,,,https://www.jobs.cz/rpd/2001460130/,2026-10-03T09:53:15+02:00,Deprioritized,0,Other,Prague,5,,
JB_1159,Analytik do laboratoře vysoce účinných látek (HPSL),,Praha – Hostivař,Analyst,General Analyst,,Data & Analytics,,https://www.jobs.cz/rpd/2001459887/,2026-10-03T09:52:51+02:00,Deprioritized,0,Other,Prague,5,,
JB_6790,HPLC Analytik,,Praha – Hostivař,Analyst,General Analyst,,Data & Analytics,,https://www.jobs.cz/rpd/2001459826/,2026-10-03T09:52:51+02:00,Deprioritized,0,Other,Prague,5,,
JB_6854,HR Project Coordinator,,Hlavní město Praha,Coordinator,Project/Program Coordinator,,"HR & Recruitment, Project & Program Management",,https://www.jobs.cz/rpd/2001459880/,2026-10-03T09:52:26+02:00,Deprioritized,0,Other,Prague,5,,
JB_3670,Operations & Logistics Coordinator (International Relocation & Mobility),50 000 – 55 000 Kč,Praha – Ruzyně,Coordinator,Logistics/Supply Chain Coordinator,,"Supply Chain & Logistics, Automotive & Mobility",,https://www.jobs.cz/rpd/2001460154/,2026-10-03T09:52:16+02:00,Deprioritized,0,Other,Prague,5,,
JB_3274,Specialista/specialistka řízení informačních rizik a ISMS,,Praha – Michle,Specialist,General Specialist,,,,https://www.jobs.cz/rpd/2001460149/,2026-10-03T09:51:27+02:00,Deprioritized,0,Other,Prague,5,,
BLT_0845,Staff Full Stack Engineer - Sell Side Engine,104K-104K Annually,28 Locations,Engineer,Software Engineer,Expert/Leader,Engineering & R&D,,https://builtin.com/job/staff-full-stack-engineer-sell-side-engine/11480448,2026-10-03T09:47:32+02:00,Deprioritized,0,Python/Software Development,Outside Prague - verify,5,Python/Software Development; R,Senior-level position; Location requires verification
BLT_1285,Senior Software Engineer (Node&React),,28 Locations,Engineer,Software Engineer,Senior level,"IT & Software, Engineering & R&D","Node.js, React",https://builtin.com/job/senior-software-engineer-node-react/9360870,2026-10-03T09:47:20+02:00,Deprioritized,0,Python/Software Development,Outside Prague - verify,5,Python/Software Development; R,Senior-level position; Location requires verification
SJ_93697,Front Office Specialist,,Prague,Specialist,Administrative Specialist,,,,https://www.startupjobs.cz/nabidka/93697/front-office-specialist,2026-10-02T12:43:39+02:00,Deprioritized,0,Other,Prague,5,,
SJ_108193,"HR Generalist | People, Office & Culture",,Prague,Specialist,HR/People Specialist,,HR & Recruitment,,https://www.startupjobs.cz/nabidka/108193/hr-generalist-people-office-culture,2026-10-02T12:43:39+02:00,Deprioritized,0,Other,Prague,5,,
SJ_108195,SOC analytik - Chceš nastartovat nebo rozvíjet kariéru v kyberbezpečnosti?,,Prague,Analyst,Security/Fraud Analyst,,"Data & Analytics, Cybersecurity",,https://www.startupjobs.cz/nabidka/108195/soc-analytik-chces-nastartovat-nebo-rozvijet-karieru-v-kyberbezpecnosti,2026-10-02T12:42:34+02:00,Deprioritized,0,Other,Prague,5,,
SJ_108255,Visual Designer,,Prague,Designer,Graphic/Visual Designer,,,,https://www.startupjobs.cz/nabidka/108255/visual-designer,2026-10-02T12:42:34+02:00,Deprioritized,0,Other,Prague,5,,
SJ_108225,Seniorní Java vývojář pro celoevropský digitalizační projekt,,Prague,Developer,General Software Developer,Senior,"IT & Software, Project & Program Management",Java,https://www.startupjobs.cz/nabidka/108225/seniorni-java-vyvojar-pro-celoevropsky-digitalizacni-projekt,2026-10-02T12:39:24+02:00,Deprioritized,0,Python/Software Development,Prague,5,Python/Software Development,Senior-level position
JST_2146,SENIOR IT ANALYTIK – navrhujte řešení pro bankovnictví | Dlouhodobý projekt,až 175 000 Kč / měsíc,Praha (hybridní režim),Analyst,IT/Systems Analyst,"Senior, Expert","Data & Analytics, IT & Software, Project & Program Management",,https://www.jobstack.it/it-job/analytik/6abd0c648a3b6,2026-10-02T12:36:00+02:00,Deprioritized,0,Business/Product Analysis,Prague,5,Business/Product Analysis,Senior-level position
JST_9574,Seniorní IT Analytik do oblasti plateb,až 190 000 Kč / měsíc,Praha,Analyst,IT/Systems Analyst,"Senior, Expert","Data & Analytics, IT & Software",,https://www.jobstack.it/it-job/analytik/6abeab0dbdab8,2026-10-02T12:35:54+02:00,Deprioritized,0,Business/Product Analysis,Prague,5,Business/Product Analysis,Senior-level position
JST_4010,Seniorní IT Analytik na dlouhodobý projekt,až 190 000 Kč / měsíc,Praha,Analyst,IT/Systems Analyst,"Senior, Expert","Data & Analytics, IT & Software, Project & Program Management",,https://www.jobstack.it/it-job/analytik/6abe76b625b8c,2026-10-02T12:35:54+02:00,Deprioritized,0,Business/Product Analysis,Prague,5,Business/Product Analysis,Senior-level position
JB_6306,Solution / Enterprise Architekt,,Hlavní město Praha,Architect,Enterprise Architect,,,,https://www.jobs.cz/rpd/2001459608/,2026-10-02T12:34:19+02:00,Deprioritized,0,Other,Prague,5,,
JB_8441,Koordinátor/ka dobrovolníků pro Cestu domů,,Praha – Michle,Coordinator,General Coordinator,,,,https://www.jobs.cz/rpd/2001453875/,2026-10-02T12:26:17+02:00,Deprioritized,0,Other,Prague,5,,
JB_7966,Junior finanční analytik,,Praha – Staré Město,Analyst,Finance/Investment Analyst,Junior/Entry-level,Data & Analytics,,https://www.jobs.cz/rpd/2001457838/,2026-10-02T12:23:24+02:00,Deprioritized,0,Other,Prague,5,Junior/entry level,Finance/accounting orientation
JB_0537,SOLUTION ARCHITECT (JAVA) - REMOTE,,Praha – Horní Počernice,Architect,Solution Architect,,,Java,https://www.jobs.cz/rpd/2001446328/,2026-10-02T12:13:43+02:00,Deprioritized,0,Other,Prague,5,,
JB_3874,Hledáme HR parťáka pro logistiku 🚀 (JPO19923),35 000 – 45 000 Kč,Praha – Holešovice,Specialist,HR/People Specialist,,HR & Recruitment,,https://www.jobs.cz/rpd/2001455946/,2026-10-02T12:13:22+02:00,Deprioritized,0,Other,Prague,5,,
JB_0008,SPECIALISTA KONCERNOVÉHO CONTROLLINGU (M/Ž),,Praha – Michle,Specialist,General Specialist,,,,https://www.jobs.cz/rpd/2001459063/,2026-10-02T12:03:23+02:00,Deprioritized,0,Other,Prague,5,,
JB_3976,Specialista/ka controllingu s přesahem do projektového řízení,,Praha – Michle + 1 další lokalita,Specialist,Product/Project Specialist,,Project & Program Management,,https://www.jobs.cz/rpd/2001457568/,2026-10-02T12:03:23+02:00,Deprioritized,0,Other,Prague,5,,
JB_4190,COMERCIAL REAL ESTATE CONSULTANT,,Praha – Nové Město,Consultant,Real Estate Consultant,,Real Estate & Construction,,https://www.jobs.cz/rpd/2001459533/,2026-10-02T12:03:02+02:00,Deprioritized,0,Other,Prague,5,,
JB_2235,Credit Analyst Trainee with German,,Praha – Vinohrady,Analyst,Risk/Credit Analyst,Intern/Trainee,Compliance & Risk,,https://www.jobs.cz/rpd/2001457399/,2026-10-02T11:55:25+02:00,Deprioritized,0,Other,Prague,5,Junior/entry level,Finance/accounting orientation
JB_9700,Strategický koordinátor pro CEO,,Praha – Karlín,Manager,Executive/General Manager,Executive,,,https://www.jobs.cz/rpd/2001456938/,2026-10-02T11:54:53+02:00,Deprioritized,0,Other,Prague,5,,
JB_6520,Marketingový specialista pro Payminator,,Praha – Karlín,Specialist,General Specialist,,,,https://www.jobs.cz/rpd/2001459224/,2026-10-02T11:53:40+02:00,Deprioritized,0,Other,Prague,5,,
JB_4857,"Právník/právnička Centra pro podporu open science - autorské právo & ochrana dat (0,5)",25 000 – 32 500 Kč,Praha – Veleslavín,Specialist,Legal Specialist,,"Legal, Education & Research",,https://www.jobs.cz/rpd/2001458052/,2026-10-02T11:46:26+02:00,Deprioritized,0,Other,Prague,5,,
JB_0246,Technický dohled – administrátor,,Praha – Nusle,Administrator,General Administrator,,,,https://www.jobs.cz/rpd/2001453630/,2026-10-02T11:44:28+02:00,Deprioritized,0,Other,Prague,5,,
JB_7452,Projektový koordinátor - DPČ 20h/týden,,Praha – Libeň,Coordinator,Project/Program Coordinator,,Project & Program Management,,https://www.jobs.cz/rpd/2001457755/,2026-10-02T11:32:47+02:00,Deprioritized,0,Other,Prague,5,,
JB_8090,SPECIALISTA/KA PROCESŮ A DIGITALIZACE (RENOMIA NETWORK),,Praha – Nové Město,Specialist,Operations Specialist,,Cloud & Infrastructure,,https://www.jobs.cz/rpd/2001458010/,2026-10-02T11:32:24+02:00,Deprioritized,0,Other,Prague,5,,
JB_0902,Team Leader (m/ž) - Purchase to Pay,,Praha – Krč,Manager,Executive/General Manager,Lead/Head,Procurement,,https://www.jobs.cz/rpd/2001457493/,2026-10-02T11:32:10+02:00,Deprioritized,0,Other,Prague,5,,
JB_8636,Operativní nákupčí/ E-commerce specialista,45 000 – 55 000 Kč,Praha,Specialist,Procurement Specialist,,"Procurement, Retail & E-commerce",,https://www.jobs.cz/rpd/2001457845/,2026-10-02T11:24:03+02:00,Deprioritized,0,Other,Prague,5,,
JB_2756,P&C Service Specialista/ka,,Praha,Specialist,Operations Specialist,,,,https://www.jobs.cz/rpd/2001454474/,2026-10-02T11:24:03+02:00,Deprioritized,0,Other,Prague,5,,
JB_1029,Koordinátor(ka) Facility managementu,,Praha – Krč,Coordinator,Operations/Service Coordinator,,,,https://www.jobs.cz/rpd/2001459267/,2026-10-02T11:11:36+02:00,Deprioritized,0,Other,Prague,5,,
JB_5538,Global Supply Chain Coordinator,,Praha – Holešovice,Coordinator,Logistics/Supply Chain Coordinator,,Supply Chain & Logistics,,https://www.jobs.cz/rpd/2001455926/,2026-10-02T11:11:13+02:00,Deprioritized,0,Other,Prague,5,,
JB_0173,SAP Konzultant (FI/CO),,Praha,Consultant,SAP/ERP Consultant,,,SAP,https://www.jobs.cz/rpd/2001458934/,2026-10-02T11:10:59+02:00,Deprioritized,0,Other,Prague,5,,
JB_0185,Ekonom - analytik,70 000 – 92 000 Kč,Praha – Holešovice,Analyst,Economic/Policy Analyst,,Data & Analytics,,https://www.jobs.cz/rpd/2001457103/,2026-10-02T11:10:44+02:00,Deprioritized,0,Other,Prague,5,,
JB_5849,IT systems and portals Security Governance & Compliance Specialist (f/m),,Praha – Chodov,Specialist,Cybersecurity Specialist,,"Cybersecurity, IT & Software, Compliance & Risk",,https://www.jobs.cz/rpd/2001457339/,2026-10-02T11:10:06+02:00,Deprioritized,0,Other,Prague,5,,
JB_2463,SASE & Managed LAN Security Governance & Compliance Specialist (f/m),,Praha – Chodov,Specialist,Cybersecurity Specialist,,"Cybersecurity, Compliance & Risk",,https://www.jobs.cz/rpd/2001457325/,2026-10-02T11:10:06+02:00,Deprioritized,0,Other,Prague,5,,
JB_5798,CAD Specialist,,Hlavní město Praha,Specialist,General Specialist,,,,https://www.jobs.cz/rpd/2001457956/,2026-10-02T11:09:53+02:00,Deprioritized,0,Other,Prague,5,,
JB_2772,Space Data Admin,,Hlavní město Praha,Administrator,General Administrator,,Data & Analytics,,https://www.jobs.cz/rpd/2001457919/,2026-10-02T11:09:53+02:00,Deprioritized,0,Other,Prague,5,,
JB_3641,Android Mobile Developer / Architect pro digitalizační projekt,,Praha – Karlín,Architect,General Architect,,"IT & Software, Project & Program Management",,https://www.jobs.cz/rpd/2001370717/,2026-10-02T11:09:29+02:00,Deprioritized,0,Other,Prague,5,,
BLT_9669,Principal Software Engineer - GitHub Actions,2M-4M Annually,CZ,Engineer,Software Engineer,Expert/Leader,"IT & Software, Engineering & R&D",,https://builtin.com/job/principal-software-engineer-github-actions/11129701,2026-10-02T11:06:50+02:00,Deprioritized,0,Python/Software Development,Czechia - verify Prague/remote,6,Python/Software Development; R,Senior-level position; Location requires verification
BLT_0998,"Senior Backend Engineer, Billing",,Czechia,Engineer,Software Engineer,Senior level,Engineering & R&D,,https://builtin.com/job/senior-backend-engineer-billing/11460618,2026-10-02T11:06:01+02:00,Deprioritized,0,Python/Software Development,Czechia - verify Prague/remote,6,Python/Software Development; R,Senior-level position; Location requires verification
SJ_108147,"Specialista/Specialistka BOZP, PO",,Prague,Specialist,General Specialist,,,,https://www.startupjobs.cz/nabidka/108147/specialista-specialistka-bozp-po,2026-09-30T12:49:47+02:00,Deprioritized,0,Other,Prague,7,,
SJ_108145,Specialista/Specialistka životního prostředí,,Prague,Specialist,General Specialist,,,,https://www.startupjobs.cz/nabidka/108145/specialista-specialistka-zivotniho-prostredi,2026-09-30T12:49:47+02:00,Deprioritized,0,Other,Prague,7,,
JB_0825,⭕Administrativní pracovník v logistice - Praha-východ,,Hlavní město Praha,Administrator,Production Administrator,,Supply Chain & Logistics,,https://www.jobs.cz/rpd/2001453806/,2026-09-30T12:40:37+02:00,Deprioritized,0,Other,Prague,7,,
JB_8934,Graphic Designer,,Praha – Holešovice,Designer,Graphic/Visual Designer,,,,https://www.jobs.cz/rpd/2001455492/,2026-09-30T12:19:22+02:00,Deprioritized,0,Other,Prague,7,,
JB_8618,Embedded SW developer C/C++ (f/m/d),,Praha – Stodůlky,Developer,Embedded/Systems Developer,,IT & Software,C/C++,https://www.jobs.cz/rpd/2001455384/,2026-09-30T12:18:53+02:00,Deprioritized,0,Other,Prague,7,,
JB_9836,Koordinátor/ka marketingových a fundraisingových projektů,38 000 – 42 000 Kč,Praha – Vysočany,Coordinator,Project/Program Coordinator,,Project & Program Management,,https://www.jobs.cz/rpd/2001453942/,2026-09-30T12:18:39+02:00,Deprioritized,0,Other,Prague,7,,
JB_2276,Metodik/Metodička kontroly dotací,39 510 – 62 700 Kč,Praha – Malá Strana,Specialist,General Specialist,,,,https://www.jobs.cz/rpd/2001455529/,2026-09-30T12:07:11+02:00,Deprioritized,0,Other,Prague,7,,
JB_8744,Produktový technik / Specialista nabídek,,Praha – Horní Počernice,Technician,General Technician,,,,https://www.jobs.cz/rpd/2001455490/,2026-09-30T11:21:36+02:00,Deprioritized,0,Other,Prague,7,,
JB_7734,INŽENÝR KVALITY (75-80.000 KČ),75 000 – 80 000 Kč,Říčany,Engineer,General Engineer,,"Engineering & R&D, Quality & Safety",,https://www.jobs.cz/rpd/2001455527/,2026-09-30T11:21:11+02:00,Deprioritized,0,Other,Outside Prague - verify,7,R,Location requires verification
JB_6387,Group Demand Planning Lead,,Praha – Jinonice,Manager,Supply Chain/Procurement Manager,Lead/Head,,,https://www.jobs.cz/rpd/2001454111/,2026-09-30T11:20:34+02:00,Deprioritized,0,Other,Prague,7,,
JB_0323,Administrátor skladu,,Praha – Černý Most + 1 další lokalita,Administrator,Production Administrator,,Supply Chain & Logistics,,https://www.jobs.cz/rpd/2001454053/,2026-09-30T11:20:03+02:00,Deprioritized,0,Other,Prague,7,,
JB_1545,PROCUREMENT SPECIALIST - nepřímý nákup (Dr.Max),,Praha – Nové Město,Specialist,Procurement Specialist,,Procurement,,https://www.jobs.cz/rpd/2001453623/,2026-09-30T11:19:22+02:00,Deprioritized,0,Other,Prague,7,,
JB_7916,Retention Specialist,,Praha – Dejvice,Specialist,General Specialist,,,,https://www.jobs.cz/rpd/2001454208/,2026-09-30T11:19:22+02:00,Deprioritized,0,Other,Prague,7,,
JB_1418,Specialist in Standards and Frameworks,,Praha – Vinohrady,Specialist,General Specialist,,,,https://www.jobs.cz/rpd/2001455621/,2026-09-30T11:14:05+02:00,Deprioritized,0,Other,Prague,7,,
JB_6225,Supply Chain Specialist,,Praha – Karlín,Specialist,Logistics/Supply Chain Specialist,,Supply Chain & Logistics,,https://www.jobs.cz/rpd/2001446504/,2026-09-30T11:13:41+02:00,Deprioritized,0,Other,Prague,7,,
JB_2582,Project coordinator f/m/d,,Praha – Karlín,Coordinator,Project/Program Coordinator,,Project & Program Management,,https://www.jobs.cz/rpd/2001453980/,2026-09-30T11:13:03+02:00,Deprioritized,0,Other,Prague,7,,
JB_6062,Analytik / analytička kybernetické bezpečnosti v Odboru informatiky,,Praha – Malá Strana,Analyst,Security/Fraud Analyst,,"Data & Analytics, Cybersecurity",,https://www.jobs.cz/rpd/2001453679/,2026-09-30T11:12:51+02:00,Deprioritized,0,Other,Prague,7,,
JB_5529,SPECIALISTA/KA MZDOVÝCH ANALÝZ A PERSONÁLNÍCH DAT,,Praha – Vinohrady,Specialist,HR/People Specialist,,HR & Recruitment,,https://www.jobs.cz/rpd/2001453398/,2026-09-30T11:12:51+02:00,Deprioritized,0,Other,Prague,7,,
JB_7881,RMG Analyst (Business & Commercial Insights) | HEINEKEN 🍺,,Praha – Michle,Analyst,General Analyst,,Sales & Business Development,,https://www.jobs.cz/rpd/2001153800/,2026-09-30T11:11:46+02:00,Deprioritized,0,Other,Prague,7,,
JB_6855,Senior IT Business Analyst,,Praha – Stodůlky,Analyst,IT/Systems Analyst,Senior,IT & Software,,https://www.jobs.cz/rpd/2001453700/,2026-09-30T11:11:46+02:00,Deprioritized,0,Business/Product Analysis,Prague,7,Business/Product Analysis,Senior-level position
BLT_2713,Senior Full Stack Software Development Engineer,184K-270K Annually,27 Locations,Engineer,Software Engineer,Senior level,"IT & Software, Engineering & R&D",,https://builtin.com/job/senior-full-stack-software-development-engineer/10529166,2026-09-30T11:09:52+02:00,Deprioritized,0,Python/Software Development,Outside Prague - verify,7,Python/Software Development; R,Senior-level position; Location requires verification
SJ_108131,B2B Client Support – online podpora pro naše klienty,,Prague,Support Specialist,Customer Support,,Customer Service,,https://www.startupjobs.cz/nabidka/108131/b2b-client-support-online-podpora-pro-nase-klienty,2026-09-29T12:32:55+02:00,Deprioritized,0,Other,Prague,8,,
JB_2532,Správce sítě a IT infrastruktury,,Praha – Uhříněves,Administrator,Network/Infrastructure Administrator,,IT & Software,,https://www.jobs.cz/rpd/2001453338/,2026-09-29T12:14:17+02:00,Deprioritized,0,Other,Prague,8,,
JB_2539,Technický Product Owner - cloudová integrační platforma,,Praha – Braník + 1 další lokalita,Manager,Product Manager/Product Owner,,Product Management,,https://www.jobs.cz/rpd/2001451508/,2026-09-29T11:11:50+02:00,Deprioritized,0,Other,Prague,8,,
JB_6527,Technik,,Praha,Technician,General Technician,,,,https://www.jobs.cz/rpd/2001453073/,2026-09-29T11:10:43+02:00,Deprioritized,0,Other,Prague,8,,
JB_3842,CFO | Finance leader pro českou část IT skupiny,,Praha – Michle,Manager,IT/Engineering Manager,"Lead/Head, Executive","IT & Software, Finance & Banking",,https://www.jobs.cz/rpd/2001446404/,2026-09-29T11:09:58+02:00,Deprioritized,0,Other,Prague,8,,
JB_1631,Technický specialista – posuzování vozidel,45 000 – 55 000 Kč,Praha – Holešovice,Specialist,Technical/Engineering Specialist,,,,https://www.jobs.cz/rpd/2001453254/,2026-09-29T11:09:10+02:00,Deprioritized,0,Other,Prague,8,,
JB_7480,Junior Valuation Consultant - oceňování podniků,,Praha – Karlín,Consultant,Finance/Transactions Consultant,Junior/Entry-level,Finance & Banking,,https://www.jobs.cz/rpd/2001453223/,2026-09-29T11:09:00+02:00,Deprioritized,0,Other,Prague,8,Junior/entry level,Finance/accounting orientation
JB_0037,Sourcing Specialist with CZ and EN,45 000 – 54 000 Kč,Praha,Specialist,General Specialist,,,,https://www.jobs.cz/rpd/2001453011/,2026-09-29T10:58:21+02:00,Deprioritized,0,Other,Prague,9,,
BLT_9493,Senior Software Engineer - Full-stack - Growth Product,,17 Locations,Engineer,Software Engineer,Senior level,"IT & Software, Engineering & R&D",,https://builtin.com/job/senior-software-engineer-full-stack-growth-product/10828830,2026-09-29T10:54:36+02:00,Deprioritized,0,Python/Software Development,Outside Prague - verify,9,Python/Software Development; R,Senior-level position; Location requires verification
BLT_9312,Senior Software Engineer - Rust - Consumer,,17 Locations,Engineer,Software Engineer,Senior level,"IT & Software, Engineering & R&D",Rust,https://builtin.com/job/senior-software-engineer-rust-consumer/11393954,2026-09-29T10:54:36+02:00,Deprioritized,0,Python/Software Development,Outside Prague - verify,9,Python/Software Development; R,Senior-level position; Location requires verification
SJ_108115,Client Lead pro Plzeňský Prazdroj,,Prague,Manager,Executive/General Manager,Lead/Head,Customer Service,,https://www.startupjobs.cz/nabidka/108115/client-lead-pro-plzensky-prazdroj,2026-09-26T12:09:35+02:00,Deprioritized,0,Other,Prague,11,,
SJ_108117,Motion Designer (3D),,Prague,Designer,General Designer,,,,https://www.startupjobs.cz/nabidka/108117/motion-designer-3d,2026-09-26T12:09:35+02:00,Deprioritized,0,Other,Prague,11,,
SJ_108109,Pravá ruka CEO – AMPOWER,,Prague,Manager,Executive/General Manager,Executive,,,https://www.startupjobs.cz/nabidka/108109/prava-ruka-ceo-ampower,2026-09-26T12:09:35+02:00,Deprioritized,0,Other,Prague,11,,
JB_1204,Referent správy dat / 20 h týdně / projekt na 6 měsíců,,Praha,Administrator,Business/Office Administrator,,Project & Program Management,,https://www.jobs.cz/rpd/2001447014/,2026-09-26T11:40:30+02:00,Deprioritized,0,Other,Prague,11,,
JB_8185,Specialista podpory prodeje,,Praha – Jinonice,Support Specialist,Business/Sales Support,,Sales & Business Development,,https://www.jobs.cz/rpd/2001446650/,2026-09-26T11:05:17+02:00,Deprioritized,0,Other,Prague,12,,
JB_8935,Doménový architekt/ka energetických obchodních systémů,,Praha – Michle,Architect,General Architect,,"Sales & Business Development, Energy & Utilities",,https://www.jobs.cz/rpd/2001199365/,2026-09-26T10:42:22+02:00,Deprioritized,0,Other,Prague,12,,
JB_6727,Product Owner – HMG Segment,,Praha – Holešovice,Manager,Product Manager/Product Owner,,Product Management,,https://www.jobs.cz/rpd/2001446934/,2026-09-26T10:41:55+02:00,Deprioritized,0,Other,Prague,12,,
JB_0756,SAP ARCHITEKT | PRAGUE |,130 000 – 180 000 Kč,Praha,Architect,General Architect,,,SAP,https://www.jobs.cz/rpd/2001447113/,2026-09-26T10:41:08+02:00,Deprioritized,0,Other,Prague,12,,
JB_6625,OBCHODNĚ-TECHNICKÝ SPECIALISTA / REALIZÁTOR ZAKÁZEK,,Praha – Hostivař,Specialist,Sales/Commercial Specialist,,Sales & Business Development,,https://www.jobs.cz/rpd/2001446505/,2026-09-26T10:30:00+02:00,Deprioritized,0,Other,Prague,12,,
JB_4326,"Hook > LUT (ale umíš obojí) – videomaker/ka (růst, pestrá tvorba a maximální svoboda)",60 000 – 120 000 Kč,Praha – Břevnov,Specialist,General Specialist,,,Rust,https://www.jobs.cz/rpd/2001446337/,2026-09-26T10:29:38+02:00,Deprioritized,0,Other,Prague,12,,
JB_6831,DISPONENT KAMIONOVÉ PŘEPRAVY,,Praha – Ruzyně,Specialist,General Specialist,,,,https://www.jobs.cz/rpd/2001446676/,2026-09-26T10:29:03+02:00,Deprioritized,0,Other,Prague,12,,
JB_4958,Podpora e-learningu,39 000 – 42 000 Kč,Praha – Karlín,Support Specialist,Technical Support,,,,https://www.jobs.cz/rpd/2001447050/,2026-09-26T10:28:49+02:00,Deprioritized,0,Other,Prague,12,,
JB_2651,BUSINESS OPPORTUNITIES SPECIALIST - PRAHA,,Praha – Staré Město,Specialist,General Specialist,,,,https://www.jobs.cz/rpd/2001447117/,2026-09-26T10:28:26+02:00,Deprioritized,0,Other,Prague,12,,
JB_6871,Coordinator Financial Accounting,,Praha – Libeň,Coordinator,Finance/Administrative Coordinator,,Finance & Banking,,https://www.jobs.cz/rpd/2001446411/,2026-09-26T10:21:18+02:00,Deprioritized,0,Other,Prague,12,,
JB_3431,Sales & Project Coordinator s AJ | 50–65 000 Kč,50 000 – 65 000 Kč,Praha – Ruzyně,Coordinator,Project/Program Coordinator,,"Sales & Business Development, Project & Program Management",,https://www.jobs.cz/rpd/2001446470/,2026-09-26T10:20:53+02:00,Deprioritized,0,Other,Prague,12,,
BLT_3330,Principal Software Engineer,75K-85K Annually,30 Locations,Engineer,Software Engineer,Expert/Leader,"IT & Software, Engineering & R&D",,https://builtin.com/job/principal-software-engineer/10846117,2026-09-26T10:08:54+02:00,Deprioritized,0,Python/Software Development,Outside Prague - verify,12,Python/Software Development; R,Senior-level position; Location requires verification
BLT_5317,"Senior Frontend Engineer, React/Typescript",179K-179K Annually,11 Locations,Engineer,Software Engineer,Senior level,Engineering & R&D,"TypeScript, React",https://builtin.com/job/senior-frontend-engineer-react-typescript/11372572,2026-09-26T10:07:35+02:00,Deprioritized,0,Python/Software Development,Outside Prague - verify,12,Python/Software Development; R,Senior-level position; Location requires verification
SJ_523140,Sales Support – se zájmem o IT,,Prague,Support Specialist,Business/Sales Support,,"IT & Software, Sales & Business Development",,https://www.startupjobs.cz/nabidka/107917/sales-support-se-zajmem-o-it,2026-09-25T11:55:36+02:00,Deprioritized,0,Other,Prague,12,,
SJ_108085,Performance & Growth Specialist — Tipli & Kaufino,,Prague,Specialist,General Specialist,,,,https://www.startupjobs.cz/nabidka/108085/performance-growth-specialist-tipli-kaufino,2026-09-25T11:51:01+02:00,Deprioritized,0,Other,Prague,12,,
SJ_108099,Social Performance & Creative Specialist,,Prague,Specialist,General Specialist,,,,https://www.startupjobs.cz/nabidka/108099/social-performance-creative-specialist,2026-09-25T11:51:01+02:00,Deprioritized,0,Other,Prague,12,,
JB_2238,Specialista monitoringu solárních elektráren – denní směna,,Praha – Nové Město,Specialist,General Specialist,,,,https://www.jobs.cz/rpd/2001444322/,2026-09-25T11:35:34+02:00,Deprioritized,0,Other,Prague,12,,
JB_0114,ADMINISTRÁTOR DOTAČNÍCH PROJEKTŮ A OZP AGENDY ( m/ž ) - hybridní forma spolupráce !,,Praha – Michle,Administrator,General Administrator,,Project & Program Management,,https://www.jobs.cz/rpd/2001354185/,2026-09-25T11:28:05+02:00,Deprioritized,0,Other,Prague,12,,
JB_2536,HR Support - DPP (m/ž),,Praha – Braník,Support Specialist,HR/People Support,,HR & Recruitment,,https://www.jobs.cz/rpd/2001328679/,2026-09-25T11:28:05+02:00,Deprioritized,0,Other,Prague,12,,
JB_3994,Workshop Service Technician,,Praha – Ruzyně,Technician,Service/Maintenance Technician,,,,https://www.jobs.cz/rpd/2001327116/,2026-09-25T11:14:55+02:00,Deprioritized,0,Other,Prague,12,,
JB_9734,SAMOSTATNÝ/NÁ REFERENT/KA ODDĚLENÍ FINANČNÍHO PLÁNU A ROZPOČTU - 971,,Praha – Dejvice,Administrator,Finance Administrator,,,,https://www.jobs.cz/rpd/2001444823/,2026-09-25T11:04:19+02:00,Deprioritized,0,Other,Prague,13,,
JB_8484,DELOITTE - Junior Finance Consultant | Účetnictví a finanční projekty,,Praha – Vinohrady,Consultant,Finance/Transactions Consultant,Junior/Entry-level,"Finance & Banking, Project & Program Management",,https://www.jobs.cz/rpd/2001444903/,2026-09-25T11:02:41+02:00,Deprioritized,0,Other,Prague,13,Junior/entry level,Finance/accounting orientation
JB_4905,C/C++ Embedded Developer | Space Missions (ESA),,Praha – Bubeneč,Developer,Embedded/Systems Developer,,IT & Software,C/C++,https://www.jobs.cz/rpd/2001445257/,2026-09-25T10:42:00+02:00,Deprioritized,0,Other,Prague,13,,
JB_9854,VÝROBNÍ TECHNOLOG | 15 dní volna v měsíci | nepřetržitý provoz,,Praha – Hostivař,Technician,Manufacturing/Process Technician,,Manufacturing & Production,,https://www.jobs.cz/rpd/2001444282/,2026-09-25T10:41:48+02:00,Deprioritized,0,Other,Prague,13,,
JB_3016,Specialista monitoringu solárních elektráren – noční směna,,Praha – Nové Město,Specialist,General Specialist,,,,https://www.jobs.cz/rpd/2001445113/,2026-09-25T10:28:39+02:00,Deprioritized,0,Other,Prague,13,,
JB_4272,Specialista/ka pro obchody s Českou poštou - Berounsko / Praha,,Hlavní město Praha + 1 další lokalita,Specialist,Sales/Commercial Specialist,,Sales & Business Development,,https://www.jobs.cz/rpd/2001444646/,2026-09-25T10:19:38+02:00,Deprioritized,0,Other,Prague,13,,
JB_2672,"HR Lead, který/á propojí lidi, provoz a business",65 000 Kč,Praha – Nové Město,Manager,HR/People Manager,Lead/Head,HR & Recruitment,,https://www.jobs.cz/rpd/2001444660/,2026-09-25T10:19:30+02:00,Deprioritized,0,Other,Prague,13,,
JB_4154,Systémový administrátor/ka datového skladu,,Praha – Michle,Administrator,Systems/Server Administrator,,Supply Chain & Logistics,,https://www.jobs.cz/rpd/2001445098/,2026-09-25T10:19:21+02:00,Deprioritized,0,Other,Prague,13,,
JB_3253,CYBER SECURITY SPECIALISTA,,Praha – Nusle,Specialist,Cybersecurity Specialist,,Cybersecurity,,https://www.jobs.cz/rpd/2001445111/,2026-09-25T10:17:55+02:00,Deprioritized,0,Other,Prague,13,,
JB_2451,Accounts Recievable & Payments Specialist,,Praha – Holešovice,Specialist,General Specialist,,,,https://www.jobs.cz/rpd/2001444964/,2026-09-25T10:17:23+02:00,Deprioritized,0,Other,Prague,13,,
JB_2380,Learning and development specialist (m/ž),,Praha – Libeň,Specialist,General Specialist,,,,https://www.jobs.cz/rpd/2001444778/,2026-09-25T10:17:23+02:00,Deprioritized,0,Other,Prague,13,,
JB_8459,Demand Generation Specialist - Chceš posouvat leady k obchodu a vidět své výsledky?,,Praha – Karlín,Specialist,Sales/Commercial Specialist,,Sales & Business Development,,https://www.jobs.cz/rpd/2001444621/,2026-09-25T10:07:59+02:00,Deprioritized,0,Other,Prague,13,,
JB_9541,Documentation Specialist (October – December 2026),,Praha – Dolní Měcholupy,Specialist,Administrative Specialist,,,,https://www.jobs.cz/rpd/2001444209/,2026-09-25T10:06:55+02:00,Deprioritized,0,Other,Prague,13,,
JB_3803,ANALYTIK SKLADOVÝCH ZÁSOB (M/Ž) - flexibilní pracovní doba i home office!🏡,,Kutná Hora – Karlov,Analyst,General Analyst,,"Data & Analytics, Supply Chain & Logistics",,https://www.jobs.cz/rpd/2001445151/,2026-09-25T10:06:23+02:00,Deprioritized,0,Other,Remote/Hybrid,13,,
JB_1520,Senior Business Analyst| Banking,140 000 – 160 000 Kč,Praha,Analyst,Business/Process Analyst,Senior,Finance & Banking,,https://www.jobs.cz/rpd/2001445225/,2026-09-25T10:06:08+02:00,Deprioritized,0,Business/Product Analysis,Prague,13,Business/Product Analysis,Senior-level position
BLT_7933,Senior Backend Engineer,,3 Locations,Engineer,Software Engineer,Senior level,Engineering & R&D,,https://builtin.com/job/senior-backend-engineer-fields/8247109,2026-09-25T10:04:25+02:00,Deprioritized,0,Python/Software Development,Outside Prague - verify,13,Python/Software Development; R,Senior-level position; Location requires verification
BLT_4140,"Backend Engineer, PHP",,27 Locations,Engineer,Software Engineer,Senior level,Engineering & R&D,PHP,https://builtin.com/job/backend-engineer-php/11351876,2026-09-25T10:02:38+02:00,Deprioritized,0,Python/Software Development,Outside Prague - verify,13,Python/Software Development; R,Senior-level position; Location requires verification
BLT_4369,Senior Software Engineer - Clearing,,28 Locations,Engineer,Software Engineer,Senior level,"IT & Software, Engineering & R&D",,https://builtin.com/job/senior-software-engineer-clearing/11355401,2026-09-25T10:02:38+02:00,Deprioritized,0,Python/Software Development,Outside Prague - verify,13,Python/Software Development; R,Senior-level position; Location requires verification
BLT_0950,Senior Software Engineer - DevX,,30 Locations,Engineer,Software Engineer,Senior level,"IT & Software, Engineering & R&D",,https://builtin.com/job/senior-software-engineer-devx/11359667,2026-09-25T10:02:38+02:00,Deprioritized,0,Python/Software Development,Outside Prague - verify,13,Python/Software Development; R,Senior-level position; Location requires verification
BLT_7659,"Senior Backend Engineer, Core Services",,3 Locations,Engineer,Software Engineer,Senior level,Engineering & R&D,,https://builtin.com/job/senior-backend-engineer-core-services/11351471,2026-09-25T10:01:21+02:00,Deprioritized,0,Python/Software Development,Outside Prague - verify,13,Python/Software Development; R,Senior-level position; Location requires verification
SJ_245421,🎥 Route Filming & Production Specialist 🚴,,Prague,Specialist,Manufacturing/Production Specialist,,Manufacturing & Production,,https://www.startupjobs.cz/nabidka/106715/route-filming-production-specialist,2026-09-23T22:01:53+02:00,Deprioritized,0,Other,Prague,14,,
SJ_289491,Atlassian Consultant / Solution Architekt (i pro Business analytiky nebo IT konzultanty) Praha + 1 další,,Prague,Architect,Solution Architect,,"Data & Analytics, IT & Software",,https://www.startupjobs.cz/nabidka/101857/atlassian-consultant-solution-architekt-i-pro-business-analytiky-nebo-it-konzultanty,2026-09-23T21:56:18+02:00,Deprioritized,0,Other,Prague,14,,
SJ_107989,Procurement/HR Operations Specialist,,Prague,Specialist,HR/People Specialist,,"HR & Recruitment, Procurement",,https://www.startupjobs.cz/nabidka/107989/procurement-hr-operations-specialist,2026-09-23T21:49:43+02:00,Deprioritized,0,Other,Prague,14,,
SJ_107959,EO/GIS Analyst,,Prague,Analyst,General Analyst,,,,https://www.startupjobs.cz/nabidka/107959/eo-gis-analyst,2026-09-23T21:48:38+02:00,Deprioritized,0,Other,Prague,14,,
SJ_108051,Finanční a administrativní asistent/ka (angličtina B2/C1) – částečný úvazek,,Prague,Administrator,Finance Administrator,,,,https://www.startupjobs.cz/nabidka/108051/financni-a-administrativni-asistent-ka-anglictina-b2-c1-castecny-uvazek,2026-09-23T21:48:38+02:00,Deprioritized,0,Other,Prague,14,,
SJ_108025,Mobile App Developer,,Prague,Developer,Mobile Developer,,IT & Software,,https://www.startupjobs.cz/nabidka/108025/mobile-app-developer,2026-09-23T21:48:38+02:00,Deprioritized,0,Other,Prague,14,,
JB_3027,Personální koordinátor/ka,,Praha – Vršovice,Coordinator,HR/People Coordinator,,HR & Recruitment,,https://www.jobs.cz/rpd/2001443096/,2026-09-23T21:40:29+02:00,Deprioritized,0,Other,Prague,14,,
JB_8232,IVF Koordinátor/ka pro české klienty,,Praha – Vysočany,Coordinator,General Coordinator,,Customer Service,,https://www.jobs.cz/rpd/2001442815/,2026-09-23T21:32:03+02:00,Deprioritized,0,Other,Prague,14,,
JB_9693,Commercial Operations specialista/ka,,Praha – Holešovice,Specialist,Sales/Commercial Specialist,,Sales & Business Development,,https://www.jobs.cz/rpd/2001442743/,2026-09-23T21:29:13+02:00,Deprioritized,0,Other,Prague,14,,
JB_9674,Finanční BC konzultant pro Microsoft Dynamics 365,,Praha – Smíchov,Consultant,SAP/ERP Consultant,,,,https://www.jobs.cz/rpd/2000973579/,2026-09-23T21:00:36+02:00,Deprioritized,0,Other,Prague,14,,
JB_4357,Analytik procesů hodnocení veřejných soutěží v oddělení kolektivních orgánů,,Praha – Dejvice,Analyst,General Analyst,,Data & Analytics,,https://www.jobs.cz/rpd/2001442567/,2026-09-23T20:51:39+02:00,Deprioritized,0,Other,Prague,14,,
JB_6655,Konzultant/ka účetnictví a účetního výkaznictví,50 000 – 60 000 Kč,Praha – Nové Město,Consultant,General Consultant,,,,https://www.jobs.cz/rpd/2001443550/,2026-09-23T20:49:49+02:00,Deprioritized,0,Other,Prague,14,,
JB_2882,Installation Supervisor | Mezinárodní projekty potravinářských provozů po celém světě,,Praha,Manager,Production/Quality Manager,,Project & Program Management,,https://www.jobs.cz/rpd/2001442240/,2026-09-23T20:41:18+02:00,Deprioritized,0,Other,Prague,14,,
JB_9486,Specialista/ka automatizovaného testování,,Praha – Dejvice + 1 další lokalita,Specialist,General Specialist,,,,https://www.jobs.cz/rpd/2001443540/,2026-09-23T20:40:48+02:00,Deprioritized,0,Other,Prague,14,,
JB_6446,Geodet do střediska 3D technologií,45 000 – 70 000 Kč,Praha – Vysočany,Technician,Manufacturing/Process Technician,,,,https://www.jobs.cz/rpd/2001443286/,2026-09-23T20:40:09+02:00,Deprioritized,0,Other,Prague,14,,
JB_3417,Seniorní vývojář/ka s vedením týmu,,Praha – Dejvice,Developer,General Software Developer,Senior,IT & Software,,https://www.jobs.cz/rpd/2001442028/,2026-09-23T20:30:45+02:00,Deprioritized,0,Python/Software Development,Prague,14,Python/Software Development,Senior-level position
JB_5636,Strategický nákupčí | Food & Supply Chain (M/Ž),,Praha – Jinonice,Specialist,Procurement Specialist,,"Supply Chain & Logistics, Procurement",,https://www.jobs.cz/rpd/2001175493/,2026-09-23T20:29:18+02:00,Deprioritized,0,Other,Prague,14,,
JB_5580,Supply Planner,,Praha,Planner,Demand/Supply Planner,,,,https://www.jobs.cz/rpd/2001442870/,2026-09-23T20:29:03+02:00,Deprioritized,0,Other,Prague,14,,
JB_5295,Facility Back Office Administrator (m/ž),,Praha – Dolní Měcholupy,Administrator,Business/Office Administrator,,,,https://www.jobs.cz/rpd/2001441594/,2026-09-23T20:28:53+02:00,Deprioritized,0,Other,Prague,14,,
JB_3079,Senior Software Developer (Public Facing applications) HPP/ICO,,Praha – Staré Město,Developer,General Software Developer,Senior,IT & Software,,https://www.jobs.cz/rpd/2001443258/,2026-09-23T20:28:17+02:00,Deprioritized,0,Python/Software Development,Prague,14,Python/Software Development,Senior-level position
JB_5843,⭕ Specialista/ka logistických procesů se znalostí CargoWise |📍Praha |💰55.000 Kč + bonusy,55 000 – 60 000 Kč,Hlavní město Praha,Specialist,Logistics/Supply Chain Specialist,,Supply Chain & Logistics,,https://www.jobs.cz/rpd/2001443014/,2026-09-23T20:17:08+02:00,Deprioritized,0,Other,Prague,14,,
JB_5940,TA Specialist- MSM Group,,Praha – Karlín,Specialist,General Specialist,,,,https://www.jobs.cz/rpd/2001443008/,2026-09-23T20:15:49+02:00,Deprioritized,0,Other,Prague,14,,
JB_3433,Procurement/HR Operations Specialist,,Praha – Holešovice,Specialist,HR/People Specialist,,"HR & Recruitment, Procurement",,https://www.jobs.cz/rpd/2001441637/,2026-09-23T20:08:07+02:00,Deprioritized,0,Other,Prague,14,,
JB_2028,Specialista/tka technologií flexibility,,Praha – Michle,Specialist,General Specialist,,,,https://www.jobs.cz/rpd/2001441257/,2026-09-23T20:07:08+02:00,Deprioritized,0,Other,Prague,14,,
JB_1495,RGM Business Partner,,Praha – Jinonice,Specialist,General Specialist,,,,https://www.jobs.cz/rpd/2001443400/,2026-09-23T20:06:45+02:00,Deprioritized,0,Other,Prague,14,,
JB_2710,Metodik analýzy simulačních dat,,Praha – Nové Město,Specialist,General Specialist,,,,https://www.jobs.cz/rpd/2001442638/,2026-09-23T20:06:39+02:00,Deprioritized,0,Other,Prague,14,,
JB_2203,IAM / IGA Specialist,140 000 – 170 000 Kč,Hlavní město Praha,Specialist,General Specialist,,Cybersecurity,,https://www.jobs.cz/rpd/2001443043/,2026-09-23T20:06:26+02:00,Deprioritized,0,Other,Prague,14,,
JB_5892,Energy Analyst - Associate Consultant,,Praha – Karlín,Analyst,General Analyst,,Energy & Utilities,,https://www.jobs.cz/rpd/2001442595/,2026-09-23T20:06:05+02:00,Deprioritized,0,Other,Prague,14,,
BLT_6508,Senior Software Engineer,,27 Locations,Engineer,Software Engineer,Senior level,"IT & Software, Engineering & R&D",,https://builtin.com/job/senior-full-stack-engineer-notification/9396785,2026-09-23T20:04:32+02:00,Deprioritized,0,Python/Software Development,Outside Prague - verify,14,Python/Software Development; R,Senior-level position; Location requires verification
BLT_0164,Principal Software Engineer - Identity,2M-4M Annually,CZ,Engineer,Software Engineer,Expert/Leader,"IT & Software, Engineering & R&D",,https://builtin.com/job/principal-software-engineer-identity/11102596,2026-09-23T20:02:51+02:00,Deprioritized,0,Python/Software Development,Czechia - verify Prague/remote,14,Python/Software Development; R,Senior-level position; Location requires verification
BLT_5448,Staff Software Engineer,200K-250K Annually,40 Locations,Engineer,Software Engineer,Senior level,"IT & Software, Engineering & R&D",,https://builtin.com/job/staff-software-engineer/11322397,2026-09-23T20:02:51+02:00,Deprioritized,0,Python/Software Development,Outside Prague - verify,14,Python/Software Development; R,Senior-level position; Location requires verification
BLT_2290,Senior C# Developer: Dev Tools,,"Prague, CZE",Developer,General Software Developer,Senior level,IT & Software,C#,https://builtin.com/job/senior-c-developer-dev-tools/11324970,2026-09-23T20:01:43+02:00,Deprioritized,0,Python/Software Development,Prague,14,Python/Software Development,Senior-level position
SJ_107707,Senior SAP BTP Developer (SAP Build),,Prague,Developer,Enterprise Applications Developer,Senior,IT & Software,SAP,https://www.startupjobs.cz/nabidka/107707/senior-sap-btp-developer-sap-build,2026-09-22T20:38:31+02:00,Deprioritized,0,Python/Software Development,Prague,15,Python/Software Development,Senior-level position
SJ_107993,Graphic Designer pro NICEBOY 💛,,Prague,Designer,Graphic/Visual Designer,,,,https://www.startupjobs.cz/nabidka/107993/graphic-designer-pro-niceboy,2026-09-22T20:37:21+02:00,Deprioritized,0,Other,Prague,15,,
SJ_107997,Konzultant/ka pro tvůrce a tvůrkyně,,Prague,Consultant,General Consultant,,,,https://www.startupjobs.cz/nabidka/107997/konzultant-ka-pro-tvurce-a-tvurkyne,2026-09-22T20:37:21+02:00,Deprioritized,0,Other,Prague,15,,
JST_5485,IT Analytik,až 160 000 Kč / měsíc,Praha,Analyst,IT/Systems Analyst,Senior,"Data & Analytics, IT & Software",,https://www.jobstack.it/it-job/analytik/6ab24666b183a,2026-09-22T20:29:59+02:00,Deprioritized,0,Business/Product Analysis,Prague,15,Business/Product Analysis,Senior-level position
JST_8413,SAP KONZULTANT NA HPP,Navrhni si mzdu,Praha 8 Karlín,Consultant,SAP/ERP Consultant,,,SAP,https://www.jobstack.it/it-job/specialista-erp/60460c4c09c52,2026-09-22T20:29:59+02:00,Deprioritized,0,Other,Prague,15,,
JB_3891,Specialista bezpečnostního monitoringu (SIEM),,Praha – Krč,Specialist,Cybersecurity Specialist,,,,https://www.jobs.cz/rpd/2001440772/,2026-09-22T20:00:30+02:00,Deprioritized,0,Other,Prague,15,,
JB_0835,Pracovník oddělení AML FRAUD,,Praha – Nové Město,Specialist,Compliance/AML Specialist,,Compliance & Risk,,https://www.jobs.cz/rpd/2001440227/,2026-09-22T19:52:07+02:00,Deprioritized,0,Other,Prague,15,,
JB_7550,SAP FI Consultant,,Praha – Nové Město,Consultant,SAP/ERP Consultant,,,SAP,https://www.jobs.cz/rpd/2001181798/,2026-09-22T19:52:07+02:00,Deprioritized,0,Other,Prague,15,,
JB_1690,Inženýr pro vysokofrekvenční měřící techniku a metrologii (m/ž) Junior/Senior,69 000 – 82 000 Kč,Praha – Dejvice,Engineer,General Engineer,"Junior/Entry-level, Senior",Engineering & R&D,,https://www.jobs.cz/rpd/2001441162/,2026-09-22T19:20:09+02:00,Deprioritized,0,Other,Prague,15,R; Junior/entry level,Senior-level position
JB_9079,Motion Designer,,Praha – Holešovice,Designer,General Designer,,,,https://www.jobs.cz/rpd/2001440647/,2026-09-22T19:19:03+02:00,Deprioritized,0,Other,Prague,15,,
JB_6381,People Administration Support (part-time),,Praha – Michle,Support Specialist,General Support Specialist,,HR & Recruitment,,https://www.jobs.cz/rpd/2001433261/,2026-09-22T19:18:38+02:00,Deprioritized,0,Other,Prague,15,,
JB_3855,Specialista*ka řízení rizik třetích stran,,Praha,Specialist,General Specialist,,,,https://www.jobs.cz/rpd/2001440805/,2026-09-22T19:17:29+02:00,Deprioritized,0,Other,Prague,15,,
JB_2196,Specialista/ka správy Srovnávacího nástroje,35 840 – 45 940 Kč,Praha – Holešovice,Specialist,General Specialist,,,,https://www.jobs.cz/rpd/2001440066/,2026-09-22T19:17:29+02:00,Deprioritized,0,Other,Prague,15,,
JB_4733,UX Designer,,Praha – Michle,Designer,UX/UI/Product Designer,,,,https://www.jobs.cz/rpd/2001177524/,2026-09-22T19:12:13+02:00,Deprioritized,0,Other,Prague,15,,
JB_4690,IT Solution Designer (f/m),,Praha – Chodov,Designer,General Designer,,IT & Software,,https://www.jobs.cz/rpd/2001147388/,2026-09-22T19:12:01+02:00,Deprioritized,0,Other,Prague,15,,
JB_6054,"HR SPECIALIST S AJ, ZAJÍMAVÉ FINANČNÍ OHODNOCENÍ",,Praha + 1 další lokalita,Specialist,HR/People Specialist,,HR & Recruitment,,https://www.jobs.cz/rpd/2001441186/,2026-09-22T19:02:37+02:00,Deprioritized,0,Other,Prague,15,,
JB_5968,Specialista/ka plánování zásob a objednávání,,Praha – Smíchov,Specialist,General Specialist,,,,https://www.jobs.cz/rpd/2001440320/,2026-09-22T19:00:32+02:00,Deprioritized,0,Other,Prague,15,,
JB_0156,Investment Analyst Junior – Public Equities & M&A,,Praha,Analyst,Finance/Investment Analyst,Junior/Entry-level,Finance & Banking,,https://www.jobs.cz/rpd/2001441181/,2026-09-22T19:00:20+02:00,Deprioritized,0,Other,Prague,15,Junior/entry level,Finance/accounting orientation
JB_6068,Security Analyst,,Praha – Smíchov,Analyst,Security/Fraud Analyst,,Cybersecurity,,https://www.jobs.cz/rpd/2001441154/,2026-09-22T19:00:20+02:00,Deprioritized,0,Other,Prague,15,,
BLT_2813,"Senior Backend Engineer (PHP, Symfony) – Fluix Team",,28 Locations,Engineer,Software Engineer,Senior level,Engineering & R&D,PHP,https://builtin.com/job/senior-backend-engineer-php-symfony-fluix-team/11285871,2026-09-22T18:56:01+02:00,Deprioritized,0,Python/Software Development,Outside Prague - verify,15,Python/Software Development; R,Senior-level position; Location requires verification
BLT_6730,Senior Software Engineer - React Native - Business Services,,15 Locations,Engineer,Software Engineer,Senior level,"IT & Software, Engineering & R&D",React,https://builtin.com/job/senior-software-engineer-react-native-business-services/11310736,2026-09-22T18:56:01+02:00,Deprioritized,0,Python/Software Development,Outside Prague - verify,15,Python/Software Development; R,Senior-level position; Location requires verification
BLT_0904,Senior Software Engineer for Libraries - Rust focus,1M-2M Annually,CZ,Engineer,Software Engineer,Senior level,"IT & Software, Engineering & R&D",Rust,https://builtin.com/job/senior-software-engineer-libraries-rust-focus/10889663,2026-09-22T18:56:01+02:00,Deprioritized,0,Python/Software Development,Czechia - verify Prague/remote,15,Python/Software Development; R,Senior-level position; Location requires verification
BLT_7120,Full-stack Engineer,80K-150K Annually,Czech Republic,Engineer,Software Engineer,Senior level,Engineering & R&D,,https://builtin.com/job/full-stack-engineer/8695108,2026-09-22T18:55:46+02:00,Deprioritized,0,Python/Software Development,Czechia - verify Prague/remote,15,Python/Software Development; R,Senior-level position; Location requires verification
BLT_3579,Senior Software Developer (Public Facing applications) HPP/ICO,,"Prague, CZE",Developer,General Software Developer,Senior level,IT & Software,,https://builtin.com/job/senior-software-developer-public-facing-applications-hpp-ico/11300878,2026-09-22T18:55:00+02:00,Deprioritized,0,Python/Software Development,Prague,15,Python/Software Development,Senior-level position
SJ_107937,Koordinátor / ka pojistných událostí - Podpora klientů při hlášení a řešení škod,,Prague,Coordinator,General Coordinator,,"Insurance, Customer Service",,https://www.startupjobs.cz/nabidka/107937/koordinator-ka-pojistnych-udalosti-podpora-klientu-pri-hlaseni-a-reseni-skod,2026-09-21T19:01:07+02:00,Deprioritized,0,Other,Prague,16,,
SJ_107537,Specialista/ka podpory bezpečnostních řešení,,Prague,Support Specialist,General Support Specialist,,,,https://www.startupjobs.cz/nabidka/107537/specialista-ka-podpory-bezpecnostnich-reseni,2026-09-21T19:00:02+02:00,Deprioritized,0,Other,Prague,16,,
SJ_107961,UX/UI Designer pro e-shop Mixit,,Prague,Designer,UX/UI/Product Designer,,Retail & E-commerce,,https://www.startupjobs.cz/nabidka/107961/ux-ui-designer-pro-e-shop-mixit,2026-09-21T19:00:02+02:00,Deprioritized,0,Other,Prague,16,,
JB_1198,SPECIALISTA TECHNICKÉHO DOHLEDU | AJ a NJ | až 60 000 Kč,45 000 – 60 000 Kč,Praha,Specialist,Technical/Engineering Specialist,,,,https://www.jobs.cz/rpd/2001438692/,2026-09-21T18:43:59+02:00,Deprioritized,0,Other,Prague,16,,
JB_4940,Junior Accounting IFRS Methodology specialist (m/f),,Praha – Nusle,Specialist,Finance/Banking Specialist,Junior/Entry-level,Finance & Banking,,https://www.jobs.cz/rpd/2001438587/,2026-09-21T18:35:34+02:00,Deprioritized,0,Other,Prague,16,Junior/entry level,Finance/accounting orientation
JB_7145,Outbound Sales & Lead Generation Specialist,50 000 – 70 000 Kč,Praha – Nusle,Specialist,Sales/Commercial Specialist,Lead/Head,Sales & Business Development,,https://www.jobs.cz/rpd/2001438715/,2026-09-21T18:26:33+02:00,Deprioritized,0,Other,Prague,16,,
JB_7589,Konzultant se zaměřením na IFRS a konsolidace,,Praha – Vinohrady,Consultant,General Consultant,,,,https://www.jobs.cz/rpd/2001438365/,2026-09-21T18:17:58+02:00,Deprioritized,0,Other,Prague,16,,
JB_9022,Enterprise Architekt/ka,,Praha – Michle,Architect,Enterprise Architect,,,,https://www.jobs.cz/rpd/2001191305/,2026-09-21T18:17:24+02:00,Deprioritized,0,Other,Prague,16,,
JB_0924,Analytik/Analytička v oblasti sociálního zabezpečení a důchodového pojištění,39 510 – 57 700 Kč,Praha – Malá Strana,Analyst,General Analyst,,"Data & Analytics, Insurance",,https://www.jobs.cz/rpd/2001438766/,2026-09-21T18:16:50+02:00,Deprioritized,0,Other,Prague,16,,
JB_6379,Energetický specialista | Praha,55 000 – 100 000 Kč,Praha,Specialist,General Specialist,,Energy & Utilities,,https://www.jobs.cz/rpd/2001439247/,2026-09-21T17:54:17+02:00,Deprioritized,0,Other,Prague,16,,
JB_9270,Specialista Diagnostika,,Praha – Nusle,Specialist,General Specialist,,,,https://www.jobs.cz/rpd/2001438445/,2026-09-21T17:54:10+02:00,Deprioritized,0,Other,Prague,16,,
JB_7936,Technik stínící techniky - Praha a okolí,30 000 – 60 000 Kč,Praha – Uhříněves,Technician,General Technician,,,,https://www.jobs.cz/rpd/2001438536/,2026-09-21T17:54:10+02:00,Deprioritized,0,Other,Prague,16,,
JB_5935,Technical Engineer,,Slaný,Engineer,General Engineer,,Engineering & R&D,,https://www.jobs.cz/rpd/2001438315/,2026-09-21T17:47:51+02:00,Deprioritized,0,Other,Outside Prague - verify,16,R,Location requires verification
JB_0142,Strategický nákupčí pro ZOOT,100 000 – 130 000 Kč,Praha – Smíchov,Specialist,Procurement Specialist,,Procurement,,https://www.jobs.cz/rpd/2001438377/,2026-09-21T17:45:54+02:00,Deprioritized,0,Other,Prague,16,,
JB_6127,HR koordinátor v personální společnosti – mladý kolektiv a přátelská atmosféra.,35 000 Kč,Praha – Karlín,Coordinator,HR/People Coordinator,,HR & Recruitment,,https://www.jobs.cz/rpd/2001438129/,2026-09-21T17:34:30+02:00,Deprioritized,0,Other,Prague,16,,
JB_5161,Procurement and Logistics Specialist,,Praha – Nusle,Specialist,Procurement Specialist,,"Supply Chain & Logistics, Procurement",,https://www.jobs.cz/rpd/2001348824/,2026-09-21T17:32:20+02:00,Deprioritized,0,Other,Prague,16,,
JB_3119,IT Applications Support Specialist,,Praha – Smíchov,Support Specialist,General Support Specialist,,IT & Software,,https://www.jobs.cz/rpd/2001437798/,2026-09-21T17:24:32+02:00,Deprioritized,0,Other,Prague,16,,
JB_9503,Analytik/analytička kybernetické bezpečnosti,,Praha – Libeň,Analyst,Security/Fraud Analyst,,"Data & Analytics, Cybersecurity",,https://www.jobs.cz/rpd/2001439193/,2026-09-21T17:24:19+02:00,Deprioritized,0,Other,Prague,16,,
JB_3535,Business Monitoring Specialist_Energo ESG,,Praha – Krč,Specialist,General Specialist,,,,https://www.jobs.cz/rpd/2001438107/,2026-09-21T17:23:41+02:00,Deprioritized,0,Other,Prague,16,,
JB_3598,Regulatory Systems Specialist | Global Regulatory Affairs,,Praha – Michle,Specialist,Compliance/AML Specialist,,"IT & Software, Compliance & Risk",,https://www.jobs.cz/rpd/2001438230/,2026-09-21T17:23:01+02:00,Deprioritized,0,Other,Prague,16,,
JB_1170,ANALYTIK/ČKA ODBORU STRATEGIE,,Praha – Vinohrady,Analyst,General Analyst,,Data & Analytics,,https://www.jobs.cz/rpd/2001437817/,2026-09-21T17:22:40+02:00,Deprioritized,0,Other,Prague,16,,
BLT_9098,Senior Data Analyst (Marketing),,27 Locations,Analyst,Data/BI Analyst,Senior level,"Data & Analytics, Marketing & Communications",,https://builtin.com/job/senior-data-analyst-marketing/11276672,2026-09-21T17:16:55+02:00,Deprioritized,0,Core Data & Analytics,Outside Prague - verify,16,Core Data & Analytics,Senior-level position; Location requires verification
JB_8091,HR Specialist,,Praha – Krč,Specialist,HR/People Specialist,,HR & Recruitment,,https://www.jobs.cz/rpd/2001433888/,2026-09-20T09:23:26+02:00,Deprioritized,0,Other,Prague,18,,
BLT_0242,"Software Engineer, Backend",140K-180K Annually,27 Locations,Engineer,Software Engineer,Senior level,"IT & Software, Engineering & R&D",,https://builtin.com/job/software-engineer-backend/11256879,2026-09-20T09:18:19+02:00,Deprioritized,0,Python/Software Development,Outside Prague - verify,18,Python/Software Development; R,Senior-level position; Location requires verification
BLT_2471,Senior Software Engineer - React Native - Consumer,,17 Locations,Engineer,Software Engineer,Senior level,"IT & Software, Engineering & R&D",React,https://builtin.com/job/senior-software-engineer-react-native-consumer/11258343,2026-09-20T09:18:05+02:00,Deprioritized,0,Python/Software Development,Outside Prague - verify,18,Python/Software Development; R,Senior-level position; Location requires verification
BLT_3802,"Director, Data Integration Engineer",177K-294K Annually,30 Locations,Manager,Data/AI Manager,Senior level,"Data & Analytics, Engineering & R&D",,https://builtin.com/job/director-data-integration-engineer/11135979,2026-09-20T09:15:18+02:00,Deprioritized,0,Data Engineering & Automation,Outside Prague - verify,18,Data Engineering & Automation; R; ML/AI or modelling,Senior-level position; Leadership/management position; Location requires verification
SJ_237536,"Full-stack senior developer (Java, Typescript) 🚀",,Prague,Developer,Full-Stack Developer,Senior,IT & Software,"Java, TypeScript",https://www.startupjobs.cz/nabidka/107677/full-stack-senior-developer-java-typescript,2026-09-18T19:05:27+02:00,Deprioritized,0,Python/Software Development,Prague,19,Python/Software Development,Senior-level position
SJ_107889,Media Consultant,,Prague,Consultant,General Consultant,,"Marketing & Communications, Media & Entertainment",,https://www.startupjobs.cz/nabidka/107889/media-consultant,2026-09-18T19:01:54+02:00,Deprioritized,0,Other,Prague,19,,
SJ_107879,Operations Administrative Specialist,,Prague,Specialist,Operations Specialist,,,,https://www.startupjobs.cz/nabidka/107879/operations-administrative-specialist,2026-09-18T19:01:54+02:00,Deprioritized,0,Other,Prague,19,,
SJ_107917,Customer Project Coordinator – se zájmem o IT,,Prague,Coordinator,Project/Program Coordinator,,"IT & Software, Customer Service, Project & Program Management",,https://www.startupjobs.cz/nabidka/107917/customer-project-coordinator-se-zajmem-o-it,2026-09-18T19:00:49+02:00,Deprioritized,0,Other,Prague,19,,
JB_2001,ERP Admin,,Praha – Holešovice,Administrator,Application Administrator,,,,https://www.jobs.cz/rpd/2001347192/,2026-09-18T18:43:37+02:00,Deprioritized,0,Other,Prague,19,,
JB_3936,People & Culture Business Partner,,Praha – Libeň,Specialist,HR/People Specialist,,HR & Recruitment,,https://www.jobs.cz/rpd/2001426973/,2026-09-18T18:43:24+02:00,Deprioritized,0,Other,Prague,19,,
JB_3680,Team Leader POS týmu v Invia.cz,40 000 – 55 000 Kč,Praha – Chodov,Manager,Executive/General Manager,Lead/Head,,,https://www.jobs.cz/rpd/2001277115/,2026-09-18T18:42:30+02:00,Deprioritized,0,Other,Prague,19,,
JB_0987,Hardware Technik DC,,Praha – Hostivař,Technician,IT Technician,,,,https://www.jobs.cz/rpd/2001240799/,2026-09-18T18:42:24+02:00,Deprioritized,0,Other,Prague,19,,
JB_0624,Administrative Support Specialist – mezinárodní IT,,Praha,Support Specialist,General Support Specialist,,IT & Software,,https://www.jobs.cz/rpd/2001433588/,2026-09-18T18:41:03+02:00,Deprioritized,0,Other,Prague,19,,
JB_1511,Koordinátor/ka advokátní kanceláře a marketingu – zkrácený úvazek 🎯,25 000 – 35 000 Kč,Praha,Specialist,Legal Specialist,,Legal,,https://www.jobs.cz/rpd/2001428237/,2026-09-18T18:18:50+02:00,Deprioritized,0,Other,Prague,19,,
JB_1391,Content & Influencer Coordinator,,Praha – Nové Město,Coordinator,General Coordinator,,Marketing & Communications,,https://www.jobs.cz/rpd/2001427816/,2026-09-18T18:18:28+02:00,Deprioritized,0,Other,Prague,19,,
JB_8616,Projektový specialista Nadace O2 (m/ž),,Praha – Michle,Specialist,Product/Project Specialist,,Project & Program Management,,https://www.jobs.cz/rpd/2001432719/,2026-09-18T18:18:13+02:00,Deprioritized,0,Other,Prague,19,,
JB_6319,Logistics Specialist,,Praha – Michle,Specialist,Logistics/Supply Chain Specialist,,Supply Chain & Logistics,,https://www.jobs.cz/rpd/2001431919/,2026-09-18T18:16:19+02:00,Deprioritized,0,Other,Prague,19,,
JB_1605,Referent-rozpočtář pro MČ Praha,,Hlavní město Praha,Administrator,Finance Administrator,,,,https://www.jobs.cz/rpd/2001427619/,2026-09-18T18:06:08+02:00,Deprioritized,0,Other,Prague,19,,
JB_4138,Analytik/Analytička mzdového systému OKbase,,Praha – Nusle,Analyst,General Analyst,,"Data & Analytics, HR & Recruitment",,https://www.jobs.cz/rpd/2001425549/,2026-09-18T18:05:22+02:00,Deprioritized,0,Other,Prague,19,,
JB_4451,ALM Model Analyst,,Praha – Stodůlky,Analyst,General Analyst,,,,https://www.jobs.cz/rpd/2001288310/,2026-09-18T18:05:14+02:00,Deprioritized,0,Other,Prague,19,,
JB_1026,Senior IT Security Analyst,,Praha – Smíchov,Analyst,IT/Systems Analyst,Senior,"Cybersecurity, IT & Software",,https://www.jobs.cz/rpd/2001431102/,2026-09-18T18:04:40+02:00,Deprioritized,0,Business/Product Analysis,Prague,19,Business/Product Analysis,Senior-level position
JB_7139,Senior Risk/Process Analyst – SME Lending,,Praha – Holešovice,Analyst,Business/Process Analyst,Senior,Compliance & Risk,,https://www.jobs.cz/rpd/2001431231/,2026-09-18T17:55:47+02:00,Deprioritized,0,Business/Product Analysis,Prague,19,Business/Product Analysis,Senior-level position
JB_9882,Hledáme Specialistu/tku robotizace 📊 Baví Tě technologie a umělá inteligence?,,Praha – Vokovice,Specialist,General Specialist,,,,https://www.jobs.cz/rpd/2001429612/,2026-09-18T17:55:34+02:00,Deprioritized,0,Other,Prague,19,,
JB_0582,Top End Vehicle (TEV) Consultant,,Praha – Chodov,Consultant,General Consultant,,Automotive & Mobility,,https://www.jobs.cz/rpd/2001429472/,2026-09-18T17:54:53+02:00,Deprioritized,0,Other,Prague,19,,
JB_1997,Telefonická podpora pro klienty – Bez praxe/IHNED/,40 000 – 75 000 Kč,Praha – Nusle,Support Specialist,Customer Support,,Customer Service,,https://www.jobs.cz/rpd/2001433514/,2026-09-18T17:54:36+02:00,Deprioritized,0,Other,Prague,19,,
JB_8257,Koordinátor/ka projektů v týmu Operations,,Praha – Michle,Coordinator,Project/Program Coordinator,,Project & Program Management,,https://www.jobs.cz/rpd/2001432975/,2026-09-18T17:54:23+02:00,Deprioritized,0,Other,Prague,19,,
JB_4417,Specialista marketingu,,Praha – Bubeneč,Specialist,General Specialist,,,,https://www.jobs.cz/rpd/2001340221/,2026-09-18T17:54:00+02:00,Deprioritized,0,Other,Prague,19,,
JB_5494,💄 ASISTENT/KA Brand Managera pro kosmetické produkty,,Praha – Modřany,Manager,Product Manager/Product Owner,,Marketing & Communications,,https://www.jobs.cz/rpd/2001427004/,2026-09-18T17:54:00+02:00,Deprioritized,0,Other,Prague,19,,
JB_3007,Administrative assistant - Compliance&Finance,50 000 – 55 000 Kč,Praha – Karlín,Administrator,Finance Administrator,,"Finance & Banking, Compliance & Risk",,https://www.jobs.cz/rpd/2001370188/,2026-09-18T17:41:14+02:00,Deprioritized,0,Other,Prague,19,,
JB_8359,SW Administrátor/ka pro projekty kolejových vozidel (m/ž/n),,Praha – Stodůlky,Administrator,Application Administrator,,"Project & Program Management, Automotive & Mobility",,https://www.jobs.cz/rpd/2001426642/,2026-09-18T17:40:48+02:00,Deprioritized,0,Other,Prague,19,,
JB_5506,KONZULTANT/KA IMPLEMENTACE IS PRO LOGISTIKU LÉKŮ,,Praha – Vinohrady + 3 další lokality,Consultant,General Consultant,,,,https://www.jobs.cz/rpd/2001288851/,2026-09-18T17:40:33+02:00,Deprioritized,0,Other,Prague,19,,
JB_5011,Konstruktér /technolog ve výrobě kompozitních dílů,50 000 – 60 000 Kč,Praha – Modřany,Technician,Mechanical Technician,,Manufacturing & Production,,https://www.jobs.cz/rpd/2001433649/,2026-09-18T17:40:10+02:00,Deprioritized,0,Other,Prague,19,,
JB_4082,Specialista obchodní analytiky a přípravy provozu,,Praha – Michle,Analyst,General Analyst,,"Data & Analytics, Sales & Business Development",,https://www.jobs.cz/rpd/2001338286/,2026-09-18T17:40:10+02:00,Deprioritized,0,Other,Prague,19,,
JB_5971,SPECIALISTA TECHNICKÉ PŘÍPRAVY STAVEB (m/ž),,Praha – Strašnice,Specialist,Technical/Engineering Specialist,,Real Estate & Construction,,https://www.jobs.cz/rpd/2001429354/,2026-09-18T17:40:10+02:00,Deprioritized,0,Other,Prague,19,,
JB_5979,VÝROBNÍ PŘÍPRAVÁŘ (m/ž),,Praha + 1 další lokalita,Planner,Production Planner,,Manufacturing & Production,,https://www.jobs.cz/rpd/2001429159/,2026-09-18T17:40:10+02:00,Deprioritized,0,Other,Prague,19,,
JB_4458,SW Integrátor/ka řídicích systémů kolejových vozidel (m/ž/n),,Praha – Stodůlky,Specialist,General Specialist,,Automotive & Mobility,,https://www.jobs.cz/rpd/2001426442/,2026-09-18T17:40:03+02:00,Deprioritized,0,Other,Prague,19,,
BLT_3665,"Senior Manager, Data Engineering (m/f/d)",,2 Locations,Manager,Data/AI Manager,Senior level,"Data & Analytics, Engineering & R&D",,https://builtin.com/job/senior-engineering-manager-data-platform/9458932,2026-09-18T17:35:33+02:00,Deprioritized,0,Data Engineering & Automation,Outside Prague - verify,19,Data Engineering & Automation; R; ML/AI or modelling,Senior-level position; Leadership/management position; Location requires verification
JB_9604,Senior Java Developer,,Praha – Nusle,Developer,General Software Developer,Senior,IT & Software,Java,https://www.jobs.cz/rpd/2001426812/,2026-09-18T13:28:47+02:00,Deprioritized,0,Python/Software Development,Prague,19,Python/Software Development,Senior-level position
JB_5604,Inženýr kvality dodavatelů (1 year contract),,Beroun – Beroun-Závodí,Engineer,General Engineer,,"Engineering & R&D, Quality & Safety",,https://www.jobs.cz/rpd/2001305112/,2026-09-18T13:27:23+02:00,Deprioritized,0,Other,Outside Prague - verify,19,R,Location requires verification
JB_9427,IT specialista – podpora & infrastruktura,40 000 – 55 000 Kč,Praha – Veleslavín,Support Specialist,Technical Support,,IT & Software,,https://www.jobs.cz/rpd/2000602991/,2026-09-18T13:27:13+02:00,Deprioritized,0,Other,Prague,19,,
JB_7151,Junior Research Manager,,Praha – Žižkov,Manager,R&D/Innovation Manager,Junior/Entry-level,Education & Research,,https://www.jobs.cz/rpd/2001429058/,2026-09-18T13:27:13+02:00,Deprioritized,0,Other,Prague,19,R; Junior/entry level,Leadership/management position
JB_4881,Specialista podpory týmu energetiky (m/ž),,Praha – Holešovice,Support Specialist,General Support Specialist,,Energy & Utilities,,https://www.jobs.cz/rpd/2001433370/,2026-09-18T13:27:13+02:00,Deprioritized,0,Other,Prague,19,,
JB_9951,Specialista/ka digitálního marketingu a e-commerce,,Praha – Nusle,Specialist,General Specialist,,Retail & E-commerce,,https://www.jobs.cz/rpd/2001415534/,2026-09-18T13:27:13+02:00,Deprioritized,0,Other,Prague,19,,
JB_7501,"SPECIALISTA NÁKUPU u dovozce závlahové techniky, Praha 9",,Praha – Kyje,Technician,General Technician,,Procurement,,https://www.jobs.cz/rpd/2001427128/,2026-09-18T13:26:17+02:00,Deprioritized,0,Other,Prague,19,,
JB_2305,Admin interního IT - Specialista identity a integrací,,Praha – Holešovice,Administrator,Security/Identity Administrator,,IT & Software,,https://www.jobs.cz/rpd/2001430699/,2026-09-18T13:25:58+02:00,Deprioritized,0,Other,Prague,19,,
JB_2559,Specialista/ka dohledového centra – IPTV platforma,,Praha – Libeň,Specialist,General Specialist,,,,https://www.jobs.cz/rpd/2001427448/,2026-09-18T13:25:58+02:00,Deprioritized,0,Other,Prague,19,,
JB_5910,Retenční specialista/ka pro klienty B2B,50 000 – 85 000 Kč,Praha – Chodov,Specialist,Customer Service Specialist,,Customer Service,,https://www.jobs.cz/rpd/2001431103/,2026-09-18T13:25:47+02:00,Deprioritized,0,Other,Prague,19,,
JB_6832,IT Architect,,Praha – Holešovice,Architect,General Architect,,IT & Software,,https://www.jobs.cz/rpd/2001432885/,2026-09-18T13:20:13+02:00,Deprioritized,0,Other,Prague,19,,
JB_0428,Specialista controllingu a rozpočtu,,Praha – Troja,Specialist,General Specialist,,,,https://www.jobs.cz/rpd/2001427817/,2026-09-18T13:19:50+02:00,Deprioritized,0,Other,Prague,19,,
JB_6532,Koordinátor marketingových materiálů a skladu (m/ž),,Praha – Kyje,Coordinator,Logistics/Supply Chain Coordinator,,Supply Chain & Logistics,,https://www.jobs.cz/rpd/2001429510/,2026-09-18T13:19:43+02:00,Deprioritized,0,Other,Prague,19,,
JB_2838,Teamleader 1stCall týmu s výbornou němčinou,,Praha – Holešovice,Manager,Executive/General Manager,Lead/Head,,,https://www.jobs.cz/rpd/2001426954/,2026-09-18T13:19:29+02:00,Deprioritized,0,Other,Prague,19,,
JB_4090,Specialista / Specialistka validace a kontroly,,Praha – Dejvice,Specialist,General Specialist,,,,https://www.jobs.cz/rpd/2001427399/,2026-09-18T13:18:56+02:00,Deprioritized,0,Other,Prague,19,,
JB_4740,Specialista/ka interní kontroly,,Praha – Záběhlice,Specialist,General Specialist,,,,https://www.jobs.cz/rpd/2001285686/,2026-09-18T13:18:56+02:00,Deprioritized,0,Other,Prague,19,,
JB_6224,Koordinátor/ka komerčního týmu | Průmyslový development | Praha,,Hlavní město Praha + 1 další lokalita,Coordinator,General Coordinator,,,,https://www.jobs.cz/rpd/2001431594/,2026-09-18T13:18:44+02:00,Deprioritized,0,Other,Prague,19,,
JB_2783,RTB Specialista,,Praha – Strašnice,Specialist,General Specialist,,,,https://www.jobs.cz/rpd/2001427482/,2026-09-18T13:18:37+02:00,Deprioritized,0,Other,Prague,19,,
JB_4317,Produktový specialista pro finanční služby – pojištění / fintech (m/ž),,Praha – Michle,Specialist,Insurance/Actuarial Specialist,,Insurance,,https://www.jobs.cz/rpd/2001429452/,2026-09-18T13:17:49+02:00,Deprioritized,0,Other,Prague,19,,
JB_2241,🚀Real Estate & Expansion Specialist v Alza.cz (JPO10966),,Praha – Holešovice,Specialist,General Specialist,,Real Estate & Construction,,https://www.jobs.cz/rpd/2001431458/,2026-09-18T13:17:32+02:00,Deprioritized,0,Other,Prague,19,,
JB_0972,Billing Specialist pro britskou advokátní kancelář v centru Prahy,50 000 – 55 000 Kč,Praha,Specialist,Legal Specialist,,Legal,,https://www.jobs.cz/rpd/2001429629/,2026-09-18T13:08:06+02:00,Deprioritized,0,Other,Prague,19,,
JB_7005,Transport Commercial Specialist (JPO20571),,Praha – Holešovice,Specialist,Logistics/Supply Chain Specialist,,"Sales & Business Development, Supply Chain & Logistics",,https://www.jobs.cz/rpd/2001427267/,2026-09-18T13:08:06+02:00,Deprioritized,0,Other,Prague,19,,
JB_6573,HRIS & HR Process Specialist,,Praha,Specialist,HR/People Specialist,,HR & Recruitment,,https://www.jobs.cz/rpd/2001428168/,2026-09-18T13:07:43+02:00,Deprioritized,0,Other,Prague,19,,
JB_9385,👥📈 HR Admin & Data support,,Praha – Malešice,Administrator,HR/Payroll Administrator,,"Data & Analytics, HR & Recruitment",,https://www.jobs.cz/rpd/2001427609/,2026-09-18T13:06:55+02:00,Deprioritized,0,Other,Prague,19,,
JB_6450,⚡Lean & Continuous Improvement Specialist⚡,,Praha – Letňany,Specialist,Manufacturing/Production Specialist,,,,https://www.jobs.cz/rpd/2001427270/,2026-09-18T13:06:32+02:00,Deprioritized,0,Other,Prague,19,,
JB_8490,Sales Operations Specialist,50 000 – 70 000 Kč,Praha – Nusle,Specialist,Sales/Commercial Specialist,,Sales & Business Development,,https://www.jobs.cz/rpd/2001429540/,2026-09-18T13:06:02+02:00,Deprioritized,0,Other,Prague,19,,
JB_6897,Seniorní Java vývojář pro celoevropský digitalizační projekt,,Praha – Karlín,Developer,General Software Developer,Senior,"IT & Software, Project & Program Management",Java,https://www.jobs.cz/rpd/2001431269/,2026-09-18T13:05:17+02:00,Deprioritized,0,Python/Software Development,Prague,19,Python/Software Development,Senior-level position
BLT_0462,Backend Software Engineer,,26 Locations,Engineer,Software Engineer,Senior level,"IT & Software, Engineering & R&D",,https://builtin.com/job/backend-software-engineer/9646615,2026-09-18T13:03:31+02:00,Deprioritized,0,Python/Software Development,Outside Prague - verify,19,Python/Software Development; R,Senior-level position; Location requires verification
BLT_5490,Senior Software Engineer,1M-2M Annually,CZ,Engineer,Software Engineer,Senior level,"IT & Software, Engineering & R&D",,https://builtin.com/job/senior-software-engineer/11227293,2026-09-18T13:02:32+02:00,Deprioritized,0,Python/Software Development,Czechia - verify Prague/remote,19,Python/Software Development; R,Senior-level position; Location requires verification
SJ_761562,Marketingový a digitální konzultant - online specialista,,Prague,Consultant,General Consultant,,,,https://www.startupjobs.cz/nabidka/107113/marketingovy-a-digitalni-konzultant-online-specialista,2026-09-17T10:56:29+02:00,Deprioritized,0,Other,Prague,21,,
SJ_107073,Strategic Insights Consultant,,Prague,Consultant,Management/Strategy Consultant,,,,https://www.startupjobs.cz/nabidka/107073/strategic-insights-consultant,2026-09-17T10:52:21+02:00,Deprioritized,0,Other,Prague,21,,
SJ_570180,Programmatic Consultant (Campaign Execution & Optimization),,Prague,Consultant,General Consultant,,Marketing & Communications,,https://www.startupjobs.cz/nabidka/107297/programmatic-consultant-campaign-execution-and-optimization,2026-09-17T10:51:21+02:00,Deprioritized,0,Other,Prague,21,,
SJ_104293,Client Lead,,Prague,Manager,Executive/General Manager,Lead/Head,Customer Service,,https://www.startupjobs.cz/nabidka/104293/client-lead,2026-09-17T10:45:16+02:00,Deprioritized,0,Other,Prague,21,,
SJ_101857,Atlassian Solution Architekt Praha + 1 další,,Prague,Architect,Solution Architect,,,,https://www.startupjobs.cz/nabidka/101857/atlassian-solution-architekt,2026-09-17T10:44:16+02:00,Deprioritized,0,Other,Prague,21,,
SJ_107837,Designer / Grafik,,Prague,Designer,Graphic/Visual Designer,,,,https://www.startupjobs.cz/nabidka/107837/designer-grafik,2026-09-17T10:44:16+02:00,Deprioritized,0,Other,Prague,21,,
SJ_107831,DevOps,,Prague,Engineer,DevOps/SRE Engineer,,Cloud & Infrastructure,,https://www.startupjobs.cz/nabidka/107831/devops,2026-09-17T10:44:16+02:00,Deprioritized,0,Other,Prague,21,,
SJ_107835,Senior Atlassian Consultant / Presales & Business Analyst,,Prague,Consultant,Business/Process Consultant,Senior,,,https://www.startupjobs.cz/nabidka/107835/senior-atlassian-consultant-presales-and-business-analyst,2026-09-17T10:44:16+02:00,Deprioritized,0,Business/Product Analysis,Prague,21,Business/Product Analysis,Senior-level position
SJ_107823,Technical Support Specialist,,Prague,Support Specialist,Technical Support,,,,https://www.startupjobs.cz/nabidka/107823/technical-support-specialist,2026-09-17T10:44:16+02:00,Deprioritized,0,Other,Prague,21,,
SJ_107861,Creative Designer / Multifunkční kreativec,,Prague,Designer,General Designer,,,,https://www.startupjobs.cz/nabidka/107861/creative-designer-multifunkcni-kreativec,2026-09-17T10:43:06+02:00,Deprioritized,0,Other,Prague,21,,
SJ_50703,Graphic Designer at Henceforth.,,Prague,Designer,Graphic/Visual Designer,,,,https://www.startupjobs.cz/nabidka/50703/graphic-designer-at-henceforth,2026-09-17T10:43:06+02:00,Deprioritized,0,Other,Prague,21,,
JST_5923,Process/Policy Analyst SME (Senior) – RISK,až 180 000 Kč / měsíc,Praha,Analyst,Business/Process Analyst,"Senior, Expert",Compliance & Risk,,https://www.jobstack.it/it-job/procesni-analytik/6aaba39560a39,2026-09-17T10:36:01+02:00,Deprioritized,0,Business/Product Analysis,Prague,21,Business/Product Analysis,Senior-level position
JB_7159,Integration Architect,,Praha – Nusle,Architect,Systems/Integration Architect,,,,https://www.jobs.cz/rpd/2001426878/,2026-09-17T10:35:37+02:00,Deprioritized,0,Other,Prague,21,,
JB_3998,Group Financial Reporting & Consolidation Specialist,50 000 – 90 000 Kč,Praha – Nové Město,Specialist,Data/Analytics Specialist,,"Data & Analytics, Finance & Banking",,https://www.jobs.cz/rpd/2001429654/,2026-09-17T10:35:22+02:00,Deprioritized,0,Core Data & Analytics,Prague,21,Core Data & Analytics,Finance/accounting orientation; Primarily BI/reporting
BLT_9706,Senior Backend Engineer (Go),,27 Locations,Engineer,Software Engineer,Senior level,Engineering & R&D,,https://builtin.com/job/senior-backend-engineer-go/10179188,2026-09-17T10:34:25+02:00,Deprioritized,0,Python/Software Development,Outside Prague - verify,21,Python/Software Development; R,Senior-level position; Location requires verification
BLT_8101,Senior Software Engineer - IC3 Messaging,1M-2M Annually,CZ,Engineer,Software Engineer,Senior level,"IT & Software, Engineering & R&D",,https://builtin.com/job/senior-software-engineer-ic3-messaging/11185355,2026-09-17T10:32:37+02:00,Deprioritized,0,Python/Software Development,Czechia - verify Prague/remote,21,Python/Software Development; R,Senior-level position; Location requires verification
BLT_4172,Senior Software Engineer - Rust - Core Services,,15 Locations,Engineer,Software Engineer,Senior level,"IT & Software, Engineering & R&D",Rust,https://builtin.com/job/senior-software-engineer-rust-core-services/11193402,2026-09-17T10:32:37+02:00,Deprioritized,0,Python/Software Development,Outside Prague - verify,21,Python/Software Development; R,Senior-level position; Location requires verification
BLT_3741,Senior Software Engineer - Backend - Billing Team,,26 Locations,Engineer,Software Engineer,Senior level,"IT & Software, Engineering & R&D",,https://builtin.com/job/senior-software-engineer-backend-billing-team/11203883,2026-09-17T10:32:22+02:00,Deprioritized,0,Python/Software Development,Outside Prague - verify,21,Python/Software Development; R,Senior-level position; Location requires verification
BLT_0681,Software Engineer - Trading Core,80K-150K Annually,Czech Republic,Engineer,Software Engineer,Senior level,"IT & Software, Engineering & R&D",,https://builtin.com/job/software-engineer-trading-core/8695184,2026-09-17T10:32:11+02:00,Deprioritized,0,Python/Software Development,Czechia - verify Prague/remote,21,Python/Software Development; R,Senior-level position; Location requires verification
BLT_5911,Senior Software Developer,,"Prague, CZE",Developer,General Software Developer,Senior level,IT & Software,,https://builtin.com/job/senior-software-developer/11182232,2026-09-17T10:31:21+02:00,Deprioritized,0,Python/Software Development,Prague,21,Python/Software Development,Senior-level position
BLT_5069,Senior Backend Engineer,179K-179K Annually,25 Locations,Engineer,Software Engineer,Senior level,Engineering & R&D,,https://builtin.com/job/senior-backend-engineer/9025494,2026-09-17T10:31:14+02:00,Deprioritized,0,Python/Software Development,Outside Prague - verify,21,Python/Software Development; R,Senior-level position; Location requires verification
BLT_8037,Senior C#/.NET Desktop Developer,,"Prague, CZE",Developer,General Software Developer,Senior level,IT & Software,,https://builtin.com/job/senior-c-net-desktop-developer/11208934,2026-09-17T10:31:14+02:00,Deprioritized,0,Python/Software Development,Prague,21,Python/Software Development,Senior-level position
BLT_8448,Sales Data Analyst,,24 Locations,Analyst,Data/BI Analyst,Senior level,"Data & Analytics, Sales & Business Development",,https://builtin.com/job/gtm-data-analyst/11187574,2026-09-17T10:30:17+02:00,Deprioritized,0,Core Data & Analytics,Outside Prague - verify,21,Core Data & Analytics,Senior-level position; Location requires verification
BLT_6834,Senior Data Analyst,,12 Locations,Analyst,Data/BI Analyst,Senior level,Data & Analytics,,https://builtin.com/job/senior-data-analyst/11181607,2026-09-17T10:29:56+02:00,Deprioritized,0,Core Data & Analytics,Outside Prague - verify,21,Core Data & Analytics,Senior-level position; Location requires verification
JB_3229,VISUAL COMMERCIAL | MASSIMO DUTTI | Chodov,,Praha – Chodov,Specialist,Sales/Commercial Specialist,,Sales & Business Development,,https://www.jobs.cz/rpd/2001426579/,2026-09-15T11:14:31+02:00,Deprioritized,0,Other,Prague,22,,
JB_3511,Specialista/Specialistka prodeje - Vodafone,35 000 – 70 000 Kč,Praha – Smíchov,Specialist,Sales/Commercial Specialist,,Sales & Business Development,,https://www.jobs.cz/rpd/2001181006/,2026-09-15T11:12:58+02:00,Deprioritized,0,Other,Prague,22,,
JB_7536,Contract Administration Specialist with German and English - (m/f/d),,Praha – Stodůlky + 1 další lokalita,Specialist,General Specialist,,,,https://www.jobs.cz/rpd/2001426712/,2026-09-15T11:12:46+02:00,Deprioritized,0,Other,Prague,22,,
JB_1123,Provozní mistr,51 000 – 55 000 Kč,Praha – Ruzyně,Manager,Operations/Service Delivery Manager,,,,https://www.jobs.cz/rpd/2001424104/,2026-09-15T11:12:46+02:00,Deprioritized,0,Other,Prague,22,,
JB_9067,Administrátor obchodní agendy,,Praha – Libeň,Administrator,Business/Office Administrator,,Sales & Business Development,,https://www.jobs.cz/rpd/2001426837/,2026-09-15T11:05:53+02:00,Deprioritized,0,Other,Prague,23,,
JB_8150,Specialista zákaznického servisu – technické prostředí (Service Administrator),,Praha – Horní Počernice,Administrator,Customer Service Administrator,,Customer Service,,https://www.jobs.cz/rpd/2000945900/,2026-09-15T11:05:10+02:00,Deprioritized,0,Other,Prague,23,,
JB_7843,Solution Cross Tech Architect (m/f/d),,Praha – Stodůlky,Architect,Solution Architect,,,,https://www.jobs.cz/rpd/2001426674/,2026-09-15T10:54:37+02:00,Deprioritized,0,Other,Prague,23,,
JB_2225,Depozitář fondů - analytik (m/ž),,Hlavní město Praha,Analyst,General Analyst,,Data & Analytics,,https://www.jobs.cz/rpd/2001418978/,2026-09-15T09:53:15+02:00,Deprioritized,0,Other,Prague,23,,
JB_6989,"Vrchní komisař, vrchní inspektor - ANALYTIK dohled. centra bezp. Policejní prezidium ČRi",38 390 – 55 280 Kč,Praha – Bubeneč,Analyst,General Analyst,,Data & Analytics,,https://www.jobs.cz/rpd/2001426376/,2026-09-15T09:53:15+02:00,Deprioritized,0,Other,Prague,23,,
JB_3621,HR Business Partner,,Praha – Stodůlky,Specialist,HR/People Specialist,,HR & Recruitment,,https://www.jobs.cz/rpd/2001423402/,2026-09-15T09:53:06+02:00,Deprioritized,0,Other,Prague,23,,
BLT_6241,"Senior Software Engineer, Custody",,48 Locations,Engineer,Software Engineer,Senior level,"IT & Software, Engineering & R&D",,https://builtin.com/job/senior-software-engineer-custody/9948864,2026-09-15T09:49:34+02:00,Deprioritized,0,Python/Software Development,Outside Prague - verify,23,Python/Software Development; R,Senior-level position; Location requires verification
BLT_8818,Software Engineer - Algo team,80K-150K Annually,Czech Republic,Engineer,Software Engineer,Senior level,"IT & Software, Engineering & R&D",,https://builtin.com/job/software-engineer-algo-team/8695113,2026-09-15T09:49:22+02:00,Deprioritized,0,Python/Software Development,Czechia - verify Prague/remote,23,Python/Software Development; R,Senior-level position; Location requires verification
JB_4884,Senior Business Analytik – Digitální kanály,,Praha – Staré Město,Analyst,Business/Process Analyst,Senior,Data & Analytics,,https://www.jobs.cz/rpd/2001425619/,2026-09-15T00:26:33+02:00,Deprioritized,0,Business/Product Analysis,Prague,23,Business/Product Analysis,Senior-level position
JB_4579,Energetik,70 000 – 90 000 Kč,Praha – Smíchov,Specialist,General Specialist,,Energy & Utilities,,https://www.jobs.cz/rpd/2001424387/,2026-09-15T00:08:24+02:00,Deprioritized,0,Other,Prague,23,,
JB_1404,IT Infrastrukture Engineer (m/ž),,Dobrovice,Engineer,General Engineer,,"IT & Software, Engineering & R&D",,https://www.jobs.cz/rpd/2001329117/,2026-09-15T00:08:06+02:00,Deprioritized,0,Other,Outside Prague - verify,23,R,Location requires verification
JB_0178,Administrátor Backup & Restore infrastruktury (m/ž),,Hlavní město Praha,Administrator,Network/Infrastructure Administrator,,,,https://www.jobs.cz/rpd/2001424532/,2026-09-15T00:01:54+02:00,Deprioritized,0,Other,Prague,23,,
JB_4219,Konzultant externí komunikace (m/ž),,Praha – Stodůlky,Consultant,General Consultant,,Marketing & Communications,,https://www.jobs.cz/rpd/2001424743/,2026-09-15T00:01:24+02:00,Deprioritized,0,Other,Prague,23,,
JB_6866,Mobile App Growth Strategist,,Praha,Specialist,General Specialist,,,,https://www.jobs.cz/rpd/2001425412/,2026-09-15T00:01:08+02:00,Deprioritized,0,Other,Prague,23,,
JB_0691,projekt- Koordinátor/ka sociálních sítí 0.5 úvazek,19 000 – 25 000 Kč,Praha – Nové Město,Coordinator,Project/Program Coordinator,,Project & Program Management,,https://www.jobs.cz/rpd/2001425161/,2026-09-15T00:00:53+02:00,Deprioritized,0,Other,Prague,23,,
JB_9351,IT Administrátor / Technik podpory,,Praha,Administrator,IT Administrator,,IT & Software,,https://www.jobs.cz/rpd/2001409872/,2026-09-15T00:00:17+02:00,Deprioritized,0,Other,Prague,23,,
JB_5588,Cenový/á specialista/tka,40 000 – 48 000 Kč,Praha – Uhříněves,Specialist,General Specialist,,,,https://www.jobs.cz/rpd/2001421754/,2026-09-15T00:00:01+02:00,Deprioritized,0,Other,Prague,23,,
JB_6220,HR & Employee Experience Specialist,,Praha,Specialist,HR/People Specialist,,HR & Recruitment,,https://www.jobs.cz/rpd/2001421653/,2026-09-14T23:50:07+02:00,Deprioritized,0,Other,Prague,23,,
JB_5916,⋙🚀 HR Advisory Specialist - možnost zkráceného úvazku⋘,,Praha,Specialist,HR/People Specialist,,HR & Recruitment,,https://www.jobs.cz/rpd/2001425177/,2026-09-14T23:50:07+02:00,Deprioritized,0,Other,Prague,23,,
JB_9374,Compensation & Benefits Specialist,,Praha – Stodůlky,Specialist,HR/People Specialist,,,,https://www.jobs.cz/rpd/2001311013/,2026-09-14T23:50:00+02:00,Deprioritized,0,Other,Prague,23,,
JB_2529,Analytik personálního systému,,Praha – Libeň,Analyst,General Analyst,,"Data & Analytics, HR & Recruitment",,https://www.jobs.cz/rpd/2001334993/,2026-09-14T23:49:46+02:00,Deprioritized,0,Other,Prague,23,,
JB_6603,"SYSTÉMOVÝ SPECIALISTA V IDSK (m,ž)",,Praha – Karlín,Specialist,General Specialist,,,,https://www.jobs.cz/rpd/2001421402/,2026-09-14T23:49:40+02:00,Deprioritized,0,Other,Prague,23,,
JB_9085,Facilities Coordinator - Czech and Slovakia,55 000 – 58 700 Kč,Praha – Nusle,Coordinator,General Coordinator,,,,https://www.jobs.cz/rpd/2001425083/,2026-09-14T23:49:24+02:00,Deprioritized,0,Other,Prague,23,,
JB_6074,Konzultant SAP,,Praha – Lhotka,Consultant,SAP/ERP Consultant,,,SAP,https://www.jobs.cz/rpd/2001424808/,2026-09-14T23:49:09+02:00,Deprioritized,0,Other,Prague,23,,
JB_6554,PRODUCT & PORTFOLIO COORDINATOR,,Praha – Staré Město + 1 další lokalita,Coordinator,General Coordinator,,,,https://www.jobs.cz/rpd/2001425609/,2026-09-14T23:49:09+02:00,Deprioritized,0,Other,Prague,23,,
BLT_2321,Software Engineer - OTC Team,80K-150K Annually,Czech Republic,Engineer,Software Engineer,Senior level,"IT & Software, Engineering & R&D",,https://builtin.com/job/software-engineer-otc-team/8695187,2026-09-14T23:45:27+02:00,Deprioritized,0,Python/Software Development,Czechia - verify Prague/remote,23,Python/Software Development; R,Senior-level position; Location requires verification
BLT_4100,Part-time Team Lead / Senior Python developer | Side-job,,28 Locations,Manager,IT/Engineering Manager,Entry level,IT & Software,Python,https://builtin.com/job/part-time-python-developer-side-job/10051527,2026-09-14T23:29:42+02:00,Deprioritized,0,Python/Software Development,Outside Prague - verify,23,Python/Software Development; Python; Junior/entry level,Senior-level position; Leadership/management position; Location requires verification
BLT_1946,Senior Frontend Engineer - Editor and Graphics,95K-200K Annually,40 Locations,Engineer,Software Engineer,Senior level,Engineering & R&D,,https://builtin.com/job/senior-frontend-engineer-editor-and-graphics/9031041,2026-09-14T23:29:42+02:00,Deprioritized,0,Python/Software Development,Outside Prague - verify,23,Python/Software Development; R,Senior-level position; Location requires verification
BLT_4518,Senior Full Stack Engineer,,4 Locations,Engineer,Software Engineer,Senior level,Engineering & R&D,,https://builtin.com/job/senior-full-stack-engineer/8404000,2026-09-14T23:29:42+02:00,Deprioritized,0,Python/Software Development,Outside Prague - verify,23,Python/Software Development; R,Senior-level position; Location requires verification
BLT_8571,Senior Software Engineer,,28 Locations,Engineer,Software Engineer,Expert/Leader,"IT & Software, Engineering & R&D",,https://builtin.com/job/senior-full-stack-engineer/7666363,2026-09-14T23:29:42+02:00,Deprioritized,0,Python/Software Development,Outside Prague - verify,23,Python/Software Development; R,Senior-level position; Location requires verification
BLT_4153,Senior Backend Engineer,,27 Locations,Engineer,Software Engineer,Senior level,Engineering & R&D,,https://builtin.com/job/senior-backend-engineer/10499900,2026-09-14T23:29:34+02:00,Deprioritized,0,Python/Software Development,Outside Prague - verify,23,Python/Software Development; R,Senior-level position; Location requires verification
BLT_5962,Senior Fullstack Product Engineer (Go),,27 Locations,Engineer,Software Engineer,Senior level,Engineering & R&D,,https://builtin.com/job/senior-fullstack-product-engineer-go/10179190,2026-09-14T23:29:19+02:00,Deprioritized,0,Python/Software Development,Outside Prague - verify,23,Python/Software Development; R,Senior-level position; Location requires verification
BLT_2778,Senior Software Engineer (EU),,27 Locations,Engineer,Software Engineer,Senior level,"IT & Software, Engineering & R&D",,https://builtin.com/job/senior-software-engineer-eu/6868164,2026-09-14T23:29:19+02:00,Deprioritized,0,Python/Software Development,Outside Prague - verify,23,Python/Software Development; R,Senior-level position; Location requires verification
BLT_4778,"Solutions Architect, Integrations (UK/EU)",54K-101K Annually,28 Locations,Architect,Solution Architect,Mid level,,,https://builtin.com/job/integration-engineer/6495187,2026-09-14T23:29:19+02:00,Deprioritized,0,Other,Outside Prague - verify,23,Medior level,Location requires verification
BLT_6174,Senior Frontend Engineer,,6 Locations,Engineer,Software Engineer,Senior level,Engineering & R&D,,https://builtin.com/job/senior-frontend-engineer/9223887,2026-09-14T23:29:04+02:00,Deprioritized,0,Python/Software Development,Outside Prague - verify,23,Python/Software Development; R,Senior-level position; Location requires verification
BLT_8192,Senior Software Engineer (Elixir),85K-105K Annually,27 Locations,Engineer,Software Engineer,Senior level,"IT & Software, Engineering & R&D",,https://builtin.com/job/senior-software-engineer-elixir/9645846,2026-09-14T23:29:04+02:00,Deprioritized,0,Python/Software Development,Outside Prague - verify,23,Python/Software Development; R,Senior-level position; Location requires verification
BLT_4556,Software Engineer | Propr.xyz,,26 Locations,Engineer,Software Engineer,Senior level,"IT & Software, Engineering & R&D",,https://builtin.com/job/software-engineer-propr-xyz/9645668,2026-09-14T23:29:04+02:00,Deprioritized,0,Python/Software Development,Outside Prague - verify,23,Python/Software Development; R,Senior-level position; Location requires verification
BLT_5635,Backend Engineer - Extensions,,27 Locations,Engineer,Software Engineer,Senior level,Engineering & R&D,,https://builtin.com/job/backend-engineer-extensions/9846804,2026-09-14T23:28:55+02:00,Deprioritized,0,Python/Software Development,Outside Prague - verify,23,Python/Software Development; R,Senior-level position; Location requires verification
BLT_3617,Senior/Staff Backend Engineer,50K-140K Annually,36 Locations,Engineer,Software Engineer,Senior level,Engineering & R&D,,https://builtin.com/job/senior-staff-backend-engineer-remote/9900937,2026-09-14T23:28:46+02:00,Deprioritized,0,Python/Software Development,Outside Prague - verify,23,Python/Software Development; R,Senior-level position; Location requires verification
BLT_9459,"Staff Software Engineer, Monitoring Product",,8 Locations,Engineer,Software Engineer,Senior level,"IT & Software, Engineering & R&D",,https://builtin.com/job/staff-software-engineer-monitoring-product/10312206,2026-09-14T23:28:46+02:00,Deprioritized,0,Python/Software Development,Outside Prague - verify,23,Python/Software Development; R,Senior-level position; Location requires verification
BLT_2684,Senior Full-Stack Engineer,,26 Locations,Engineer,Software Engineer,Senior level,Engineering & R&D,,https://builtin.com/job/senior-full-stack-engineer/10788803,2026-09-14T23:28:36+02:00,Deprioritized,0,Python/Software Development,Outside Prague - verify,23,Python/Software Development; R,Senior-level position; Location requires verification
BLT_9280,Principal Software Engineer,,28 Locations,Engineer,Software Engineer,Senior level,"IT & Software, Engineering & R&D",,https://builtin.com/job/principal-software-engineer/8201579,2026-09-14T23:28:23+02:00,Deprioritized,0,Python/Software Development,Outside Prague - verify,23,Python/Software Development; R,Senior-level position; Location requires verification
BLT_6668,"Senior Software Engineer, Distributed Systems",135K-300K Annually,30 Locations,Engineer,Software Engineer,Senior level,"IT & Software, Engineering & R&D",,https://builtin.com/job/distributed-systems-engineer/9600411,2026-09-14T23:28:23+02:00,Deprioritized,0,Python/Software Development,Outside Prague - verify,23,Python/Software Development; R,Senior-level position; Location requires verification
BLT_6131,Business Title IT Dev Senior (Software Engineer) - Contractor,,27 Locations,Engineer,Software Engineer,Senior level,"IT & Software, Engineering & R&D",,https://builtin.com/job/business-title-it-dev-senior-software-engineer-contractor/10434771,2026-09-14T23:28:11+02:00,Deprioritized,0,Python/Software Development,Outside Prague - verify,23,Python/Software Development; R,Senior-level position; Location requires verification
BLT_7847,Frontend Software Engineer,,26 Locations,Engineer,Software Engineer,Senior level,"IT & Software, Engineering & R&D",,https://builtin.com/job/frontend-software-engineer/9646659,2026-09-14T23:28:11+02:00,Deprioritized,0,Python/Software Development,Outside Prague - verify,23,Python/Software Development; R,Senior-level position; Location requires verification
BLT_0099,Senior Full-Stack Engineer,,27 Locations,Engineer,Software Engineer,Senior level,Engineering & R&D,,https://builtin.com/job/senior-full-stack-engineer/10458736,2026-09-14T23:28:11+02:00,Deprioritized,0,Python/Software Development,Outside Prague - verify,23,Python/Software Development; R,Senior-level position; Location requires verification
BLT_5727,"Staff Software Engineer, Backend",140K-220K Annually,35 Locations,Engineer,Software Engineer,Expert/Leader,"IT & Software, Engineering & R&D",,https://builtin.com/job/staff-software-engineer-backend/10869579,2026-09-14T23:28:00+02:00,Deprioritized,0,Python/Software Development,Outside Prague - verify,23,Python/Software Development; R,Senior-level position; Location requires verification
BLT_8200,Backend Java Engineer - Kazakhstan/Russian speaker (6 months Contract),,41 Locations,Engineer,Software Engineer,Senior level,Engineering & R&D,Java,https://builtin.com/job/backend-java-engineer-kazakhstan-russian-speaker-6-months-contract/9920570,2026-09-14T23:27:53+02:00,Deprioritized,0,Python/Software Development,Outside Prague - verify,23,Python/Software Development; R,Senior-level position; Location requires verification
BLT_3620,Senior Full Stack Engineer,135K-193K Annually,27 Locations,Engineer,Software Engineer,Senior level,Engineering & R&D,,https://builtin.com/job/senior-full-stack-engineer/9749870,2026-09-14T23:27:53+02:00,Deprioritized,0,Python/Software Development,Outside Prague - verify,23,Python/Software Development; R,Senior-level position; Location requires verification
BLT_2889,Senior Full-Stack Engineer - Alpaca Connect,,37 Locations,Engineer,Software Engineer,Senior level,Engineering & R&D,,https://builtin.com/job/senior-full-stack-engineer-alpaca-connect/10966418,2026-09-14T23:27:53+02:00,Deprioritized,0,Python/Software Development,Outside Prague - verify,23,Python/Software Development; R,Senior-level position; Location requires verification
BLT_6654,Senior Software Engineer,1M-2M Annually,CZ,Engineer,Software Engineer,Senior level,"IT & Software, Engineering & R&D",,https://builtin.com/job/senior-software-engineer/10950968,2026-09-14T23:27:44+02:00,Deprioritized,0,Python/Software Development,Czechia - verify Prague/remote,23,Python/Software Development; R,Senior-level position; Location requires verification
BLT_0080,"Senior Software Engineer, Product",,41 Locations,Engineer,Software Engineer,Senior level,"IT & Software, Engineering & R&D",,https://builtin.com/job/senior-software-engineer-product/10976759,2026-09-14T23:27:44+02:00,Deprioritized,0,Python/Software Development,Outside Prague - verify,23,Python/Software Development; R,Senior-level position; Location requires verification
BLT_2916,Staff Software Engineer,,27 Locations,Engineer,Software Engineer,Expert/Leader,"IT & Software, Engineering & R&D",,https://builtin.com/job/staff-software-engineer/10996662,2026-09-14T23:27:44+02:00,Deprioritized,0,Python/Software Development,Outside Prague - verify,23,Python/Software Development; R,Senior-level position; Location requires verification
BLT_7337,Senior Backend Engineer,100K-100K Annually,27 Locations,Engineer,Software Engineer,Senior level,Engineering & R&D,,https://builtin.com/job/senior-backend-engineer/11085718,2026-09-14T23:27:38+02:00,Deprioritized,0,Python/Software Development,Outside Prague - verify,23,Python/Software Development; R,Senior-level position; Location requires verification
BLT_9804,Senior Software Engineer,,27 Locations,Engineer,Software Engineer,Senior level,"IT & Software, Engineering & R&D",,https://builtin.com/job/senior-software-engineer/11052199,2026-09-14T23:27:38+02:00,Deprioritized,0,Python/Software Development,Outside Prague - verify,23,Python/Software Development; R,Senior-level position; Location requires verification
BLT_2472,"Senior Software Engineer, Backend - Data Streaming",90K-268K Annually,28 Locations,Engineer,Software Engineer,Senior level,"Data & Analytics, IT & Software, Engineering & R&D",,https://builtin.com/job/senior-software-engineer-backend-data-streaming/11088016,2026-09-14T23:27:38+02:00,Deprioritized,0,Python/Software Development,Outside Prague - verify,23,Python/Software Development; R,Senior-level position; Location requires verification
BLT_8503,Senior backend engineer - query processing,,28 Locations,Engineer,Software Engineer,Senior level,Engineering & R&D,,https://builtin.com/job/senior-backend-engineer-query-processing/11139055,2026-09-14T23:27:30+02:00,Deprioritized,0,Python/Software Development,Outside Prague - verify,23,Python/Software Development; R,Senior-level position; Location requires verification
BLT_4692,Senior Frontend Engineer,,27 Locations,Engineer,Software Engineer,Senior level,Engineering & R&D,,https://builtin.com/job/senior-frontend-engineer/11156089,2026-09-14T23:27:30+02:00,Deprioritized,0,Python/Software Development,Outside Prague - verify,23,Python/Software Development; R,Senior-level position; Location requires verification
BLT_1288,Senior software engineer,150K-7M Annually,28 Locations,Engineer,Software Engineer,Senior level,"IT & Software, Engineering & R&D",,https://builtin.com/job/senior-software-engineer/9940731,2026-09-14T23:27:30+02:00,Deprioritized,0,Python/Software Development,Outside Prague - verify,23,Python/Software Development; R,Senior-level position; Location requires verification
BLT_8980,Software Engineer (m/w/d),4K-4K Annually,27 Locations,Engineer,Software Engineer,Senior level,"IT & Software, Engineering & R&D",,https://builtin.com/job/software-engineer-m-w-d/11126282,2026-09-14T23:27:30+02:00,Deprioritized,0,Python/Software Development,Outside Prague - verify,23,Python/Software Development; R,Senior-level position; Location requires verification
BLT_7674,FullStack Engineer,60-60 Hourly,27 Locations,Engineer,Software Engineer,Senior level,Engineering & R&D,,https://builtin.com/job/fullstack-engineer/11161315,2026-09-14T23:27:16+02:00,Deprioritized,0,Python/Software Development,Outside Prague - verify,23,Python/Software Development; R,Senior-level position; Location requires verification
BLT_2138,"Senior Software Engineer, Fullstack",,2 Locations,Engineer,Software Engineer,Senior level,"IT & Software, Engineering & R&D",,https://builtin.com/job/senior-software-engineer-fullstack/9745025,2026-09-14T23:27:16+02:00,Deprioritized,0,Python/Software Development,Outside Prague - verify,23,Python/Software Development; R,Senior-level position; Location requires verification
BLT_1048,"Senior Software Engineer, Fullstack",,2 Locations,Engineer,Software Engineer,Senior level,"IT & Software, Engineering & R&D",,https://builtin.com/job/senior-software-engineer-fullstack/10161411,2026-09-14T23:27:07+02:00,Deprioritized,0,Python/Software Development,Outside Prague - verify,23,Python/Software Development; R,Senior-level position; Location requires verification
BLT_1998,Java Developer,,"Prague, CZE",Developer,General Software Developer,Senior level,IT & Software,Java,https://builtin.com/job/java-developer/9883952,2026-09-14T23:26:59+02:00,Deprioritized,0,Python/Software Development,Prague,23,Python/Software Development,Senior-level position
BLT_5715,Staff/Senior Backend Engineer (Node.js),,14 Locations,Engineer,Software Engineer,Senior level,Engineering & R&D,"JavaScript, Node.js",https://builtin.com/job/staff-senior-backend-engineer-node-js/10439735,2026-09-14T23:26:59+02:00,Deprioritized,0,Python/Software Development,Outside Prague - verify,23,Python/Software Development; R,Senior-level position; Location requires verification
BLT_2513,Senior Fullstack Engineer for Creators group,,4 Locations,Engineer,Software Engineer,Senior level,Engineering & R&D,,https://builtin.com/job/senior-fullstack-engineer-creators-group-react-typescript/9992750,2026-09-14T23:26:44+02:00,Deprioritized,0,Python/Software Development,Outside Prague - verify,23,Python/Software Development; R,Senior-level position; Location requires verification
BLT_0362,Senior Rust Developer,,"Prague, CZE",Developer,General Software Developer,Senior level,IT & Software,Rust,https://builtin.com/job/senior-rust-developer/10458266,2026-09-14T23:26:44+02:00,Deprioritized,0,Python/Software Development,Prague,23,Python/Software Development,Senior-level position
BLT_9443,Senior Web Developer,100K-100K Annually,"Prague, CZE",Developer,General Software Developer,Senior level,IT & Software,,https://builtin.com/job/senior-web-developer/10826438,2026-09-14T23:26:44+02:00,Deprioritized,0,Python/Software Development,Prague,23,Python/Software Development,Senior-level position
BLT_5354,"Principal Software Engineer, Linux Kernel - Isovalent",,22 Locations,Engineer,Software Engineer,Senior level,"IT & Software, Engineering & R&D",Linux,https://builtin.com/job/principal-software-engineer-linux-kernel-isovalent/10955014,2026-09-14T23:26:35+02:00,Deprioritized,0,Python/Software Development,Outside Prague - verify,23,Python/Software Development; R,Senior-level position; Location requires verification
BLT_9510,Principal SW Developer,,"Prague, CZE",Developer,General Software Developer,Expert/Leader,IT & Software,,https://builtin.com/job/principal-sw-developer/10950198,2026-09-14T23:26:35+02:00,Deprioritized,0,Python/Software Development,Prague,23,Python/Software Development,Senior-level position
BLT_3152,Senior App Developer,,"Prague, CZE",Developer,General Software Developer,Senior level,IT & Software,,https://builtin.com/job/senior-app-developer/10948612,2026-09-14T23:26:35+02:00,Deprioritized,0,Python/Software Development,Prague,23,Python/Software Development,Senior-level position
BLT_8524,Backend Developer (Kotlin),,"Prague, CZE",Developer,Backend Developer,Senior level,IT & Software,Kotlin,https://builtin.com/job/backend-developer-kotlin/11132300,2026-09-14T23:26:27+02:00,Deprioritized,0,Python/Software Development,Prague,23,Python/Software Development,Senior-level position
BLT_6820,Senior C# Developer: Explorers/Identity Resilience,,"Prague, CZE",Developer,General Software Developer,Senior level,IT & Software,C#,https://builtin.com/job/senior-c-developer-explorers-identity-resilience/11016946,2026-09-14T23:26:27+02:00,Deprioritized,0,Python/Software Development,Prague,23,Python/Software Development,Senior-level position
BLT_5343,Senior Full Stack Developer (Contractor for 6 months),,"Prague, CZE",Developer,Full-Stack Developer,Senior level,IT & Software,,https://builtin.com/job/senior-full-stack-developer-contractor-6-months/11097661,2026-09-14T23:26:27+02:00,Deprioritized,0,Python/Software Development,Prague,23,Python/Software Development,Senior-level position
BLT_7302,Senior Software Engineer,,2 Locations,Engineer,Software Engineer,Senior level,"IT & Software, Engineering & R&D",,https://builtin.com/job/senior-software-engineer/11076932,2026-09-14T23:26:27+02:00,Deprioritized,0,Python/Software Development,Outside Prague - verify,23,Python/Software Development; R,Senior-level position; Location requires verification
BLT_5261,Sr. Backend Engineer (Kotlin),,2 Locations,Engineer,Software Engineer,Senior level,Engineering & R&D,Kotlin,https://builtin.com/job/sr-backend-engineer-kotlin/11016230,2026-09-14T23:26:27+02:00,Deprioritized,0,Python/Software Development,Outside Prague - verify,23,Python/Software Development; R,Senior-level position; Location requires verification
BLT_3432,"Staff Backend Engineer, Commerce",211K-316K Annually,32 Locations,Engineer,Software Engineer,Senior level,Engineering & R&D,,https://builtin.com/job/staff-engineer-backend-revenue/9200243,2026-09-14T23:26:11+02:00,Deprioritized,0,Python/Software Development,Outside Prague - verify,23,Python/Software Development; R,Senior-level position; Location requires verification
BLT_8656,"Staff Software Engineer, Flink/Streaming Analytics Team",,2 Locations,Engineer,Software Engineer,Senior level,"Data & Analytics, IT & Software, Engineering & R&D",,https://builtin.com/job/staff-software-engineer-flink-streaming-analytics-team/10683418,2026-09-14T23:26:11+02:00,Deprioritized,0,Python/Software Development,Outside Prague - verify,23,Python/Software Development; R,Senior-level position; Location requires verification
SJ_105459,Senior Back End Developer with Kotlin,,Prague,Developer,Backend Developer,Senior,IT & Software,Kotlin,https://www.startupjobs.cz/nabidka/105459/senior-back-end-developer-with-kotlin,2026-09-14T22:28:07+02:00,Deprioritized,0,Python/Software Development,Prague,23,Python/Software Development,Senior-level position
JB_7543,Associate Security Operation Center Analyst,,Praha – Karlín,Analyst,Security/Fraud Analyst,,Cybersecurity,,https://www.jobs.cz/rpd/2001421399/,2026-09-14T22:22:32+02:00,Deprioritized,0,Other,Prague,23,,
JB_1403,Data Analytik (m/f),,Praha – Stodůlky,Analyst,General Analyst,,Data & Analytics,,https://www.jobs.cz/rpd/2001421732/,2026-09-14T22:22:32+02:00,Deprioritized,0,Other,Prague,23,,
JST_3542,Hledáme SharePoint Developera do našeho týmu!,Navrhni si mzdu,Praha 4,Developer,Enterprise Applications Developer,"Senior, Expert",,,https://www.jobstack.it/it-job/developer-other/5fc6387e7f587,2026-09-12T11:34:11+02:00,Deprioritized,0,Python/Software Development,Prague,25,Python/Software Development,Senior-level position
JST_2420,PHP developer (senior),až 80 000 Kč / měsíc,Praha 5,Developer,General Software Developer,"Senior, Expert",IT & Software,PHP,https://www.jobstack.it/it-job/php-developer/5a0b1a6b63ad0,2026-09-12T11:34:11+02:00,Deprioritized,0,Python/Software Development,Prague,25,Python/Software Development,Senior-level position
JST_2953,SENIOR INTEGRAČNÍ VÝVOJÁŘ / ANALYTIK,Navrhni si mzdu,Praha,Developer,General Software Developer,"Senior, Expert","Data & Analytics, IT & Software",,https://www.jobstack.it/it-job/enterprise-architekt/5fcde12104561,2026-09-12T11:34:11+02:00,Deprioritized,0,Python/Software Development,Prague,25,Python/Software Development,Senior-level position
JST_1693,Angular vývojář/řka,Navrhni si mzdu,Praha,Developer,General Software Developer,Senior,IT & Software,Angular,https://www.jobstack.it/it-job/angular-developer/608be9b8878c6,2026-09-12T11:34:05+02:00,Deprioritized,0,Python/Software Development,Prague,25,Python/Software Development,Senior-level position
JST_3436,SENIOR GAME DEVELOPER,Navrhni si mzdu,Praha,Developer,General Software Developer,"Senior, Expert","IT & Software, Media & Entertainment",,https://www.jobstack.it/it-job/dot-net-developer/5fbbbbec99e67,2026-09-12T11:34:05+02:00,Deprioritized,0,Python/Software Development,Prague,25,Python/Software Development,Senior-level position
JST_8028,QA Automation Engineer,Navrhni si mzdu,"Praha, Bratislava, Malaga or Remote",Engineer,QA/Test Engineer,"Medior, Senior","Engineering & R&D, Quality & Safety",,https://www.jobstack.it/it-job/automatizovane-testovani/622b5814187c3,2026-09-12T11:33:57+02:00,Deprioritized,0,Adjacent Technical,Prague,25,Adjacent Technical; R; Medior level,Senior-level position
JST_5073,Technical Support & Customer Process Solutions with German - flexible,Navrhni si mzdu,Praha or remote in CZ,Support Specialist,Customer Support,,Customer Service,,https://www.jobstack.it/it-job/it-konzultant/6266a4b34edff,2026-09-12T11:33:57+02:00,Deprioritized,0,Other,Prague,25,,
JST_7323,Projektový manažer,Navrhni si mzdu,Praha,Manager,Project Manager,"Junior, Medior",Project & Program Management,,https://www.jobstack.it/it-job/it-project-manager/61843fd5258ae,2026-09-12T11:33:42+02:00,Deprioritized,0,Other,Prague,25,Junior/entry level; Medior level,Leadership/management position
JST_2845,QA Automation Engineer,až 100 000 Kč / měsíc,Praha nebo Remote,Engineer,QA/Test Engineer,"Medior, Senior","Engineering & R&D, Quality & Safety",,https://www.jobstack.it/it-job/automatizovane-testovani/644146e28f753,2026-09-12T11:33:42+02:00,Deprioritized,0,Adjacent Technical,Prague,25,Adjacent Technical; R; Medior level,Senior-level position
JST_5388,SAP Aplikační architekt,Navrhni si mzdu,Praha - Libuš,Architect,Software/Application Architect,,IT & Software,SAP,https://www.jobstack.it/it-job/architekt/648ab7fbb971b,2026-09-12T11:33:42+02:00,Deprioritized,0,Other,Prague,25,,
JST_8217,SAP Technický architekt,Navrhni si mzdu,Praha - Libuš,Architect,General Architect,,,SAP,https://www.jobstack.it/it-job/architekt/648ab746a7c03,2026-09-12T11:33:42+02:00,Deprioritized,0,Other,Prague,25,,
JST_9568,"SPRÁVCE ARCHIVNÍHO INFORMAČNÍHO SYSTÉMU (0,5 úvazek)",Navrhni si mzdu,"Ovocný trh 5, Praha 1",Administrator,General Administrator,"Junior, Medior, Senior, Expert",,,https://www.jobstack.it/it-job/unix-linux-admin/654e0f6a180dc,2026-09-12T11:33:42+02:00,Deprioritized,0,Other,Prague,25,Junior/entry level; Medior level,Senior-level position
JST_0641,Integrační specialista – MS Dynamics 365,až 160 000 Kč / měsíc,Praha,Specialist,General Specialist,,,,https://www.jobstack.it/it-job/dot-net-developer/65d8b8d7b01d3,2026-09-12T11:33:28+02:00,Deprioritized,0,Other,Prague,25,,
JST_3694,Projektový manažer,Navrhni si mzdu,Praha,Manager,Project Manager,"Junior, Medior",Project & Program Management,,https://www.jobstack.it/it-job/it-project-manager/65a65512d25bd,2026-09-12T11:33:28+02:00,Deprioritized,0,Other,Prague,25,Junior/entry level; Medior level,Leadership/management position
JST_7948,Senior C#/.NET Developer,Navrhni si mzdu,Praha,Developer,General Software Developer,"Senior, Expert",IT & Software,,https://www.jobstack.it/it-job/dot-net-developer/6006e34cd874f,2026-09-12T11:33:28+02:00,Deprioritized,0,Python/Software Development,Prague,25,Python/Software Development,Senior-level position
JST_3059,Senior IT Analytik,Navrhni si mzdu,Praha,Analyst,IT/Systems Analyst,"Senior, Expert","Data & Analytics, IT & Software",,https://www.jobstack.it/it-job/analytik/65d47849ede7f,2026-09-12T11:33:28+02:00,Deprioritized,0,Business/Product Analysis,Prague,25,Business/Product Analysis,Senior-level position
JST_3656,Doménový analytik v oblasti trackování a datové fúze,Navrhni si mzdu,"Praha, Pardubice",Analyst,General Analyst,"Junior, Medior, Senior, Expert",Data & Analytics,,https://www.jobstack.it/it-job/analytik/6887a7399612e,2026-09-12T11:33:16+02:00,Deprioritized,0,Other,Prague,25,Junior/entry level; Medior level,Senior-level position
JST_1953,"HLEDÁME Senior React Developera pro M365, SPFX!",Navrhni si mzdu,"Mezilesní 23, Praha 4",Developer,General Software Developer,"Senior, Expert",,React,https://www.jobstack.it/it-job/developer-other/67dc12d1afcfe,2026-09-12T11:33:16+02:00,Deprioritized,0,Python/Software Development,Prague,25,Python/Software Development,Senior-level position
JST_4609,Konzultant ERP systému,až 80 000 Kč / měsíc,"Štefánikova 32, Praha 5",Consultant,SAP/ERP Consultant,"Junior, Medior, Senior, Expert",,,https://www.jobstack.it/it-job/it-konzultant/5f86b80e1a9ef,2026-09-12T11:33:16+02:00,Deprioritized,0,Other,Prague,25,Junior/entry level; Medior level,Senior-level position
JST_6377,Senior React Developer,až 180 000 Kč / měsíc,"kdekoliv z ČR, 1 den onsite Brno, případně Praha",Developer,General Software Developer,Senior,IT & Software,React,https://www.jobstack.it/it-job/react-developer/64802dce20233,2026-09-12T11:33:16+02:00,Deprioritized,0,Python/Software Development,Prague,25,Python/Software Development,Senior-level position
JST_4555,Senior IT/Business analytik,až 190 000 Kč / měsíc,Praha,Analyst,IT/Systems Analyst,Senior,"Data & Analytics, IT & Software",,https://www.jobstack.it/it-job/analytik/666aef749e0ce,2026-09-12T11:33:02+02:00,Deprioritized,0,Business/Product Analysis,Prague,25,Business/Product Analysis,Senior-level position
JST_0267,Hledáme seniorního IT analytika na stabilní dlouhodobý projekt,až 190 000 Kč / měsíc,Praha,Analyst,IT/Systems Analyst,"Senior, Expert","Data & Analytics, IT & Software, Project & Program Management",,https://www.jobstack.it/it-job/analytik/6929c0b20c2e6,2026-09-12T11:32:53+02:00,Deprioritized,0,Business/Product Analysis,Prague,25,Business/Product Analysis,Senior-level position
JST_7691,Linux administrátor ( Junior / senior ),Navrhni si mzdu,Praha / Plzeň / Full remote,Administrator,Systems/Server Administrator,"Junior, Medior, Senior, Expert",,Linux,https://www.jobstack.it/it-job/unix-linux-admin/644bcbddea8b9,2026-09-12T11:32:53+02:00,Deprioritized,0,Other,Prague,25,Junior/entry level; Medior level,Senior-level position
JST_0360,MS Windows Administrátor (i absolvent),Navrhni si mzdu,"Drahobejlova 1452/54, Praha 9",Administrator,Systems/Server Administrator,"Junior, Medior, Senior, Expert",,,https://www.jobstack.it/it-job/microsoft-admin/67e5479d54313,2026-09-12T11:32:53+02:00,Deprioritized,0,Other,Prague,25,Junior/entry level; Medior level,Senior-level position
JST_7767,Senior Business analytik / analytička,až 110 000 Kč / měsíc,Praha,Analyst,Business/Process Analyst,Senior,Data & Analytics,,https://www.jobstack.it/it-job/analytik/6a4e041e5d50c,2026-09-12T11:32:42+02:00,Deprioritized,0,Business/Product Analysis,Prague,25,Business/Product Analysis,Senior-level position
JST_7373,Senior IT analytik / analytička,až 110 000 Kč / měsíc,Praha,Analyst,IT/Systems Analyst,Senior,"Data & Analytics, IT & Software",,https://www.jobstack.it/it-job/analytik/6a4df8cdd6435,2026-09-12T11:32:42+02:00,Deprioritized,0,Business/Product Analysis,Prague,25,Business/Product Analysis,Senior-level position
JST_1569,"Automation Tester (Robot Framework, Cypress, Python)",až 110 000 Kč / měsíc,Praha,Tester,Automation Tester,"Senior, Expert",,Python,https://www.jobstack.it/it-job/automatizovane-testovani/6aa40a763bc04,2026-09-12T11:32:36+02:00,Deprioritized,0,Adjacent Technical,Prague,25,Adjacent Technical; Python,Senior-level position
JST_7040,Business analytik (Credits & Risk),až 160 000 Kč / měsíc,Praha,Analyst,Business/Process Analyst,"Senior, Expert","Data & Analytics, Compliance & Risk",,https://www.jobstack.it/it-job/analytik/6aa13721ea665,2026-09-12T11:32:36+02:00,Deprioritized,0,Business/Product Analysis,Prague,25,Business/Product Analysis,Senior-level position
JST_8093,Procesní / Bezpečnostní analytik,až 180 000 Kč / měsíc,Praha,Analyst,Business/Process Analyst,"Senior, Expert",Data & Analytics,,https://www.jobstack.it/it-job/procesni-analytik/6a8fe0b99ef0e,2026-09-12T11:32:36+02:00,Deprioritized,0,Business/Product Analysis,Prague,25,Business/Product Analysis,Senior-level position
JST_7790,QA Engineer - Web & Mobile,až 120 000 Kč / měsíc,Praha,Engineer,QA/Test Engineer,"Medior, Senior, Expert","Engineering & R&D, Quality & Safety",,https://www.jobstack.it/it-job/automatizovane-testovani/6a955a389768f,2026-09-12T11:32:36+02:00,Deprioritized,0,Adjacent Technical,Prague,25,Adjacent Technical; R; Medior level,Senior-level position
JST_1785,BU/IT Analytik – Salesforce,až 190 000 Kč / měsíc,Praha,Analyst,IT/Systems Analyst,"Senior, Expert","Data & Analytics, IT & Software",Salesforce,https://www.jobstack.it/it-job/analytik/6968aedfd2732,2026-09-12T11:32:21+02:00,Deprioritized,0,Business/Product Analysis,Prague,25,Business/Product Analysis,Senior-level position
JST_8020,"ICT Architekt/Analytik - part-time, IČO, Praha",až 200 000 Kč / měsíc,Praha,Architect,General Architect,,"Data & Analytics, IT & Software",,https://www.jobstack.it/it-job/architekt/6a6cae62b262a,2026-09-12T11:32:21+02:00,Deprioritized,0,Other,Prague,25,,
JST_0886,Office Manager,až 50 000 Kč / měsíc,Praha - Hostivař,Manager,Operations/Service Delivery Manager,"Junior, Medior",,,https://www.jobstack.it/it-job/it-hr-manager/6aa3ef0d1ef3c,2026-09-12T11:32:21+02:00,Deprioritized,0,Other,Prague,25,Junior/entry level; Medior level,Leadership/management position
JST_9686,Senior Java Developer - Dlouhodobá spolupráce a prostor rozhodovat,až 190 000 Kč / měsíc,Praha 5 (HO 50%),Developer,General Software Developer,"Senior, Expert",IT & Software,Java,https://www.jobstack.it/it-job/java-developer/6a69c3e4bec00,2026-09-12T11:32:21+02:00,Deprioritized,0,Python/Software Development,Prague,25,Python/Software Development,Senior-level position
SJ_105949,QA inženýr medior/senior,,Prague,Engineer,QA/Test Engineer,"Medior/Mid-level, Senior","Engineering & R&D, Quality & Safety",,https://www.startupjobs.cz/nabidka/105949/qa-inzenyr-medior-senior,2026-09-12T11:10:13+02:00,Deprioritized,0,Adjacent Technical,Prague,25,Adjacent Technical; R; Medior level,Senior-level position
SJ_106863,Specialista/ka spolupráce s pořadateli akcí,,Prague,Specialist,General Specialist,,,,https://www.startupjobs.cz/nabidka/106863/specialista-ka-spoluprace-s-poradateli-akci,2026-09-12T11:10:13+02:00,Deprioritized,0,Other,Prague,25,,
SJ_106861,Specialista/ka spolupráce s tvůrci,,Prague,Specialist,General Specialist,,,,https://www.startupjobs.cz/nabidka/106861/specialista-ka-spoluprace-s-tvurci,2026-09-12T11:10:13+02:00,Deprioritized,0,Other,Prague,25,,
SJ_106883,Instalační technik pokladních systémů,,Prague,Technician,Installation Technician,,,,https://www.startupjobs.cz/nabidka/106883/instalacni-technik-pokladnich-systemu,2026-09-12T11:09:08+02:00,Deprioritized,0,Other,Prague,25,,
SJ_104347,Onboarding / Implementation Specialist,,Prague,Specialist,Operations Specialist,,,,https://www.startupjobs.cz/nabidka/104347/onboarding-implementation-specialist,2026-09-12T11:09:08+02:00,Deprioritized,0,Other,Prague,25,,
SJ_106897,Strategická marketingová agentura Number One hledá Consulting Managera!,,Prague,Manager,Executive/General Manager,,,,https://www.startupjobs.cz/nabidka/106897/strategicka-marketingova-agentura-number-one-hleda-consulting-managera,2026-09-12T11:09:08+02:00,Deprioritized,0,Other,Prague,25,,
SJ_106853,Part-Time HR & Office Support,,Prague,Support Specialist,General Support Specialist,,HR & Recruitment,,https://www.startupjobs.cz/nabidka/106853/part-time-hr-and-office-support,2026-09-12T11:08:03+02:00,Deprioritized,0,Other,Prague,26,,
SJ_107125,Kampaňový specialista,,Prague,Specialist,General Specialist,,,,https://www.startupjobs.cz/nabidka/107125/kampanovy-specialista,2026-09-12T11:07:03+02:00,Deprioritized,0,Other,Prague,26,,
SJ_107113,Marketingový a digitální konzultant,,Prague,Consultant,General Consultant,,,,https://www.startupjobs.cz/nabidka/107113/marketingovy-a-digitalni-konzultant,2026-09-12T11:07:03+02:00,Deprioritized,0,Other,Prague,26,,
SJ_107159,CEO – NWCMRS,,Prague,Manager,Executive/General Manager,Executive,,,https://www.startupjobs.cz/nabidka/107159/ceo-nwcmrs,2026-09-12T11:05:58+02:00,Deprioritized,0,Other,Prague,26,,
SJ_107147,Data Security Consultant,,Prague,Consultant,Security Consultant,,"Data & Analytics, Cybersecurity",,https://www.startupjobs.cz/nabidka/107147/data-security-consultant,2026-09-12T11:05:58+02:00,Deprioritized,0,Other,Prague,26,,
SJ_107213,IT Administrátor,,Prague,Administrator,IT Administrator,,IT & Software,,https://www.startupjobs.cz/nabidka/107213/it-administrator,2026-09-12T11:04:53+02:00,Deprioritized,0,Other,Prague,26,,
SJ_107231,Senior Backend Developer (PHP),,Prague,Developer,Backend Developer,Senior,IT & Software,PHP,https://www.startupjobs.cz/nabidka/107231/senior-backend-developer-php,2026-09-12T11:04:53+02:00,Deprioritized,0,Python/Software Development,Prague,26,Python/Software Development,Senior-level position
SJ_107251,Admin interního IT - Specialista identity a integrací,,Prague,Administrator,Security/Identity Administrator,,IT & Software,,https://www.startupjobs.cz/nabidka/107251/admin-interniho-it-specialista-identity-a-integraci,2026-09-12T11:03:48+02:00,Deprioritized,0,Other,Prague,26,,
SJ_107239,Digital designer (UX/UI),,Prague,Designer,UX/UI/Product Designer,,,,https://www.startupjobs.cz/nabidka/107239/digital-designer-ux-ui,2026-09-12T11:03:48+02:00,Deprioritized,0,Other,Prague,26,,
SJ_78125,🎨 UX/UI Designer,,Prague,Designer,UX/UI/Product Designer,,,,https://www.startupjobs.cz/nabidka/78125/ux-ui-designer,2026-09-12T11:03:48+02:00,Deprioritized,0,Other,Prague,26,,
SJ_107307,Hledáme zkušeného grafického designéra / designérku,,Prague,Designer,General Designer,,,,https://www.startupjobs.cz/nabidka/107307/hledame-zkuseneho-grafickeho-designera-designerku,2026-09-12T11:02:48+02:00,Deprioritized,0,Other,Prague,26,,
SJ_80397,"Kurýři jezdí, ty držíš systém. Hledáme parťáka na administrativu a support. Praha",,Prague,Support Specialist,Infrastructure/Network Support,,IT & Software,,https://www.startupjobs.cz/nabidka/80397/kuryri-jezdi-ty-drzis-system-hledame-partaka-na-administrativu-a-support,2026-09-12T11:02:48+02:00,Deprioritized,0,Other,Prague,26,,
SJ_104563,HR Generalist Praha,,Prague,Specialist,HR/People Specialist,,HR & Recruitment,,https://www.startupjobs.cz/nabidka/104563/hr-generalist,2026-09-12T11:01:43+02:00,Deprioritized,0,Other,Prague,26,,
SJ_107399,L2 Support Specialist,,Prague,Support Specialist,IT Helpdesk/Service Desk,,,,https://www.startupjobs.cz/nabidka/107399/l2-support-specialist,2026-09-12T11:01:43+02:00,Deprioritized,0,Other,Prague,26,,
SJ_107297,Programmatic Consultant,,Prague,Consultant,General Consultant,,,,https://www.startupjobs.cz/nabidka/107297/programmatic-consultant,2026-09-12T11:01:43+02:00,Deprioritized,0,Other,Prague,26,,
SJ_76223,"UX/UI (no bullshit) designer - Praha, Karlín",,Prague,Designer,UX/UI/Product Designer,,,,https://www.startupjobs.cz/nabidka/76223/ux-ui-no-bullshit-designer-praha-karlin,2026-09-12T11:01:43+02:00,Deprioritized,0,Other,Prague,26,,
SJ_107457,Android Developer pro unattended retail,,Prague,Developer,Mobile Developer,,"IT & Software, Retail & E-commerce",,https://www.startupjobs.cz/nabidka/107457/android-developer-pro-unattended-retail,2026-09-12T11:00:38+02:00,Deprioritized,0,Other,Prague,26,,
SJ_107465,Fashion Developer/ka pro vlastní kolekce spodního prádla a plavek,,Prague,Designer,Fashion/Product Designer,,IT & Software,,https://www.startupjobs.cz/nabidka/107465/fashion-developer-ka-pro-vlastni-kolekce-spodniho-pradla-a-plavek,2026-09-12T11:00:38+02:00,Deprioritized,0,Other,Prague,26,,
SJ_107437,"Obchodní specialista | Vyber si svůj tým – energetika, pojištění nebo telekomunikace",,Prague,Specialist,Insurance/Actuarial Specialist,,"Insurance, Sales & Business Development, Energy & Utilities",,https://www.startupjobs.cz/nabidka/107437/obchodni-specialista-vyber-si-svuj-tym-energetika-pojisteni-nebo-telekomunikace,2026-09-12T11:00:38+02:00,Deprioritized,0,Other,Prague,26,,
SJ_107477,HR & Office Administrator (Czech Expansion),,Prague,Administrator,HR/Payroll Administrator,,HR & Recruitment,,https://www.startupjobs.cz/nabidka/107477/hr-and-office-administrator-czech-expansion,2026-09-12T10:59:33+02:00,Deprioritized,0,Other,Prague,26,,
SJ_106693,Lead UX Designer,,Prague,Manager,Executive/General Manager,Lead/Head,,,https://www.startupjobs.cz/nabidka/106693/lead-ux-designer,2026-09-12T10:59:33+02:00,Deprioritized,0,Other,Prague,26,,
SJ_104837,Marketingový specialista s polštinou pro českou značku nádobí FABINI,,Prague,Specialist,General Specialist,,,,https://www.startupjobs.cz/nabidka/104837/marketingovy-specialista-s-polstinou-pro-ceskou-znacku-nadobi-fabini,2026-09-12T10:59:33+02:00,Deprioritized,0,Other,Prague,26,,
SJ_107479,RevOps and Sales Transformation Lead,,Prague,Manager,Sales/Account Manager,Lead/Head,Sales & Business Development,,https://www.startupjobs.cz/nabidka/107479/revops-and-sales-transformation-lead,2026-09-12T10:59:33+02:00,Deprioritized,0,Other,Prague,26,,
SJ_107559,Administrátor/ka IT infrastruktury,,Prague,Administrator,Network/Infrastructure Administrator,,IT & Software,,https://www.startupjobs.cz/nabidka/107559/administrator-ka-it-infrastruktury,2026-09-12T10:58:33+02:00,Deprioritized,0,Other,Prague,26,,
SJ_107547,E-commerce Product owner,,Prague,Manager,Product Manager/Product Owner,,"Product Management, Retail & E-commerce",,https://www.startupjobs.cz/nabidka/107547/e-commerce-product-owner,2026-09-12T10:57:33+02:00,Deprioritized,0,Other,Prague,26,,
SJ_107625,Video Producer,,Prague,Specialist,General Specialist,,Media & Entertainment,,https://www.startupjobs.cz/nabidka/107625/video-producer,2026-09-12T10:57:33+02:00,Deprioritized,0,Other,Prague,26,,
SJ_107653,AML Specialista/​ka,,Prague,Specialist,Compliance/AML Specialist,,Compliance & Risk,,https://www.startupjobs.cz/nabidka/107653/aml-specialista-ka,2026-09-12T10:56:33+02:00,Deprioritized,0,Other,Prague,26,,
SJ_104721,Marketing & Project Lead - vyprávěj příběh našich značek!,,Prague,Manager,Project Manager,Lead/Head,"Marketing & Communications, Project & Program Management",,https://www.startupjobs.cz/nabidka/104721/marketing-project-lead-vypravej-pribeh-nasich-znacek,2026-09-12T10:56:33+02:00,Deprioritized,0,Other,Prague,26,,
SJ_107449,PRista pro spotřební elektroniku a domácí spotřebiče,,Prague,Specialist,General Specialist,,,,https://www.startupjobs.cz/nabidka/107449/prista-pro-spotrebni-elektroniku-a-domaci-spotrebice,2026-09-12T10:56:33+02:00,Deprioritized,0,Other,Prague,26,,
SJ_106715,🎥 Route Filming & Production Specialist 🚴,,Prague,Specialist,Manufacturing/Production Specialist,,Manufacturing & Production,,https://www.startupjobs.cz/nabidka/106715/route-filming-and-production-specialist,2026-09-12T10:56:33+02:00,Deprioritized,0,Other,Prague,26,,
SJ_107677,"Full-stack senior developer (React, Typescript, Java, Rust) 🚀",,Prague,Developer,Full-Stack Developer,Senior,IT & Software,"Java, TypeScript, React, Rust",https://www.startupjobs.cz/nabidka/107677/full-stack-senior-developer-react-typescript-java-rust,2026-09-12T10:55:23+02:00,Deprioritized,0,Python/Software Development,Prague,26,Python/Software Development,Senior-level position
SJ_106673,Graphic & Digital Designer,,Prague,Designer,Graphic/Visual Designer,,,,https://www.startupjobs.cz/nabidka/106673/graphic-and-digital-designer,2026-09-12T10:55:23+02:00,Deprioritized,0,Other,Prague,26,,
SJ_99547,Integration Consultant (with Czech/Slovak),,Prague,Consultant,General Consultant,,,,https://www.startupjobs.cz/nabidka/99547/integration-consultant-with-czech-slovak,2026-09-12T10:55:23+02:00,Deprioritized,0,Other,Prague,26,,
SJ_107731,Senior Full-stack PHP Developer,,Prague,Developer,Full-Stack Developer,Senior,IT & Software,PHP,https://www.startupjobs.cz/nabidka/107731/senior-full-stack-php-developer,2026-09-12T10:55:23+02:00,Deprioritized,0,Python/Software Development,Prague,26,Python/Software Development,Senior-level position
SJ_89827,Specialista/ka péče o zákazníky pro Polsko 🚀,,Prague,Specialist,Customer Service Specialist,,Customer Service,,https://www.startupjobs.cz/nabidka/89827/specialista-ka-pece-o-zakazniky-pro-polsko,2026-09-12T10:55:23+02:00,Deprioritized,0,Other,Prague,26,,
SJ_107099,Technický lídr produktu a implementací GITRIX™,,Prague,Manager,Product Manager/Product Owner,Lead/Head,,,https://www.startupjobs.cz/nabidka/107099/technicky-lidr-produktu-a-implementaci-gitrixtm,2026-09-12T10:55:23+02:00,Deprioritized,0,Other,Prague,26,,
SJ_107727,TV Special Operations Specialist,,Prague,Specialist,Operations Specialist,,,,https://www.startupjobs.cz/nabidka/107727/tv-special-operations-specialist,2026-09-12T10:55:23+02:00,Deprioritized,0,Other,Prague,26,,
SJ_107285,Hledáme šikovného editora pro web Energozrouti.cz (přes 200 tisíc návštěv denně),,Prague,Specialist,General Specialist,,,,https://www.startupjobs.cz/nabidka/107285/hledame-sikovneho-editora-pro-web-energozrouti-cz-pres-200-tisic-navstev-denne,2026-09-12T10:46:32+02:00,Deprioritized,0,Other,Prague,26,,
SJ_106545,Sales Team Leader,,Prague,Manager,Sales/Account Manager,Lead/Head,Sales & Business Development,,https://www.startupjobs.cz/nabidka/106545/sales-team-leader,2026-09-12T10:46:32+02:00,Deprioritized,0,Other,Prague,26,,
SJ_107617,SW konzultant I no-code I Praha I 40-60 tis.,,Prague,Consultant,General Consultant,,,,https://www.startupjobs.cz/nabidka/107617/sw-konzultant-i-no-code-i-praha-i-40-60-tis,2026-09-12T10:46:32+02:00,Deprioritized,0,Other,Prague,26,,
SJ_40052,⚙️ Senior vývojář/ka eSales platformy – PHP | remote,,Prague,Developer,General Software Developer,Senior,IT & Software,PHP,https://www.startupjobs.cz/nabidka/40052/senior-vyvojar-ka-esales-platformy-php-remote-130-160-000-kc,2026-09-12T10:46:32+02:00,Deprioritized,0,Python/Software Development,Prague,26,Python/Software Development,Senior-level position
SJ_105261,Junior Esims Trader,,Prague,Specialist,Finance/Banking Specialist,Junior/Entry-level,,,https://www.startupjobs.cz/nabidka/105261/junior-esims-trader,2026-09-12T10:43:17+02:00,Deprioritized,0,Other,Prague,26,Junior/entry level,Finance/accounting orientation
SJ_107115,Senior Backend (PHP) developer,,Prague,Developer,Backend Developer,Senior,IT & Software,PHP,https://www.startupjobs.cz/nabidka/107115/senior-backend-php-developer,2026-09-12T10:43:17+02:00,Deprioritized,0,Python/Software Development,Prague,26,Python/Software Development,Senior-level position
SJ_107577,Senior Java Developer - up to 200K CZK,,Prague,Developer,General Software Developer,Senior,IT & Software,Java,https://www.startupjobs.cz/nabidka/107577/senior-java-developer-up-to-200k-czk,2026-09-11T23:07:28+02:00,Deprioritized,0,Python/Software Development,Prague,26,Python/Software Development,Senior-level position
SJ_107749,Data Analytik (m/f),,Prague,Analyst,General Analyst,,Data & Analytics,,https://www.startupjobs.cz/nabidka/107749/data-analytik-m-f,2026-09-11T23:07:27+02:00,Deprioritized,0,Other,Prague,26,,
SJ_107723,Senior Backend C++/ C# Developer,,Prague,Developer,Backend Developer,Senior,IT & Software,C#,https://www.startupjobs.cz/nabidka/107723/senior-backend-c-c-developer,2026-09-11T23:07:27+02:00,Deprioritized,0,Python/Software Development,Prague,26,Python/Software Development,Senior-level position
SJ_106515,Senior Node.js Developer – Shoptet Pay,,Prague,Developer,General Software Developer,Senior,IT & Software,"JavaScript, Node.js",https://www.startupjobs.cz/nabidka/106515/senior-node-js-developer-shoptet-pay,2026-09-11T23:07:27+02:00,Deprioritized,0,Python/Software Development,Prague,26,Python/Software Development,Senior-level position
JB_8056,Team Leader Terrain Sales – zdravotnické IT / CGM ČR,,Praha – Stodůlky,Manager,Sales/Account Manager,Lead/Head,"IT & Software, Sales & Business Development",,https://www.jobs.cz/rpd/2001391246/,2026-09-11T17:33:08+02:00,Deprioritized,0,Other,Prague,26,,
JB_9006,Aplikační Administrátor - Elektronické bankovnictví (m/ž),,Hlavní město Praha,Administrator,Application Administrator,,IT & Software,,https://www.jobs.cz/rpd/2001358163/,2026-09-11T17:32:39+02:00,Deprioritized,0,Other,Prague,26,,
JB_3766,Junior Broker in Reinsurance,,Praha – Nové Město,Specialist,Finance/Banking Specialist,Junior/Entry-level,,,https://www.jobs.cz/rpd/2001295864/,2026-09-11T17:32:32+02:00,Deprioritized,0,Other,Prague,26,Junior/entry level,Finance/accounting orientation
JB_0197,People Partner / HR Business Partner 0.5 FTE,,Praha – Karlín,Specialist,HR/People Specialist,,HR & Recruitment,,https://www.jobs.cz/rpd/2001407748/,2026-09-11T17:31:47+02:00,Deprioritized,0,Other,Prague,26,,
JB_3327,Metodik čerpacích stanic (M/Ž),,Hlavní město Praha + 3 další lokality,Specialist,General Specialist,,,,https://www.jobs.cz/rpd/2001325013/,2026-09-11T17:21:51+02:00,Deprioritized,0,Other,Prague,26,,
JB_9473,Pracovník podpory partnerů,,Praha – Michle,Support Specialist,General Support Specialist,,,,https://www.jobs.cz/rpd/2001151606/,2026-09-11T17:21:51+02:00,Deprioritized,0,Other,Prague,26,,
JB_3603,Servisní poradce - administrativní pracovník,,Praha + 1 další lokalita,Consultant,General Consultant,,,,https://www.jobs.cz/rpd/2001415442/,2026-09-11T17:21:51+02:00,Deprioritized,0,Other,Prague,26,,
JB_5775,Specialista podpory prodeje – Top Corporate & Veřejná správa (m/ž),,Praha – Michle + 1 další lokalita,Support Specialist,Business/Sales Support,,Sales & Business Development,,https://www.jobs.cz/rpd/2001396638/,2026-09-11T17:21:51+02:00,Deprioritized,0,Other,Prague,26,,
JB_2830,Specialista/ka prodeje ve Vodafone | Nastartuj kariéru v super týmu!,35 000 – 70 000 Kč,Praha – Smíchov,Specialist,Sales/Commercial Specialist,,Sales & Business Development,,https://www.jobs.cz/rpd/2000105424/,2026-09-11T17:21:51+02:00,Deprioritized,0,Other,Prague,26,,
JB_2841,Teamleader obchodního týmu (m/ž),70 000 – 90 000 Kč,Praha + 1 další lokalita,Manager,Sales/Account Manager,Lead/Head,Sales & Business Development,,https://www.jobs.cz/rpd/2001391769/,2026-09-11T17:21:51+02:00,Deprioritized,0,Other,Prague,26,,
JB_4972,IVF Koordinátor/ka pro zahraniční klienty s němčinou,,Praha – Vysočany,Coordinator,General Coordinator,,Customer Service,,https://www.jobs.cz/rpd/2001407465/,2026-09-11T17:21:39+02:00,Deprioritized,0,Other,Prague,26,,
JB_3754,Koordinátor partnerského prodeje,,Praha – Stodůlky,Coordinator,General Coordinator,,Sales & Business Development,,https://www.jobs.cz/rpd/2001415479/,2026-09-11T17:21:39+02:00,Deprioritized,0,Other,Prague,26,,
JB_0789,Merchandiser / Technik,30 000 – 42 000 Kč,Praha – Vokovice,Technician,General Technician,,,,https://www.jobs.cz/rpd/2001421416/,2026-09-11T17:21:39+02:00,Deprioritized,0,Other,Prague,26,,
JB_8665,Specialista/Specialistka prodeje pro Vodafone,35 000 – 70 000 Kč,Praha – Smíchov,Specialist,Sales/Commercial Specialist,,Sales & Business Development,,https://www.jobs.cz/rpd/2000150164/,2026-09-11T17:21:39+02:00,Deprioritized,0,Other,Prague,26,,
JB_0627,Telefonní poradce/poradkyně pro úsporné bydlení - Stavební spořitelna ČS,,Praha – Krč,Consultant,General Consultant,,Real Estate & Construction,,https://www.jobs.cz/rpd/2001405496/,2026-09-11T17:21:39+02:00,Deprioritized,0,Other,Prague,26,,
JB_6425,SPECIALISTA / SPECIALISTKA OBJEDNÁVEK A PODPORY PRODEJE,,Praha – Řeporyje,Support Specialist,Business/Sales Support,,Sales & Business Development,,https://www.jobs.cz/rpd/2001374838/,2026-09-11T17:21:38+02:00,Deprioritized,0,Other,Prague,26,,
JB_2316,Specialista na komunikaci se zákazníky,,Praha – Štěrboholy,Specialist,Customer Service Specialist,,"Marketing & Communications, Customer Service",,https://www.jobs.cz/rpd/2001410158/,2026-09-11T17:21:38+02:00,Deprioritized,0,Other,Prague,26,,
JB_1841,Provozní koordinátor stravování,,Praha – Ruzyně,Coordinator,Operations/Service Coordinator,,,,https://www.jobs.cz/rpd/2001375395/,2026-09-11T17:21:32+02:00,Deprioritized,0,Other,Prague,26,,
JB_2808,Provozní mistr,51 000 – 55 000 Kč,Praha – Ruzyně,Manager,Operations/Service Delivery Manager,,,,https://www.jobs.cz/rpd/2001376118/,2026-09-11T17:21:32+02:00,Deprioritized,0,Other,Prague,26,,
JB_4668,Referent/ka provozně technického oddělení,,Praha – Vinohrady,Administrator,Business/Office Administrator,,,,https://www.jobs.cz/rpd/2001418696/,2026-09-11T17:21:32+02:00,Deprioritized,0,Other,Prague,26,,
JB_5341,SPECIALISTA / SPECIALISTKA REKLAMACÍ A AFTERSALES SERVISU,,Praha – Řeporyje,Specialist,Customer Service Specialist,,Customer Service,,https://www.jobs.cz/rpd/2001382042/,2026-09-11T17:21:32+02:00,Deprioritized,0,Other,Prague,26,,
JB_9520,Technolog výroby v masozávodě (ž/m),70 000 – 92 000 Kč,Praha,Technician,Manufacturing/Process Technician,,Manufacturing & Production,,https://www.jobs.cz/rpd/2001231530/,2026-09-11T17:21:32+02:00,Deprioritized,0,Other,Prague,26,,
JB_8809,Mistr výroby,,Praha – Modřany,Manager,Production/Quality Manager,,Manufacturing & Production,,https://www.jobs.cz/rpd/2001391989/,2026-09-11T17:21:19+02:00,Deprioritized,0,Other,Prague,26,,
JB_8568,Správce infrastruktury a telemetrií DŘS,,Praha – Michle,Administrator,Network/Infrastructure Administrator,,,,https://www.jobs.cz/rpd/2001167401/,2026-09-11T17:21:19+02:00,Deprioritized,0,Other,Prague,26,,
JB_8175,IT SPECIALISTA TECHNICKÉ PODPORY,,Praha – Chodov,Support Specialist,Technical Support,,IT & Software,,https://www.jobs.cz/rpd/2001382209/,2026-09-11T17:21:05+02:00,Deprioritized,0,Other,Prague,26,,
JB_0464,Správce operačního systému (m/ž),,Praha – Nové Město,Administrator,General Administrator,,,,https://www.jobs.cz/rpd/2001371858/,2026-09-11T17:20:50+02:00,Deprioritized,0,Other,Prague,26,,
JB_1266,Pracovník/pracovnice kontaktního centra (podpora nemocnic),,Praha – Malešice,Support Specialist,Technical Support,,,,https://www.jobs.cz/rpd/2001203121/,2026-09-11T17:20:41+02:00,Deprioritized,0,Other,Prague,26,,
JB_5235,Specialista péče o klienty,,Hlavní město Praha,Specialist,Customer Service Specialist,,Customer Service,,https://www.jobs.cz/rpd/2001391490/,2026-09-11T17:20:41+02:00,Deprioritized,0,Other,Prague,26,,
JB_5865,Specialista pojistných událostí s maďarštinou (m/ž) - O2 Financial services,,Praha – Michle,Specialist,Insurance/Actuarial Specialist,,"Finance & Banking, Insurance",,https://www.jobs.cz/rpd/1633910421/,2026-09-11T17:20:41+02:00,Deprioritized,0,Other,Prague,26,,
JB_9355,Specialista v oddělení kontroly a kvality asistenčních služeb,,Praha – Dolní Chabry,Specialist,Quality/Regulatory Specialist,,Quality & Safety,,https://www.jobs.cz/rpd/2001419244/,2026-09-11T17:20:41+02:00,Deprioritized,0,Other,Prague,26,,
JB_5124,Specialista/ka kanceláře cestovní agentury,,Praha – Josefov,Specialist,General Specialist,,,,https://www.jobs.cz/rpd/2001386872/,2026-09-11T17:20:41+02:00,Deprioritized,0,Other,Prague,26,,
JB_8837,Specialista/ka klientské podpory - back office,,Praha,Support Specialist,Customer Support,,Customer Service,,https://www.jobs.cz/rpd/2001403684/,2026-09-11T17:20:41+02:00,Deprioritized,0,Other,Prague,26,,
JB_9978,Specialista technické podpory Darujme.cz,,Praha – Dejvice,Support Specialist,Technical Support,,,,https://www.jobs.cz/rpd/2001414998/,2026-09-11T17:20:27+02:00,Deprioritized,0,Other,Prague,26,,
JB_8088,Redaktor skladby televizního vysílání,,Praha – Strašnice,Specialist,Logistics/Supply Chain Specialist,,Supply Chain & Logistics,,https://www.jobs.cz/rpd/2001415888/,2026-09-11T17:20:16+02:00,Deprioritized,0,Other,Prague,26,,
JB_6582,HR Administrátor,,Praha – Nusle + 1 další lokalita,Administrator,HR/Payroll Administrator,,HR & Recruitment,,https://www.jobs.cz/rpd/2001375859/,2026-09-11T17:19:47+02:00,Deprioritized,0,Other,Prague,26,,
JB_7421,"Administrátor dokumentace sítě, Praha",,Praha – Libeň,Administrator,Network/Infrastructure Administrator,,,,https://www.jobs.cz/rpd/2001317338/,2026-09-11T17:19:31+02:00,Deprioritized,0,Other,Prague,26,,
JB_6911,HR Admin support,,Praha – Karlín,Administrator,HR/Payroll Administrator,,HR & Recruitment,,https://www.jobs.cz/rpd/2001375606/,2026-09-11T17:19:31+02:00,Deprioritized,0,Other,Prague,26,,
JB_1284,Product Administrator se znalostí polštiny,,Praha – Dejvice,Administrator,General Administrator,,,,https://www.jobs.cz/rpd/2001403124/,2026-09-11T17:19:06+02:00,Deprioritized,0,Other,Prague,26,,
JB_2160,IT System Administrator,,Praha,Administrator,Systems/Server Administrator,,IT & Software,,https://www.jobs.cz/rpd/2001372439/,2026-09-11T17:18:57+02:00,Deprioritized,0,Other,Prague,26,,
JB_3506,IT analytik senior - migrace service desku do Jira,,Praha – Holešovice,Analyst,IT/Systems Analyst,Senior,"Data & Analytics, IT & Software",,https://www.jobs.cz/rpd/2001421692/,2026-09-11T17:13:14+02:00,Deprioritized,0,Business/Product Analysis,Prague,26,Business/Product Analysis,Senior-level position
JB_9314,IT administrátor,,Praha – Radlice,Administrator,IT Administrator,,IT & Software,,https://www.jobs.cz/rpd/2001408400/,2026-09-11T17:13:03+02:00,Deprioritized,0,Other,Prague,26,,
JB_0803,IT technik / IT administrátor na správu a údržbu PC a serverů u našich zákazníků,40 000 – 60 000 Kč,Praha – Žižkov,Technician,IT Technician,,"IT & Software, Customer Service",,https://www.jobs.cz/rpd/2001403000/,2026-09-11T17:13:03+02:00,Deprioritized,0,Other,Prague,26,,
JB_7063,Business Operations Support,,Praha – Holešovice,Support Specialist,Business/Sales Support,,,,https://www.jobs.cz/rpd/2001391303/,2026-09-11T17:12:40+02:00,Deprioritized,0,Other,Prague,26,,
JB_3395,IT analytik - ​Asset Management a CMDB v Jira Service Managementu,,Praha – Holešovice,Analyst,IT/Systems Analyst,,"Data & Analytics, IT & Software",CMDB,https://www.jobs.cz/rpd/2001421699/,2026-09-11T17:12:32+02:00,Deprioritized,0,Business/Product Analysis,Prague,26,Business/Product Analysis,Leadership/management position
JB_0754,Data Center Administrator - HPP nebo IČO spolupráce,,Praha,Administrator,Network/Infrastructure Administrator,,"Data & Analytics, Cloud & Infrastructure",,https://www.jobs.cz/rpd/2001385317/,2026-09-11T17:12:18+02:00,Deprioritized,0,Other,Prague,26,,
JB_7962,Lawyer (He/She),85 000 – 90 000 Kč,Praha – Nové Město,Specialist,Legal Specialist,,Legal,,https://www.jobs.cz/rpd/2001223484/,2026-09-11T17:11:49+02:00,Deprioritized,0,Other,Prague,26,,
JB_2548,Experienced Product Designer - Design System (m/f/n),,Praha – Holešovice,Designer,UX/UI/Product Designer,,IT & Software,,https://www.jobs.cz/rpd/2001384437/,2026-09-11T17:11:36+02:00,Deprioritized,0,Other,Prague,26,,
JB_6760,Inženýr kvality (M/Ž),,okres Kutná Hora,Engineer,General Engineer,,"Engineering & R&D, Quality & Safety",,https://www.jobs.cz/rpd/2001325752/,2026-09-11T17:11:01+02:00,Deprioritized,0,Other,Outside Prague - verify,26,R,Location requires verification
JB_4732,Postdoctoral fellow in computational chemistry,,Praha – Dejvice,Researcher,General Researcher,,,,https://www.jobs.cz/rpd/2001325409/,2026-09-11T17:10:20+02:00,Deprioritized,0,Other,Prague,26,,
JB_1718,SAP Consultant (m/ž),,Praha + 2 další lokality,Consultant,SAP/ERP Consultant,,,SAP,https://www.jobs.cz/rpd/2000493367/,2026-09-11T17:10:20+02:00,Deprioritized,0,Other,Prague,26,,
JB_6408,Senior Consultant Business Development,,Praha – Michle,Consultant,Business/Process Consultant,Senior,Sales & Business Development,,https://www.jobs.cz/rpd/2001379669/,2026-09-11T17:10:20+02:00,Deprioritized,0,Business/Product Analysis,Prague,26,Business/Product Analysis,Senior-level position
JB_8968,Specialista/ka metodiky pojištění,,Praha – Krč,Specialist,Insurance/Actuarial Specialist,,Insurance,,https://www.jobs.cz/rpd/2001353618/,2026-09-11T17:10:20+02:00,Deprioritized,0,Other,Prague,26,,
JB_6921,System Integrator focused on mobile topics,,Praha – Michle,Specialist,General Specialist,,IT & Software,,https://www.jobs.cz/rpd/2001407578/,2026-09-11T17:10:20+02:00,Deprioritized,0,Other,Prague,26,,
JB_3355,Cash Collector with Greek,,Praha – Jinonice,Specialist,General Specialist,,,,https://www.jobs.cz/rpd/2001380987/,2026-09-11T17:10:12+02:00,Deprioritized,0,Other,Prague,26,,
JB_8971,HR generalista,,Praha – Libeň,Specialist,HR/People Specialist,,HR & Recruitment,,https://www.jobs.cz/rpd/2001415663/,2026-09-11T17:10:12+02:00,Deprioritized,0,Other,Prague,26,,
JB_5681,Pojišťovací specialista/ka pro pobočky v Praze | Fixní plat & bonusy,,Hlavní město Praha,Specialist,Insurance/Actuarial Specialist,,Insurance,,https://www.jobs.cz/rpd/2001400926/,2026-09-11T17:10:12+02:00,Deprioritized,0,Other,Prague,26,,
JB_7753,Hledáme HR parťáka pro logistiku 🚀 (JPO19923),35 000 – 45 000 Kč,Praha – Holešovice,Specialist,HR/People Specialist,,HR & Recruitment,,https://www.jobs.cz/rpd/2001403027/,2026-09-11T17:03:31+02:00,Deprioritized,0,Other,Prague,26,,
JB_5118,Firmware Developer (C++ / ARM) (m/f/d),,Praha – Stodůlky,Developer,Embedded/Systems Developer,,IT & Software,C/C++,https://www.jobs.cz/rpd/2001414778/,2026-09-11T17:03:20+02:00,Deprioritized,0,Other,Prague,26,,
JB_9630,IT Security Compliance Specialista,,Praha – Krč,Specialist,Cybersecurity Specialist,,"Cybersecurity, IT & Software, Compliance & Risk",,https://www.jobs.cz/rpd/2001410343/,2026-09-11T17:03:20+02:00,Deprioritized,0,Other,Prague,26,,
JB_2003,SPECIALISTA/TKA SPRÁVY FIREMNÍHO PORTFOLIA - GSS,,Praha – Karlín,Specialist,General Specialist,,,,https://www.jobs.cz/rpd/2001221851/,2026-09-11T17:03:20+02:00,Deprioritized,0,Other,Prague,26,,
JB_7105,Embedded Linux Developer C/C++ (lift),,Praha – Modřany,Developer,Embedded/Systems Developer,,IT & Software,"C/C++, Linux",https://www.jobs.cz/rpd/2001318495/,2026-09-11T17:03:14+02:00,Deprioritized,0,Other,Prague,26,,
JB_1051,Business Project Specialist,,Praha – Stodůlky,Specialist,Product/Project Specialist,,Project & Program Management,,https://www.jobs.cz/rpd/2001393792/,2026-09-11T17:03:00+02:00,Deprioritized,0,Other,Prague,26,,
JB_5209,External Communications Specialist,,Praha – Stodůlky,Specialist,General Specialist,,,,https://www.jobs.cz/rpd/2001387367/,2026-09-11T17:03:00+02:00,Deprioritized,0,Other,Prague,26,,
JB_2000,Event Specialist,,Praha – Staré Město,Specialist,General Specialist,,,,https://www.jobs.cz/rpd/2001415123/,2026-09-11T17:02:39+02:00,Deprioritized,0,Other,Prague,26,,
JB_6905,"Architect (CCaaS, Genesys Cloud)",,Praha – Chodov,Architect,Cloud/Infrastructure Architect,,Cloud & Infrastructure,,https://www.jobs.cz/rpd/2001397754/,2026-09-11T17:01:31+02:00,Deprioritized,0,Other,Prague,26,,
JB_5076,"Architect (CCaaS, Genesys Cloud)",,Praha – Chodov,Architect,Cloud/Infrastructure Architect,,Cloud & Infrastructure,,https://www.jobs.cz/rpd/2001378275/,2026-09-11T17:01:31+02:00,Deprioritized,0,Other,Prague,26,,
JB_8357,CAD Engineer (m/f/d) Wiring Harness Development,,Středočeský kraj,Engineer,General Engineer,,Engineering & R&D,,https://www.jobs.cz/rpd/2001378803/,2026-09-11T17:01:31+02:00,Deprioritized,0,Other,Outside Prague - verify,26,R,Location requires verification
JB_8431,Electrical Engineer (m/f/d) Wiring Harness & Schematics,,Středočeský kraj,Engineer,Electrical/Electronics Engineer,,Engineering & R&D,,https://www.jobs.cz/rpd/2001378782/,2026-09-11T17:01:31+02:00,Deprioritized,0,Other,Outside Prague - verify,26,R,Location requires verification
JB_2609,Technický konzultant,40 000 – 55 000 Kč,Praha – Košíře,Consultant,General Consultant,,,,https://www.jobs.cz/rpd/2001390044/,2026-09-11T17:01:25+02:00,Deprioritized,0,Other,Prague,26,,
JB_6920,Group System Administrator,,Praha – Nové Město,Administrator,Systems/Server Administrator,,IT & Software,,https://www.jobs.cz/rpd/2001418634/,2026-09-11T17:01:17+02:00,Deprioritized,0,Other,Prague,26,,
JB_7571,Team Assistant to IT Managers (f/m),,Praha – Chodov,Manager,IT/Engineering Manager,,IT & Software,,https://www.jobs.cz/rpd/2001191477/,2026-09-11T17:01:17+02:00,Deprioritized,0,Other,Prague,26,,
JB_0282,Technical Sales Support (Air Handling Units),,Praha,Support Specialist,Business/Sales Support,,Sales & Business Development,,https://www.jobs.cz/rpd/2001360811/,2026-09-11T17:01:17+02:00,Deprioritized,0,Other,Prague,26,,
JB_1987,Backend vývojář/ka senior,,Praha – Dejvice,Developer,Backend Developer,Senior,IT & Software,,https://www.jobs.cz/rpd/2001351141/,2026-09-11T17:01:03+02:00,Deprioritized,0,Python/Software Development,Prague,26,Python/Software Development,Senior-level position
JB_5626,Logistics Specialist,,Praha – Michle,Specialist,Logistics/Supply Chain Specialist,,Supply Chain & Logistics,,https://www.jobs.cz/rpd/2001406330/,2026-09-11T17:01:03+02:00,Deprioritized,0,Other,Prague,26,,
JB_8024,"Recruitment support with German, up to 46 000 CZK/m",46 314 Kč,Praha,Support Specialist,HR/People Support,,HR & Recruitment,,https://www.jobs.cz/rpd/2001383435/,2026-09-11T17:01:03+02:00,Deprioritized,0,Other,Prague,26,,
JB_8255,SENIOR FRONTEND VÝVOJÁŘ,,Praha – Hostivař,Developer,Frontend Developer,Senior,IT & Software,,https://www.jobs.cz/rpd/2001414737/,2026-09-11T17:01:03+02:00,Deprioritized,0,Python/Software Development,Prague,26,Python/Software Development,Senior-level position
JB_8941,"Stáž v oblasti EHS procesů (Environment, Health & Safety)",,Praha – Nusle,Intern/Trainee,General Internship/Traineeship,,Quality & Safety,,https://www.jobs.cz/rpd/2001421571/,2026-09-11T17:00:48+02:00,Deprioritized,0,Other,Prague,26,,
JB_1332,Edge Network Architect,,Praha – Nové Město,Architect,Cloud/Infrastructure Architect,,Cloud & Infrastructure,,https://www.jobs.cz/rpd/2001292705/,2026-09-11T17:00:30+02:00,Deprioritized,0,Other,Prague,26,,
JB_8015,EKONOM/KA PRO VÝSTAVBU METRA D,,Praha – Krč,Specialist,General Specialist,,,,https://www.jobs.cz/rpd/2001340113/,2026-09-11T16:55:12+02:00,Deprioritized,0,Other,Prague,26,,
JB_0585,VĚCNÝ GESTOR/ VĚCNÁ GESTORKA PROJEKTU,45 000 – 70 000 Kč,Praha – Žižkov,Specialist,Product/Project Specialist,,Project & Program Management,,https://www.jobs.cz/rpd/2001408141/,2026-09-11T16:55:12+02:00,Deprioritized,0,Other,Prague,26,,
JB_4943,Administrativní pracovník/ce úvěrového oddělení podnikatelských úvěrů - Praha,,Praha – Nové Město,Administrator,Finance Administrator,,,,https://www.jobs.cz/rpd/2001402712/,2026-09-11T16:54:58+02:00,Deprioritized,0,Other,Prague,26,,
JB_2715,Finanční referent / finanční referentka,29 090 – 54 000 Kč,Praha – Malá Strana,Administrator,Finance Administrator,,,,https://www.jobs.cz/rpd/2001373072/,2026-09-11T16:54:58+02:00,Deprioritized,0,Other,Prague,26,,
JB_2419,Koordinátor/ka personálních auditů,,Praha,Coordinator,HR/People Coordinator,,HR & Recruitment,,https://www.jobs.cz/rpd/2001381329/,2026-09-11T16:54:58+02:00,Deprioritized,0,Other,Prague,26,,
JB_6585,Odborník/Odbornice se zaměřením na ekonomii,39 510 – 60 000 Kč,Praha – Malá Strana,Specialist,General Specialist,,,,https://www.jobs.cz/rpd/2001404962/,2026-09-11T16:54:58+02:00,Deprioritized,0,Other,Prague,26,,
JB_6267,Pracovník oddělení AML FRAUD,,Praha – Nové Město,Specialist,Compliance/AML Specialist,,Compliance & Risk,,https://www.jobs.cz/rpd/2001412231/,2026-09-11T16:54:58+02:00,Deprioritized,0,Other,Prague,26,,
JB_5888,Referent-rozpočtář pro MČ Praha,,Hlavní město Praha,Administrator,Finance Administrator,,,,https://www.jobs.cz/rpd/2001414734/,2026-09-11T16:54:58+02:00,Deprioritized,0,Other,Prague,26,,
JB_4735,Administrátor kalkulací (M/Ž),,Praha – Nové Město,Administrator,Finance Administrator,,,,https://www.jobs.cz/rpd/2001419411/,2026-09-11T16:54:44+02:00,Deprioritized,0,Other,Prague,26,,
JB_2314,SPECIALISTA/KA KYBERNETICKÉ BEZPEČNOSTI - SIEM,77 520 – 89 900 Kč,Praha – Vysočany,Specialist,Cybersecurity Specialist,,Cybersecurity,,https://www.jobs.cz/rpd/2001385329/,2026-09-11T16:54:44+02:00,Deprioritized,0,Other,Prague,26,,
JB_4550,Gas Scheduler - Trading,,Praha – Michle,Planner,Logistics/Transport Planner,,Energy & Utilities,,https://www.jobs.cz/rpd/2001202679/,2026-09-11T16:54:31+02:00,Deprioritized,0,Other,Prague,26,,
JB_3359,SAP Konzultant/ka – Plánování a exekuce výroby (PP/MM),,Praha – Karlín,Consultant,SAP/ERP Consultant,,Manufacturing & Production,SAP,https://www.jobs.cz/rpd/2001353616/,2026-09-11T16:54:31+02:00,Deprioritized,0,Other,Prague,26,,
JB_5297,Specialista podpory prodeje systémových řešení,,Hlavní město Praha + 4 další lokality,Support Specialist,Business/Sales Support,,Sales & Business Development,,https://www.jobs.cz/rpd/2001373185/,2026-09-11T16:54:31+02:00,Deprioritized,0,Other,Prague,26,,
JB_4246,COMERCIAL REAL ESTATE CONSULTANT,,Praha – Nové Město,Consultant,Real Estate Consultant,,Real Estate & Construction,,https://www.jobs.cz/rpd/2001118743/,2026-09-11T16:54:19+02:00,Deprioritized,0,Other,Prague,26,,
JB_4221,Koordinátor/ka investiční platformy,,Praha – Chodov + 1 další lokalita,Coordinator,General Coordinator,,Finance & Banking,,https://www.jobs.cz/rpd/2001406303/,2026-09-11T16:54:19+02:00,Deprioritized,0,Other,Prague,26,,
JB_1144,Poradce/kyně pro firemní klientelu v segmentu Mid-Corporates🤝,,Praha – Michle,Consultant,Customer Experience Consultant,,Customer Service,,https://www.jobs.cz/rpd/2001367675/,2026-09-11T16:54:19+02:00,Deprioritized,0,Other,Prague,26,,
JB_1257,Ethics & Compliance Operations Specialist,,Praha – Jinonice,Specialist,Compliance/AML Specialist,,Compliance & Risk,,https://www.jobs.cz/rpd/2001380645/,2026-09-11T16:54:10+02:00,Deprioritized,0,Other,Prague,26,,
JB_8308,Mechanical Structures Specialist (m/f),,Hlavní město Praha + 1 další lokalita,Specialist,Technical/Engineering Specialist,,,,https://www.jobs.cz/rpd/2001375962/,2026-09-11T16:54:10+02:00,Deprioritized,0,Other,Prague,26,,
JB_1140,Security Analyst,,Praha – Holešovice,Analyst,Security/Fraud Analyst,,Cybersecurity,,https://www.jobs.cz/rpd/2001294986/,2026-09-11T16:53:56+02:00,Deprioritized,0,Other,Prague,26,,
JB_8422,Analytik/čka personální bezpečnosti,,Praha – Košíře,Analyst,Security/Fraud Analyst,,"Data & Analytics, HR & Recruitment",,https://www.jobs.cz/rpd/2001421144/,2026-09-11T16:53:41+02:00,Deprioritized,0,Other,Prague,26,,
JB_8187,Aplikační specialista / IS Analytik,,Praha – Nové Město,Analyst,General Analyst,,"Data & Analytics, IT & Software",,https://www.jobs.cz/rpd/2001330540/,2026-09-11T16:53:41+02:00,Deprioritized,0,Other,Prague,26,,
JB_5924,Senior IT Analytik,120 000 – 165 000 Kč,Praha – Nové Město,Analyst,IT/Systems Analyst,Senior,"Data & Analytics, IT & Software",,https://www.jobs.cz/rpd/2001417467/,2026-09-11T16:53:41+02:00,Deprioritized,0,Business/Product Analysis,Prague,26,Business/Product Analysis,Senior-level position
JB_4856,ANALYTIK(ČKA) OCEŇOVÁNÍ FONDOVÉHO MAJETKU,,Praha – Nové Město,Analyst,General Analyst,,Data & Analytics,,https://www.jobs.cz/rpd/2001342954/,2026-09-11T16:53:30+02:00,Deprioritized,0,Other,Prague,26,,
JB_3508,Analytik/čka útvaru AML Governance pro oblast regulace (SK pozice) – právní pozice,,Praha – Nové Město,Analyst,General Analyst,,"Data & Analytics, Compliance & Risk",,https://www.jobs.cz/rpd/2001412530/,2026-09-11T16:53:30+02:00,Deprioritized,0,Other,Prague,26,,
JB_3138,IT SOLUTION ARCHITEKT,,Praha – Karlín,Architect,Solution Architect,,IT & Software,,https://www.jobs.cz/rpd/2001316586/,2026-09-11T16:53:08+02:00,Deprioritized,0,Other,Prague,26,,
JB_5365,SAP Konzultant/ka – Finance a Controlling (FI/CO),,Praha – Karlín,Consultant,SAP/ERP Consultant,,Finance & Banking,SAP,https://www.jobs.cz/rpd/2001383252/,2026-09-11T16:53:08+02:00,Deprioritized,0,Other,Prague,26,,
JB_6755,Solution Architekt*ka,,Praha – Nusle,Architect,Solution Architect,,,,https://www.jobs.cz/rpd/2001413332/,2026-09-11T16:53:08+02:00,Deprioritized,0,Other,Prague,26,,
JB_7674,Group Automation & Control Systems Lead,,Praha – Karlín,Manager,IT/Engineering Manager,Lead/Head,IT & Software,,https://www.jobs.cz/rpd/2001378430/,2026-09-11T16:52:55+02:00,Deprioritized,0,Other,Prague,26,,
JB_3238,IFRS SPECIALISTA junior (ž/m),,Praha – Chodov,Specialist,Finance/Banking Specialist,Junior/Entry-level,,,https://www.jobs.cz/rpd/2000659367/,2026-09-11T16:52:55+02:00,Deprioritized,0,Other,Prague,26,Junior/entry level,Finance/accounting orientation
JB_4769,Informatik - Solution Architekt pro webové aplikace,,Praha – Strašnice,Architect,Solution Architect,,IT & Software,,https://www.jobs.cz/rpd/2001237401/,2026-09-11T16:52:55+02:00,Deprioritized,0,Other,Prague,26,,
JB_6198,Junior Consultant M&A and Transaction,,Praha – Karlín,Consultant,Finance/Transactions Consultant,Junior/Entry-level,,,https://www.jobs.cz/rpd/2001356235/,2026-09-11T16:52:55+02:00,Deprioritized,0,Other,Prague,26,Junior/entry level,Finance/accounting orientation
JB_8696,"Cybersecurity Specialist – NIS2, TISAX & Security Operations",,Praha – Stodůlky,Specialist,Cybersecurity Specialist,,Cybersecurity,,https://www.jobs.cz/rpd/2001288668/,2026-09-11T16:52:45+02:00,Deprioritized,0,Other,Prague,26,,
JB_6437,Solution architekt (m/ž),,Praha – Radlice,Architect,Solution Architect,,,,https://www.jobs.cz/rpd/2001400863/,2026-09-11T16:52:45+02:00,Deprioritized,0,Other,Prague,26,,
JB_5210,Business Solution Architekt/ka,,Praha – Michle,Architect,Solution Architect,,,,https://www.jobs.cz/rpd/2000692569/,2026-09-11T16:52:19+02:00,Deprioritized,0,Other,Prague,26,,
JB_9275,Systém Administrátor/ka - Enterprise systems,,Praha,Administrator,Systems/Server Administrator,,IT & Software,,https://www.jobs.cz/rpd/2001109027/,2026-09-11T16:52:19+02:00,Deprioritized,0,Other,Prague,26,,
JB_1893,IT Business Analyst - Materials Management (m/w),,Praha,Analyst,IT/Systems Analyst,,IT & Software,,https://www.jobs.cz/rpd/2001308220/,2026-09-11T16:52:09+02:00,Deprioritized,0,Business/Product Analysis,Prague,26,Business/Product Analysis,Leadership/management position
JB_0135,BUSINESS ARCHITEKT/KA,,Praha – Vinohrady,Architect,General Architect,,,,https://www.jobs.cz/rpd/2001364300/,2026-09-11T16:44:56+02:00,Deprioritized,0,Other,Prague,26,,
JB_4033,Senior Kotlin Developer,,Praha – Holešovice,Developer,General Software Developer,Senior,IT & Software,Kotlin,https://www.jobs.cz/rpd/2001417532/,2026-09-11T16:44:38+02:00,Deprioritized,0,Python/Software Development,Prague,26,Python/Software Development,Senior-level position
JB_1679,Administrátor interních instrukcí a testování (FT) - pro OZP,42 000 – 56 000 Kč,Praha – Radlice,Administrator,General Administrator,,,,https://www.jobs.cz/rpd/2001359719/,2026-09-11T16:44:29+02:00,Deprioritized,0,Other,Prague,26,,
JB_1295,Nutritional Specialist & Educator,,Praha,Specialist,General Specialist,,,,https://www.jobs.cz/rpd/2001418936/,2026-09-11T16:44:29+02:00,Deprioritized,0,Other,Prague,26,,
JB_1973,Product Owner,,Praha,Manager,Product Manager/Product Owner,,Product Management,,https://www.jobs.cz/rpd/2001421679/,2026-09-11T16:44:29+02:00,Deprioritized,0,Other,Prague,26,,
JB_8872,UX DESIGNER/KA,,Praha – Karlín,Designer,UX/UI/Product Designer,,,,https://www.jobs.cz/rpd/2001379370/,2026-09-11T16:44:19+02:00,Deprioritized,0,Other,Prague,26,,
JB_5598,Digitální specialista pro Komerční bankovnictví (m/ž),,Hlavní město Praha,Specialist,General Specialist,,,,https://www.jobs.cz/rpd/2001407613/,2026-09-11T16:44:13+02:00,Deprioritized,0,Other,Prague,26,,
JB_5379,SYSTÉMOVÝ ARCHITEKT / ARCHITEKTKA,80 000 – 90 000 Kč,Praha – Dejvice,Architect,Systems/Integration Architect,,,,https://www.jobs.cz/rpd/2001419255/,2026-09-11T16:44:13+02:00,Deprioritized,0,Other,Prague,26,,
JB_2720,Digital Media Planner (HPP neurčitá),,Praha – Nusle,Planner,Media Planner,,"Marketing & Communications, Media & Entertainment",,https://www.jobs.cz/rpd/2001148915/,2026-09-11T16:43:58+02:00,Deprioritized,0,Other,Prague,26,,
JB_2256,Solution Architect,,Praha – Michle,Architect,Solution Architect,,,,https://www.jobs.cz/rpd/2001394018/,2026-09-11T16:43:58+02:00,Deprioritized,0,Other,Prague,26,,
JB_7640,"Technický Specialista LC, LC/MS",,Praha – Vysočany,Specialist,Technical/Engineering Specialist,,,,https://www.jobs.cz/rpd/2001379029/,2026-09-11T16:43:58+02:00,Deprioritized,0,Other,Prague,26,,
JB_9987,Webový redaktor / obsahový specialista ČD (Ž/M),,Praha – Nové Město,Specialist,General Specialist,,,,https://www.jobs.cz/rpd/2001380818/,2026-09-11T16:43:58+02:00,Deprioritized,0,Other,Prague,26,,
JB_3161,Marketingový specialista / specialistka,,Hlavní město Praha + 1 další lokalita,Specialist,General Specialist,,,,https://www.jobs.cz/rpd/2001395735/,2026-09-11T16:43:48+02:00,Deprioritized,0,Other,Prague,26,,
JB_1191,Referent obchodního oddělení,,Praha – Uhříněves,Administrator,Business/Office Administrator,,Sales & Business Development,,https://www.jobs.cz/rpd/2001400307/,2026-09-11T16:43:48+02:00,Deprioritized,0,Other,Prague,26,,
JB_8679,"Service Product designer/ka (Firemní karty, CX)",,Praha – Michle,Designer,UX/UI/Product Designer,,,,https://www.jobs.cz/rpd/2001364976/,2026-09-11T16:43:32+02:00,Deprioritized,0,Other,Prague,26,,
JB_9013,Analytický chemik,,Praha – Vysočany,Scientist,General Scientist,,,,https://www.jobs.cz/rpd/2001382626/,2026-09-11T16:43:26+02:00,Deprioritized,0,Other,Prague,26,,
JB_3962,Business Development Partner,,Praha – Vokovice,Specialist,Sales/Commercial Specialist,,Sales & Business Development,,https://www.jobs.cz/rpd/2001276227/,2026-09-11T16:43:26+02:00,Deprioritized,0,Other,Prague,26,,
JB_6093,Technical Product Owner - PC Tools,,Praha – Holešovice,Manager,Product Manager/Product Owner,,Product Management,,https://www.jobs.cz/rpd/2001360988/,2026-09-11T16:43:19+02:00,Deprioritized,0,Other,Prague,26,,
JB_0650,Project Executive,,Praha – Michle,Manager,Executive/General Manager,,Project & Program Management,,https://www.jobs.cz/rpd/2001392072/,2026-09-11T16:43:08+02:00,Deprioritized,0,Other,Prague,26,,
JB_4697,Product Owner,,Praha,Manager,Product Manager/Product Owner,,Product Management,,https://www.jobs.cz/rpd/2001372212/,2026-09-11T16:42:55+02:00,Deprioritized,0,Other,Prague,26,,
JB_1489,Specialista kamerových systémů,60 000 – 70 000 Kč,Praha – Nové Město,Specialist,General Specialist,,,,https://www.jobs.cz/rpd/2001421661/,2026-09-11T16:42:55+02:00,Deprioritized,0,Other,Prague,26,,
JB_2764,IT architekt – eGovernment | informační systémy veřejné správy,,Praha – Nusle,Architect,General Architect,,IT & Software,,https://www.jobs.cz/rpd/2001386697/,2026-09-11T16:31:16+02:00,Deprioritized,0,Other,Prague,26,,
JB_6581,"IT Analytik / Architekt, možno 2 dny v týdnu home office",,Praha,Architect,General Architect,,"Data & Analytics, IT & Software",,https://www.jobs.cz/rpd/2001381555/,2026-09-11T16:31:10+02:00,Deprioritized,0,Other,Prague,26,,
JB_6604,Správce informačních systémů,45 600 – 70 000 Kč,Praha,Administrator,General Administrator,,,,https://www.jobs.cz/rpd/2001415228/,2026-09-11T16:31:10+02:00,Deprioritized,0,Other,Prague,26,,
JB_6264,IT Analytik - senior (m/ž),,Praha – Radlice,Analyst,IT/Systems Analyst,Senior,"Data & Analytics, IT & Software",,https://www.jobs.cz/rpd/2001329368/,2026-09-11T16:31:03+02:00,Deprioritized,0,Business/Product Analysis,Prague,26,Business/Product Analysis,Senior-level position
JB_9915,IT SPECIALISTA/ SPRÁVCE IT INFRASTRUKTURY (M/Ž),,Praha,Administrator,Network/Infrastructure Administrator,,IT & Software,,https://www.jobs.cz/rpd/2001396127/,2026-09-11T16:31:03+02:00,Deprioritized,0,Other,Prague,26,,
JB_7657,SW Administrátor/ka pro projekty kolejových vozidel (m/ž/n),,Praha – Stodůlky,Administrator,Application Administrator,,"Project & Program Management, Automotive & Mobility",,https://www.jobs.cz/rpd/2001409531/,2026-09-11T16:31:03+02:00,Deprioritized,0,Other,Prague,26,,
JB_5410,SW architekt - Pardubice / Praha / Brno / částečně remote,,Praha – Nové Město,Architect,General Architect,,,,https://www.jobs.cz/rpd/2001381566/,2026-09-11T16:31:03+02:00,Deprioritized,0,Other,Prague,26,,
JB_5450,Technický konzultant ERP / Praha - Karlín,,Praha – Karlín,Consultant,SAP/ERP Consultant,,,,https://www.jobs.cz/rpd/2001382494/,2026-09-11T16:31:03+02:00,Deprioritized,0,Other,Prague,26,,
JB_3539,ERP Konzultant | finance a účetnictví,,Praha – Smíchov,Consultant,SAP/ERP Consultant,,Finance & Banking,,https://www.jobs.cz/rpd/2001417356/,2026-09-11T16:30:53+02:00,Deprioritized,0,Other,Prague,26,,
JB_0978,IT Integrační architekt / architektka,,Praha – Michle,Architect,Systems/Integration Architect,,IT & Software,,https://www.jobs.cz/rpd/2001374173/,2026-09-11T16:30:53+02:00,Deprioritized,0,Other,Prague,26,,
JB_4611,HR Advisor with German + additional EU language (1 year contract),,Praha – Holešovice,Specialist,HR/People Specialist,,HR & Recruitment,,https://www.jobs.cz/rpd/2001085927/,2026-09-11T16:30:25+02:00,Deprioritized,0,Other,Prague,26,,
JB_6998,Provozní dispečer ENG do 12/2026,,Praha – Ruzyně,Specialist,Logistics/Supply Chain Specialist,,,,https://www.jobs.cz/rpd/2001348025/,2026-09-11T16:30:25+02:00,Deprioritized,0,Other,Prague,26,,
JB_2768,SPECIALISTA TECHNICKÉ PŘÍPRAVY STAVEB (m/ž),,Praha – Strašnice,Specialist,Technical/Engineering Specialist,,Real Estate & Construction,,https://www.jobs.cz/rpd/2001376145/,2026-09-11T16:30:25+02:00,Deprioritized,0,Other,Prague,26,,
JB_6389,Specialista/ka zlepšování kvality ve farmacii,,Praha – Michle,Specialist,Quality/Regulatory Specialist,,Quality & Safety,,https://www.jobs.cz/rpd/2001316848/,2026-09-11T16:30:25+02:00,Deprioritized,0,Other,Prague,26,,
JB_4479,VÝROBNÍ PŘÍPRAVÁŘ (m/ž),,Praha + 1 další lokalita,Planner,Production Planner,,Manufacturing & Production,,https://www.jobs.cz/rpd/2001331066/,2026-09-11T16:30:25+02:00,Deprioritized,0,Other,Prague,26,,
JB_1099,VÝROBNÍ PŘÍPRAVÁŘ (m/ž),,Praha + 1 další lokalita,Planner,Production Planner,,Manufacturing & Production,,https://www.jobs.cz/rpd/2001376129/,2026-09-11T16:30:25+02:00,Deprioritized,0,Other,Prague,26,,
JB_2600,** Servisní technik - strojní zařízení **,60 000 – 70 000 Kč,Praha,Technician,Service/Maintenance Technician,,,,https://www.jobs.cz/rpd/2001402282/,2026-09-11T16:30:24+02:00,Deprioritized,0,Other,Prague,26,,
JB_3400,Obchodně-technický referent,45 000 – 56 000 Kč,Praha – Vršovice,Administrator,Business/Office Administrator,,Sales & Business Development,,https://www.jobs.cz/rpd/2001412604/,2026-09-11T16:30:24+02:00,Deprioritized,0,Other,Prague,26,,
JB_1901,Process/Manufacturing Engineering PTM,,Žebrák,Engineer,Process/Industrial Engineer,,"Manufacturing & Production, Engineering & R&D",,https://www.jobs.cz/rpd/2001410106/,2026-09-11T16:30:24+02:00,Deprioritized,0,Other,Outside Prague - verify,26,R,Location requires verification
JB_1937,ROZPOČTÁŘ/KA HLINÍKOVÝCH PRVKŮ/LOP,30 000 – 50 000 Kč,Praha – Libeň,Planner,Financial Planner,,,,https://www.jobs.cz/rpd/2001412358/,2026-09-11T16:30:24+02:00,Deprioritized,0,Other,Prague,26,,
JB_2358,Technik rozvoje sítě (sekundární technika),,Praha – Nové Město,Technician,General Technician,,,,https://www.jobs.cz/rpd/2001036127/,2026-09-11T16:30:24+02:00,Deprioritized,0,Other,Prague,26,,
JB_0964,ADMINISTRATIVNÍ PRACOVNÍK/PRACOVNICE na obchodní oddělení – Praha,,Praha – Satalice,Administrator,Business/Office Administrator,,Sales & Business Development,,https://www.jobs.cz/rpd/2001375731/,2026-09-11T16:30:10+02:00,Deprioritized,0,Other,Prague,26,,
JB_6288,Lead Infrastructure Architect,,Praha – Michle,Manager,IT/Engineering Manager,Lead/Head,Cloud & Infrastructure,,https://www.jobs.cz/rpd/2001398075/,2026-09-11T16:30:10+02:00,Deprioritized,0,Other,Prague,26,,
JB_5997,Procesní inženýr - Operational Excellence,,Lubná,Engineer,Process/Industrial Engineer,,Engineering & R&D,,https://www.jobs.cz/rpd/2001395705/,2026-09-11T16:30:10+02:00,Deprioritized,0,Other,Outside Prague - verify,26,R,Location requires verification
JB_7951,Referent/ka odd. investic příspěvkových organizací MČ Praha 3,,Praha – Žižkov,Administrator,Business/Office Administrator,,Finance & Banking,,https://www.jobs.cz/rpd/2001393863/,2026-09-11T16:30:10+02:00,Deprioritized,0,Other,Prague,26,,
JB_5528,TECHNIK SPRÁVY NEMOVITOSTÍ,40 000 – 45 000 Kč,Praha – Záběhlice,Technician,General Technician,,Real Estate & Construction,,https://www.jobs.cz/rpd/2001394823/,2026-09-11T16:30:10+02:00,Deprioritized,0,Other,Prague,26,,
JB_2696,Linux Administrator - L2 Support,,okres Praha,Administrator,Systems/Server Administrator,,,Linux,https://www.jobs.cz/rpd/2001417287/,2026-09-11T16:29:58+02:00,Deprioritized,0,Other,Prague,26,,
JB_6391,Samostatný projektant elektro,,Praha – Střešovice,Technician,Electrical/Electronics Technician,,Project & Program Management,,https://www.jobs.cz/rpd/2000963082/,2026-09-11T16:29:58+02:00,Deprioritized,0,Other,Prague,26,,
JB_4648,Specialista technické správy OZE,,Praha – Vinohrady,Specialist,Technical/Engineering Specialist,,Energy & Utilities,,https://www.jobs.cz/rpd/2001412807/,2026-09-11T16:29:58+02:00,Deprioritized,0,Other,Prague,26,,
JB_8124,SW Integrátor/ka řídicích systémů kolejových vozidel (m/ž/n),,Praha – Stodůlky,Specialist,General Specialist,,Automotive & Mobility,,https://www.jobs.cz/rpd/2001408323/,2026-09-11T16:29:58+02:00,Deprioritized,0,Other,Prague,26,,
JB_5344,Systémový Administrátor - Datacentrum,,Praha + 1 další lokalita,Administrator,Systems/Server Administrator,,,,https://www.jobs.cz/rpd/2001286564/,2026-09-11T16:29:58+02:00,Deprioritized,0,Other,Prague,26,,
JB_2920,VÝROBNÍ TECHNOLOG | 15 dní volna v měsíci | nepřetržitý provoz,,Praha – Hostivař,Technician,Manufacturing/Process Technician,,Manufacturing & Production,,https://www.jobs.cz/rpd/2001379110/,2026-09-11T16:29:58+02:00,Deprioritized,0,Other,Prague,26,,
JB_4174,Linux System Architect – Red Hat | 100 % Remote | Deutsch,,Praha – Nové Město,Architect,Systems/Integration Architect,,IT & Software,Linux,https://www.jobs.cz/rpd/2001394483/,2026-09-11T16:29:50+02:00,Deprioritized,0,Other,Prague,26,,
JB_1691,⋙ Product Security Engineer | Projekty udržitelnosti | švédská kultura ⋘,,Benátky nad Jizerou,Engineer,Security Engineer,,"Cybersecurity, Project & Program Management, Engineering & R&D",,https://www.jobs.cz/rpd/2001417490/,2026-09-11T16:29:50+02:00,Deprioritized,0,Other,Outside Prague - verify,26,R,Location requires verification
JB_9041,Product Engineer / Tooling support Engineer,,Žebrák,Engineer,General Engineer,,Engineering & R&D,,https://www.jobs.cz/rpd/2001390090/,2026-09-11T16:29:24+02:00,Deprioritized,0,Other,Outside Prague - verify,26,R,Location requires verification
JB_7064,Senior Java vývojář,,Praha,Developer,General Software Developer,Senior,IT & Software,Java,https://www.jobs.cz/rpd/2001371342/,2026-09-11T16:29:17+02:00,Deprioritized,0,Python/Software Development,Prague,26,Python/Software Development,Senior-level position
JB_9356,Senior vývojář/ka eSales platformy – PHP | remote | 130–160 000 Kč,130 000 – 160 000 Kč,Praha – Holešovice,Developer,General Software Developer,Senior,IT & Software,PHP,https://www.jobs.cz/rpd/2000564829/,2026-09-11T16:29:17+02:00,Deprioritized,0,Python/Software Development,Prague,26,Python/Software Development,Senior-level position
JB_1476,Co-founder/Senior Full-stack vývojář (equity -HO) – Platforma pro firemní udržitelnost,,Praha – Vysočany,Developer,Full-Stack Developer,Senior,IT & Software,,https://www.jobs.cz/rpd/2001290717/,2026-09-11T16:20:31+02:00,Deprioritized,0,Python/Software Development,Prague,26,Python/Software Development,Senior-level position
JB_6192,Softwarový inženýr – průmyslová automatizace a sběr dat,,Dolní Břežany,Engineer,General Engineer,,Engineering & R&D,,https://www.jobs.cz/rpd/2001391829/,2026-09-11T16:20:31+02:00,Deprioritized,0,Other,Outside Prague - verify,26,R,Location requires verification
JB_3571,Automation engineer | Specialista průmyslové automatizace📈,,Loděnice,Engineer,Automation/Control Engineer,,Engineering & R&D,,https://www.jobs.cz/rpd/2001325390/,2026-09-11T16:20:06+02:00,Deprioritized,0,Other,Outside Prague - verify,26,R,Location requires verification
JB_7895,Automation Engineer 🤖,60 000 – 70 000 Kč,Kladno – Kročehlavy,Engineer,Automation/Control Engineer,,Engineering & R&D,,https://www.jobs.cz/rpd/2001409780/,2026-09-11T16:20:06+02:00,Deprioritized,0,Other,Outside Prague - verify,26,R,Location requires verification
JB_3751,CLAIM SPECIALISTA PRO HARMONOGRAMY A ČASOVÉ ŘÍZENÍ STAVEB (m/ž),,Praha – Strašnice,Specialist,General Specialist,,Real Estate & Construction,,https://www.jobs.cz/rpd/2001347930/,2026-09-11T16:19:30+02:00,Deprioritized,0,Other,Prague,26,,
JB_5163,Ekonom/ka stavby – tunelové stavby (m/ž),,Praha – Jinonice,Specialist,General Specialist,,,,https://www.jobs.cz/rpd/2001350526/,2026-09-11T16:19:30+02:00,Deprioritized,0,Other,Prague,26,,
JB_7909,HR Generalista,,Praha – Karlín,Specialist,HR/People Specialist,,HR & Recruitment,,https://www.jobs.cz/rpd/2001412382/,2026-09-11T16:19:30+02:00,Deprioritized,0,Other,Prague,26,,
JB_0572,"R&D inženýr-bezpečnost vozu (ŘJ airbagu,FuRe,Pre/Post Crash a monitorování posádky)",,Mladá Boleslav,Engineer,Automotive/Safety Engineer,,"Engineering & R&D, Quality & Safety",,https://www.jobs.cz/rpd/2001303803/,2026-09-11T16:19:30+02:00,Deprioritized,0,Other,Outside Prague - verify,26,R,Location requires verification
JB_5511,Referent/ka zákaznického servisu,,Praha – Ruzyně,Administrator,Customer Service Administrator,,Customer Service,,https://www.jobs.cz/rpd/2001373891/,2026-09-11T16:19:30+02:00,Deprioritized,0,Other,Prague,26,,
JB_9890,Specialista nákupu s němčinou - Zaměření na projekty,,Praha – Horní Počernice,Specialist,Procurement Specialist,,"Project & Program Management, Procurement",,https://www.jobs.cz/rpd/2001276904/,2026-09-11T16:19:30+02:00,Deprioritized,0,Other,Prague,26,,
JB_7533,Tribe IT Lead - Customer Solutions,,Praha – Krč,Manager,IT/Engineering Manager,Lead/Head,"IT & Software, Customer Service",,https://www.jobs.cz/rpd/2001378979/,2026-09-11T16:19:30+02:00,Deprioritized,0,Other,Prague,26,,
JB_0426,14705577 Insurance Claims Associate with Norwegian,,Praha – Holešovice,Specialist,Insurance/Actuarial Specialist,,Insurance,,https://www.jobs.cz/rpd/2001410671/,2026-09-11T16:19:22+02:00,Deprioritized,0,Other,Prague,26,,
JB_4318,DEMAND PLANNER AT/CH,,Praha – Karlín,Planner,Demand/Supply Planner,,,,https://www.jobs.cz/rpd/2001381466/,2026-09-11T16:19:22+02:00,Deprioritized,0,Other,Prague,26,,
JB_2588,Group Finance Project Lead (Ž/M),,Praha – Libeň,Manager,Project Manager,Lead/Head,"Finance & Banking, Project & Program Management",,https://www.jobs.cz/rpd/2001368312/,2026-09-11T16:19:22+02:00,Deprioritized,0,Other,Prague,26,,
JB_1311,Installation Supervisor (Spanish-speaking) | Spain & International Projects,,Praha – Nusle,Manager,Production/Quality Manager,,,,https://www.jobs.cz/rpd/2001095301/,2026-09-11T16:19:22+02:00,Deprioritized,0,Other,Prague,26,,
JB_6904,Installation Supervisor | Global Food Production Projects,,Praha – Nusle,Manager,Production/Quality Manager,,Manufacturing & Production,,https://www.jobs.cz/rpd/2001241462/,2026-09-11T16:19:22+02:00,Deprioritized,0,Other,Prague,26,,
JB_9595,IT administrátor/ka,,Praha – Braník,Administrator,IT Administrator,,IT & Software,,https://www.jobs.cz/rpd/2001413102/,2026-09-11T16:19:22+02:00,Deprioritized,0,Other,Prague,26,,
JB_9060,Senior C# Developer,,Praha – Karlín,Developer,General Software Developer,Senior,IT & Software,C#,https://www.jobs.cz/rpd/2000982866/,2026-09-11T16:19:15+02:00,Deprioritized,0,Python/Software Development,Prague,26,Python/Software Development,Senior-level position
JB_3819,Specialista údržby ploch,,Praha – Ruzyně,Specialist,General Specialist,,,,https://www.jobs.cz/rpd/2001255329/,2026-09-11T16:19:15+02:00,Deprioritized,0,Other,Prague,26,,
JB_2979,Specialista zákaznické zkušenosti,,Praha – Štěrboholy,Specialist,Customer Service Specialist,,Customer Service,,https://www.jobs.cz/rpd/2001411643/,2026-09-11T16:19:15+02:00,Deprioritized,0,Other,Prague,26,,
JB_1406,VISUAL COMMERCIAL | ZARA HOME | PRAHA,,Praha,Specialist,Sales/Commercial Specialist,,Sales & Business Development,,https://www.jobs.cz/rpd/2001359139/,2026-09-11T16:19:15+02:00,Deprioritized,0,Other,Prague,26,,
JB_5915,DevOps Engeneer - Security (f/m),,Praha – Chodov,Engineer,DevOps/SRE Engineer,,"Cybersecurity, Cloud & Infrastructure",,https://www.jobs.cz/rpd/2000793171/,2026-09-11T16:19:02+02:00,Deprioritized,0,Other,Prague,26,,
JB_6090,"HR Admin Services Lead - CEE (CZ, SK, PL, DE, AT)- m/f/d",,Praha – Stodůlky,Manager,HR/People Manager,Lead/Head,HR & Recruitment,,https://www.jobs.cz/rpd/2001388678/,2026-09-11T16:19:02+02:00,Deprioritized,0,Other,Prague,26,,
JB_4217,Launch Lead T1D,,Praha – Dejvice,Manager,Executive/General Manager,Lead/Head,,,https://www.jobs.cz/rpd/2001417251/,2026-09-11T16:19:02+02:00,Deprioritized,0,Other,Prague,26,,
JB_1376,Legal Advisor pro IT a technologie,,Praha – Krč,Specialist,Legal Specialist,,"IT & Software, Legal",,https://www.jobs.cz/rpd/2001417159/,2026-09-11T16:19:02+02:00,Deprioritized,0,Other,Prague,26,,
JB_4966,"Student Support in MCC & Client Valuation (Lebovic), Branch",,Praha – Vinohrady,Support Specialist,Customer Support,,"Finance & Banking, Customer Service",,https://www.jobs.cz/rpd/2001417779/,2026-09-11T16:19:02+02:00,Deprioritized,0,Other,Prague,26,Junior/entry level,Finance/accounting orientation
JB_6750,Team Leader Call Centra (B2B),,Praha – Nusle,Manager,Executive/General Manager,Lead/Head,,,https://www.jobs.cz/rpd/2001413044/,2026-09-11T16:19:02+02:00,Deprioritized,0,Other,Prague,26,,
JB_5690,⋙💡 HR Business Partner | Samostatná HR role s přímým vlivem na firmu⋘,,Praha – Zličín,Specialist,HR/People Specialist,,HR & Recruitment,,https://www.jobs.cz/rpd/2001417678/,2026-09-11T16:19:02+02:00,Deprioritized,0,Other,Prague,26,,
JB_1585,Group Mes Lead,,Praha – Karlín,Manager,Executive/General Manager,Lead/Head,,,https://www.jobs.cz/rpd/2001378277/,2026-09-11T16:18:49+02:00,Deprioritized,0,Other,Prague,26,,
JB_2750,Hledáme Metodika/1st level supporťáka_čku,,Praha – Nusle,Specialist,General Specialist,,,,https://www.jobs.cz/rpd/2001213090/,2026-09-11T16:18:49+02:00,Deprioritized,0,Other,Prague,26,,
JB_5419,Solution Architect,,Praha – Nusle,Architect,Solution Architect,,,,https://www.jobs.cz/rpd/2001373837/,2026-09-11T16:18:49+02:00,Deprioritized,0,Other,Prague,26,,
JB_0761,GEODET/KA PRO VÝSTAVBU METRA D,,Praha – Krč,Technician,General Technician,,,,https://www.jobs.cz/rpd/2001340049/,2026-09-11T16:18:40+02:00,Deprioritized,0,Other,Prague,26,,
JB_6874,HR Business Partner,,Praha – Smíchov,Specialist,HR/People Specialist,,HR & Recruitment,,https://www.jobs.cz/rpd/2001381302/,2026-09-11T16:18:40+02:00,Deprioritized,0,Other,Prague,26,,
JB_8025,Human Resources Business Partner,,Praha – Karlín,Specialist,HR/People Specialist,,HR & Recruitment,,https://www.jobs.cz/rpd/2001373218/,2026-09-11T16:18:40+02:00,Deprioritized,0,Other,Prague,26,,
JB_9425,AZURE ADMINISTRÁTOR M/Ž,,Praha – Michle,Administrator,Cloud Administrator,,,Azure,https://www.jobs.cz/rpd/2001390071/,2026-09-11T16:18:26+02:00,Deprioritized,0,Other,Prague,26,,
JB_1309,Business Development Administrative Support,40 000 – 55 000 Kč,Praha – Karlín,Support Specialist,Business/Sales Support,,Sales & Business Development,,https://www.jobs.cz/rpd/2001407602/,2026-09-11T16:18:26+02:00,Deprioritized,0,Other,Prague,26,,
JB_4562,Corporate Legal Counsel,,Praha – Nusle,Specialist,Legal Specialist,,Legal,,https://www.jobs.cz/rpd/2001350311/,2026-09-11T16:18:26+02:00,Deprioritized,0,Other,Prague,26,,
JB_7058,Pojistný matematik,,Praha – Holešovice,Specialist,Insurance/Actuarial Specialist,,Insurance,,https://www.jobs.cz/rpd/2001407966/,2026-09-11T16:18:26+02:00,Deprioritized,0,Other,Prague,26,,
JB_3494,Product Owner – HMG Segment,,Praha – Holešovice,Manager,Product Manager/Product Owner,,Product Management,,https://www.jobs.cz/rpd/2001311073/,2026-09-11T16:18:26+02:00,Deprioritized,0,Other,Prague,26,,
JB_2263,Specialista logistiky surovin a optimalizace,,Praha – Krč,Specialist,General Specialist,,,,https://www.jobs.cz/rpd/2001290710/,2026-09-11T16:18:26+02:00,Deprioritized,0,Other,Prague,26,,
JB_4996,Group Operational Procurement Administrator,,Praha – Vinohrady,Administrator,Procurement Administrator,,Procurement,,https://www.jobs.cz/rpd/2001403674/,2026-09-11T16:18:18+02:00,Deprioritized,0,Other,Prague,26,,
JB_1930,Administrátor/ka grantové agendy - národní projekty ve vědě a výzkumu,48 000 – 52 000 Kč,Praha – Nové Město,Administrator,Business/Office Administrator,,"Project & Program Management, Education & Research",,https://www.jobs.cz/rpd/2001376094/,2026-09-11T16:18:17+02:00,Deprioritized,0,Other,Prague,26,,
JB_4240,Fieldwork Coordination Allocator with Italian – Part-Timer,,Praha – Nové Město,Coordinator,Operations/Service Coordinator,,,,https://www.jobs.cz/rpd/2001389395/,2026-09-11T16:18:03+02:00,Deprioritized,0,Other,Prague,26,,
JB_1202,Go-to-Market Propositions Lead,,Praha – Vršovice,Manager,Executive/General Manager,Lead/Head,,,https://www.jobs.cz/rpd/2001405565/,2026-09-11T16:18:03+02:00,Deprioritized,0,Other,Prague,26,,
JB_0258,Informatik (SAP ABAP developer - senior),,Praha – Vršovice,Developer,Enterprise Applications Developer,Senior,IT & Software,"ABAP, SAP",https://www.jobs.cz/rpd/2001224452/,2026-09-11T16:18:03+02:00,Deprioritized,0,Python/Software Development,Prague,26,Python/Software Development,Senior-level position
JB_4352,Network administrátor / administrátorka,,Praha – Dejvice,Administrator,Network/Infrastructure Administrator,,Cloud & Infrastructure,,https://www.jobs.cz/rpd/2001310209/,2026-09-11T16:18:03+02:00,Deprioritized,0,Other,Prague,26,,
JB_9507,SAP Functional Consultant | S/4HANA Projects | Prague (Hybrid),,Praha,Consultant,SAP/ERP Consultant,,,SAP,https://www.jobs.cz/rpd/2001301391/,2026-09-11T16:18:03+02:00,Deprioritized,0,Other,Prague,26,,
JB_7567,*** TECHNICKÁ PODPORA ***,,Praha – Krč,Support Specialist,Technical Support,,,,https://www.jobs.cz/rpd/2001391939/,2026-09-11T16:17:54+02:00,Deprioritized,0,Other,Prague,26,,
JB_9495,IT Programátor - senior (m/ž),,Praha – Radlice,Developer,General Software Developer,Senior,IT & Software,,https://www.jobs.cz/rpd/2001340279/,2026-09-11T16:17:54+02:00,Deprioritized,0,Python/Software Development,Prague,26,Python/Software Development,Senior-level position
JB_1748,SAP konzultant,,Praha – Dejvice,Consultant,SAP/ERP Consultant,,,SAP,https://www.jobs.cz/rpd/2001401074/,2026-09-11T16:17:54+02:00,Deprioritized,0,Other,Prague,26,,
JB_4283,Senior Java Backend Developer – eBond SwapsQuoting Cell (70% part-time possible),,Praha – Nové Město,Developer,Backend Developer,Senior,IT & Software,Java,https://www.jobs.cz/rpd/2001402817/,2026-09-11T16:17:54+02:00,Deprioritized,0,Python/Software Development,Prague,26,Python/Software Development,Senior-level position
JB_6239,Technický Product Owner - cloudová integrační platforma,,Praha – Braník + 1 další lokalita,Manager,Product Manager/Product Owner,,Product Management,,https://www.jobs.cz/rpd/2001393821/,2026-09-11T16:17:54+02:00,Deprioritized,0,Other,Prague,26,,
JB_8191,Adobe Marketo DevOps Consultant,,Praha – Chodov,Consultant,General Consultant,,Cloud & Infrastructure,,https://www.jobs.cz/rpd/2001138376/,2026-09-11T16:17:46+02:00,Deprioritized,0,Other,Prague,26,,
JB_4709,Material Compliance Specialista,,Praha – Radlice,Specialist,Compliance/AML Specialist,,Compliance & Risk,,https://www.jobs.cz/rpd/2001325151/,2026-09-11T16:17:46+02:00,Deprioritized,0,Other,Prague,26,,
JB_4300,Global HR SuccessFactors Project Manag - možnost práce z domova a flexibilní pracovní doba,,Praha – Stodůlky + 1 další lokalita,Manager,HR/People Manager,,"HR & Recruitment, Project & Program Management",,https://www.jobs.cz/rpd/2001402764/,2026-09-11T16:17:36+02:00,Deprioritized,0,Other,Prague,26,,
JB_5885,Podpora mzdového a personálního systému Vema,,Praha – Karlín,Support Specialist,Technical Support,,HR & Recruitment,,https://www.jobs.cz/rpd/2001081307/,2026-09-11T16:17:36+02:00,Deprioritized,0,Other,Prague,26,,
JB_7546,IT Architect ​,,Praha – Holešovice,Architect,General Architect,,IT & Software,,https://www.jobs.cz/rpd/2001380886/,2026-09-11T16:11:23+02:00,Deprioritized,0,Other,Prague,26,,
JB_6399,Solution Architect pro bankovní projekty,,Praha – Krč,Architect,Solution Architect,,"Finance & Banking, Project & Program Management",,https://www.jobs.cz/rpd/2001397944/,2026-09-11T16:11:23+02:00,Deprioritized,0,Other,Prague,26,,
JB_8779,Technical Product Owner,,Praha – Hradčany,Manager,Product Manager/Product Owner,,Product Management,,https://www.jobs.cz/rpd/2001382707/,2026-09-11T16:11:23+02:00,Deprioritized,0,Other,Prague,26,,
JB_9076,Koordinátor/ka distribuce,,Praha – Stodůlky,Coordinator,General Coordinator,,,,https://www.jobs.cz/rpd/2001281399/,2026-09-11T16:11:17+02:00,Deprioritized,0,Other,Prague,26,,
JB_1638,Media Planner,,Praha – Vokovice,Planner,Media Planner,,"Marketing & Communications, Media & Entertainment",,https://www.jobs.cz/rpd/2001396606/,2026-09-11T16:11:17+02:00,Deprioritized,0,Other,Prague,26,,
JB_7796,Správce/správkyně knihovních prvků sekundární techniky v AutoCADu,,Praha – Vinohrady,Administrator,General Administrator,,,,https://www.jobs.cz/rpd/2000753901/,2026-09-11T16:11:17+02:00,Deprioritized,0,Other,Prague,26,,
JB_5307,TECHNICKÝ SPECIALISTA OTEVŘENÝCH ZDROJŮ,,Praha – Stodůlky,Specialist,Technical/Engineering Specialist,,,,https://www.jobs.cz/rpd/2001394421/,2026-09-11T16:11:17+02:00,Deprioritized,0,Other,Prague,26,,
JB_2171,Disponent(ka) mezinárodních leteckých zásilek,40 000 – 55 000 Kč,Praha – Bubeneč,Specialist,General Specialist,,,,https://www.jobs.cz/rpd/2001407938/,2026-09-11T16:11:05+02:00,Deprioritized,0,Other,Prague,26,,
JB_3995,HR SPECIALISTA/KA,,Praha – Smíchov,Specialist,HR/People Specialist,,HR & Recruitment,,https://www.jobs.cz/rpd/2001406201/,2026-09-11T16:11:05+02:00,Deprioritized,0,Other,Prague,26,,
JB_9829,Nákupčí,,Praha – Třebonice,Specialist,Procurement Specialist,,Procurement,,https://www.jobs.cz/rpd/2001417908/,2026-09-11T16:11:05+02:00,Deprioritized,0,Other,Prague,26,,
JB_9337,Projektant se zaměřením na elektro s ČKAIT,,Praha – Ruzyně,Technician,Electrical/Electronics Technician,,Project & Program Management,,https://www.jobs.cz/rpd/2000930406/,2026-09-11T16:11:05+02:00,Deprioritized,0,Other,Prague,26,,
JB_5114,Country Buyer,,Praha – Jinonice,Specialist,Procurement Specialist,,Procurement,,https://www.jobs.cz/rpd/2001387045/,2026-09-11T16:10:53+02:00,Deprioritized,0,Other,Prague,26,,
JB_9713,Procesní inženýr logistiky,,Kutná Hora – Sedlec,Engineer,Process/Industrial Engineer,,Engineering & R&D,,https://www.jobs.cz/rpd/2001380478/,2026-09-11T16:10:53+02:00,Deprioritized,0,Other,Outside Prague - verify,26,R,Location requires verification
JB_3265,Produkční administrátor,,Praha – Ruzyně,Administrator,General Administrator,,,,https://www.jobs.cz/rpd/2001413013/,2026-09-11T16:10:53+02:00,Deprioritized,0,Other,Prague,26,,
JB_4178,Provozní nákupční,,Praha – Jinonice,Specialist,Procurement Specialist,,Procurement,,https://www.jobs.cz/rpd/2001394495/,2026-09-11T16:10:53+02:00,Deprioritized,0,Other,Prague,26,,
JB_8235,Specialista krizové připravenosti - dotační agenda (m/ž),,Praha – Nové Město,Specialist,Risk/Business Continuity Specialist,,Business Continuity & Resilience,,https://www.jobs.cz/rpd/2001419511/,2026-09-11T16:10:53+02:00,Deprioritized,0,Other,Prague,26,,
JB_9091,Specialista krizové připravenosti – krizové informační a svolávací systémy (m/ž),,Praha – Nové Město,Specialist,Risk/Business Continuity Specialist,,Business Continuity & Resilience,,https://www.jobs.cz/rpd/2001419486/,2026-09-11T16:10:53+02:00,Deprioritized,0,Other,Prague,26,,
JB_2564,Specialista/ka digitalizace ekonomických procesů,,Praha – Vinohrady,Specialist,Operations Specialist,,,,https://www.jobs.cz/rpd/2001409573/,2026-09-11T16:10:53+02:00,Deprioritized,0,Other,Prague,26,,
JB_0250,Technik,,Praha,Technician,General Technician,,,,https://www.jobs.cz/rpd/2001385514/,2026-09-11T16:10:53+02:00,Deprioritized,0,Other,Prague,26,,
JB_4077,📌 HR Support - BRIGÁDA,,Praha – Nusle,Support Specialist,HR/People Support,,HR & Recruitment,,https://www.jobs.cz/rpd/2001413500/,2026-09-11T16:10:53+02:00,Deprioritized,0,Other,Prague,26,,
JB_4753,Elektro specialista VN,,Praha – Ruzyně,Specialist,General Specialist,,,,https://www.jobs.cz/rpd/2000492705/,2026-09-11T16:10:45+02:00,Deprioritized,0,Other,Prague,26,,
JB_4654,HR Administrator,,Praha – Liboc,Administrator,HR/Payroll Administrator,,HR & Recruitment,,https://www.jobs.cz/rpd/2001408646/,2026-09-11T16:10:45+02:00,Deprioritized,0,Other,Prague,26,,
JB_8609,HR Generalist: pro zahraniční pobočky 🌍,,Praha – Běchovice,Specialist,HR/People Specialist,,HR & Recruitment,,https://www.jobs.cz/rpd/2001393891/,2026-09-11T16:10:45+02:00,Deprioritized,0,Other,Prague,26,,
JB_7870,Vlakový specialista,40 000 – 42 000 Kč,Praha – Uhříněves,Specialist,General Specialist,,,,https://www.jobs.cz/rpd/2001415489/,2026-09-11T16:10:45+02:00,Deprioritized,0,Other,Prague,26,,
JB_6732,Koordinátor/ka v logistice a HR podpora v Praze nebo Hradci Královém,40 000 – 45 000 Kč,Praha – Radlice,Coordinator,HR/People Coordinator,,"HR & Recruitment, Supply Chain & Logistics",,https://www.jobs.cz/rpd/2001337400/,2026-09-11T16:10:33+02:00,Deprioritized,0,Other,Prague,26,,
JB_3783,Learning & Performance Business Partner,,Praha – Stodůlky,Specialist,General Specialist,,,,https://www.jobs.cz/rpd/2001385540/,2026-09-11T16:10:33+02:00,Deprioritized,0,Other,Prague,26,,
JB_2992,PRŮMYSLOVÝ INŽENÝR - NOVÝ PROJEKT (75-85.000 KČ),75 000 – 85 000 Kč,Říčany,Engineer,General Engineer,,"Project & Program Management, Engineering & R&D",,https://www.jobs.cz/rpd/2001379379/,2026-09-11T16:10:33+02:00,Deprioritized,0,Other,Outside Prague - verify,26,R,Location requires verification
JB_9138,System Architect,,Praha – Radlice,Architect,Systems/Integration Architect,,IT & Software,,https://www.jobs.cz/rpd/2001395937/,2026-09-11T16:10:33+02:00,Deprioritized,0,Other,Prague,26,,
JB_4467,Team Leader v logistickém centru,50 000 – 65 000 Kč,Praha – Hostivař,Manager,Supply Chain/Procurement Manager,Lead/Head,Supply Chain & Logistics,,https://www.jobs.cz/rpd/2001411394/,2026-09-11T16:10:33+02:00,Deprioritized,0,Other,Prague,26,,
JB_1619,Tribe Business Partner (m/ž),,Praha + 1 další lokalita,Specialist,General Specialist,,,,https://www.jobs.cz/rpd/2001412795/,2026-09-11T16:10:33+02:00,Deprioritized,0,Other,Prague,26,,
JB_8577,HR Administrator,,Praha – Letňany,Administrator,HR/Payroll Administrator,,HR & Recruitment,,https://www.jobs.cz/rpd/2001309317/,2026-09-11T16:10:20+02:00,Deprioritized,0,Other,Prague,26,,
JB_6038,Kampaňový specialista ve Fidoo!,,Praha – Holešovice,Specialist,General Specialist,,,,https://www.jobs.cz/rpd/2001385523/,2026-09-11T16:10:20+02:00,Deprioritized,0,Other,Prague,26,,
JB_5403,🔥 Hledá se LÍDR nového obchodního týmu v PRAZE 🔥,70 000 – 140 000 Kč,Praha – Holešovice,Manager,Sales/Account Manager,Lead/Head,Sales & Business Development,,https://www.jobs.cz/rpd/2001411443/,2026-09-11T16:10:20+02:00,Deprioritized,0,Other,Prague,26,,
JB_0328,Database Administrator,,Praha – Krč,Administrator,Database Administrator,,,,https://www.jobs.cz/rpd/2001403164/,2026-09-11T16:10:04+02:00,Deprioritized,0,Other,Prague,26,,
JB_7928,DATABÁZOVÝ/Á ADMINISTRÁTOR/KA,,Praha – Vinohrady + 1 další lokalita,Administrator,Database Administrator,,,,https://www.jobs.cz/rpd/2001413093/,2026-09-11T16:10:04+02:00,Deprioritized,0,Other,Prague,26,,
JB_3103,Employee Relations Partner pro Rex Concepts,,Praha,Specialist,HR/People Specialist,,,,https://www.jobs.cz/rpd/2001412708/,2026-09-11T16:10:04+02:00,Deprioritized,0,Other,Prague,26,,
JB_5434,ERP Konzultant / Specialista implementací (Money ERP),65 000 – 90 000 Kč,Praha – Nusle,Consultant,SAP/ERP Consultant,,,,https://www.jobs.cz/rpd/2001256462/,2026-09-11T16:10:04+02:00,Deprioritized,0,Other,Prague,26,,
JB_5362,Specialista informačních systémů,,Praha – Ruzyně,Specialist,General Specialist,,,,https://www.jobs.cz/rpd/2001406102/,2026-09-11T16:10:04+02:00,Deprioritized,0,Other,Prague,26,,
JB_7279,HR Generalist,,Praha – Stodůlky,Specialist,HR/People Specialist,,HR & Recruitment,,https://www.jobs.cz/rpd/2001419009/,2026-09-11T16:09:49+02:00,Deprioritized,0,Other,Prague,26,,
JB_9215,IT Technik/Interní podpora,,Praha – Chodov,Technician,IT Technician,,IT & Software,,https://www.jobs.cz/rpd/2001420831/,2026-09-11T16:09:49+02:00,Deprioritized,0,Other,Prague,26,,
JB_3755,Junior specialista finančního reportingu a IFRS (m/ž),,Praha – Holešovice,Specialist,Finance/Banking Specialist,Junior/Entry-level,,,https://www.jobs.cz/rpd/2001367835/,2026-09-11T16:09:49+02:00,Deprioritized,0,Other,Prague,26,Junior/entry level,Finance/accounting orientation
JB_6368,Podpora investic a penzí,,Praha – Michle,Support Specialist,Technical Support,,Finance & Banking,,https://www.jobs.cz/rpd/2001384441/,2026-09-11T16:09:49+02:00,Deprioritized,0,Other,Prague,26,,
JB_0480,Security & Infrastructure Engineer,,Středočeský kraj,Engineer,Security Engineer,,"Cybersecurity, Cloud & Infrastructure, Engineering & R&D",,https://www.jobs.cz/rpd/2001081764/,2026-09-11T16:09:49+02:00,Deprioritized,0,Other,Outside Prague - verify,26,R,Location requires verification
JB_2472,Specialista HR systému a mezd (M/Ž) Praha,,Praha – Holešovice,Specialist,HR/People Specialist,,HR & Recruitment,,https://www.jobs.cz/rpd/2001383538/,2026-09-11T16:09:49+02:00,Deprioritized,0,Other,Prague,26,,
JB_3595,Specialista/tka na práci s bezpečnostními logy,,Praha – Krč,Specialist,Cybersecurity Specialist,,,,https://www.jobs.cz/rpd/2001113468/,2026-09-11T16:09:49+02:00,Deprioritized,0,Other,Prague,26,,
JB_2009,HR Generalist,,Praha – Karlín,Specialist,HR/People Specialist,,HR & Recruitment,,https://www.jobs.cz/rpd/2001421015/,2026-09-11T16:09:34+02:00,Deprioritized,0,Other,Prague,26,,
JB_9297,Koordinátor vzdělávacích akcí (m/ž),,Praha – Chodov,Coordinator,General Coordinator,,,,https://www.jobs.cz/rpd/2001389967/,2026-09-11T16:09:34+02:00,Deprioritized,0,Other,Prague,26,,
JB_9416,KOORDINÁTOR/KA SBĚRNÉ SÍTĚ,,Praha – Dejvice,Coordinator,General Coordinator,,,,https://www.jobs.cz/rpd/2001402805/,2026-09-11T16:09:34+02:00,Deprioritized,0,Other,Prague,26,,
JB_0136,Portfolio Administrator,,Praha – Vokovice,Administrator,Finance Administrator,,,,https://www.jobs.cz/rpd/2001239220/,2026-09-11T16:09:34+02:00,Deprioritized,0,Other,Prague,26,,
JB_9867,Supply Chain Import Planner (m/ž),,Praha – Kyje,Planner,Demand/Supply Planner,,Supply Chain & Logistics,,https://www.jobs.cz/rpd/2001401635/,2026-09-11T16:09:34+02:00,Deprioritized,0,Other,Prague,26,,
JB_1744,Transport Planner (m/ž),,Praha – Libeň,Planner,Logistics/Transport Planner,,Supply Chain & Logistics,,https://www.jobs.cz/rpd/2001382935/,2026-09-11T16:09:34+02:00,Deprioritized,0,Other,Prague,26,,
JB_4200,⭕ Specialista nákupu s přesahem do logistiky s AJ,55 000 – 65 000 Kč,Hlavní město Praha,Specialist,Procurement Specialist,,Procurement,,https://www.jobs.cz/rpd/2001419125/,2026-09-11T16:09:34+02:00,Deprioritized,0,Other,Prague,26,,
JB_9260,Administrátor online reklamy,,Praha – Strašnice,Administrator,General Administrator,,,,https://www.jobs.cz/rpd/2001401639/,2026-09-11T16:09:22+02:00,Deprioritized,0,Other,Prague,26,,
JB_7250,Komunikační designer/ka (CRM),,Praha – Michle,Designer,Brand/Communication Designer,,Marketing & Communications,,https://www.jobs.cz/rpd/2001407877/,2026-09-11T16:09:22+02:00,Deprioritized,0,Other,Prague,26,,
JB_9774,Koordinátor/ka retenčního týmu | Buďte u zrodu nového týmu v UNIQA,,Praha – Vokovice,Coordinator,General Coordinator,,,,https://www.jobs.cz/rpd/2001408389/,2026-09-11T16:09:22+02:00,Deprioritized,0,Other,Prague,26,,
JB_8664,Security Architect,,Praha – Stodůlky,Architect,Security Architect,,Cybersecurity,,https://www.jobs.cz/rpd/2001290499/,2026-09-11T16:09:22+02:00,Deprioritized,0,Other,Prague,26,,
JB_1565,Security Consultant,,Praha – Krč,Consultant,Security Consultant,,Cybersecurity,,https://www.jobs.cz/rpd/2001283666/,2026-09-11T16:09:22+02:00,Deprioritized,0,Other,Prague,26,,
JB_4060,Specialista informační a kybernetické bezpečnosti,,Praha – Nové Město,Specialist,Cybersecurity Specialist,,Cybersecurity,,https://www.jobs.cz/rpd/2001249928/,2026-09-11T16:09:22+02:00,Deprioritized,0,Other,Prague,26,,
JB_0695,Specialista na informační a kybernetickou bezpečnost (ISMS),,Praha – Slivenec,Specialist,Cybersecurity Specialist,,Cybersecurity,,https://www.jobs.cz/rpd/2001403471/,2026-09-11T16:09:22+02:00,Deprioritized,0,Other,Prague,26,,
JB_7814,Správce integrací (M/Ž),,Praha – Žižkov,Administrator,General Administrator,,,,https://www.jobs.cz/rpd/2001405753/,2026-09-11T16:09:22+02:00,Deprioritized,0,Other,Prague,26,,
JB_5838,Systémový administrátor IT / Microsoft 365 / Praha,50 000 – 80 000 Kč,Praha – Vršovice,Administrator,Systems/Server Administrator,,IT & Software,,https://www.jobs.cz/rpd/2001388305/,2026-09-11T16:09:22+02:00,Deprioritized,0,Other,Prague,26,,
JB_4089,"Systémový administrátor IT / VmWare, Hyper-V, servery a datová pole Dell / Praha",50 000 – 80 000 Kč,Praha – Vršovice,Administrator,Systems/Server Administrator,,IT & Software,,https://www.jobs.cz/rpd/2001388306/,2026-09-11T16:09:22+02:00,Deprioritized,0,Other,Prague,26,,
JB_7041,Disponent/ka námořních přeprav,,Praha – Smíchov,Specialist,General Specialist,,,,https://www.jobs.cz/rpd/2001413138/,2026-09-11T16:09:09+02:00,Deprioritized,0,Other,Prague,26,,
JB_6786,Finanční a personální administrativa,,Praha – Dolní Měcholupy,Administrator,HR/Finance Administrator,,HR & Recruitment,,https://www.jobs.cz/rpd/2001400260/,2026-09-11T16:09:09+02:00,Deprioritized,0,Other,Prague,26,,
JB_2611,HRIS & Process Excellence Partner,,Praha – Holešovice,Specialist,Operations Specialist,,,,https://www.jobs.cz/rpd/2001319426/,2026-09-11T16:09:09+02:00,Deprioritized,0,Other,Prague,26,,
JB_5489,Koordinátor multi-country projektů s angličtinou,,Praha – Nové Město,Coordinator,Project/Program Coordinator,,Project & Program Management,,https://www.jobs.cz/rpd/2001403568/,2026-09-11T16:09:09+02:00,Deprioritized,0,Other,Prague,26,,
JB_7676,Odborný pracovník oddělení všeobecné klimatologie (M/Ž),,Praha – Komořany,Specialist,General Specialist,,,,https://www.jobs.cz/rpd/2001409620/,2026-09-11T16:09:09+02:00,Deprioritized,0,Other,Prague,26,,
JB_2602,Pracovník prodeje - produktový specialista,,Praha – Vršovice,Specialist,Product/Project Specialist,,Sales & Business Development,,https://www.jobs.cz/rpd/2001396002/,2026-09-11T16:09:09+02:00,Deprioritized,0,Other,Prague,26,,
JB_9508,Senior Developer,80 000 – 90 000 Kč,Praha – Karlín,Developer,General Software Developer,Senior,IT & Software,,https://www.jobs.cz/rpd/2000994652/,2026-09-11T16:09:09+02:00,Deprioritized,0,Python/Software Development,Prague,26,Python/Software Development,Senior-level position
JB_5708,Technický specialista – posuzování vozidel,45 000 – 55 000 Kč,Praha – Holešovice,Specialist,Technical/Engineering Specialist,,,,https://www.jobs.cz/rpd/2001381437/,2026-09-11T16:09:09+02:00,Deprioritized,0,Other,Prague,26,,
JB_2214,Global Compensation & Benefits Partner,,Praha – Michle,Specialist,HR/People Specialist,,,,https://www.jobs.cz/rpd/2001415474/,2026-09-11T16:09:03+02:00,Deprioritized,0,Other,Prague,26,,
JB_4595,Informatik - architekt kybernetické bezpečnosti,,Praha – Vršovice,Architect,Security Architect,,Cybersecurity,,https://www.jobs.cz/rpd/2000711841/,2026-09-11T16:09:03+02:00,Deprioritized,0,Other,Prague,26,,
JB_3930,SAP SD Konzultant (m/ž),,Praha – Vysočany,Consultant,SAP/ERP Consultant,,,SAP,https://www.jobs.cz/rpd/2000943967/,2026-09-11T16:09:03+02:00,Deprioritized,0,Other,Prague,26,,
JB_4506,Specialista pro cenotvorbu (pricing) pojištění,,Praha – Nové Město,Specialist,Insurance/Actuarial Specialist,,"Finance & Banking, Insurance",,https://www.jobs.cz/rpd/2001378304/,2026-09-11T16:09:03+02:00,Deprioritized,0,Other,Prague,26,,
JB_2662,CRM specialista – Customer Loyalty,,Praha – Vokovice,Specialist,Customer Service Specialist,,Customer Service,,https://www.jobs.cz/rpd/2001392269/,2026-09-11T16:08:47+02:00,Deprioritized,0,Other,Prague,26,,
JB_1339,Customer Experience & Insights Consultant - m/f/d,,Praha – Stodůlky,Consultant,Customer Experience Consultant,,Customer Service,,https://www.jobs.cz/rpd/2001371464/,2026-09-11T16:08:47+02:00,Deprioritized,0,Other,Prague,26,,
JB_9192,E-commerce marketingový specialista,,Praha – Holešovice,Specialist,General Specialist,,Retail & E-commerce,,https://www.jobs.cz/rpd/2001392469/,2026-09-11T16:08:47+02:00,Deprioritized,0,Other,Prague,26,,
JB_2844,Junior Valuation Consultant - oceňování nemovitostí,,Praha – Karlín,Consultant,Finance/Transactions Consultant,Junior/Entry-level,"Finance & Banking, Real Estate & Construction",,https://www.jobs.cz/rpd/2001178246/,2026-09-11T16:08:47+02:00,Deprioritized,0,Other,Prague,26,Junior/entry level,Finance/accounting orientation
JB_4123,Specialista HR controllingu a odměňování,,Praha – Michle,Specialist,HR/People Specialist,,HR & Recruitment,,https://www.jobs.cz/rpd/2001398295/,2026-09-11T16:08:47+02:00,Deprioritized,0,Other,Prague,26,,
JB_1468,Specialista poplatkové politiky - oblast neúvěrových produktů (m/ž),,Hlavní město Praha,Specialist,Product/Project Specialist,,,,https://www.jobs.cz/rpd/2001415564/,2026-09-11T16:08:47+02:00,Deprioritized,0,Other,Prague,26,,
JB_6812,Specialista pro udržitelnost komerčního bankovnictví (m/ž),,Hlavní město Praha,Specialist,General Specialist,,,,https://www.jobs.cz/rpd/2001407614/,2026-09-11T16:08:47+02:00,Deprioritized,0,Other,Prague,26,,
JB_9772,"Administrátor serverových systémů, virtualizace a správce infrastruktury datového centra",,Praha – Chodov,Administrator,Network/Infrastructure Administrator,,,,https://www.jobs.cz/rpd/2001259463/,2026-09-11T16:08:36+02:00,Deprioritized,0,Other,Prague,26,,
JB_2543,Junior konzultant/ka – Finanční Due Diligence (M&A),,Praha – Nové Město,Consultant,Finance/Transactions Consultant,Junior/Entry-level,,,https://www.jobs.cz/rpd/2000612574/,2026-09-11T16:08:36+02:00,Deprioritized,0,Other,Prague,26,Junior/entry level,Finance/accounting orientation
JB_6206,Konzultant/ka – Finanční Due Dilligence,,Praha – Karlín,Consultant,General Consultant,,,,https://www.jobs.cz/rpd/2000670165/,2026-09-11T16:08:36+02:00,Deprioritized,0,Other,Prague,26,,
JB_7095,Podpora e-learningu,39 000 – 42 000 Kč,Praha – Karlín,Support Specialist,Technical Support,,,,https://www.jobs.cz/rpd/2001338255/,2026-09-11T16:08:36+02:00,Deprioritized,0,Other,Prague,26,,
JB_0240,Proprietary Portfolio Strategist,,Praha – Libeň,Specialist,General Specialist,,,,https://www.jobs.cz/rpd/2001053296/,2026-09-11T16:08:36+02:00,Deprioritized,0,Other,Prague,26,,
JB_1905,referent Oddělení finančního reportingu EU (Praha),35 000 – 48 000 Kč,Praha – Nové Město,Administrator,Finance Administrator,,,,https://www.jobs.cz/rpd/2001406205/,2026-09-11T16:08:36+02:00,Deprioritized,0,Other,Prague,26,,
JB_5496,SAP Consultant – Sales & Distribution,,Praha – Karlín,Consultant,SAP/ERP Consultant,,Sales & Business Development,SAP,https://www.jobs.cz/rpd/2001390006/,2026-09-11T16:08:36+02:00,Deprioritized,0,Other,Prague,26,,
JB_5559,Supply Chain Process & Systems Lead (m/ž),60 000 – 90 000 Kč,Praha – Horní Počernice,Manager,Supply Chain/Procurement Manager,Lead/Head,"IT & Software, Supply Chain & Logistics",,https://www.jobs.cz/rpd/2001334749/,2026-09-11T16:08:36+02:00,Deprioritized,0,Other,Prague,26,,
JB_7946,Financial Crime Prevention Specialist - AML,60 000 – 70 000 Kč,Praha – Nové Město,Specialist,Compliance/AML Specialist,,"Finance & Banking, Compliance & Risk",,https://www.jobs.cz/rpd/2001387133/,2026-09-11T16:08:24+02:00,Deprioritized,0,Other,Prague,26,,
JB_8669,HR & OFFICE SPECIALIST || Praha,35 000 – 45 000 Kč,Praha,Specialist,HR/People Specialist,,HR & Recruitment,,https://www.jobs.cz/rpd/2001379160/,2026-09-11T16:08:24+02:00,Deprioritized,0,Other,Prague,26,,
JB_8913,IT Risk & Control Specialist,,Praha – Jinonice,Specialist,Compliance/AML Specialist,,"IT & Software, Compliance & Risk",,https://www.jobs.cz/rpd/2001398255/,2026-09-11T16:08:24+02:00,Deprioritized,0,Other,Prague,26,,
JB_4560,Key Account Specialist – Tým Pronájmu nemovitostí,25 000 – 50 000 Kč,Praha – Ruzyně,Specialist,General Specialist,,Real Estate & Construction,,https://www.jobs.cz/rpd/2001380613/,2026-09-11T16:08:24+02:00,Deprioritized,0,Other,Prague,26,,
JB_8327,PURCHASING TRADE SPECIALIST,,Praha – Hostivař,Specialist,Procurement Specialist,,Procurement,,https://www.jobs.cz/rpd/2001384964/,2026-09-11T16:08:24+02:00,Deprioritized,0,Other,Prague,26,,
JB_4215,R&D Packaging Specialist,,Chrášťany,Specialist,Manufacturing/Production Specialist,,Engineering & R&D,,https://www.jobs.cz/rpd/2001392368/,2026-09-11T16:08:24+02:00,Deprioritized,0,Other,Outside Prague - verify,26,R,Location requires verification
JB_6531,Specialist(k)a Nadace ORLEN Unipetrol,,Praha – Krč,Specialist,General Specialist,,,,https://www.jobs.cz/rpd/2001415493/,2026-09-11T16:08:24+02:00,Deprioritized,0,Other,Prague,26,,
JB_0466,Specialista/ka obchodního řízení,,Praha – Michle,Specialist,Sales/Commercial Specialist,,Sales & Business Development,,https://www.jobs.cz/rpd/2001319430/,2026-09-11T16:08:24+02:00,Deprioritized,0,Other,Prague,26,,
JB_6795,🚀Real Estate & Expansion Specialist v Alza.cz (JPO10966),,Praha – Holešovice,Specialist,General Specialist,,Real Estate & Construction,,https://www.jobs.cz/rpd/2001417870/,2026-09-11T16:08:24+02:00,Deprioritized,0,Other,Prague,26,,
JB_4767,🚀Real Estate Specialist v Alza.cz (JPO10966),,Praha – Holešovice,Specialist,General Specialist,,Real Estate & Construction,,https://www.jobs.cz/rpd/2001402304/,2026-09-11T16:08:24+02:00,Deprioritized,0,Other,Prague,26,,
JB_3137,🚀Real Estate Specialist v Alza.cz (JPO10966),,Praha – Holešovice,Specialist,General Specialist,,Real Estate & Construction,,https://www.jobs.cz/rpd/2001394785/,2026-09-11T16:08:24+02:00,Deprioritized,0,Other,Prague,26,,
JB_7876,🚀Real Estate Specialist v Alza.cz (JPO10966),,Praha – Holešovice,Specialist,General Specialist,,Real Estate & Construction,,https://www.jobs.cz/rpd/2001378454/,2026-09-11T16:08:24+02:00,Deprioritized,0,Other,Prague,26,,
JB_2579,Business Process Organization Specialist (BPO Specialist),,Praha – Stodůlky,Specialist,Operations Specialist,,,,https://www.jobs.cz/rpd/2001415464/,2026-09-11T16:08:10+02:00,Deprioritized,0,Other,Prague,26,,
JB_2173,Business Support Specialist Major Account,,Praha – Michle,Support Specialist,Business/Sales Support,,,,https://www.jobs.cz/rpd/2001415438/,2026-09-11T16:08:10+02:00,Deprioritized,0,Other,Prague,26,,
JB_4404,Collateral Specialist with German,,Praha – Vinohrady,Specialist,General Specialist,,,,https://www.jobs.cz/rpd/2000609977/,2026-09-11T16:08:10+02:00,Deprioritized,0,Other,Prague,26,,
JB_3221,Czech Junior Payroll Specialist - Paid training provided!,,Praha – Karlín,Specialist,HR/People Specialist,Junior/Entry-level,"HR & Recruitment, Education & Research",,https://www.jobs.cz/rpd/2001368296/,2026-09-11T16:08:10+02:00,Deprioritized,0,Other,Prague,26,Junior/entry level,Finance/accounting orientation
JB_2972,Digital Customer Engagement Specialist,,Praha – Karlín,Specialist,Customer Service Specialist,,Customer Service,,https://www.jobs.cz/rpd/2001214015/,2026-09-11T16:08:10+02:00,Deprioritized,0,Other,Prague,26,,
JB_5883,Key Account Specialist,,Praha – Ruzyně,Specialist,General Specialist,,,,https://www.jobs.cz/rpd/2001316141/,2026-09-11T16:08:10+02:00,Deprioritized,0,Other,Prague,26,,
JB_4197,New Channels & E-commerce Specialist,,Praha – Vokovice,Specialist,General Specialist,,Retail & E-commerce,,https://www.jobs.cz/rpd/2001256764/,2026-09-11T16:08:10+02:00,Deprioritized,0,Other,Prague,26,,
JB_9703,Project Risk Specialist,,Praha – Stodůlky + 1 další lokalita,Specialist,Compliance/AML Specialist,,"Compliance & Risk, Project & Program Management",,https://www.jobs.cz/rpd/2001410341/,2026-09-11T16:08:10+02:00,Deprioritized,0,Other,Prague,26,,
JB_2592,Purchase Order Specialist,,Praha – Nové Město,Specialist,Procurement Specialist,,Procurement,,https://www.jobs.cz/rpd/2001421545/,2026-09-11T16:08:10+02:00,Deprioritized,0,Other,Prague,26,,
JB_2850,Purchasing Specialist,,Praha – Vokovice,Specialist,Procurement Specialist,,Procurement,,https://www.jobs.cz/rpd/2001366886/,2026-09-11T16:08:10+02:00,Deprioritized,0,Other,Prague,26,,
JB_6321,Sales support specialist,,Praha – Vršovice,Support Specialist,Business/Sales Support,,Sales & Business Development,,https://www.jobs.cz/rpd/2001385079/,2026-09-11T16:08:10+02:00,Deprioritized,0,Other,Prague,26,,
JB_0994,Social performance & Creative specialist/ka,,Hlavní město Praha,Specialist,General Specialist,,,,https://www.jobs.cz/rpd/2001383407/,2026-09-11T16:08:10+02:00,Deprioritized,0,Other,Prague,26,,
JB_4172,Billing Specialist pro advokátní kancelář v centru Prahy,,Praha,Specialist,Legal Specialist,,Legal,,https://www.jobs.cz/rpd/2001371599/,2026-09-11T16:08:02+02:00,Deprioritized,0,Other,Prague,26,,
JB_0895,HR Operations Specialist – Workforce & Talent,50 000 – 55 000 Kč,Hlavní město Praha,Specialist,HR/People Specialist,,HR & Recruitment,,https://www.jobs.cz/rpd/2001391756/,2026-09-11T16:08:02+02:00,Deprioritized,0,Other,Prague,26,,
JB_0343,DEMAND & SUPPLY PLANNER,,Praha – Karlín,Planner,Demand/Supply Planner,,,,https://www.jobs.cz/rpd/2001394502/,2026-09-11T15:59:12+02:00,Deprioritized,0,Other,Prague,26,,
JB_0708,Digital Marketing Specialist – Junior/Medior,,Praha – Libeň,Specialist,Marketing/Communications Specialist,"Junior/Entry-level, Medior/Mid-level",Marketing & Communications,,https://www.jobs.cz/rpd/2001389228/,2026-09-11T15:59:12+02:00,Deprioritized,0,Other,Prague,26,Junior/entry level; Medior level,Generic marketing role
JB_7957,Fraud and Risk Specialist (JPO08010),,Praha – Holešovice,Specialist,Compliance/AML Specialist,,Compliance & Risk,,https://www.jobs.cz/rpd/2001419429/,2026-09-11T15:59:12+02:00,Deprioritized,0,Other,Prague,26,,
JB_1103,Group Rewards Specialist,,Praha – Vinohrady,Specialist,HR/People Specialist,,,,https://www.jobs.cz/rpd/2001352093/,2026-09-11T15:59:12+02:00,Deprioritized,0,Other,Prague,26,,
JB_7602,HR Services Project Specialist,,Praha – Stodůlky,Specialist,HR/People Specialist,,"HR & Recruitment, Project & Program Management",,https://www.jobs.cz/rpd/2001413272/,2026-09-11T15:59:12+02:00,Deprioritized,0,Other,Prague,26,,
JB_2642,HR Specialist,,Praha – Strašnice,Specialist,HR/People Specialist,,HR & Recruitment,,https://www.jobs.cz/rpd/2001401402/,2026-09-11T15:59:12+02:00,Deprioritized,0,Other,Prague,26,,
JB_9810,Meta Ads Specialist / Performance Specialist,20 000 – 40 000 Kč,Praha – Krč,Specialist,General Specialist,,,,https://www.jobs.cz/rpd/2001413687/,2026-09-11T15:59:12+02:00,Deprioritized,0,Other,Prague,26,,
JB_5770,Omnichannel Specialist (modernizace letiště),,Praha – Ruzyně,Specialist,General Specialist,,,,https://www.jobs.cz/rpd/2001228480/,2026-09-11T15:59:12+02:00,Deprioritized,0,Other,Prague,26,,
JB_6729,CYBER SECURITY / SecOps SPECIALIST M/Ž,,Praha – Michle,Specialist,Cybersecurity Specialist,,Cybersecurity,,https://www.jobs.cz/rpd/2001383058/,2026-09-11T15:59:06+02:00,Deprioritized,0,Other,Prague,26,,
JB_1472,Specialist(k)a vypořádání / Settlement Specialist,,Praha,Specialist,General Specialist,,,,https://www.jobs.cz/rpd/2001401088/,2026-09-11T15:59:06+02:00,Deprioritized,0,Other,Prague,26,,
JB_3239,"Specialist/ka péče o individuální dárce (úvazek 0,8-1,0)",33 600 – 42 000 Kč,Praha – Vysočany,Specialist,General Specialist,,,,https://www.jobs.cz/rpd/2001403487/,2026-09-11T15:59:06+02:00,Deprioritized,0,Other,Prague,26,,
JB_4427,Wholesale Operations & Account Specialist,,Praha – Smíchov,Specialist,Operations Specialist,,,,https://www.jobs.cz/rpd/2001417329/,2026-09-11T15:59:06+02:00,Deprioritized,0,Other,Prague,26,,
JB_4532,FSI Audit Analyst | Ideální start kariéry pro absolventy | Praha,,Praha – Vinohrady,Analyst,Risk/Credit Analyst,Junior/Entry-level,Compliance & Risk,,https://www.jobs.cz/rpd/2001287949/,2026-09-11T15:59:05+02:00,Deprioritized,0,Other,Prague,26,Junior/entry level,Finance/accounting orientation
JB_2769,Security Analyst – Cloud Applications,,Praha – Holešovice,Analyst,Security/Fraud Analyst,,"Cybersecurity, Cloud & Infrastructure",,https://www.jobs.cz/rpd/2001378503/,2026-09-11T15:59:05+02:00,Deprioritized,0,Other,Prague,26,,
JB_7190,3D electron diffraction specialist in cryo-EM core facility,,Praha – Dejvice,Specialist,Operations Specialist,,,,https://www.jobs.cz/rpd/2001400846/,2026-09-11T15:58:59+02:00,Deprioritized,0,Other,Prague,26,,
JB_9773,Analytik fiskální politiky,,Praha – Nové Město,Analyst,General Analyst,,Data & Analytics,,https://www.jobs.cz/rpd/2001417668/,2026-09-11T15:58:59+02:00,Deprioritized,0,Other,Prague,26,,
JB_0294,Analytik/Analytička (LBA),,Praha – Hostivař,Analyst,General Analyst,,Data & Analytics,,https://www.jobs.cz/rpd/2001381649/,2026-09-11T15:58:59+02:00,Deprioritized,0,Other,Prague,26,,
JB_7854,Analytik/analytička pro sociální oblast,,Praha – Nové Město,Analyst,General Analyst,,Data & Analytics,,https://www.jobs.cz/rpd/2001393806/,2026-09-11T15:58:59+02:00,Deprioritized,0,Other,Prague,26,,
JB_3649,Expansion Specialist BB,50 000 – 60 000 Kč,Praha – Hloubětín,Specialist,General Specialist,,,,https://www.jobs.cz/rpd/2001283565/,2026-09-11T15:58:59+02:00,Deprioritized,0,Other,Prague,26,,
JB_9200,HR Business Partner,,Praha – Stodůlky,Specialist,HR/People Specialist,,HR & Recruitment,,https://www.jobs.cz/rpd/2001400400/,2026-09-11T15:58:59+02:00,Deprioritized,0,Other,Prague,26,,
JB_5145,INFORMATION SECURITY SPECIALIST,,Praha – Hostivař,Specialist,Cybersecurity Specialist,,Cybersecurity,,https://www.jobs.cz/rpd/2001419480/,2026-09-11T15:58:59+02:00,Deprioritized,0,Other,Prague,26,,
JB_8071,INFORMATION SECURITY SPECIALIST,,Praha – Hostivař,Specialist,Cybersecurity Specialist,,Cybersecurity,,https://www.jobs.cz/rpd/2001376210/,2026-09-11T15:58:59+02:00,Deprioritized,0,Other,Prague,26,,
JB_6880,Insurance Claims Analyst with Danish,,Praha – Holešovice,Analyst,General Analyst,,Insurance,,https://www.jobs.cz/rpd/2001410819/,2026-09-11T15:58:59+02:00,Deprioritized,0,Other,Prague,26,,
JB_5097,Matematik / Analytik,,Praha – Modřany,Analyst,General Analyst,,Data & Analytics,,https://www.jobs.cz/rpd/2001371063/,2026-09-11T15:58:59+02:00,Deprioritized,0,Other,Prague,26,,
JB_8161,Network Security Specialist,,Praha – Krč,Specialist,Cybersecurity Specialist,,"Cybersecurity, Cloud & Infrastructure",,https://www.jobs.cz/rpd/2001322924/,2026-09-11T15:58:59+02:00,Deprioritized,0,Other,Prague,26,,
JB_7199,Odhadce/odhadkyně nemovitého majetku - 80 tis. čistého,70 000 – 80 000 Kč,Praha – Karlín,Specialist,Real Estate/Valuation Specialist,,Real Estate & Construction,,https://www.jobs.cz/rpd/2000327358/,2026-09-11T15:58:59+02:00,Deprioritized,0,Other,Prague,26,,
JB_3223,Specialista/ka BRRD - Praha,,Praha – Karlín,Specialist,General Specialist,,,,https://www.jobs.cz/rpd/2001316647/,2026-09-11T15:58:59+02:00,Deprioritized,0,Other,Prague,26,,
JB_6962,Strategy & Transformation - Associate Consultant,,Praha – Karlín,Consultant,Management/Strategy Consultant,,,,https://www.jobs.cz/rpd/2001382900/,2026-09-11T15:58:59+02:00,Deprioritized,0,Other,Prague,26,,
JB_1970,SOC / CSIRT Analytik L3 pro skupinu CSG,,Praha – Karlín,Analyst,Security/Fraud Analyst,,"Data & Analytics, Cybersecurity",,https://www.jobs.cz/rpd/2001246733/,2026-09-11T15:58:50+02:00,Deprioritized,0,Other,Prague,26,,
JB_0920,Teamleader O2 Media & Business Development (m/ž),,Praha – Michle,Manager,Sales/Account Manager,Lead/Head,"Sales & Business Development, Marketing & Communications, Media & Entertainment",,https://www.jobs.cz/rpd/2001380643/,2026-09-11T15:58:50+02:00,Deprioritized,0,Other,Prague,26,,
JB_1399,Trading System administrator,,Praha – Michle,Administrator,Systems/Server Administrator,,IT & Software,,https://www.jobs.cz/rpd/2001090875/,2026-09-11T15:58:50+02:00,Deprioritized,0,Other,Prague,26,,
JB_0846,Bezpečnostní analytik,,Praha – Karlín,Analyst,Security/Fraud Analyst,,Data & Analytics,,https://www.jobs.cz/rpd/2001398627/,2026-09-11T15:58:34+02:00,Deprioritized,0,Other,Prague,26,,
JB_6627,English Junior Payroll Specialist - Paid training provided!,,Praha – Karlín,Specialist,HR/People Specialist,Junior/Entry-level,"HR & Recruitment, Education & Research",,https://www.jobs.cz/rpd/2001408301/,2026-09-11T15:58:34+02:00,Deprioritized,0,Other,Prague,26,Junior/entry level,Finance/accounting orientation
JB_6471,English Junior Payroll Specialist - Paid training provided!,,Praha – Karlín,Specialist,HR/People Specialist,Junior/Entry-level,"HR & Recruitment, Education & Research",,https://www.jobs.cz/rpd/2001406220/,2026-09-11T15:58:34+02:00,Deprioritized,0,Other,Prague,26,Junior/entry level,Finance/accounting orientation
JB_9798,Executive & Business Coordinator,50 000 – 65 000 Kč,Hlavní město Praha,Coordinator,General Coordinator,,,,https://www.jobs.cz/rpd/2001397367/,2026-09-11T15:58:34+02:00,Deprioritized,0,Other,Prague,26,,
JB_6367,German Junior Payroll Specialist - Paid training provided!,,Praha – Karlín,Specialist,HR/People Specialist,Junior/Entry-level,"HR & Recruitment, Education & Research",,https://www.jobs.cz/rpd/2001364753/,2026-09-11T15:58:34+02:00,Deprioritized,0,Other,Prague,26,Junior/entry level,Finance/accounting orientation
JB_6227,HR Coordinator - Clarion Congress Hotel Prague****,,Praha – Vysočany,Coordinator,HR/People Coordinator,,HR & Recruitment,,https://www.jobs.cz/rpd/2001400174/,2026-09-11T15:58:34+02:00,Deprioritized,0,Other,Prague,26,,
JB_2807,Investigativní specialista /tka- interní bezpečnost a ochrana firemních dat,60 000 – 90 000 Kč,Praha – Nové Město,Specialist,Cybersecurity Specialist,,,,https://www.jobs.cz/rpd/2001381386/,2026-09-11T15:58:34+02:00,Deprioritized,0,Other,Prague,26,,
JB_1396,Loss Prevention Coordinator - Audit - němčina podmínkou,,Praha – Prosek,Coordinator,General Coordinator,,Compliance & Risk,,https://www.jobs.cz/rpd/2001400626/,2026-09-11T15:58:34+02:00,Deprioritized,0,Other,Prague,26,,
JB_5616,Master Data Co-Ordinator,,Praha – Jinonice,Coordinator,General Coordinator,,Data & Analytics,,https://www.jobs.cz/rpd/2001394664/,2026-09-11T15:58:34+02:00,Deprioritized,0,Other,Prague,26,,
JB_8655,Polish Junior Payroll Specialist - Paid training provided!,,Praha – Karlín,Specialist,HR/People Specialist,Junior/Entry-level,"HR & Recruitment, Education & Research",,https://www.jobs.cz/rpd/2001364827/,2026-09-11T15:58:34+02:00,Deprioritized,0,Other,Prague,26,Junior/entry level,Finance/accounting orientation
JB_1510,Portuguese Junior Payroll Specialist - Paid training provided!,,Praha – Karlín,Specialist,HR/People Specialist,Junior/Entry-level,"HR & Recruitment, Education & Research",,https://www.jobs.cz/rpd/2001408282/,2026-09-11T15:58:34+02:00,Deprioritized,0,Other,Prague,26,Junior/entry level,Finance/accounting orientation
JB_6579,Security & Emergency Response Planning Coordinator,,Praha – Ruzyně,Coordinator,General Coordinator,,Cybersecurity,,https://www.jobs.cz/rpd/2001410356/,2026-09-11T15:58:34+02:00,Deprioritized,0,Other,Prague,26,,
JB_8270,Service Coordinator,,Praha – Chodov,Coordinator,Operations/Service Coordinator,,,,https://www.jobs.cz/rpd/2001412844/,2026-09-11T15:58:34+02:00,Deprioritized,0,Other,Prague,26,,
JB_2321,SIEM analytik a Security consultant - až 3 dny home office možné,,Praha,Analyst,Security/Fraud Analyst,,"Data & Analytics, Cybersecurity",,https://www.jobs.cz/rpd/2001419522/,2026-09-11T15:58:34+02:00,Deprioritized,0,Other,Prague,26,,
JB_7639,Specialista Asset managementu,,Praha – Nusle,Specialist,General Specialist,,,,https://www.jobs.cz/rpd/2001415689/,2026-09-11T15:58:34+02:00,Deprioritized,0,Other,Prague,26,,
JB_1839,Technical Service Coordinator with German - Zličín,50 000 – 65 000 Kč,Praha – Zličín,Coordinator,Operations/Service Coordinator,,,,https://www.jobs.cz/rpd/2001417355/,2026-09-11T15:58:34+02:00,Deprioritized,0,Other,Prague,26,,
JB_6434,TECHNIK / TECHNIČKA ENERGETICKÉHO MANAGEMENTU A OZE,,Praha – Krč,Technician,General Technician,,Energy & Utilities,,https://www.jobs.cz/rpd/2001403122/,2026-09-11T15:58:34+02:00,Deprioritized,0,Other,Prague,26,,
JB_0261,CEE Learning Projects Coordinator (Generali CEE Holding),,Praha – Michle,Coordinator,General Coordinator,,,,https://www.jobs.cz/rpd/2001417505/,2026-09-11T15:58:25+02:00,Deprioritized,0,Other,Prague,26,,
JB_7021,Financial Coordinator for International Degree Programs,,Praha – Staré Město,Coordinator,Finance/Administrative Coordinator,,Finance & Banking,,https://www.jobs.cz/rpd/2001397790/,2026-09-11T15:58:25+02:00,Deprioritized,0,Other,Prague,26,,
JB_6918,Global Labelling & Material Compliance Coordinator,,Praha,Coordinator,General Coordinator,,Compliance & Risk,,https://www.jobs.cz/rpd/2001383288/,2026-09-11T15:58:25+02:00,Deprioritized,0,Other,Prague,26,,
JB_5461,Health Safety Environment Coordinator,,Praha – Smíchov,Coordinator,General Coordinator,,Quality & Safety,,https://www.jobs.cz/rpd/2001383190/,2026-09-11T15:58:25+02:00,Deprioritized,0,Other,Prague,26,,
JB_9132,Konzultant SAP,,Praha – Lhotka,Consultant,SAP/ERP Consultant,,,SAP,https://www.jobs.cz/rpd/2001326481/,2026-09-11T15:58:25+02:00,Deprioritized,0,Other,Prague,26,,
JB_4295,Produktový/á specialista/ka pro korporátní divizi 💼,,Praha,Specialist,Product/Project Specialist,,,,https://www.jobs.cz/rpd/2001383017/,2026-09-11T15:58:25+02:00,Deprioritized,0,Other,Prague,26,,
JB_2565,SPECIALISTA HR SYSTÉMŮ,,Praha – Holešovice,Specialist,HR/People Specialist,,HR & Recruitment,,https://www.jobs.cz/rpd/2001198448/,2026-09-11T15:58:25+02:00,Deprioritized,0,Other,Prague,26,,
JB_8702,Specialista/ka reportingu,,Praha – Stodůlky,Specialist,General Specialist,,,,https://www.jobs.cz/rpd/2001407546/,2026-09-11T15:58:25+02:00,Deprioritized,0,Other,Prague,26,,
JB_7248,📲 Digital Product Owner pro mobilní aplikaci,,Praha – Štěrboholy,Manager,Product Manager/Product Owner,,"IT & Software, Product Management",,https://www.jobs.cz/rpd/2001421598/,2026-09-11T15:58:25+02:00,Deprioritized,0,Other,Prague,26,,
JB_6107,Analytik/analytička evaluace,55 000 – 60 000 Kč,Praha – Holešovice,Analyst,General Analyst,,Data & Analytics,,https://www.jobs.cz/rpd/2001409536/,2026-09-11T15:58:19+02:00,Deprioritized,0,Other,Prague,26,,
JB_6229,KYC & Supplier Onboarding Specialist - Mezinárodní advokátní kancelář,,Praha – Karlín,Specialist,Compliance/AML Specialist,,"Compliance & Risk, Legal",,https://www.jobs.cz/rpd/2001400593/,2026-09-11T15:58:19+02:00,Deprioritized,0,Other,Prague,26,,
JB_1610,Pricing and Discount Specialist with Dutch/French,,Praha – Michle,Specialist,Finance/Banking Specialist,,Finance & Banking,,https://www.jobs.cz/rpd/2001380991/,2026-09-11T15:58:19+02:00,Deprioritized,0,Other,Prague,26,French-language advantage,Finance/accounting orientation
JB_0589,Product security architect,,Praha – Michle + 1 další lokalita,Architect,Security Architect,,Cybersecurity,,https://www.jobs.cz/rpd/2001328756/,2026-09-11T15:58:19+02:00,Deprioritized,0,Other,Prague,26,,
JB_3534,Retention Specialist,,Praha – Nové Město,Specialist,General Specialist,,,,https://www.jobs.cz/rpd/2001358257/,2026-09-11T15:58:19+02:00,Deprioritized,0,Other,Prague,26,,
JB_0529,Sales & PMO specialista,,Praha – Smíchov,Specialist,Product/Project Specialist,,"Sales & Business Development, Project & Program Management",,https://www.jobs.cz/rpd/2001417487/,2026-09-11T15:58:19+02:00,Deprioritized,0,Other,Prague,26,,
JB_7830,Team Leader - AntiFraud,,Praha – Nové Město,Manager,Executive/General Manager,Lead/Head,,,https://www.jobs.cz/rpd/2001358878/,2026-09-11T15:58:19+02:00,Deprioritized,0,Other,Prague,26,,
JB_1007,Group Promotion Specialist,,Praha – Vinohrady,Specialist,General Specialist,,,,https://www.jobs.cz/rpd/2001396239/,2026-09-11T15:58:07+02:00,Deprioritized,0,Other,Prague,26,,
JB_3413,Sales Support Specialist,,Praha – Horní Počernice,Support Specialist,Business/Sales Support,,Sales & Business Development,,https://www.jobs.cz/rpd/2001400146/,2026-09-11T15:58:07+02:00,Deprioritized,0,Other,Prague,26,,
JB_0092,Sales Support Specialist,,Praha – Strašnice,Support Specialist,Business/Sales Support,,Sales & Business Development,,https://www.jobs.cz/rpd/2001391660/,2026-09-11T15:58:07+02:00,Deprioritized,0,Other,Prague,26,,
JB_8320,Specialist in Process Development,,Praha – Holešovice,Specialist,Operations Specialist,,,,https://www.jobs.cz/rpd/2001386621/,2026-09-11T15:58:07+02:00,Deprioritized,0,Other,Prague,26,,
JB_6958,Enterprise architekt/ka,,Praha – Holešovice,Architect,Enterprise Architect,,,,https://www.jobs.cz/rpd/2001391634/,2026-09-11T15:58:06+02:00,Deprioritized,0,Other,Prague,26,,
JB_1867,Site Continuous Improvement Specialist | Od nápadu až po realizaci,,Praha – Dolní Měcholupy,Specialist,Manufacturing/Production Specialist,,,,https://www.jobs.cz/rpd/2001390417/,2026-09-11T15:58:06+02:00,Deprioritized,0,Other,Prague,26,,
JB_3771,Technicko-ekonomický analytik výstavby - zaměření TZB,90 000 – 100 000 Kč,Praha – Nusle,Analyst,Economic/Policy Analyst,,Data & Analytics,,https://www.jobs.cz/rpd/2001415730/,2026-09-11T15:58:06+02:00,Deprioritized,0,Other,Prague,26,,
JB_4583,CRM Analyst (m/f) - Corporate Banking,,Praha – Nusle,Analyst,General Analyst,,Finance & Banking,,https://www.jobs.cz/rpd/2001421566/,2026-09-11T15:57:56+02:00,Deprioritized,0,Other,Prague,26,,
JB_7020,Analyst with German– Corporates International,,Praha – Vinohrady,Analyst,General Analyst,,,,https://www.jobs.cz/rpd/2000609958/,2026-09-11T15:57:55+02:00,Deprioritized,0,Other,Prague,26,,
JB_2025,Documentation Specialist / Service Center Coordinator,,Praha – Hlubočepy,Coordinator,Operations/Service Coordinator,,,,https://www.jobs.cz/rpd/2001398089/,2026-09-11T15:57:55+02:00,Deprioritized,0,Other,Prague,26,,
JB_9036,EQUITY ANALYST,,Praha – Karlín,Analyst,General Analyst,,,,https://www.jobs.cz/rpd/2001304647/,2026-09-11T15:57:55+02:00,Deprioritized,0,Other,Prague,26,,
JB_4761,IT analytik / aplikační architekt,,Praha – Karlín,Architect,Software/Application Architect,,"Data & Analytics, IT & Software",,https://www.jobs.cz/rpd/2001260871/,2026-09-11T15:57:55+02:00,Deprioritized,0,Other,Prague,26,,
JB_7429,Junior Analyst - valuation,,Praha – Nové Město,Analyst,Finance/Investment Analyst,Junior/Entry-level,Finance & Banking,,https://www.jobs.cz/rpd/2001382944/,2026-09-11T15:57:55+02:00,Deprioritized,0,Other,Prague,26,Junior/entry level,Finance/accounting orientation
JB_1877,PROVIZNÍ SPECIALISTA/KA,,Praha – Michle,Specialist,General Specialist,,,,https://www.jobs.cz/rpd/2001400800/,2026-09-11T15:57:55+02:00,Deprioritized,0,Other,Prague,26,,
JB_5328,Analyst/Associate v týmu Oceňování – Top Clients,,Praha – Karlín,Analyst,General Analyst,,,,https://www.jobs.cz/rpd/2001400344/,2026-09-11T15:57:43+02:00,Deprioritized,0,Other,Prague,26,,
JB_8230,Analytik/čka operačního rizika - Praha,,Praha – Michle,Analyst,General Analyst,,Data & Analytics,,https://www.jobs.cz/rpd/2001419205/,2026-09-11T15:57:43+02:00,Deprioritized,0,Other,Prague,26,,
JB_5951,Ekonom - analytik,70 000 – 92 000 Kč,Praha – Holešovice,Analyst,Economic/Policy Analyst,,Data & Analytics,,https://www.jobs.cz/rpd/2001400247/,2026-09-11T15:57:43+02:00,Deprioritized,0,Other,Prague,26,,
JB_6014,Global HR Information Systems Specialist - Farmacie,,Praha – Michle,Specialist,HR/People Specialist,,"IT & Software, HR & Recruitment",,https://www.jobs.cz/rpd/2001345735/,2026-09-11T15:57:43+02:00,Deprioritized,0,Other,Prague,26,,
JB_9566,Konzultant a analytik pro ERP HELIOS iNuvio / Praha,80 000 – 120 000 Kč,Praha – Vršovice,Consultant,SAP/ERP Consultant,,Data & Analytics,,https://www.jobs.cz/rpd/2001388307/,2026-09-11T15:57:43+02:00,Deprioritized,0,Other,Prague,26,,
JB_3370,Specialista/ka kapacitních výpočtů distribuční soustavy,,Praha – Prosek + 3 další lokality,Specialist,General Specialist,,,,https://www.jobs.cz/rpd/2001327315/,2026-09-11T15:57:43+02:00,Deprioritized,0,Other,Prague,26,,
JB_6449,🔥 Continuous improvement specialist (m/ž) | výroba,60 000 – 70 000 Kč,Praha – Letňany,Specialist,Manufacturing/Production Specialist,,Manufacturing & Production,,https://www.jobs.cz/rpd/2001417293/,2026-09-11T15:57:43+02:00,Deprioritized,0,Other,Prague,26,,
JB_7362,Account Creation Specialists/ASAP/ENG/Full time/Fixed-term contract until 31.12.2026,,Praha,Specialist,Administrative Specialist,,,,https://www.jobs.cz/rpd/2001398720/,2026-09-11T15:57:28+02:00,Deprioritized,0,Other,Prague,26,,
JB_9926,Banking (kvantitativní rizika) – Junior konzultant/ka,,Praha – Karlín,Consultant,Finance/Transactions Consultant,Junior/Entry-level,Finance & Banking,,https://www.jobs.cz/rpd/2001214504/,2026-09-11T15:57:28+02:00,Deprioritized,0,Other,Prague,26,Junior/entry level,Finance/accounting orientation
JB_1226,CRM a Sales Operations Specialist | Klíčová role pro správu CRM,,Praha,Specialist,Sales/Commercial Specialist,,Sales & Business Development,,https://www.jobs.cz/rpd/2001379049/,2026-09-11T15:57:28+02:00,Deprioritized,0,Other,Prague,26,,
JB_1017,People Support Specialist with German & Czech,,Praha – Jinonice,Support Specialist,HR/People Support,,HR & Recruitment,,https://www.jobs.cz/rpd/2001402884/,2026-09-11T15:57:28+02:00,Deprioritized,0,Other,Prague,26,,
JB_3867,Senior Sales Analyst – CEE Sales Analytics,,Praha,Analyst,Sales/Commercial Analyst,Senior,"Data & Analytics, Sales & Business Development",,https://www.jobs.cz/rpd/2001415785/,2026-09-11T15:57:28+02:00,Deprioritized,0,Business/Product Analysis,Prague,26,Business/Product Analysis,Senior-level position
JB_0800,Specialista / Specialistka řízení bezpečnostních a IT rizik,,Praha – Dejvice,Specialist,Cybersecurity Specialist,,IT & Software,,https://www.jobs.cz/rpd/2001322653/,2026-09-11T15:57:28+02:00,Deprioritized,0,Other,Prague,26,,
JB_7717,Supply Chain Analyst,,Praha – Dejvice,Analyst,Operations/Supply Chain Analyst,,Supply Chain & Logistics,,https://www.jobs.cz/rpd/2001396647/,2026-09-11T15:57:28+02:00,Deprioritized,0,Other,Prague,26,,
JB_9141,*Accounting Analyst with French (f/m/d),,Praha – Smíchov,Analyst,Finance/Investment Analyst,,Finance & Banking,,https://www.jobs.cz/rpd/2001270319/,2026-09-11T15:57:15+02:00,Deprioritized,0,Other,Prague,26,French-language advantage,Finance/accounting orientation
JB_1203,Analytik / Analytička řízení rizik,,Praha – Dejvice,Analyst,General Analyst,,Data & Analytics,,https://www.jobs.cz/rpd/2001211167/,2026-09-11T15:57:15+02:00,Deprioritized,0,Other,Prague,26,,
JB_2320,Analytik/čka rizik,,Praha – Košíře,Analyst,General Analyst,,Data & Analytics,,https://www.jobs.cz/rpd/2001395841/,2026-09-11T15:57:15+02:00,Deprioritized,0,Other,Prague,26,,
JB_3040,Analytik kybernetické bezpečnosti (EDR/NGFW/IoMT/SIEM),,Praha – Motol,Analyst,Security/Fraud Analyst,,"Data & Analytics, Cybersecurity",,https://www.jobs.cz/rpd/2001414572/,2026-09-11T15:57:03+02:00,Deprioritized,0,Other,Prague,26,,
JB_6504,Analytik pro zakázkový vývoj,,Praha – Karlín,Analyst,General Analyst,,Data & Analytics,,https://www.jobs.cz/rpd/2001244805/,2026-09-11T15:57:03+02:00,Deprioritized,0,Other,Prague,26,,
JB_6873,Analytik/analytička pro komoditní produkty,,Praha – Smíchov,Analyst,General Analyst,,Data & Analytics,,https://www.jobs.cz/rpd/2001364477/,2026-09-11T15:57:03+02:00,Deprioritized,0,Other,Prague,26,,
JB_5043,Microsoft Azure Security Governance & Compliance Specialist (f/m),,Praha – Chodov,Specialist,Cybersecurity Specialist,,"Cybersecurity, Compliance & Risk",Azure,https://www.jobs.cz/rpd/2001094671/,2026-09-11T15:57:03+02:00,Deprioritized,0,Other,Prague,26,,
JB_4619,Product Owner – Online sjednání pojištění,,Praha – Nové Město,Manager,Product Manager/Product Owner,,"Insurance, Product Management",,https://www.jobs.cz/rpd/2001387211/,2026-09-11T15:57:03+02:00,Deprioritized,0,Other,Prague,26,,
JB_9435,SAP BI/BW konzultant M/Ž,,Praha – Michle,Consultant,SAP/ERP Consultant,,Data & Analytics,SAP,https://www.jobs.cz/rpd/2001107013/,2026-09-11T15:57:03+02:00,Deprioritized,0,Other,Prague,26,,
JB_0398,Analytik Security Operations Center (SOC),,Praha – Michle,Analyst,Security/Fraud Analyst,,"Data & Analytics, Cybersecurity",,https://www.jobs.cz/rpd/2001392178/,2026-09-11T15:56:57+02:00,Deprioritized,0,Other,Prague,26,,
JB_1036,Information Security Risk & Resilience Analyst,,Praha – Michle,Analyst,Security/Fraud Analyst,,"Cybersecurity, Compliance & Risk",,https://www.jobs.cz/rpd/2001406277/,2026-09-11T15:56:57+02:00,Deprioritized,0,Other,Prague,26,,
JB_1965,Investor Relations Analyst,,Praha,Analyst,General Analyst,,,,https://www.jobs.cz/rpd/2001353746/,2026-09-11T15:56:57+02:00,Deprioritized,0,Other,Prague,26,,
JB_8739,Quality & Safety Specialist,,Praha – Vokovice,Specialist,Quality/Regulatory Specialist,,Quality & Safety,,https://www.jobs.cz/rpd/2001387066/,2026-09-11T15:56:57+02:00,Deprioritized,0,Other,Prague,26,,
JB_8738,Team Lead Business Analyst,,Praha – Stodůlky,Manager,Executive/General Manager,Lead/Head,,,https://www.jobs.cz/rpd/2001417476/,2026-09-11T15:56:57+02:00,Deprioritized,0,Business/Product Analysis,Prague,26,Business/Product Analysis,Leadership/management position
JB_8676,TV analytik mediálního obchodu,,Praha – Strašnice,Analyst,General Analyst,,"Data & Analytics, Sales & Business Development",,https://www.jobs.cz/rpd/2001381621/,2026-09-11T15:56:57+02:00,Deprioritized,0,Other,Prague,26,,
JB_1670,UX & Data Support,,Praha – Staré Město,Designer,UX/UI/Product Designer,,Data & Analytics,,https://www.jobs.cz/rpd/2001104783/,2026-09-11T15:56:57+02:00,Deprioritized,0,Other,Prague,26,,
JB_7613,HR Data Master,,Praha – Stodůlky,Specialist,HR/People Specialist,,"Data & Analytics, HR & Recruitment",,https://www.jobs.cz/rpd/2001400549/,2026-09-11T15:56:42+02:00,Deprioritized,0,Other,Prague,26,,
JB_8283,Senior Business Analyst,,Praha – Michle,Analyst,Business/Process Analyst,Senior,,,https://www.jobs.cz/rpd/2001408586/,2026-09-11T15:56:42+02:00,Deprioritized,0,Business/Product Analysis,Prague,26,Business/Product Analysis,Senior-level position
JB_3865,Senior Business Analyst,,Praha – Michle,Analyst,Business/Process Analyst,Senior,,,https://www.jobs.cz/rpd/2001237361/,2026-09-11T15:56:42+02:00,Deprioritized,0,Business/Product Analysis,Prague,26,Business/Product Analysis,Senior-level position
JB_8301,Senior IT Business Analytik | Integrace a návrh řešení,90 000 – 110 000 Kč,Praha,Analyst,IT/Systems Analyst,Senior,"Data & Analytics, IT & Software",,https://www.jobs.cz/rpd/2001389725/,2026-09-11T15:56:42+02:00,Deprioritized,0,Business/Product Analysis,Prague,26,Business/Product Analysis,Senior-level position
JB_8839,Specialista ISO a systémů řízení,,Praha – Braník,Specialist,General Specialist,,,,https://www.jobs.cz/rpd/2001419355/,2026-09-11T15:56:42+02:00,Deprioritized,0,Other,Prague,26,,
JB_4355,Systémový analytik – Contract Management System,,Praha – Libeň,Analyst,IT/Systems Analyst,,"Data & Analytics, IT & Software",,https://www.jobs.cz/rpd/2001417150/,2026-09-11T15:56:42+02:00,Deprioritized,0,Business/Product Analysis,Prague,26,Business/Product Analysis,Leadership/management position
JB_9496,Information Security Specialist,,Praha – Michle,Specialist,Cybersecurity Specialist,,Cybersecurity,,https://www.jobs.cz/rpd/2001401600/,2026-09-11T15:56:36+02:00,Deprioritized,0,Other,Prague,26,,
JB_3364,Konzultant - Virtual Desktop,100 000 – 110 000 Kč,Praha – Krč,Consultant,Technical/Infrastructure Consultant,,,,https://www.jobs.cz/rpd/2001417634/,2026-09-11T15:56:22+02:00,Deprioritized,0,Other,Prague,26,,
JB_3648,Sales Lead – Small Enterprises,90 000 Kč,Praha – Libeň,Manager,Sales/Account Manager,Lead/Head,Sales & Business Development,,https://www.jobs.cz/rpd/2001378660/,2026-09-11T15:56:22+02:00,Deprioritized,0,Other,Prague,26,,
BLT_4605,Junior Esims Trader,,"Prague, CZE",Specialist,Finance/Banking Specialist,Junior,,,https://builtin.com/job/junior-esims-trader/9884967,,Deprioritized,0,Other,Prague,,Junior/entry level,Finance/accounting orientation
BLT_5321,Quantitative Researcher - Option,,29 Locations,Researcher,General Researcher,Mid level,,,https://builtin.com/job/quantitative-researcher/9920508,,Deprioritized,0,Other,Outside Prague - verify,,Medior level,Location requires verification
BLT_4136,Senior Data Analyst,948K-1M Annually,Czech Republic,Analyst,Data/BI Analyst,Senior level,Data & Analytics,,https://builtin.com/job/senior-data-analyst/11028184,,Deprioritized,0,Core Data & Analytics,Czechia - verify Prague/remote,,Core Data & Analytics,Senior-level position; Location requires verification
BLT_6203,Valuation editor,,"Prague, CZE",Specialist,Finance/Banking Specialist,Entry level,Finance & Banking,,https://builtin.com/job/valuation-editor/8876342,,Deprioritized,0,Other,Prague,,Junior/entry level,Finance/accounting orientation
SJ_851136,Junior produktový manažer pro Seznam Homepage,,Prague,Manager,Product Manager/Product Owner,Junior/Entry-level,Product Management,,https://www.startupjobs.cz/nabidka/108163/junior-produktovy-manazer-pro-seznam-homepage,2026-10-07T14:20:29+02:00,Deprioritized,-1,Other,Prague,0,Junior/entry level,Leadership/management position
SJ_103893,Sr. Test Automation Backend Engineer,,Prague,Engineer,QA/Test Engineer,Senior,Engineering & R&D,,https://www.startupjobs.cz/nabidka/103893/sr-test-automation-backend-engineer,2026-10-07T14:13:14+02:00,Deprioritized,-1,Adjacent Technical,Prague,0,Adjacent Technical; R,Senior-level position
JST_9987,SAP Expert R2R,až 273 000 Kč / měsíc,Praha 4,Specialist,IT/Systems Specialist,"Senior, Expert",,SAP,https://www.jobstack.it/it-job/sap/6a9fddb943b0d,2026-10-07T14:10:33+02:00,Deprioritized,-1,Adjacent Technical,Prague,0,Adjacent Technical; R,Senior-level position
JB_8878,CAD Designer - Automation Team,,Plazy,Designer,Mechanical/Technical Designer,,,,https://www.jobs.cz/rpd/2001467087/,2026-10-07T13:35:54+02:00,Deprioritized,-1,Other,Outside Prague - verify,0,,Location requires verification
JB_9189,Administrativní referent(ka),30 000 – 40 000 Kč,Doubek,Administrator,Business/Office Administrator,,,,https://www.jobs.cz/rpd/2001465142/,2026-10-07T13:03:45+02:00,Deprioritized,-1,Other,Outside Prague - verify,0,,Location requires verification
JB_9350,International Forwarding Team Leader,,Říčany – Jažlovice,Manager,Executive/General Manager,Lead/Head,,,https://www.jobs.cz/rpd/2001467848/,2026-10-07T12:52:59+02:00,Deprioritized,-1,Other,Outside Prague - verify,0,,Location requires verification
JB_2272,Specialista správy dopravců,,Nepřevázka,Specialist,General Specialist,,,,https://www.jobs.cz/rpd/2001459771/,2026-10-07T12:52:59+02:00,Deprioritized,-1,Other,Outside Prague - verify,0,,Location requires verification
JB_2449,CAD/PDM Specialista – ECA / ECA NG (M/Ž),120 000 – 140 000 Kč,Mladá Boleslav,Specialist,General Specialist,,,,https://www.jobs.cz/rpd/2001467165/,2026-10-07T12:52:43+02:00,Deprioritized,-1,Other,Outside Prague - verify,0,,Location requires verification
JB_1602,GDPR & COMPLIANCE SPECIALIST,,Modletice,Specialist,Compliance/AML Specialist,,Compliance & Risk,,https://www.jobs.cz/rpd/2001465354/,2026-10-07T12:51:12+02:00,Deprioritized,-1,Other,Outside Prague - verify,0,,Location requires verification
JB_2157,BI ANALYTIK / JUNIOR BUSINESS INTELLIGENCE EXPERT,,Praha,Analyst,General Analyst,Junior/Entry-level,Data & Analytics,,https://www.jobs.cz/rpd/2001463079/,2026-10-07T12:40:05+02:00,Deprioritized,-1,Other,Prague,0,Junior/entry level,Senior-level position
BLT_7369,Product Software Engineering Manager (m/f/d),,27 Locations,Manager,IT/Engineering Manager,Entry level,"IT & Software, Engineering & R&D",,https://builtin.com/job/product-software-engineering-manager-m-f-d/11528360,2026-10-07T12:36:02+02:00,Deprioritized,-1,Other,Outside Prague - verify,0,R; Junior/entry level,Leadership/management position; Location requires verification
JB_1118,Team Leader Inbound,,Kralupy nad Vltavou,Manager,Executive/General Manager,Lead/Head,,,https://www.jobs.cz/rpd/2001459708/,2026-10-03T10:04:21+02:00,Deprioritized,-1,Other,Outside Prague - verify,5,,Location requires verification
JB_7592,Outbound Transport Specialist,,Kralupy nad Vltavou,Specialist,Logistics/Supply Chain Specialist,,Supply Chain & Logistics,,https://www.jobs.cz/rpd/2001417655/,2026-10-03T09:53:07+02:00,Deprioritized,-1,Other,Outside Prague - verify,5,,Location requires verification
JB_1887,Category Manager Junior / Coordinator,,Praha – Libeň,Manager,Product Manager/Product Owner,Junior/Entry-level,,,https://www.jobs.cz/rpd/2001460456/,2026-10-03T09:52:16+02:00,Deprioritized,-1,Other,Prague,5,Junior/entry level,Leadership/management position
SJ_108221,🚙 Junior Project Manager,,Prague,Manager,Project Manager,Junior/Entry-level,Project & Program Management,,https://www.startupjobs.cz/nabidka/108221/junior-project-manager,2026-10-02T12:41:34+02:00,Deprioritized,-1,Other,Prague,5,Junior/entry level,Leadership/management position
JST_6830,"Agile Tester – webové a mobilní aplikace, Praha",až 80 000 Kč / měsíc,Praha 6,Tester,General Tester,"Medior, Senior, Expert",IT & Software,,https://www.jobstack.it/it-job/tester/6abf684cde89f,2026-10-02T12:35:54+02:00,Deprioritized,-1,Adjacent Technical,Prague,5,Adjacent Technical; Medior level,Senior-level position
JB_9456,Servisní technik obráběcí stroje - Evropa,,Česká republika,Technician,Service/Maintenance Technician,,,,https://www.jobs.cz/rpd/2001457168/,2026-10-02T11:44:28+02:00,Deprioritized,-1,Other,Czechia - verify Prague/remote,5,,Location requires verification
JB_9858,⭕ TECHNICKÁ PODPORA (Energetika) – Praha východ⚡🔋🚗,50 000 – 70 000 Kč,Středočeský kraj,Support Specialist,Technical Support,,Energy & Utilities,,https://www.jobs.cz/rpd/2001456421/,2026-10-02T11:34:40+02:00,Deprioritized,-1,Other,Outside Prague - verify,5,,Location requires verification
JB_8894,ERP aplikační administrátor,70 000 – 80 000 Kč,Středočeský kraj,Administrator,Application Administrator,,IT & Software,,https://www.jobs.cz/rpd/2001456024/,2026-10-02T11:24:03+02:00,Deprioritized,-1,Other,Outside Prague - verify,5,,Location requires verification
JB_6612,Nákupčí,,Mnichovo Hradiště,Specialist,Procurement Specialist,,Procurement,,https://www.jobs.cz/rpd/2001456378/,2026-10-02T11:23:51+02:00,Deprioritized,-1,Other,Outside Prague - verify,5,,Location requires verification
JB_5909,GV Manager with French,,Praha – Karlín,Manager,Executive/General Manager,,,,https://www.jobs.cz/rpd/2001456409/,2026-10-02T11:22:48+02:00,Deprioritized,-1,Other,Prague,5,French-language advantage,Leadership/management position
JB_5476,TMS Specialist - Ovčáry u Kolína,,Ovčáry,Specialist,General Specialist,,,,https://www.jobs.cz/rpd/2001396746/,2026-10-02T11:10:59+02:00,Deprioritized,-1,Other,Outside Prague - verify,5,,Location requires verification
BLT_6786,"Senior Full-Stack Developer, Bespoke Projects",110K-160K Annually,27 Locations,Developer,Full-Stack Developer,Senior level,IT & Software,,https://builtin.com/job/senior-full-stack-developer-bespoke-projects/11374262,2026-10-02T11:06:56+02:00,Deprioritized,-1,Python/Software Development,Outside Prague - verify,6,Python/Software Development,Senior-level position; Location requires verification
BLT_8896,Senior Backend Developer t,,27 Locations,Developer,Backend Developer,Senior level,IT & Software,,https://builtin.com/job/senior-backend-developer-t/11464370,2026-10-02T11:06:41+02:00,Deprioritized,-1,Python/Software Development,Outside Prague - verify,6,Python/Software Development,Senior-level position; Location requires verification
JB_9172,Projektový koordinátor (m/ž) - negativní docházka,,Kutná Hora – Karlov,Coordinator,Project/Program Coordinator,,Project & Program Management,,https://www.jobs.cz/rpd/2001454175/,2026-09-30T11:31:26+02:00,Deprioritized,-1,Other,Outside Prague - verify,7,,Location requires verification
JB_2974,Junior Content Creator – brigáda pro studenta/studentku,,okres Praha,Specialist,Marketing/Communications Specialist,Junior/Entry-level,Marketing & Communications,,https://www.jobs.cz/rpd/2001453240/,2026-09-29T12:00:46+02:00,Deprioritized,-1,Other,Prague,8,Junior/entry level,Generic marketing role
JB_4347,Technik průmyslové senzoriky / Smart Sensor Technician,,Čížkovice,Technician,General Technician,,,,https://www.jobs.cz/rpd/2001416978/,2026-09-29T11:28:04+02:00,Deprioritized,-1,Other,Outside Prague - verify,8,,Location requires verification
JST_1563,UX Designer (Oracle APEX),až 120 000 Kč / měsíc,Praha,Designer,UX/UI/Product Designer,"Medior, Senior, Expert",,Oracle,https://www.jobstack.it/it-job/ux-designer/6ab65e5cb1307,2026-09-26T12:02:23+02:00,Deprioritized,-1,Other,Prague,11,SQL/data platform; Medior level,Senior-level position
JB_3414,Specialista / ka obchodní podpory a Inside Sales (B2B),35 000 – 50 000 Kč,Hořovice,Support Specialist,Business/Sales Support,,Sales & Business Development,,https://www.jobs.cz/rpd/2001446623/,2026-09-26T11:39:23+02:00,Deprioritized,-1,Other,Outside Prague - verify,11,,Location requires verification
JB_1760,KONSTRUKTÉR OBALŮ,,Modřice + 1 další lokalita,Technician,Mechanical Technician,,,,https://www.jobs.cz/rpd/2001446827/,2026-09-26T10:50:59+02:00,Deprioritized,-1,Other,Outside Prague - verify,12,,Location requires verification
JB_7304,"Technicko-obchodní specialista – FVE, bateriová uložiště, elektromobilita",50 000 – 80 000 Kč,Vestec,Specialist,Sales/Commercial Specialist,,Sales & Business Development,,https://www.jobs.cz/rpd/2001446625/,2026-09-26T10:50:59+02:00,Deprioritized,-1,Other,Outside Prague - verify,12,,Location requires verification
JB_6602,SW Manual Tester (Medior/Senior),,Praha – Staré Město + 1 další lokalita,Tester,Manual Software Tester,"Medior/Mid-level, Senior",,,https://www.jobs.cz/rpd/2001446984/,2026-09-26T10:42:07+02:00,Deprioritized,-1,Adjacent Technical,Prague,12,Adjacent Technical; Medior level,Senior-level position
JB_1409,"Správce klientských kampaní - Praha východ, Klíčany",50 000 – 70 000 Kč,Klíčany,Administrator,General Administrator,,Customer Service,,https://www.jobs.cz/rpd/2001438033/,2026-09-26T10:41:55+02:00,Deprioritized,-1,Other,Outside Prague - verify,12,,Location requires verification
JB_7771,Logistik s angličtinou - práce se zákaznickými portály,,Mnichovo Hradiště,Specialist,Customer Service Specialist,,Customer Service,,https://www.jobs.cz/rpd/2001412025/,2026-09-26T10:30:47+02:00,Deprioritized,-1,Other,Outside Prague - verify,12,,Location requires verification
JB_5654,Seniorní QA Engineer / Tester pro celoevropský digitalizační projekt,,Praha – Karlín,Engineer,QA/Test Engineer,Senior,"Project & Program Management, Engineering & R&D, Quality & Safety",,https://www.jobs.cz/rpd/2001447092/,2026-09-26T10:11:48+02:00,Deprioritized,-1,Adjacent Technical,Prague,12,Adjacent Technical; R,Senior-level position
JB_1259,Analytik v auditu (M/Ž),,Příbram – Příbram II,Analyst,General Analyst,,Data & Analytics,,https://www.jobs.cz/rpd/2001383534/,2026-09-25T11:03:21+02:00,Deprioritized,-1,Other,Outside Prague - verify,13,,Location requires verification
JB_3824,Specialista interního vzdělávání,60 000 – 70 000 Kč,Poříčí nad Sázavou,Specialist,General Specialist,,,,https://www.jobs.cz/rpd/2001445227/,2026-09-25T10:19:00+02:00,Deprioritized,-1,Other,Outside Prague - verify,13,,Location requires verification
JB_5093,Intern Business Management,,Praha – Nové Město,Intern/Trainee,General Internship/Traineeship,Intern/Trainee,,,https://www.jobs.cz/rpd/2001445240/,2026-09-25T10:07:17+02:00,Deprioritized,-1,Other,Prague,13,Junior/entry level,Leadership/management position
BLT_0678,Senior Back End Developer,,8 Locations,Developer,Backend Developer,Senior level,IT & Software,,https://builtin.com/job/senior-back-end-developer/11348757,2026-09-25T10:02:38+02:00,Deprioritized,-1,Python/Software Development,Outside Prague - verify,13,Python/Software Development,Senior-level position; Location requires verification
BLT_8999,"Senior Web Developer, Marketing",,5 Locations,Developer,General Software Developer,Senior level,"IT & Software, Marketing & Communications",,https://builtin.com/job/senior-web-developer-marketing/11350109,2026-09-25T10:02:38+02:00,Deprioritized,-1,Python/Software Development,Outside Prague - verify,13,Python/Software Development,Senior-level position; Location requires verification
JB_3626,Nákupčí v eshopu s fitness vybavením,50 000 Kč,Dětenice – Osenice,Specialist,Procurement Specialist,,Procurement,,https://www.jobs.cz/rpd/2001441291/,2026-09-23T21:31:50+02:00,Deprioritized,-1,Other,Outside Prague - verify,14,,Location requires verification
JB_7232,HR Generalista/ka – Pravá ruka pro HR Business Partnery,40 000 – 48 000 Kč,Říčany – Jažlovice,Specialist,HR/People Specialist,,HR & Recruitment,,https://www.jobs.cz/rpd/2001443160/,2026-09-23T20:17:52+02:00,Deprioritized,-1,Other,Outside Prague - verify,14,,Location requires verification
JB_2688,DC & HR Support Specialist,,Klecany,Support Specialist,HR/People Support,,HR & Recruitment,,https://www.jobs.cz/rpd/2001443055/,2026-09-23T20:15:41+02:00,Deprioritized,-1,Other,Outside Prague - verify,14,,Location requires verification
JB_9645,Promo Planning Specialist,,Radonice,Specialist,General Specialist,,,,https://www.jobs.cz/rpd/2001443141/,2026-09-23T20:06:53+02:00,Deprioritized,-1,Other,Outside Prague - verify,14,,Location requires verification
JB_3112,ODBORNÁ STÁŽ V OBLASTI ZPRACOVÁNÍ A AUTOMATIZACE DAT,,Ovčáry,Intern/Trainee,General Internship/Traineeship,,,,https://www.jobs.cz/rpd/2001442183/,2026-09-23T20:05:55+02:00,Deprioritized,-1,Other,Outside Prague - verify,14,,Location requires verification
BLT_0034,Senior Full Stack Developer (Contractor),,5 Locations,Developer,Full-Stack Developer,Senior level,IT & Software,,https://builtin.com/job/senior-full-stack-developer-contractor/10995549,2026-09-23T20:02:51+02:00,Deprioritized,-1,Python/Software Development,Outside Prague - verify,14,Python/Software Development,Senior-level position; Location requires verification
JB_7680,Senior SQL Server DBA / Infrastructure & Automation Engineer,,Praha – Dolní Chabry,Engineer,Network/Infrastructure Engineer,Senior,"Cloud & Infrastructure, Engineering & R&D","SQL, MS SQL Server",https://www.jobs.cz/rpd/2001441250/,2026-09-22T19:19:57+02:00,Deprioritized,-1,Other,Prague,15,SQL/data platform; R,Senior-level position
JB_2944,HR Operations Specialist,,Dobříš,Specialist,HR/People Specialist,,HR & Recruitment,,https://www.jobs.cz/rpd/2001432709/,2026-09-22T19:02:38+02:00,Deprioritized,-1,Other,Outside Prague - verify,15,,Location requires verification
BLT_9773,"Lead Engineer, Frontier Traders",,26 Locations,Manager,Executive/General Manager,Entry level,Engineering & R&D,,https://builtin.com/job/lead-engineer-frontier-traders/11309644,2026-09-22T18:56:01+02:00,Deprioritized,-1,Other,Outside Prague - verify,15,R; Junior/entry level,Leadership/management position; Location requires verification
JB_8057,Servisní technik / Troubleshooter,,Ústí nad Labem – Ústí nad Labem-centrum + 1 další lokalita,Technician,Service/Maintenance Technician,,,,https://www.jobs.cz/rpd/2000348442/,2026-09-21T17:54:17+02:00,Deprioritized,-1,Other,Outside Prague - verify,16,,Location requires verification
JB_1393,Zástupce vedoucího směny,,Jirny,Manager,Executive/General Manager,Lead/Head,,,https://www.jobs.cz/rpd/2001437865/,2026-09-21T17:34:21+02:00,Deprioritized,-1,Other,Outside Prague - verify,16,,Location requires verification
JB_6371,Strategický Nákupčí - Energetika - Praha západ,,Středočeský kraj,Specialist,Procurement Specialist,,"Procurement, Energy & Utilities",,https://www.jobs.cz/rpd/2001438370/,2026-09-21T17:33:23+02:00,Deprioritized,-1,Other,Outside Prague - verify,16,,Location requires verification
JB_4106,Head of DWH Innovation & Optimization,,Praha – Nusle,Manager,R&D/Innovation Manager,Lead/Head,"Data & Analytics, Engineering & R&D",,https://www.jobs.cz/rpd/2001364516/,2026-09-21T17:24:19+02:00,Deprioritized,-1,Other,Prague,16,SQL/data platform; R,Leadership/management position
JB_9931,Specialista interního vzdělávání (E&T) ✅,40 000 – 80 000 Kč,Poříčí nad Sázavou,Specialist,General Specialist,,,,https://www.jobs.cz/rpd/2001433911/,2026-09-20T09:30:53+02:00,Deprioritized,-1,Other,Outside Prague - verify,18,,Location requires verification
JB_0446,Administrativní pracovník/ce - správa pomůcek a majetku,28 000 – 30 000 Kč,Mnichovo Hradiště – Veselá,Administrator,Business/Office Administrator,,,,https://www.jobs.cz/rpd/2001412112/,2026-09-18T18:41:43+02:00,Deprioritized,-1,Other,Outside Prague - verify,19,,Location requires verification
JB_7773,ERP aplikační administrátor,,Milovice – Mladá,Administrator,Application Administrator,,IT & Software,,https://www.jobs.cz/rpd/2001429603/,2026-09-18T18:41:03+02:00,Deprioritized,-1,Other,Outside Prague - verify,19,,Location requires verification
JB_8289,Referent/referentka zákaznického servisu,28 000 – 33 000 Kč,Budyně nad Ohří,Administrator,Customer Service Administrator,,Customer Service,,https://www.jobs.cz/rpd/2001429541/,2026-09-18T18:41:03+02:00,Deprioritized,-1,Other,Outside Prague - verify,19,,Location requires verification
JB_3452,Specialista zákaznického servisu,45 000 – 50 000 Kč,Hořovice,Specialist,Customer Service Specialist,,Customer Service,,https://www.jobs.cz/rpd/2001431284/,2026-09-18T18:40:50+02:00,Deprioritized,-1,Other,Outside Prague - verify,19,,Location requires verification
JB_7240,Technik kvality - Datalogging (M/Ž),,Mladá Boleslav,Technician,Quality/Test Technician,,Quality & Safety,,https://www.jobs.cz/rpd/2001430673/,2026-09-18T18:28:44+02:00,Deprioritized,-1,Other,Outside Prague - verify,19,,Location requires verification
JB_1781,JUNIOR EVENT KOORDINÁTOR/KA,25 000 – 30 000 Kč,Praha – Nové Město,Coordinator,Sales/Marketing Coordinator,Junior/Entry-level,,,https://www.jobs.cz/rpd/2001427590/,2026-09-18T18:18:13+02:00,Deprioritized,-1,Other,Prague,19,Junior/entry level,Generic marketing role
JB_1941,Specialista jaderné bezpečnosti,,Husinec – Řež,Specialist,Cybersecurity Specialist,,,,https://www.jobs.cz/rpd/2001069515/,2026-09-18T17:40:03+02:00,Deprioritized,-1,Other,Outside Prague - verify,19,,Location requires verification
JB_0304,Metrolog (technik kvality) - 1 year contract,,Beroun – Beroun-Závodí,Technician,Quality/Test Technician,,Quality & Safety,,https://www.jobs.cz/rpd/2001305125/,2026-09-18T13:27:23+02:00,Deprioritized,-1,Other,Outside Prague - verify,19,,Location requires verification
JB_5556,🚀 Specialista Prodeje Alza.cz Alza.cz - Chrášťany (JPO17155),40 000 – 60 000 Kč,Chrášťany,Specialist,Sales/Commercial Specialist,,Sales & Business Development,,https://www.jobs.cz/rpd/2001426857/,2026-09-18T13:26:58+02:00,Deprioritized,-1,Other,Outside Prague - verify,19,,Location requires verification
JB_1883,PORADCE / PORADKYNĚ LITOMĚŘICE A OKOLÍ,,Litoměřice,Consultant,General Consultant,,,,https://www.jobs.cz/rpd/2001426386/,2026-09-18T13:19:50+02:00,Deprioritized,-1,Other,Outside Prague - verify,19,,Location requires verification
JB_9377,Referent provozu Kladno - DSV CL,,Kladno – Dubí,Administrator,Business/Office Administrator,,,,https://www.jobs.cz/rpd/2001432827/,2026-09-18T13:19:43+02:00,Deprioritized,-1,Other,Outside Prague - verify,19,,Location requires verification
JB_5238,Supervisor skladu / Warehouse Supervisor,,Hlavenec + 1 další lokalita,Manager,Supply Chain/Procurement Manager,,Supply Chain & Logistics,,https://www.jobs.cz/rpd/2001426890/,2026-09-18T13:19:43+02:00,Deprioritized,-1,Other,Outside Prague - verify,19,,Location requires verification
JB_5976,Junior produktový/á manažer/ka pro hypotéky,,Praha – Michle,Manager,Product Manager/Product Owner,Junior/Entry-level,,,https://www.jobs.cz/rpd/2001259184/,2026-09-18T13:18:26+02:00,Deprioritized,-1,Other,Prague,19,Junior/entry level,Leadership/management position
JB_9382,Purchasing Specialist/Specialista pro nákup,,Úžice,Specialist,Procurement Specialist,,Procurement,,https://www.jobs.cz/rpd/2001430772/,2026-09-18T13:17:32+02:00,Deprioritized,-1,Other,Outside Prague - verify,19,,Location requires verification
JB_6076,CAD & CONNECT Specialist,45 000 – 53 000 Kč,Mladá Boleslav – Mladá Boleslav IV,Specialist,General Specialist,,,,https://www.jobs.cz/rpd/2001349881/,2026-09-18T13:08:06+02:00,Deprioritized,-1,Other,Outside Prague - verify,19,,Location requires verification
JB_4017,Junior PR & Marketing Specialist,45 000 Kč,Praha – Nové Město,Specialist,Marketing/Communications Specialist,Junior/Entry-level,Marketing & Communications,,https://www.jobs.cz/rpd/2001380996/,2026-09-18T13:08:06+02:00,Deprioritized,-1,Other,Prague,19,Junior/entry level,Generic marketing role
JB_5914,SAP Specialist / Logistics Systems Administrator od 01.01.2027,,Nymburk,Administrator,Systems/Server Administrator,,"IT & Software, Supply Chain & Logistics",SAP,https://www.jobs.cz/rpd/2001429549/,2026-09-18T13:08:06+02:00,Deprioritized,-1,Other,Outside Prague - verify,19,,Location requires verification
JB_3389,DIGITAL LEARNING SPECIALIST,,Modletice,Specialist,General Specialist,,,,https://www.jobs.cz/rpd/2001431356/,2026-09-18T13:07:56+02:00,Deprioritized,-1,Other,Outside Prague - verify,19,,Location requires verification
JB_8343,"DLP analytik – data pod kontrolou, letadla ve vzduchu ✈️",,Odolena Voda – Dolínek,Analyst,General Analyst,,Data & Analytics,,https://www.jobs.cz/rpd/2001426439/,2026-09-18T13:05:42+02:00,Deprioritized,-1,Other,Outside Prague - verify,19,,Location requires verification
SJ_728711,Junior Account Manager,,Prague,Manager,Sales/Account Manager,Junior/Entry-level,Sales & Business Development,,https://www.startupjobs.cz/nabidka/107355/junior-account-manager,2026-09-17T10:51:21+02:00,Deprioritized,-1,Other,Prague,21,Junior/entry level,Leadership/management position
BLT_6406,Engineering Manager,,26 Locations,Manager,IT/Engineering Manager,Entry level,Engineering & R&D,,https://builtin.com/job/engineering-manager/11178741,2026-09-17T10:32:37+02:00,Deprioritized,-1,Other,Outside Prague - verify,21,R; Junior/entry level,Leadership/management position; Location requires verification
JB_2177,Specialista zákaznického servisu (ž/m) Lužec nad Vltavou · flexibilní pracovní doba,38 000 – 40 000 Kč,Lužec nad Vltavou,Specialist,Customer Service Specialist,,Customer Service,,https://www.jobs.cz/rpd/2001425753/,2026-09-15T11:06:09+02:00,Deprioritized,-1,Other,Outside Prague - verify,23,,Location requires verification
JB_7896,JUNIOR Category Manager s němčinou (m/ž/n) – vhodné i pro absolventy,,Praha – Stodůlky,Manager,Product Manager/Product Owner,Junior/Entry-level,,,https://www.jobs.cz/rpd/2001426434/,2026-09-15T11:05:22+02:00,Deprioritized,-1,Other,Prague,23,Junior/entry level,Leadership/management position
BLT_5993,Senior Java Developer,,31 Locations,Developer,General Software Developer,Senior level,IT & Software,Java,https://builtin.com/job/senior-java-developer/9752988,2026-09-15T09:49:34+02:00,Deprioritized,-1,Python/Software Development,Outside Prague - verify,23,Python/Software Development,Senior-level position; Location requires verification
JB_8468,Warehouse Technician/Skladový technik/čka,,Žebrák,Technician,General Technician,,Supply Chain & Logistics,,https://www.jobs.cz/rpd/2001238467/,2026-09-15T00:01:24+02:00,Deprioritized,-1,Other,Outside Prague - verify,23,,Location requires verification
JB_3225,Interieur Designer,,Mladá Boleslav – Mladá Boleslav I,Designer,General Designer,,,,https://www.jobs.cz/rpd/2001424678/,2026-09-15T00:00:17+02:00,Deprioritized,-1,Other,Outside Prague - verify,23,,Location requires verification
JB_1708,Obchodní konzultant JUNIOR pro AV technologie,40 000 – 60 000 Kč,Praha – Hostivař,Consultant,Marketing/Sales Consultant,Junior/Entry-level,Sales & Business Development,,https://www.jobs.cz/rpd/2000564239/,2026-09-15T00:00:17+02:00,Deprioritized,-1,Other,Prague,23,Junior/entry level,Generic marketing role
BLT_0930,Senior Golang Developer (Enterprise Solutions Unit),,4 Locations,Developer,General Software Developer,Senior level,IT & Software,,https://builtin.com/job/senior-golang-developer-enterprise-solutions-unit/10497082,2026-09-14T23:29:34+02:00,Deprioritized,-1,Python/Software Development,Outside Prague - verify,23,Python/Software Development,Senior-level position; Location requires verification
BLT_7074,Senior Laravel Developer,,5 Locations,Developer,General Software Developer,Senior level,IT & Software,,https://builtin.com/job/senior-laravel-developer/9744837,2026-09-14T23:29:19+02:00,Deprioritized,-1,Python/Software Development,Outside Prague - verify,23,Python/Software Development,Senior-level position; Location requires verification
BLT_7057,Senior Gameplay Programmer - Talent Pipeline,,5 Locations,Developer,General Software Developer,Senior level,HR & Recruitment,,https://builtin.com/job/senior-software-engineer-remote-talent-pipeline/9635677,2026-09-14T23:28:36+02:00,Deprioritized,-1,Python/Software Development,Outside Prague - verify,23,Python/Software Development,Senior-level position; Location requires verification
BLT_8187,STEP Stibo Developer — Customer MDM Support (Financial Services),200-200 Hourly,Czech Republic,Developer,General Software Developer,Senior level,"IT & Software, Finance & Banking, Customer Service",,https://builtin.com/job/step-stibo-developer-customer-mdm-support-financial-services/10809839,2026-09-14T23:28:23+02:00,Deprioritized,-1,Python/Software Development,Czechia - verify Prague/remote,23,Python/Software Development,Senior-level position; Location requires verification
BLT_7561,Senior .NET Developer,,27 Locations,Developer,General Software Developer,Senior level,IT & Software,.NET,https://builtin.com/job/senior-net-developer/9645662,2026-09-14T23:28:11+02:00,Deprioritized,-1,Python/Software Development,Outside Prague - verify,23,Python/Software Development,Senior-level position; Location requires verification
BLT_1489,Senior Backend Engineer - Network Discovery,,2 Locations,Engineer,Network/Infrastructure Engineer,Junior,"Cloud & Infrastructure, Engineering & R&D",,https://builtin.com/job/backend-developer/7277119,2026-09-14T23:26:44+02:00,Deprioritized,-1,Other,Outside Prague - verify,23,R; Junior/entry level,Senior-level position; Location requires verification
BLT_1753,Senior Windchill Developer,,4 Locations,Developer,General Software Developer,Senior level,IT & Software,,https://builtin.com/job/senior-windchill-developer/10889440,2026-09-14T23:26:35+02:00,Deprioritized,-1,Python/Software Development,Outside Prague - verify,23,Python/Software Development,Senior-level position; Location requires verification
BLT_4674,Senior PHP Developer (Inbound) - CZ/PL,,2 Locations,Developer,General Software Developer,Senior level,IT & Software,PHP,https://builtin.com/job/senior-php-developer-inbound-cz-pl/11099314,2026-09-14T23:26:27+02:00,Deprioritized,-1,Python/Software Development,Outside Prague - verify,23,Python/Software Development,Senior-level position; Location requires verification
BLT_4952,Staff Software Developer (IAM),,12 Locations,Developer,General Software Developer,Senior level,"Cybersecurity, IT & Software",,https://builtin.com/job/staff-software-developer-iam/11019374,2026-09-14T23:26:27+02:00,Deprioritized,-1,Python/Software Development,Outside Prague - verify,23,Python/Software Development,Senior-level position; Location requires verification
BLT_5174,Engineering Manager,140K-250K Annually,Czech Republic,Manager,IT/Engineering Manager,Entry level,Engineering & R&D,,https://builtin.com/job/engineering-manager/10773180,2026-09-14T23:26:11+02:00,Deprioritized,-1,Other,Czechia - verify Prague/remote,23,R; Junior/entry level,Leadership/management position; Location requires verification
JST_2121,QA Tester/rka,Navrhni si mzdu,Praha,Tester,Functional/QA Tester,"Medior, Senior",Quality & Safety,,https://www.jobstack.it/it-job/automatizovane-testovani/608beb9bcb9ad,2026-09-12T11:34:05+02:00,Deprioritized,-1,Adjacent Technical,Prague,25,Adjacent Technical; Medior level,Senior-level position
JST_3018,SPECIALISTA PROVOZU APLIKACÍ S DOCKEREM,až 80 000 Kč / měsíc,Praha + Home Office,Specialist,IT/Systems Specialist,"Medior, Senior",IT & Software,,https://www.jobstack.it/it-job/application-server-admin/61de9fe707cb6,2026-09-12T11:33:57+02:00,Deprioritized,-1,Adjacent Technical,Prague,25,Adjacent Technical; Medior level,Senior-level position
JST_7173,Tester/testerka,Navrhni si mzdu,"remote, Praha, Brno",Tester,General Tester,"Medior, Senior, Expert",,,https://www.jobstack.it/it-job/test-QA-manager/62b06e7f637a7,2026-09-12T11:33:57+02:00,Deprioritized,-1,Adjacent Technical,Prague,25,Adjacent Technical; Medior level,Senior-level position
JST_5013,IT síťový/á specialist(k)a Cisco,Navrhni si mzdu,"5. května 1640/65, Praha 4",Specialist,IT/Systems Specialist,"Medior, Senior, Expert",IT & Software,,https://www.jobstack.it/it-job/specialista-it-securita/649424ee3dbdd,2026-09-12T11:33:42+02:00,Deprioritized,-1,Adjacent Technical,Prague,25,Adjacent Technical; Medior level,Senior-level position
JST_9241,Integration Test Analyst - Medior/senior,až 85 000 Kč / měsíc,Praha,Analyst,QA/Test Analyst,"Medior, Senior, Expert",,,https://www.jobstack.it/it-job/analytik/6821ec392bec6,2026-09-12T11:33:16+02:00,Deprioritized,-1,Adjacent Technical,Prague,25,Adjacent Technical; Medior level,Senior-level position
JST_6741,Tester: rozvoj zaručen!,až 90 000 Kč / měsíc,Praha,Tester,General Tester,"Medior, Senior",,,https://www.jobstack.it/it-job/test-analytik/67f373a581421,2026-09-12T11:33:16+02:00,Deprioritized,-1,Adjacent Technical,Prague,25,Adjacent Technical; Medior level,Senior-level position
JST_2182,Hledáme Integration Test Analytika (SOAP),až 90 000 Kč / měsíc,"Praha, Česko",Tester,Integration/API Tester,"Medior, Senior",Data & Analytics,,https://www.jobstack.it/it-job/analytik/68b76046c5ee4,2026-09-12T11:33:02+02:00,Deprioritized,-1,Adjacent Technical,Prague,25,Adjacent Technical; Medior level,Senior-level position
JST_3463,Test Analytik - medior/senior,až 85 000 Kč / měsíc,Praha,Tester,Functional/QA Tester,"Medior, Senior",Data & Analytics,,https://www.jobstack.it/it-job/test-analytik/690b12080bf42,2026-09-12T11:33:02+02:00,Deprioritized,-1,Adjacent Technical,Prague,25,Adjacent Technical; Medior level,Senior-level position
JST_5692,Test automation engineer - Playwright,až 100 000 Kč / měsíc,Praha,Engineer,QA/Test Engineer,Senior,Engineering & R&D,Playwright,https://www.jobstack.it/it-job/automatizovane-testovani/64f5ab2041ea1,2026-09-12T11:32:53+02:00,Deprioritized,-1,Adjacent Technical,Prague,25,Adjacent Technical; R,Senior-level position
JST_2943,Senior / Medior QA & Test Automation,až 90 000 Kč / měsíc,Praha,Engineer,QA/Test Engineer,"Medior, Senior",Quality & Safety,,https://www.jobstack.it/it-job/tester/695fa72162baa,2026-09-12T11:32:42+02:00,Deprioritized,-1,Adjacent Technical,Prague,25,Adjacent Technical; Medior level,Senior-level position
JST_0612,QA Tester s vizí: víc než jen klikání! Hledá se medior/senior tester!,až 90 000 Kč / měsíc,Praha,Tester,Functional/QA Tester,"Medior, Senior",Quality & Safety,,https://www.jobstack.it/it-job/test-analytik/67500fb935e72,2026-09-12T11:32:36+02:00,Deprioritized,-1,Adjacent Technical,Prague,25,Adjacent Technical; Medior level,Senior-level position
JST_3590,SAP Expert R2R,až 273 000 Kč / měsíc,Praha 4,Specialist,IT/Systems Specialist,"Senior, Expert",,SAP,https://www.jobstack.it/it-job/specialista-erp/6a9fddb943b0d,2026-09-12T11:32:36+02:00,Deprioritized,-1,Adjacent Technical,Prague,25,Adjacent Technical; R,Senior-level position
JST_4147,"Integrační tester + Plawright - hybrid, Praha",až 120 000 Kč / měsíc,Praha 4,Tester,Integration/API Tester,"Medior, Senior",,,https://www.jobstack.it/it-job/test-analytik/6a5f2a63a25cd,2026-09-12T11:32:21+02:00,Deprioritized,-1,Adjacent Technical,Prague,25,Adjacent Technical; Medior level,Senior-level position
SJ_105167,Principal QA Engineer,,Prague,Engineer,QA/Test Engineer,,"Engineering & R&D, Quality & Safety",,https://www.startupjobs.cz/nabidka/105167/principal-qa-engineer,2026-09-12T11:09:08+02:00,Deprioritized,-1,Adjacent Technical,Prague,25,Adjacent Technical; R,Senior-level position
SJ_107355,Junior Account Manager – vyber si trh: CZ / SK / HU,,Prague,Manager,Sales/Account Manager,Junior/Entry-level,Sales & Business Development,,https://www.startupjobs.cz/nabidka/107355/junior-account-manager-vyber-si-trh-cz-sk-hu,2026-09-12T11:01:43+02:00,Deprioritized,-1,Other,Prague,26,Junior/entry level,Leadership/management position
SJ_107515,Senior QA Engineer – Take Our Test Automation to the Next Level!,,Prague,Engineer,QA/Test Engineer,Senior,"Engineering & R&D, Quality & Safety",,https://www.startupjobs.cz/nabidka/107515/senior-qa-engineer-take-our-test-automation-to-the-next-level,2026-09-12T10:58:33+02:00,Deprioritized,-1,Adjacent Technical,Prague,26,Adjacent Technical; R,Senior-level position
SJ_88279,Trainee Account Manager | Staň se součástí světa IT obchodu 🚀 Onsite Zdiby,,Prague,Manager,Sales/Account Manager,Intern/Trainee,"IT & Software, Sales & Business Development",,https://www.startupjobs.cz/nabidka/88279/trainee-account-manager-stan-se-soucasti-sveta-it-obchodu,2026-09-12T10:58:33+02:00,Deprioritized,-1,Other,Prague,26,Junior/entry level,Leadership/management position
SJ_107657,Product manager junior pro tým CONNECT IT,,Prague,Manager,Product Manager/Product Owner,Junior/Entry-level,"IT & Software, Product Management",,https://www.startupjobs.cz/nabidka/107657/product-manager-junior-pro-tym-connect-it,2026-09-12T10:56:33+02:00,Deprioritized,-1,Other,Prague,26,Junior/entry level,Leadership/management position
SJ_107685,Vývoj doplňků stravy / Manažer produktového portfolia Junior,,Prague,Manager,Product Manager/Product Owner,Junior/Entry-level,,,https://www.startupjobs.cz/nabidka/107685/vyvoj-doplnku-stravy-manazer-produktoveho-portfolia-junior,2026-09-12T10:56:33+02:00,Deprioritized,-1,Other,Prague,26,Junior/entry level,Leadership/management position
SJ_107725,Digital Junior Account manager,,Prague,Manager,Sales/Account Manager,Junior/Entry-level,Sales & Business Development,,https://www.startupjobs.cz/nabidka/107725/digital-junior-account-manager,2026-09-12T10:55:23+02:00,Deprioritized,-1,Other,Prague,26,Junior/entry level,Leadership/management position
SJ_83153,Trainee Marketing Specialist | Staň se hlasem naší značky na LinkedInu 🚀 Hybrid Zdiby,,Prague,Specialist,Marketing/Communications Specialist,Intern/Trainee,Marketing & Communications,,https://www.startupjobs.cz/nabidka/83153/trainee-marketing-specialist-stan-se-hlasem-nasi-znacky-na-linkedinu,2026-09-12T10:55:23+02:00,Deprioritized,-1,Other,Prague,26,Junior/entry level,Generic marketing role
SJ_106395,Junior Project Manager ve Viole - expanduj do Evropy s digitální platformou 🧓🏻,,Prague,Manager,Project Manager,Junior/Entry-level,Project & Program Management,,https://www.startupjobs.cz/nabidka/106395/junior-project-manager-ve-viole-expanduj-do-evropy-s-digitalni-platformou,2026-09-12T10:46:32+02:00,Deprioritized,-1,Other,Prague,26,Junior/entry level,Leadership/management position
SJ_107055,Senior BI/DWH Engineer - pojď s námi posunout data zas o kousek dál 💚,,Prague,Engineer,General Engineer,Senior,"Data & Analytics, Engineering & R&D",,https://www.startupjobs.cz/nabidka/107055/senior-bi-dwh-engineer-pojd-s-nami-posunout-data-zas-o-kousek-dal,2026-09-12T10:43:17+02:00,Deprioritized,-1,Other,Prague,26,SQL/data platform; R,Senior-level position
JB_3873,Procesní WMS Specialista(tka) (A4408),,Poděbrady – Poděbrady III,Specialist,Operations Specialist,,,,https://www.jobs.cz/rpd/2001376350/,2026-09-11T17:33:16+02:00,Deprioritized,-1,Other,Outside Prague - verify,26,,Location requires verification
JB_3790,Specialista Logistiky / 13. a 14. mzda,,Česká Lípa,Specialist,HR/People Specialist,,HR & Recruitment,,https://www.jobs.cz/rpd/2001187531/,2026-09-11T17:33:08+02:00,Deprioritized,-1,Other,Outside Prague - verify,26,,Location requires verification
JB_3126,Administrativní pracovnice/ník v transportu,,Nepřevázka,Administrator,Business/Office Administrator,,Supply Chain & Logistics,,https://www.jobs.cz/rpd/2001415748/,2026-09-11T17:21:51+02:00,Deprioritized,-1,Other,Outside Prague - verify,26,,Location requires verification
JB_3701,Konzultant značkové prodejny – příležitost pro absolventy (m/ž),40 000 – 70 000 Kč,Praha,Consultant,Marketing/Sales Consultant,Junior/Entry-level,"Sales & Business Development, Retail & E-commerce",,https://www.jobs.cz/rpd/2001232793/,2026-09-11T17:21:51+02:00,Deprioritized,-1,Other,Prague,26,Junior/entry level,Generic marketing role
JB_0489,SERVISNÍ TECHNIK - strojní zařízení (Neratovice),,Neratovice,Technician,Service/Maintenance Technician,,,,https://www.jobs.cz/rpd/2001415903/,2026-09-11T17:21:51+02:00,Deprioritized,-1,Other,Outside Prague - verify,26,,Location requires verification
JB_7619,Team Leader / koordinátor call centra (Home Delivery),,Chrášťany,Manager,Operations/Service Delivery Manager,Lead/Head,,,https://www.jobs.cz/rpd/2001415835/,2026-09-11T17:21:38+02:00,Deprioritized,-1,Other,Outside Prague - verify,26,,Location requires verification
JB_7409,Administrace celního řízení,,Mělník,Administrator,Business/Office Administrator,,,,https://www.jobs.cz/rpd/2001322110/,2026-09-11T17:21:05+02:00,Deprioritized,-1,Other,Outside Prague - verify,26,,Location requires verification
JB_6766,Plánovač/ka výroby chemie,,Lovosice,Planner,Production Planner,,Manufacturing & Production,,https://www.jobs.cz/rpd/2000139601/,2026-09-11T17:21:05+02:00,Deprioritized,-1,Other,Outside Prague - verify,26,,Location requires verification
JB_1278,Junior Project Manager,70 000 – 100 000 Kč,Praha – Nové Město,Manager,Project Manager,Junior/Entry-level,Project & Program Management,,https://www.jobs.cz/rpd/2001421530/,2026-09-11T17:20:00+02:00,Deprioritized,-1,Other,Prague,26,Junior/entry level,Leadership/management position
JB_7711,ADMINISTRÁTOR VÝROBY HOPI CEE FISH HUB🐟,,Říčany – Jažlovice,Administrator,Production Administrator,,Manufacturing & Production,,https://www.jobs.cz/rpd/2001376182/,2026-09-11T17:19:47+02:00,Deprioritized,-1,Other,Outside Prague - verify,26,,Location requires verification
JB_8911,HR Administrátor / HR Administrátorka,,Kamenice,Administrator,HR/Payroll Administrator,,HR & Recruitment,,https://www.jobs.cz/rpd/2001421631/,2026-09-11T17:19:31+02:00,Deprioritized,-1,Other,Outside Prague - verify,26,,Location requires verification
JB_8869,Architekt/ka kybernetické bezpečnosti IT/OT (junior/senior),85 000 – 110 000 Kč,Praha – Strašnice,Architect,Security Architect,"Junior/Entry-level, Senior","Cybersecurity, IT & Software",,https://www.jobs.cz/rpd/2001377968/,2026-09-11T17:18:57+02:00,Deprioritized,-1,Other,Prague,26,Junior/entry level,Senior-level position
JB_2327,Operations Buyer,,Chrášťany,Specialist,Procurement Specialist,,Procurement,,https://www.jobs.cz/rpd/2001394271/,2026-09-11T17:18:57+02:00,Deprioritized,-1,Other,Outside Prague - verify,26,,Location requires verification
JB_9965,ADMINISTRÁTOR/KA zákaznického servisu ve skladu - LOVOSICE,,Lovosice,Administrator,Customer Service Administrator,,"Customer Service, Supply Chain & Logistics",,https://www.jobs.cz/rpd/2001387080/,2026-09-11T17:12:32+02:00,Deprioritized,-1,Other,Outside Prague - verify,26,,Location requires verification
JB_8115,Obchodní administrativa v terénu (m/ž),70 000 – 120 000 Kč,Česká republika,Administrator,Business/Office Administrator,,Sales & Business Development,,https://www.jobs.cz/rpd/2000232800/,2026-09-11T17:12:12+02:00,Deprioritized,-1,Other,Czechia - verify Prague/remote,26,,Location requires verification
JB_0083,Technik kvality | Máte oko pro detail? (m/ž/j),,Bitozeves – Bitozeves-Průmyslová zóna Triangle,Technician,Quality/Test Technician,,Quality & Safety,,https://www.jobs.cz/rpd/2001069434/,2026-09-11T17:11:14+02:00,Deprioritized,-1,Other,Outside Prague - verify,26,,Location requires verification
JB_3422,Technolog v potravinářství - Praha,,Herink,Technician,Manufacturing/Process Technician,,,,https://www.jobs.cz/rpd/2001398379/,2026-09-11T17:11:14+02:00,Deprioritized,-1,Other,Outside Prague - verify,26,,Location requires verification
JB_0547,3D měřící technik,,Bakov nad Jizerou – Horka,Technician,General Technician,,,,https://www.jobs.cz/rpd/2001272856/,2026-09-11T17:11:01+02:00,Deprioritized,-1,Other,Outside Prague - verify,26,,Location requires verification
JB_4509,Metrolog 3D měření,,Cerhovice,Technician,Quality/Test Technician,,,,https://www.jobs.cz/rpd/2001167638/,2026-09-11T17:11:01+02:00,Deprioritized,-1,Other,Outside Prague - verify,26,,Location requires verification
JB_5346,Specialista/specialistka kvality - potravinářství,,Příbram – Příbram I,Specialist,Quality/Regulatory Specialist,,Quality & Safety,,https://www.jobs.cz/rpd/2001396092/,2026-09-11T17:11:01+02:00,Deprioritized,-1,Other,Outside Prague - verify,26,,Location requires verification
JB_4285,Pojišťovací specialista/ka - Beroun a okolí,,Ústecký kraj,Specialist,Insurance/Actuarial Specialist,,Insurance,,https://www.jobs.cz/rpd/2001214855/,2026-09-11T17:10:20+02:00,Deprioritized,-1,Other,Outside Prague - verify,26,,Location requires verification
JB_6953,Projektmanager standardizace logistických procesů (m/ž),,Mladá Boleslav – Mladá Boleslav II,Manager,Project Manager,,"Project & Program Management, Supply Chain & Logistics",,https://www.jobs.cz/rpd/2001322247/,2026-09-11T17:10:12+02:00,Deprioritized,-1,Other,Outside Prague - verify,26,,Location requires verification
JB_1182,Rozpočtář pozemních staveb (m/ž),,Neratovice – Byškovice,Planner,Financial Planner,,Real Estate & Construction,,https://www.jobs.cz/rpd/2000150011/,2026-09-11T17:03:31+02:00,Deprioritized,-1,Other,Outside Prague - verify,26,,Location requires verification
JB_4569,Group Procurement Specialist - IT / Technology,,Česká republika,Specialist,Procurement Specialist,,"IT & Software, Procurement",,https://www.jobs.cz/rpd/2001263245/,2026-09-11T17:03:00+02:00,Deprioritized,-1,Other,Czechia - verify Prague/remote,26,,Location requires verification
JB_1321,Automotive Electronics Technician (m/f/d) Diagnostics & Flashing,,Středočeský kraj,Technician,Electrical/Electronics Technician,,Automotive & Mobility,,https://www.jobs.cz/rpd/2001378847/,2026-09-11T17:01:31+02:00,Deprioritized,-1,Other,Outside Prague - verify,26,,Location requires verification
JB_0823,Functional Owner (m/f/d) Mobile Online Services,,Středočeský kraj,Manager,Executive/General Manager,,,,https://www.jobs.cz/rpd/2001378830/,2026-09-11T17:01:31+02:00,Deprioritized,-1,Other,Outside Prague - verify,26,,Location requires verification
JB_6294,Technik údržby a automatizace výrobních linek,60 000 – 70 000 Kč,Kladno,Technician,Service/Maintenance Technician,,Manufacturing & Production,,https://www.jobs.cz/rpd/2001413175/,2026-09-11T17:00:48+02:00,Deprioritized,-1,Other,Outside Prague - verify,26,,Location requires verification
JB_7038,"Každý den jiná pobočka, nové zkušenosti, rychlý růst | Mobilní klientský/á poradce/kyně 🚗",,Středočeský kraj,Consultant,Customer Experience Consultant,,Customer Service,Rust,https://www.jobs.cz/rpd/2001090837/,2026-09-11T16:55:12+02:00,Deprioritized,-1,Other,Outside Prague - verify,26,,Location requires verification
JB_5650,Transfer Pricing | Junior Consultant,,Praha – Staré Město,Consultant,Marketing/Sales Consultant,Junior/Entry-level,Finance & Banking,,https://www.jobs.cz/rpd/2001410838/,2026-09-11T16:52:55+02:00,Deprioritized,-1,Other,Prague,26,Junior/entry level,Generic marketing role
JB_4909,=STARLUX Airlines= Marketing & Sales (Welcome fresh graduates!),,Praha,Specialist,Marketing/Communications Specialist,Junior/Entry-level,"Sales & Business Development, Marketing & Communications",,https://www.jobs.cz/rpd/2001391857/,2026-09-11T16:43:19+02:00,Deprioritized,-1,Other,Prague,26,Junior/entry level,Generic marketing role
JB_3691,✨Přidej se k nám jako Sales Support Specialist a pomoz nám ovládnout nebe!! ✈️,,Odolena Voda – Dolínek,Support Specialist,Business/Sales Support,,Sales & Business Development,,https://www.jobs.cz/rpd/2001353681/,2026-09-11T16:42:18+02:00,Deprioritized,-1,Other,Outside Prague - verify,26,,Location requires verification
JB_9078,Specialista palubní diagnostiky vozidla (m/ž),,Mladá Boleslav,Specialist,General Specialist,,Automotive & Mobility,,https://www.jobs.cz/rpd/2001297389/,2026-09-11T16:30:25+02:00,Deprioritized,-1,Other,Outside Prague - verify,26,,Location requires verification
JB_4349,Technik přípravy vozů,,Milovice,Technician,General Technician,,,,https://www.jobs.cz/rpd/2001348442/,2026-09-11T16:30:25+02:00,Deprioritized,-1,Other,Outside Prague - verify,26,,Location requires verification
JB_3166,Technolog lisovny | výroba vinylových desek 🎶,,Loděnice,Technician,Manufacturing/Process Technician,,Manufacturing & Production,,https://www.jobs.cz/rpd/2001338351/,2026-09-11T16:30:25+02:00,Deprioritized,-1,Other,Outside Prague - verify,26,,Location requires verification
JB_6715,Koordinátor trvalého zlepšování,,Hořovice,Coordinator,General Coordinator,,,,https://www.jobs.cz/rpd/2001408969/,2026-09-11T16:30:24+02:00,Deprioritized,-1,Other,Outside Prague - verify,26,,Location requires verification
JB_8052,Specialista vývoje asistenčních systémů,,Mladá Boleslav,Specialist,General Specialist,,,,https://www.jobs.cz/rpd/2001261325/,2026-09-11T16:30:24+02:00,Deprioritized,-1,Other,Outside Prague - verify,26,,Location requires verification
JB_8457,Technik - lakovna,,Nymburk,Technician,General Technician,,,,https://www.jobs.cz/rpd/2001407895/,2026-09-11T16:30:24+02:00,Deprioritized,-1,Other,Outside Prague - verify,26,,Location requires verification
JB_2793,Technik/-čka ve vývoji,,Mladá Boleslav,Technician,Engineering/Development Technician,,,,https://www.jobs.cz/rpd/2001341429/,2026-09-11T16:30:24+02:00,Deprioritized,-1,Other,Outside Prague - verify,26,,Location requires verification
JB_3397,Hlavní energetik skupiny (m/ž),,Kolín – Kolín V,Specialist,General Specialist,,Energy & Utilities,,https://www.jobs.cz/rpd/2001403540/,2026-09-11T16:30:10+02:00,Deprioritized,-1,Other,Outside Prague - verify,26,,Location requires verification
JB_9538,Specialista 3D měření / Metrolog - 2 směny,43 000 Kč,Benešov,Specialist,General Specialist,,,,https://www.jobs.cz/rpd/2001375638/,2026-09-11T16:30:10+02:00,Deprioritized,-1,Other,Outside Prague - verify,26,,Location requires verification
JB_7205,Specialista kvality pro čisté prostory | Nastartujte nový projekt i svou kariéru,,Benešov,Specialist,Quality/Regulatory Specialist,,"Project & Program Management, Quality & Safety",,https://www.jobs.cz/rpd/2001387735/,2026-09-11T16:30:10+02:00,Deprioritized,-1,Other,Outside Prague - verify,26,,Location requires verification
JB_1330,Specialista vývoje diagnostiky - GSR2 BCM MQB27 EU (m/ž),50 000 – 70 000 Kč,Mladá Boleslav,Specialist,General Specialist,,,,https://www.jobs.cz/rpd/2001076803/,2026-09-11T16:30:10+02:00,Deprioritized,-1,Other,Outside Prague - verify,26,,Location requires verification
JB_3184,Student internship - Configuration Management,,Praha – Stodůlky,Intern/Trainee,General Internship/Traineeship,Intern/Trainee,,,https://www.jobs.cz/rpd/2001415025/,2026-09-11T16:30:10+02:00,Deprioritized,-1,Other,Prague,26,Junior/entry level,Leadership/management position
JB_9760,VÝROBNÍ SPECIALISTA/KA ODDĚLENÍ VÝROBY KAROSERIÍ,47 500 – 55 000 Kč,Ovčáry,Specialist,Manufacturing/Production Specialist,,Manufacturing & Production,,https://www.jobs.cz/rpd/2001247694/,2026-09-11T16:30:10+02:00,Deprioritized,-1,Other,Outside Prague - verify,26,,Location requires verification
JB_8324,Servisní technik pro podzemní stroje,,Říčany,Technician,Service/Maintenance Technician,,,,https://www.jobs.cz/rpd/2001372238/,2026-09-11T16:29:58+02:00,Deprioritized,-1,Other,Outside Prague - verify,26,,Location requires verification
JB_8506,Technický referent/ka připojování a přeložek plynárenských zařízení,,České Budějovice – České Budějovice 6 + 2 další lokality,Administrator,Business/Office Administrator,,,,https://www.jobs.cz/rpd/2001408534/,2026-09-11T16:29:58+02:00,Deprioritized,-1,Other,Outside Prague - verify,26,,Location requires verification
JB_4751,⭕ TECHNICKÁ PODPORA (Energetika) – Praha východ⚡🔋🚗,50 000 – 70 000 Kč,Středočeský kraj,Support Specialist,Technical Support,,Energy & Utilities,,https://www.jobs.cz/rpd/2001421260/,2026-09-11T16:29:58+02:00,Deprioritized,-1,Other,Outside Prague - verify,26,,Location requires verification
JB_2341,⭕ TECHNICKÁ PODPORA (Energetika) – Praha východ⚡🔋🚗,50 000 – 70 000 Kč,Středočeský kraj,Support Specialist,Technical Support,,Energy & Utilities,,https://www.jobs.cz/rpd/2001395965/,2026-09-11T16:29:58+02:00,Deprioritized,-1,Other,Outside Prague - verify,26,,Location requires verification
JB_1336,⭕ TECHNICKÁ PODPORA PRODEJE (Energetika) – Praha východ⚡🔋🚗,50 000 – 70 000 Kč,Středočeský kraj,Support Specialist,Business/Sales Support,,"Sales & Business Development, Energy & Utilities",,https://www.jobs.cz/rpd/2001380709/,2026-09-11T16:29:58+02:00,Deprioritized,-1,Other,Outside Prague - verify,26,,Location requires verification
JB_3199,🪛 Teamleader techniků automatizovaného provozu (JPO24520),,Chrášťany,Technician,General Technician,Lead/Head,,,https://www.jobs.cz/rpd/2001383598/,2026-09-11T16:29:50+02:00,Deprioritized,-1,Other,Outside Prague - verify,26,,Location requires verification
JB_1412,Specialista vývoje pro projekt ve Škoda Auto,,Mladá Boleslav – Mladá Boleslav IV,Specialist,Product/Project Specialist,,Project & Program Management,,https://www.jobs.cz/rpd/2001389349/,2026-09-11T16:29:35+02:00,Deprioritized,-1,Other,Outside Prague - verify,26,,Location requires verification
JB_0621,IT product manager/programátor (m/ž),,Mladá Boleslav,Manager,Product Manager/Product Owner,,"IT & Software, Product Management",,https://www.jobs.cz/rpd/2001189424/,2026-09-11T16:29:17+02:00,Deprioritized,-1,Python/Software Development,Outside Prague - verify,26,Python/Software Development,Leadership/management position; Location requires verification
JB_3465,Senior MS SQL Database Engineer,,Praha – Chodov,Engineer,General Engineer,Senior,Engineering & R&D,"SQL, MS SQL Server",https://www.jobs.cz/rpd/2001419520/,2026-09-11T16:20:20+02:00,Deprioritized,-1,Other,Prague,26,SQL/data platform; R,Senior-level position
JB_8550,IT operátor / vývojář – SQL a webová rozhraní,45 000 – 55 000 Kč,Praha – Dejvice,Operator,IT/Data-Centre Operator,,IT & Software,SQL,https://www.jobs.cz/rpd/2001415620/,2026-09-11T16:19:55+02:00,Deprioritized,-1,Python/Software Development,Prague,26,Python/Software Development; SQL/data platform,Non-target root occupation
JB_1850,"Konzultant/ka ERP IS pro výrobu a logistiku (Brno, Plzeň, Kladno)",,Brno – Lesná + 2 další lokality,Consultant,SAP/ERP Consultant,,Manufacturing & Production,,https://www.jobs.cz/rpd/2001402929/,2026-09-11T16:19:44+02:00,Deprioritized,-1,Other,Outside Prague - verify,26,,Location requires verification
JB_4081,Warehouse Supervisor | Buďte klíčovým hráčem ve skladu!,,Bitozeves – Bitozeves-Průmyslová zóna Triangle,Manager,Supply Chain/Procurement Manager,,Supply Chain & Logistics,,https://www.jobs.cz/rpd/2001312700/,2026-09-11T16:19:30+02:00,Deprioritized,-1,Other,Outside Prague - verify,26,,Location requires verification
JB_0836,Junior / Senior Consultant in automotive,,Praha – Michle,Consultant,Technical/Infrastructure Consultant,"Junior/Entry-level, Senior",Automotive & Mobility,,https://www.jobs.cz/rpd/2000598279/,2026-09-11T16:19:22+02:00,Deprioritized,-1,Other,Prague,26,Junior/entry level,Senior-level position
JB_1902,JUNIOR Category Manager s němčinou (m/ž/n) – vhodné i pro absolventy,,Praha – Stodůlky,Manager,Product Manager/Product Owner,Junior/Entry-level,,,https://www.jobs.cz/rpd/2001401059/,2026-09-11T16:19:22+02:00,Deprioritized,-1,Other,Prague,26,Junior/entry level,Leadership/management position
JB_9065,Category Buyer (One-year contract with the possibility of renewal),,Beroun – Beroun-Závodí,Specialist,Procurement Specialist,,Procurement,,https://www.jobs.cz/rpd/2001350630/,2026-09-11T16:19:15+02:00,Deprioritized,-1,Other,Outside Prague - verify,26,,Location requires verification
JB_1924,HR BUSINESS PARTNER,,Hostivice,Specialist,HR/People Specialist,,HR & Recruitment,,https://www.jobs.cz/rpd/2001379333/,2026-09-11T16:19:15+02:00,Deprioritized,-1,Other,Outside Prague - verify,26,,Location requires verification
JB_8698,Pricingový & Aukční Specialista/ka (M/Ž),55 000 – 80 000 Kč,Olbramovice – Olbramovice Ves,Specialist,General Specialist,,,,https://www.jobs.cz/rpd/2001285744/,2026-09-11T16:19:15+02:00,Deprioritized,-1,Other,Outside Prague - verify,26,,Location requires verification
JB_7994,Technolog procesu montáže - Mladá Boleslav,,Mladá Boleslav – Čejetičky,Technician,Installation Technician,,,,https://www.jobs.cz/rpd/2001295652/,2026-09-11T16:19:15+02:00,Deprioritized,-1,Other,Outside Prague - verify,26,,Location requires verification
JB_6060,A&P Junior Category Manager CE (CZ/SK/HU),,Praha – Karlín,Manager,Product Manager/Product Owner,Junior/Entry-level,,,https://www.jobs.cz/rpd/2001419579/,2026-09-11T16:18:49+02:00,Deprioritized,-1,Other,Prague,26,Junior/entry level,Leadership/management position
JB_2969,Specialista/ka kalkulací a vývoje produktů,,Hořátev,Specialist,Product/Project Specialist,,,,https://www.jobs.cz/rpd/2001408340/,2026-09-11T16:18:40+02:00,Deprioritized,-1,Other,Outside Prague - verify,26,,Location requires verification
JB_1985,Specialista/specialistka řízení projektů,,Horní Počaply,Specialist,Product/Project Specialist,,Project & Program Management,,https://www.jobs.cz/rpd/2001380461/,2026-09-11T16:18:26+02:00,Deprioritized,-1,Other,Outside Prague - verify,26,,Location requires verification
JB_9619,HR Digitalization & Analytics Partner,,Chrášťany,Specialist,HR/People Specialist,,"Data & Analytics, HR & Recruitment",,https://www.jobs.cz/rpd/2001394159/,2026-09-11T16:18:18+02:00,Deprioritized,-1,Other,Outside Prague - verify,26,,Location requires verification
JB_9893,IT administrátor – logistický sklad Cerhovice,65 000 – 70 000 Kč,Cerhovice,Administrator,IT Administrator,,"IT & Software, Supply Chain & Logistics",,https://www.jobs.cz/rpd/2001405908/,2026-09-11T16:18:03+02:00,Deprioritized,-1,Other,Outside Prague - verify,26,,Location requires verification
JB_5615,"Junior Project Manager - poloviční úvazek a možnost práce z domova, vhodné i pro studenty",,Praha – Nusle,Manager,Project Manager,Junior/Entry-level,Project & Program Management,,https://www.jobs.cz/rpd/2001396699/,2026-09-11T16:18:03+02:00,Deprioritized,-1,Other,Prague,26,Junior/entry level,Leadership/management position
JB_9316,IT Server administrator (m/ž),,Mladá Boleslav,Administrator,Systems/Server Administrator,,"Cloud & Infrastructure, IT & Software",,https://www.jobs.cz/rpd/2001367183/,2026-09-11T16:17:54+02:00,Deprioritized,-1,Other,Outside Prague - verify,26,,Location requires verification
JB_9058,Specialista ILM – plánování a rozvoj (m/ž),,Mladá Boleslav – Mladá Boleslav II,Specialist,General Specialist,,,,https://www.jobs.cz/rpd/2001367685/,2026-09-11T16:17:46+02:00,Deprioritized,-1,Other,Outside Prague - verify,26,,Location requires verification
JB_9483,Specialista rozměrové kvality,,Nymburk,Specialist,Quality/Regulatory Specialist,,Quality & Safety,,https://www.jobs.cz/rpd/2001409698/,2026-09-11T16:17:46+02:00,Deprioritized,-1,Other,Outside Prague - verify,26,,Location requires verification
JB_1149,Product owner robotika a datové analýzy (m/ž),,Mladá Boleslav – Mladá Boleslav II,Manager,Product Manager/Product Owner,,Product Management,,https://www.jobs.cz/rpd/2001335552/,2026-09-11T16:11:23+02:00,Deprioritized,-1,Other,Outside Prague - verify,26,,Location requires verification
JB_4946,KOORDINÁTOR/KA LOGISTIKY SKLADU DATART,35 000 – 39 000 Kč,Jirny,Coordinator,Logistics/Supply Chain Coordinator,,Supply Chain & Logistics,,https://www.jobs.cz/rpd/2001384782/,2026-09-11T16:11:17+02:00,Deprioritized,-1,Other,Outside Prague - verify,26,,Location requires verification
JB_9871,Referent zákaznického servisu s AJ - Pavlov (DSV CL),,Pavlov,Administrator,Customer Service Administrator,,Customer Service,,https://www.jobs.cz/rpd/2001383095/,2026-09-11T16:11:17+02:00,Deprioritized,-1,Other,Outside Prague - verify,26,,Location requires verification
JB_5689,⭕ Specialisté logistiky s AJ - Karlín ► JUNIOR/SENIOR ◄ (40.000 - 60.000 Kč + 13. mzda),40 000 – 60 000 Kč,Hlavní město Praha,Specialist,HR/People Specialist,"Junior/Entry-level, Senior",HR & Recruitment,,https://www.jobs.cz/rpd/2001383535/,2026-09-11T16:11:17+02:00,Deprioritized,-1,Other,Prague,26,Junior/entry level,Senior-level position
JB_0609,DISPONENT REGIONÁLNÍCH DODACÍCH SLUŽEB,,Tuchoměřice,Specialist,General Specialist,,,,https://www.jobs.cz/rpd/2001373755/,2026-09-11T16:11:05+02:00,Deprioritized,-1,Other,Outside Prague - verify,26,,Location requires verification
JB_6439,Lead (Outbound)/Koordinátor úseku skladu,,Chrášťany,Manager,Supply Chain/Procurement Manager,Lead/Head,Supply Chain & Logistics,,https://www.jobs.cz/rpd/2001407778/,2026-09-11T16:11:05+02:00,Deprioritized,-1,Other,Outside Prague - verify,26,,Location requires verification
JB_4658,Specialista logistických projektů VDÚ,,Nymburk,Specialist,Logistics/Supply Chain Specialist,,"Project & Program Management, Supply Chain & Logistics",,https://www.jobs.cz/rpd/2001358322/,2026-09-11T16:11:05+02:00,Deprioritized,-1,Other,Outside Prague - verify,26,,Location requires verification
JB_5685,Specialista přepravy (m/ž)🚛mzda od 40 000 Kč,40 000 – 45 000 Kč,Kolín – Kolín I,Specialist,HR/People Specialist,,HR & Recruitment,,https://www.jobs.cz/rpd/2001405899/,2026-09-11T16:11:05+02:00,Deprioritized,-1,Other,Outside Prague - verify,26,,Location requires verification
JB_9437,KONSTRUKTÉR - DŘEVO VÝROBA,60 000 – 90 000 Kč,Český Brod,Technician,Mechanical Technician,,Manufacturing & Production,,https://www.jobs.cz/rpd/2001393921/,2026-09-11T16:10:53+02:00,Deprioritized,-1,Other,Outside Prague - verify,26,,Location requires verification
JB_3405,HR Specialista,,Hořovice,Specialist,HR/People Specialist,,HR & Recruitment,,https://www.jobs.cz/rpd/2001408950/,2026-09-11T16:10:45+02:00,Deprioritized,-1,Other,Outside Prague - verify,26,,Location requires verification
JB_1770,Specialista pro správu a rozvoj e-shopů,,okres Benešov,Specialist,General Specialist,,,,https://www.jobs.cz/rpd/2001377628/,2026-09-11T16:10:20+02:00,Deprioritized,-1,Other,Outside Prague - verify,26,,Location requires verification
JB_6529,Specialista digitalizace výroby baterií (m/ž),,Mladá Boleslav,Specialist,Manufacturing/Production Specialist,,Manufacturing & Production,,https://www.jobs.cz/rpd/2001224629/,2026-09-11T16:10:04+02:00,Deprioritized,-1,Other,Outside Prague - verify,26,,Location requires verification
JB_4067,Logistik - obalový specialista,50 000 – 65 000 Kč,Nymburk,Specialist,General Specialist,,,,https://www.jobs.cz/rpd/2001297142/,2026-09-11T16:09:49+02:00,Deprioritized,-1,Other,Outside Prague - verify,26,,Location requires verification
JB_3581,Planning Leader (Plánovač výroby) - Cerhovice plant,,Cerhovice,Manager,Production/Quality Manager,Lead/Head,Manufacturing & Production,,https://www.jobs.cz/rpd/2000668008/,2026-09-11T16:09:49+02:00,Deprioritized,-1,Other,Outside Prague - verify,26,,Location requires verification
JB_4819,Dispečer/ka logistiky,40 000 – 45 000 Kč,Rudná,Specialist,Logistics/Supply Chain Specialist,,,,https://www.jobs.cz/rpd/2001410302/,2026-09-11T16:09:34+02:00,Deprioritized,-1,Other,Outside Prague - verify,26,,Location requires verification
JB_7956,Plánovač výroby,,Hořovice,Planner,Production Planner,,Manufacturing & Production,,https://www.jobs.cz/rpd/2001408970/,2026-09-11T16:09:34+02:00,Deprioritized,-1,Other,Outside Prague - verify,26,,Location requires verification
JB_8964,Product Development Partner,,Chrášťany,Specialist,Product/Project Specialist,,,,https://www.jobs.cz/rpd/2001364078/,2026-09-11T16:09:34+02:00,Deprioritized,-1,Other,Outside Prague - verify,26,,Location requires verification
JB_9123,Production Planner,70 000 – 80 000 Kč,okres Beroun,Planner,Production Planner,,Manufacturing & Production,,https://www.jobs.cz/rpd/2001418927/,2026-09-11T16:09:34+02:00,Deprioritized,-1,Other,Outside Prague - verify,26,,Location requires verification
JB_5952,Plánovač/ka výroby / Production Planner #3028,,Zásmuky,Planner,Production Planner,,Manufacturing & Production,,https://www.jobs.cz/rpd/2001397934/,2026-09-11T16:09:09+02:00,Deprioritized,-1,Other,Outside Prague - verify,26,,Location requires verification
JB_9137,Specialista projektového balení Nymburk,,Nymburk,Specialist,Product/Project Specialist,,Project & Program Management,,https://www.jobs.cz/rpd/2001346350/,2026-09-11T16:09:09+02:00,Deprioritized,-1,Other,Outside Prague - verify,26,,Location requires verification
JB_6717,🚀 Junior PPC specialista - Vybuduj si kariéru v online marketingu!,30 000 – 40 000 Kč,Praha – Libeň,Specialist,Marketing/Communications Specialist,Junior/Entry-level,Marketing & Communications,,https://www.jobs.cz/rpd/2001415278/,2026-09-11T16:09:09+02:00,Deprioritized,-1,Other,Prague,26,Junior/entry level,Generic marketing role
JB_2439,Demand Planner,,Chrášťany,Planner,Demand/Supply Planner,,,,https://www.jobs.cz/rpd/2001394032/,2026-09-11T16:09:03+02:00,Deprioritized,-1,Other,Outside Prague - verify,26,,Location requires verification
JB_9568,IT Specialista bezpečnosti informací,65 000 – 75 000 Kč,Nehvizdy,Specialist,Cybersecurity Specialist,,"Cybersecurity, IT & Software",,https://www.jobs.cz/rpd/2001382471/,2026-09-11T16:09:03+02:00,Deprioritized,-1,Other,Outside Prague - verify,26,,Location requires verification
JB_0359,Kontrolor kvality (M/Ž),,Kamenice,Technician,Quality/Test Technician,,Quality & Safety,,https://www.jobs.cz/rpd/2001236197/,2026-09-11T16:09:03+02:00,Deprioritized,-1,Other,Outside Prague - verify,26,,Location requires verification
JB_9120,Koordinátor/ka zásobování prodejen,,Radonice,Coordinator,General Coordinator,,Sales & Business Development,,https://www.jobs.cz/rpd/2001398188/,2026-09-11T16:09:03+02:00,Deprioritized,-1,Other,Outside Prague - verify,26,,Location requires verification
JB_2634,SPECIALISTA KVALITY VE VÝROBNÍ SPOLEČNOSTI (70 - 75 000 Kč),70 000 – 75 000 Kč,Mochov,Specialist,Quality/Regulatory Specialist,,"Manufacturing & Production, Quality & Safety",,https://www.jobs.cz/rpd/2001419751/,2026-09-11T16:09:03+02:00,Deprioritized,-1,Other,Outside Prague - verify,26,,Location requires verification
JB_6833,Hlavní architekt mobilní aplikace MyŠkoda (m/ž),,Mladá Boleslav,Architect,Software/Application Architect,,IT & Software,,https://www.jobs.cz/rpd/2000932364/,2026-09-11T16:08:47+02:00,Deprioritized,-1,Other,Outside Prague - verify,26,,Location requires verification
JB_1414,Specialista/ka MISS/IMDS – Automotive,,Mladá Boleslav – Mladá Boleslav IV,Specialist,Technical/Engineering Specialist,,Automotive & Mobility,,https://www.jobs.cz/rpd/2001347841/,2026-09-11T16:08:47+02:00,Deprioritized,-1,Other,Outside Prague - verify,26,,Location requires verification
JB_1746,🔐 Specialista informační bezpečnosti | ✈️ Chraň s námi svět letadel,,Odolena Voda – Dolínek,Specialist,Cybersecurity Specialist,,Cybersecurity,,https://www.jobs.cz/rpd/2001386957/,2026-09-11T16:08:47+02:00,Deprioritized,-1,Other,Outside Prague - verify,26,,Location requires verification
JB_2556,Legal Complaints Specialist,35 000 – 38 000 Kč,Česká republika + 1 další lokalita,Specialist,Legal Specialist,,Legal,,https://www.jobs.cz/rpd/2001403063/,2026-09-11T16:08:10+02:00,Deprioritized,-1,Other,Czechia - verify Prague/remote,26,,Location requires verification
JB_2859,Regulatory Reporting Senior Specialist,,Praha – Nové Město,Specialist,Data/Analytics Specialist,Senior,"Data & Analytics, Compliance & Risk",,https://www.jobs.cz/rpd/2001413125/,2026-09-11T16:08:10+02:00,Deprioritized,-1,Core Data & Analytics,Prague,26,Core Data & Analytics,Senior-level position; Primarily BI/reporting
JB_9612,»» 🚀Specialista na zlepšování výroby - Lean/OPEX Specialist - m/ž ««,,Bystřice – Petrovice,Specialist,Manufacturing/Production Specialist,,Manufacturing & Production,,https://www.jobs.cz/rpd/2001396200/,2026-09-11T16:08:02+02:00,Deprioritized,-1,Other,Outside Prague - verify,26,,Location requires verification
JB_7052,Packaging Specialist m/ž,55 000 – 60 000 Kč,Hlavenec + 1 další lokalita,Specialist,Manufacturing/Production Specialist,,,,https://www.jobs.cz/rpd/2001405317/,2026-09-11T15:59:12+02:00,Deprioritized,-1,Other,Outside Prague - verify,26,,Location requires verification
JB_5591,Specialist(k)a logistiky - palety a vratné obaly,,Rudná,Specialist,General Specialist,,,,https://www.jobs.cz/rpd/2001387209/,2026-09-11T15:59:12+02:00,Deprioritized,-1,Other,Outside Prague - verify,26,,Location requires verification
JB_6530,Specialist/ka logistiky (m/ž/x),,Lovosice,Specialist,General Specialist,,,,https://www.jobs.cz/rpd/2001412709/,2026-09-11T15:59:06+02:00,Deprioritized,-1,Other,Outside Prague - verify,26,,Location requires verification
JB_5215,Trainee program - Management,,Praha – Břevnov,Intern/Trainee,General Internship/Traineeship,Intern/Trainee,Project & Program Management,,https://www.jobs.cz/rpd/2001286480/,2026-09-11T15:58:34+02:00,Deprioritized,-1,Other,Prague,26,Junior/entry level,Leadership/management position
JB_8370,BS Coordinator / SAP & Systems Support,,Jevany,Coordinator,IT/Incident Coordinator,,IT & Software,SAP,https://www.jobs.cz/rpd/2001414771/,2026-09-11T15:58:25+02:00,Deprioritized,-1,Other,Outside Prague - verify,26,,Location requires verification
JB_2701,Manažer nemovitostí - trainee program 80.000 kč čistého,60 000 – 80 000 Kč,Praha – Karlín,Manager,Executive/General Manager,Intern/Trainee,"Project & Program Management, Real Estate & Construction",,https://www.jobs.cz/rpd/2001288683/,2026-09-11T15:58:25+02:00,Deprioritized,-1,Other,Prague,26,Junior/entry level,Leadership/management position
JB_6183,Junior Controlling Specialist (Chrášťany u Prahy),,Chrášťany,Specialist,Finance/Banking Specialist,Junior/Entry-level,,,https://www.jobs.cz/rpd/2001393839/,2026-09-11T15:58:19+02:00,Deprioritized,-1,Other,Outside Prague - verify,26,Junior/entry level,Finance/accounting orientation; Location requires verification
JB_8826,Production Planner & Supply Chain Coordinator,65 000 – 80 000 Kč,Milovice – Mladá,Planner,Demand/Supply Planner,,"Supply Chain & Logistics, Manufacturing & Production",,https://www.jobs.cz/rpd/2001372026/,2026-09-11T15:58:19+02:00,Deprioritized,-1,Other,Outside Prague - verify,26,,Location requires verification
JB_7585,Purchasing Coordinator (elektro) - Praha-západ,,Chrášťany,Coordinator,Logistics/Supply Chain Coordinator,,Procurement,,https://www.jobs.cz/rpd/2001402384/,2026-09-11T15:58:19+02:00,Deprioritized,-1,Other,Outside Prague - verify,26,,Location requires verification
JB_0235,Warehouse & Material Planner Coordinator,65 000 – 80 000 Kč,Milovice – Mladá,Planner,General Planner,,Supply Chain & Logistics,,https://www.jobs.cz/rpd/2001372027/,2026-09-11T15:58:19+02:00,Deprioritized,-1,Other,Outside Prague - verify,26,,Location requires verification
JB_8070,Junior Automotive Product Content Specialist,,Praha – Michle,Specialist,Marketing/Communications Specialist,Junior/Entry-level,"Marketing & Communications, Automotive & Mobility",,https://www.jobs.cz/rpd/2001379665/,2026-09-11T15:58:06+02:00,Deprioritized,-1,Other,Prague,26,Junior/entry level,Generic marketing role
JB_7036,Promo Planning Specialist,,Radonice,Specialist,General Specialist,,,,https://www.jobs.cz/rpd/2001386998/,2026-09-11T15:58:06+02:00,Deprioritized,-1,Other,Outside Prague - verify,26,,Location requires verification
JB_3463,Analytik provozního controllingu,,Rakovník,Analyst,General Analyst,,Data & Analytics,,https://www.jobs.cz/rpd/2001408229/,2026-09-11T15:57:43+02:00,Deprioritized,-1,Other,Outside Prague - verify,26,,Location requires verification
JB_3767,Specialista analýzy výrobních dat Giga odlitků (m/ž),,Mladá Boleslav – Mladá Boleslav II,Specialist,Manufacturing/Production Specialist,,Manufacturing & Production,,https://www.jobs.cz/rpd/2001384433/,2026-09-11T15:57:28+02:00,Deprioritized,-1,Other,Outside Prague - verify,26,,Location requires verification
JB_2900,IT Analytik API & Data management (m/ž),,Mladá Boleslav,Analyst,IT/Systems Analyst,,"Data & Analytics, IT & Software",,https://www.jobs.cz/rpd/2001271954/,2026-09-11T15:56:42+02:00,Deprioritized,-1,Business/Product Analysis,Outside Prague - verify,26,Business/Product Analysis,Leadership/management position; Location requires verification
BLT_2663,Senior System Analyst (HR),,27 Locations,Analyst,IT/Systems Analyst,Senior level,"IT & Software, HR & Recruitment",,https://builtin.com/job/talent-systems-analyst/10517834,,Deprioritized,-1,Business/Product Analysis,Outside Prague - verify,,Business/Product Analysis,Senior-level position; Location requires verification
JST_1517,Voice Engineer,až 100 000 Kč / měsíc,"Praha, Bratislava, Malaga or Remote",Engineer,General Engineer,"Medior, Senior",Engineering & R&D,,https://www.jobstack.it/it-job/site-provoz/6238334a58cce,2026-10-07T14:11:48+02:00,Deprioritized,-2,Other,Prague,0,R; Medior level,Senior-level position
JB_4239,(Senior) ICT Strategy Specialist – ICT Portfolio & Capabilities,,Praha – Vinohrady,Specialist,IT/Systems Specialist,Senior,IT & Software,,https://www.jobs.cz/rpd/2001467512/,2026-10-07T13:25:57+02:00,Deprioritized,-2,Adjacent Technical,Prague,0,Adjacent Technical,Senior-level position
JB_5780,(Senior) ICT Strategy Specialist – Threat Intelligence & Landscape,,Praha – Vinohrady,Specialist,IT/Systems Specialist,Senior,IT & Software,,https://www.jobs.cz/rpd/2001467623/,2026-10-07T13:25:57+02:00,Deprioritized,-2,Adjacent Technical,Prague,0,Adjacent Technical,Senior-level position
JB_0370,Junior produktový manažer/manažerka HYDRO-TECH,,Ústecký kraj + 2 další lokality,Manager,Product Manager/Product Owner,Junior/Entry-level,Product Management,,https://www.jobs.cz/rpd/2001463089/,2026-10-07T13:03:34+02:00,Deprioritized,-2,Other,Outside Prague - verify,0,Junior/entry level,Leadership/management position; Location requires verification
JB_1136,Head of Data Center Projects,90 000 – 150 000 Kč,Praha – Chodov,Manager,Data/AI Manager,Lead/Head,"Data & Analytics, Cloud & Infrastructure",,https://www.jobs.cz/rpd/2001332989/,2026-10-07T12:40:20+02:00,Deprioritized,-2,Other,Prague,0,ML/AI or modelling,Leadership/management position
JB_8309,Middle Office Analyst - Prague,,Praha – Nové Město,Analyst,Finance/Investment Analyst,Medior/Mid-level,,,https://www.jobs.cz/rpd/2001465298/,2026-10-07T12:40:05+02:00,Deprioritized,-2,Other,Prague,0,Medior level,Finance/accounting orientation
JB_3210,Senior Data Lead,,Praha – Vokovice + 1 další lokalita,Manager,Data/AI Manager,"Senior, Lead/Head",Data & Analytics,,https://www.jobs.cz/rpd/2001464986/,2026-10-07T12:39:26+02:00,Deprioritized,-2,Other,Prague,0,ML/AI or modelling,Senior-level position
BLT_2928,"Senior Python Engineer, Integration",,27 Locations,Engineer,General Engineer,Senior level,Engineering & R&D,Python,https://builtin.com/job/senior-python-engineer-integration/10264454,2026-10-07T12:37:57+02:00,Deprioritized,-2,Other,Outside Prague - verify,0,Python; R,Senior-level position; Location requires verification
SJ_464609,"Product Engineer (full-stack, medior/senior) 🚀",,Prague,Engineer,General Engineer,"Medior/Mid-level, Senior",Engineering & R&D,,https://www.startupjobs.cz/nabidka/107895/product-engineer-full-stack-medior-senior,2026-10-03T11:35:11+02:00,Deprioritized,-2,Other,Prague,4,R; Medior level,Senior-level position
JST_9048,Solution Architect – Oracle/Databricks/AWS,až 210 000 Kč / měsíc,Praha,Architect,Cloud/Infrastructure Architect,"Senior, Expert",,"Oracle, AWS, Databricks",https://www.jobstack.it/it-job/architekt/6abf950b3f7bc,2026-10-03T11:19:13+02:00,Deprioritized,-2,Other,Prague,4,SQL/data platform,Senior-level position
BLT_1223,Tech Lead - Payments and Billing,,28 Locations,Manager,IT/Engineering Manager,Entry level,,,https://builtin.com/job/tech-lead-payments-and-billing/11478311,2026-10-03T09:47:32+02:00,Deprioritized,-2,Other,Outside Prague - verify,5,Junior/entry level,Leadership/management position; Location requires verification
SJ_108263,🛠️ 💻 IT Support Manager - vezmi naše IT pod svá křídla!,,Prague,Manager,IT/Engineering Manager,,IT & Software,,https://www.startupjobs.cz/nabidka/108263/it-support-manager-vezmi-nase-it-pod-sva-kridla,2026-10-02T12:42:34+02:00,Deprioritized,-2,Adjacent Technical,Prague,5,Adjacent Technical,Leadership/management position
JB_5141,💊CMO QA Manager | Farmacie | 100-130 0000 Kč💰(m/ž),95 000 – 105 000 Kč,Praha,Manager,Production/Quality Manager,Executive,Quality & Safety,,https://www.jobs.cz/rpd/2001447072/,2026-10-02T11:22:24+02:00,Deprioritized,-2,Adjacent Technical,Prague,5,Adjacent Technical,Leadership/management position
JB_9765,Senior CRM Specialist,,okres Praha,Specialist,IT/Systems Specialist,Senior,,,https://www.jobs.cz/rpd/2001454091/,2026-09-30T11:14:05+02:00,Deprioritized,-2,Adjacent Technical,Prague,7,Adjacent Technical,Senior-level position
BLT_4658,"Data Analyst, Regulatory Analytics and Reporting",,9 Locations,Analyst,Data/BI Analyst,Senior level,"Data & Analytics, Compliance & Risk",,https://builtin.com/job/data-analyst-regulatory-analytics-and-reporting/11375032,2026-09-26T10:06:23+02:00,Deprioritized,-2,Core Data & Analytics,Outside Prague - verify,12,Core Data & Analytics,Senior-level position; Primarily BI/reporting; Location requires verification
JB_7629,🚀 SENIOR CRM SPECIALISTA,,Praha – Stodůlky,Specialist,IT/Systems Specialist,Senior,,,https://www.jobs.cz/rpd/2001445118/,2026-09-25T10:28:39+02:00,Deprioritized,-2,Adjacent Technical,Prague,13,Adjacent Technical,Senior-level position
JB_4741,Power BI specialist (m/ž),,Praha – Dolní Měcholupy,Specialist,General Specialist,,"Data & Analytics, Energy & Utilities",Power BI,https://www.jobs.cz/rpd/2001444387/,2026-09-25T10:17:23+02:00,Deprioritized,-2,Other,Prague,13,,Primarily BI/reporting
SJ_108027,Data Delivery Manager,,Prague,Manager,Data/AI Manager,,Data & Analytics,,https://www.startupjobs.cz/nabidka/108027/data-delivery-manager,2026-09-23T21:49:43+02:00,Deprioritized,-2,Other,Prague,14,ML/AI or modelling,Leadership/management position
JB_7459,"Product Manager, Analytics",,Praha – Strašnice,Manager,Data/AI Manager,,"Data & Analytics, Product Management",,https://www.jobs.cz/rpd/2001425704/,2026-09-23T20:27:53+02:00,Deprioritized,-2,Other,Prague,14,ML/AI or modelling,Leadership/management position
JB_2345,HR analyst/Statistical expert,,Praha – Nusle,Analyst,HR/People Analyst,,HR & Recruitment,,https://www.jobs.cz/rpd/2001250167/,2026-09-23T20:06:05+02:00,Deprioritized,-2,Other,Prague,14,ML/AI or modelling,Senior-level position
JB_5455,Senior Talent Partner | Recruiter | HR (AI) Ambassador,,Praha – Karlín,Recruiter,General Recruiter,Senior,"AI & Machine Learning, HR & Recruitment",,https://www.jobs.cz/rpd/2001443436/,2026-09-23T20:05:26+02:00,Deprioritized,-2,Data Science & Machine Learning,Prague,14,Data Science & Machine Learning; ML/AI or modelling,Senior-level position; Non-target root occupation
BLT_9165,Senior C# Developer (Data Management),,"Prague, CZE",Developer,Data/Database Developer,Senior level,"Data & Analytics, IT & Software",C#,https://builtin.com/job/senior-c-developer-data-management/10995504,2026-09-23T20:01:43+02:00,Deprioritized,-2,Data Engineering & Automation,Prague,14,Data Engineering & Automation,Senior-level position; Leadership/management position
SJ_107975,Account Manager - CDP & Customer Data | On-site or Hybrid,,Prague,Manager,Data/AI Manager,,"Data & Analytics, Sales & Business Development, Customer Service",,https://www.startupjobs.cz/nabidka/107975/account-manager-cdp-and-customer-data-on-site-or-hybrid,2026-09-22T20:38:31+02:00,Deprioritized,-2,Other,Prague,15,ML/AI or modelling,Leadership/management position
JB_5628,Senior IT Support Specialist (Azure & On-prem),,Praha – Vokovice,Support Specialist,Technical Support,Senior,IT & Software,Azure,https://www.jobs.cz/rpd/2001440395/,2026-09-22T19:02:24+02:00,Deprioritized,-2,Adjacent Technical,Prague,15,Adjacent Technical,Senior-level position
JB_4998,SW Automation/Manual Tester (Senior),,Praha – Staré Město + 1 další lokalita,Tester,Automation Tester,Senior,,,https://www.jobs.cz/rpd/2001428855/,2026-09-18T13:27:13+02:00,Deprioritized,-2,Adjacent Technical,Prague,19,Adjacent Technical,Senior-level position
JB_6564,SAP EWM Senior Process Expert,,Praha – Stodůlky,Specialist,IT/Systems Specialist,Senior,,SAP,https://www.jobs.cz/rpd/2001433259/,2026-09-18T13:25:47+02:00,Deprioritized,-2,Adjacent Technical,Prague,19,Adjacent Technical,Senior-level position
JB_3698,SAP TM Senior Process Expert,,Praha – Stodůlky,Specialist,IT/Systems Specialist,Senior,,SAP,https://www.jobs.cz/rpd/2001433258/,2026-09-18T13:25:47+02:00,Deprioritized,-2,Adjacent Technical,Prague,19,Adjacent Technical,Senior-level position
JB_4724,IT Konzultant - SW v oboru facility/energetický management,,Praha,Consultant,IT/Technology Consultant,,"IT & Software, Energy & Utilities",,https://www.jobs.cz/rpd/2001430769/,2026-09-18T13:07:05+02:00,Deprioritized,-2,Adjacent Technical,Prague,19,Adjacent Technical,Leadership/management position
JB_1185,Senior Data Lead,,Praha – Stodůlky,Manager,Data/AI Manager,"Senior, Lead/Head",Data & Analytics,,https://www.jobs.cz/rpd/2001426903/,2026-09-18T13:05:42+02:00,Deprioritized,-2,Other,Prague,19,ML/AI or modelling,Senior-level position
JB_1190,Seniorní QA Analytik pro celoevropský digitalizační projekt,,Praha – Karlín,Analyst,QA/Test Analyst,Senior,"Data & Analytics, Project & Program Management, Quality & Safety",,https://www.jobs.cz/rpd/2001431921/,2026-09-18T13:05:17+02:00,Deprioritized,-2,Adjacent Technical,Prague,19,Adjacent Technical,Senior-level position
JB_6340,Expert/ka strategie a koncepce ICT,,Praha – Michle + 2 další lokality,Specialist,IT/Systems Specialist,,IT & Software,,https://www.jobs.cz/rpd/2001424526/,2026-09-15T00:26:41+02:00,Deprioritized,-2,Adjacent Technical,Prague,23,Adjacent Technical,Senior-level position
BLT_1407,Staff Python / PyTorch Developer — Frontend Inference Compiler – Dubai,,29 Locations,Developer,Frontend Developer,Mid level,IT & Software,Python,https://builtin.com/job/python-pytorch-developer-frontend-inference-compiler-dubai/7565379,2026-09-14T23:29:19+02:00,Deprioritized,-2,Other,Outside Prague - verify,23,Python; Medior level,Senior-level position; Location requires verification
BLT_5070,"Senior Python Engineer, Wallet",,27 Locations,Engineer,General Engineer,Senior level,Engineering & R&D,Python,https://builtin.com/job/senior-python-engineer-wallet/10316288,2026-09-14T23:28:46+02:00,Deprioritized,-2,Other,Outside Prague - verify,23,Python; R,Senior-level position; Location requires verification
BLT_3554,"Senior Database Engineer (PostgreSQL, Aurora)",,23 Locations,Engineer,General Engineer,Senior level,Engineering & R&D,PostgreSQL,https://builtin.com/job/database-engineer/9719131,2026-09-14T23:28:36+02:00,Deprioritized,-2,Other,Outside Prague - verify,23,SQL/data platform; R,Senior-level position; Location requires verification
JST_8547,DEVCITY NEW ! DevOps Engineer - Train safety systems,Navrhni si mzdu,"Praha,Brno,Ostrava,Hradec Králové,Liberec",Engineer,DevOps/SRE Engineer,"Medior, Senior, Expert","Cloud & Infrastructure, IT & Software, Engineering & R&D, Quality & Safety",,https://www.jobstack.it/it-job/devops-admin/616947c520a9e,2026-09-12T11:34:05+02:00,Deprioritized,-2,Other,Prague,25,R; Medior level,Senior-level position
JST_9400,Application Security Engineer,až 130 000 Kč / měsíc,"Praha, Bratislava, Malaga or Remote",Engineer,Security Engineer,"Medior, Senior","Cybersecurity, IT & Software, Engineering & R&D",,https://www.jobstack.it/it-job/specialista-it-securita/62383548c6bbe,2026-09-12T11:33:57+02:00,Deprioritized,-2,Other,Prague,25,R; Medior level,Senior-level position
JST_6468,DevOps Engineer,až 110 000 Kč / měsíc,"Praha, Bratislava, Malaga or Remote",Engineer,DevOps/SRE Engineer,"Medior, Senior","Cloud & Infrastructure, Engineering & R&D",,https://www.jobstack.it/it-job/devops-admin/62383003a80f7,2026-09-12T11:33:57+02:00,Deprioritized,-2,Other,Prague,25,R; Medior level,Senior-level position
JST_8540,Voice Engineer,až 100 000 Kč / měsíc,"Praha, Bratislava, Malaga or Remote",Engineer,General Engineer,"Medior, Senior",Engineering & R&D,,https://www.jobstack.it/it-job/specialista-it-securita/6238334a58cce,2026-09-12T11:33:57+02:00,Deprioritized,-2,Other,Prague,25,R; Medior level,Senior-level position
JST_0363,Aplikační specialist(k)a - správce aplikačního SW,Navrhni si mzdu,"5. května 1640/65, Praha 4 - Vyšehrad, 140 00",Specialist,IT/Systems Specialist,Senior,IT & Software,,https://www.jobstack.it/it-job/application-server-admin/6319fe99dba6d,2026-09-12T11:33:50+02:00,Deprioritized,-2,Adjacent Technical,Prague,25,Adjacent Technical,Senior-level position
JST_1755,Support Engineer,Navrhni si mzdu,"Křižíkova 148/34 Karlín 186 00, Praha",Engineer,General Engineer,"Medior, Senior",Engineering & R&D,,https://www.jobstack.it/it-job/it-podpora/643d50f8c5717,2026-09-12T11:33:50+02:00,Deprioritized,-2,Other,Prague,25,R; Medior level,Senior-level position
JST_4633,Solution Engineer (presales),Navrhni si mzdu,Praha 6,Engineer,General Engineer,"Medior, Senior",Engineering & R&D,,https://www.jobstack.it/it-job/presale-specialista/67b7579b8ec8f,2026-09-12T11:33:16+02:00,Deprioritized,-2,Other,Prague,25,R; Medior level,Senior-level position
JST_2711,Support & Delivery Engineer L2,Navrhni si mzdu,"Vinohradská 2828/151, Praha, Žižkov",Engineer,General Engineer,"Medior, Senior, Expert",Engineering & R&D,,https://www.jobstack.it/it-job/it-podpora/685a7d5367171,2026-09-12T11:33:02+02:00,Deprioritized,-2,Other,Prague,25,R; Medior level,Senior-level position
JST_0016,Database Administrator/SQL Server Administrator,až 150 000 Kč / měsíc,Praha,Administrator,Database Administrator,"Senior, Expert",Cloud & Infrastructure,"SQL, MS SQL Server",https://www.jobstack.it/it-job/database-admin/6a7c808215eaf,2026-09-12T11:32:42+02:00,Deprioritized,-2,Other,Prague,25,SQL/data platform,Senior-level position
JST_2481,"Infrastructure Engineer – Windows - Praha, IČO",až 165 000 Kč / měsíc,Praha,Engineer,Network/Infrastructure Engineer,"Medior, Senior","Cloud & Infrastructure, Engineering & R&D",,https://www.jobstack.it/it-job/site-provoz/6a8ef3c5ede95,2026-09-12T11:32:36+02:00,Deprioritized,-2,Other,Prague,25,R; Medior level,Senior-level position
JST_2366,IT KONZULTANT /facility management/,až 130 000 Kč / měsíc,Praha 7,Consultant,IT/Technology Consultant,"Junior, Medior, Senior",IT & Software,,https://www.jobstack.it/it-job/it-konzultant/6a79c10fa6f8c,2026-09-12T11:32:36+02:00,Deprioritized,-2,Adjacent Technical,Prague,25,Adjacent Technical; Junior/entry level; Medior level,Senior-level position; Leadership/management position
JST_9061,Senior QA analytik | Platby | Bankovní prostředí | Praha,až 85 000 Kč / měsíc,Praha,Analyst,QA/Test Analyst,Senior,"Data & Analytics, Finance & Banking, Quality & Safety",,https://www.jobstack.it/it-job/test-analytik/6a9e84ab8d9ce,2026-09-12T11:32:36+02:00,Deprioritized,-2,Adjacent Technical,Prague,25,Adjacent Technical,Senior-level position
JST_9104,Senior cloud specialist: OpenStack & KVM,až 160 000 Kč / měsíc,"2x -3x onsite Praha nebo Olomouc, po zapracování 1x onsite",Specialist,IT/Systems Specialist,"Senior, Expert",Cloud & Infrastructure,,https://www.jobstack.it/it-job/devops-admin/69831a3d5d630,2026-09-12T11:32:21+02:00,Deprioritized,-2,Adjacent Technical,Prague,25,Adjacent Technical,Senior-level position
JST_2581,SRE/DevOps Engineer - Enterprise Storage Platform,Navrhni si mzdu,Praha,Engineer,DevOps/SRE Engineer,"Medior, Senior","Cloud & Infrastructure, Engineering & R&D",,https://www.jobstack.it/it-job/specialista-devops/6a8333db67f41,2026-09-12T11:32:21+02:00,Deprioritized,-2,Other,Prague,25,R; Medior level,Senior-level position
SJ_69905,Senior Business a IT Consultant 🧠🚀 Praha,,Prague,Consultant,IT/Technology Consultant,Senior,IT & Software,,https://www.startupjobs.cz/nabidka/69905/senior-business-a-it-consultant,2026-09-12T11:04:53+02:00,Deprioritized,-2,Adjacent Technical,Prague,26,Adjacent Technical,Senior-level position
SJ_101397,⚡️Maestro energetického IT consultingu – Senior Consultant📈,,Prague,Consultant,IT/Technology Consultant,Senior,"IT & Software, Energy & Utilities",,https://www.startupjobs.cz/nabidka/101397/maestro-energetickeho-it-consultingu-senior-consultant,2026-09-12T11:04:53+02:00,Deprioritized,-2,Adjacent Technical,Prague,26,Adjacent Technical,Senior-level position
SJ_107327,Head of Data,,Prague,Manager,Data/AI Manager,Lead/Head,Data & Analytics,,https://www.startupjobs.cz/nabidka/107327/head-of-data,2026-09-12T11:02:48+02:00,Deprioritized,-2,Other,Prague,26,ML/AI or modelling,Leadership/management position
SJ_107511,Senior QA analytik | Platby | Bankovní prostředí | Praha,,Prague,Analyst,QA/Test Analyst,Senior,"Data & Analytics, Finance & Banking, Quality & Safety",,https://www.startupjobs.cz/nabidka/107511/senior-qa-analytik-platby-bankovni-prostredi-praha,2026-09-12T10:59:33+02:00,Deprioritized,-2,Adjacent Technical,Prague,26,Adjacent Technical,Senior-level position
SJ_107461,"Technický QA Team Lead – Praha, Karlín",,Prague,Manager,Production/Quality Manager,Lead/Head,Quality & Safety,,https://www.startupjobs.cz/nabidka/107461/technicky-qa-team-lead-praha-karlin,2026-09-12T10:56:33+02:00,Deprioritized,-2,Adjacent Technical,Prague,26,Adjacent Technical,Leadership/management position
SJ_106895,Head of Business Reporting & Data Management,,Prague,Manager,Data/AI Manager,Lead/Head,Data & Analytics,,https://www.startupjobs.cz/nabidka/106895/head-of-business-reporting-and-data-management,2026-09-12T10:55:23+02:00,Deprioritized,-2,Other,Prague,26,ML/AI or modelling,Leadership/management position
SJ_107669,Team Lead Data Analytics,,Prague,Manager,Data/AI Manager,Lead/Head,Data & Analytics,,https://www.startupjobs.cz/nabidka/107669/team-lead-data-analytics,2026-09-11T23:07:28+02:00,Deprioritized,-2,Other,Prague,26,ML/AI or modelling,Leadership/management position
JB_0307,IT Systems & Digitalization Specialist (Mid/Senior),,Praha – Ruzyně,Specialist,IT/Systems Specialist,Senior,IT & Software,,https://www.jobs.cz/rpd/2001414495/,2026-09-11T16:52:45+02:00,Deprioritized,-2,Adjacent Technical,Prague,26,Adjacent Technical,Senior-level position
JB_0963,Nákupčí Junior/Senior,,Nymburk,Specialist,Procurement Specialist,"Junior/Entry-level, Senior",Procurement,,https://www.jobs.cz/rpd/2001418616/,2026-09-11T16:20:31+02:00,Deprioritized,-2,Other,Outside Prague - verify,26,Junior/entry level,Senior-level position; Location requires verification
JB_5105,CE Lead Insight Performance and Capability Manager,,Praha – Vršovice,Manager,Data/AI Manager,Lead/Head,,,https://www.jobs.cz/rpd/2001282021/,2026-09-11T16:18:40+02:00,Deprioritized,-2,Other,Prague,26,ML/AI or modelling,Leadership/management position
JB_6575,Sr. Analytics Developer - Finance Reporting,,Praha – Staré Město,Developer,General Software Developer,Senior,"Data & Analytics, IT & Software, Finance & Banking",,https://www.jobs.cz/rpd/2001385435/,2026-09-11T16:18:26+02:00,Deprioritized,-2,Python/Software Development,Prague,26,Python/Software Development,Senior-level position; Primarily BI/reporting
JB_5084,Test Lead / Senior QA Tester,,Praha,Manager,Production/Quality Manager,"Senior, Lead/Head",Quality & Safety,,https://www.jobs.cz/rpd/2001413984/,2026-09-11T16:18:18+02:00,Deprioritized,-2,Adjacent Technical,Prague,26,Adjacent Technical,Senior-level position
JB_9994,SAP Business Expert – SAP Project Systems,,Praha – Nové Město,Specialist,IT/Systems Specialist,,"IT & Software, Project & Program Management",SAP,https://www.jobs.cz/rpd/2001331668/,2026-09-11T16:11:17+02:00,Deprioritized,-2,Adjacent Technical,Prague,26,Adjacent Technical,Senior-level position
JB_3666,Junior marketingový koordinátor/ka,30 000 – 40 000 Kč,Zlonice,Coordinator,Sales/Marketing Coordinator,Junior/Entry-level,,,https://www.jobs.cz/rpd/2001419660/,2026-09-11T16:09:34+02:00,Deprioritized,-2,Other,Outside Prague - verify,26,Junior/entry level,Generic marketing role; Location requires verification
JB_5740,Demand Planning / Forecasting Manager,,Praha – Karlín,Manager,Supply Chain/Procurement Manager,,,,https://www.jobs.cz/rpd/2001285873/,2026-09-11T16:09:09+02:00,Deprioritized,-2,Other,Prague,26,ML/AI or modelling,Leadership/management position
JB_7098,Senior CRM Specialista/Specialistka,,Praha – Chodov,Specialist,IT/Systems Specialist,Senior,,,https://www.jobs.cz/rpd/2001175036/,2026-09-11T16:09:03+02:00,Deprioritized,-2,Adjacent Technical,Prague,26,Adjacent Technical,Senior-level position
JB_8084,Senior tester / senior testerka,,Praha – Michle,Tester,General Tester,Senior,,,https://www.jobs.cz/rpd/2001387300/,2026-09-11T16:08:47+02:00,Deprioritized,-2,Adjacent Technical,Prague,26,Adjacent Technical,Senior-level position
JB_5055,Data Science Team Lead,,Praha – Karlín,Manager,Data/AI Manager,Lead/Head,"Data & Analytics, Education & Research",,https://www.jobs.cz/rpd/2001383531/,2026-09-11T15:58:49+02:00,Deprioritized,-2,Other,Prague,26,ML/AI or modelling,Leadership/management position
JB_8932,Middle Office Analyst - Prague,,Praha – Nové Město,Analyst,Finance/Investment Analyst,Medior/Mid-level,,,https://www.jobs.cz/rpd/2001418723/,2026-09-11T15:57:15+02:00,Deprioritized,-2,Other,Prague,26,Medior level,Finance/accounting orientation
JB_3240,Specialista/tka správy dat/Middle Office Specialist - investiční společnost,,Praha – Michle,Specialist,Finance/Banking Specialist,Medior/Mid-level,Finance & Banking,,https://www.jobs.cz/rpd/2001297524/,2026-09-11T15:57:03+02:00,Deprioritized,-2,Other,Prague,26,Medior level,Finance/accounting orientation
JB_7512,Marketing Data Team Lead,,Praha – Smíchov,Manager,Data/AI Manager,Lead/Head,"Data & Analytics, Marketing & Communications",,https://www.jobs.cz/rpd/2000844890/,2026-09-11T15:56:57+02:00,Deprioritized,-2,Other,Prague,26,ML/AI or modelling,Leadership/management position
JB_4913,Power BI analytik (m/ž),,Hlavní město Praha,Analyst,General Analyst,,"Data & Analytics, Energy & Utilities",Power BI,https://www.jobs.cz/rpd/2001367875/,2026-09-11T15:56:57+02:00,Deprioritized,-2,Other,Prague,26,,Primarily BI/reporting
JB_0598,Senior Data Lead,,Praha – Vokovice + 1 další lokalita,Manager,Data/AI Manager,"Senior, Lead/Head",Data & Analytics,,https://www.jobs.cz/rpd/2001389280/,2026-09-11T15:56:57+02:00,Deprioritized,-2,Other,Prague,26,ML/AI or modelling,Senior-level position
JB_4700,Head of Business Reporting & Data Management,,Praha – Karlín,Manager,Data/AI Manager,Lead/Head,Data & Analytics,,https://www.jobs.cz/rpd/2001370227/,2026-09-11T15:56:36+02:00,Deprioritized,-2,Other,Prague,26,ML/AI or modelling,Leadership/management position
JB_6390,Chief Data Steward se zaměřením na Master data,,Praha – Michle,Manager,Data/AI Manager,Executive,Data & Analytics,,https://www.jobs.cz/rpd/2001283266/,2026-09-11T15:56:22+02:00,Deprioritized,-2,Other,Prague,26,ML/AI or modelling,Leadership/management position
JB_0550,Head of Data,,Praha – Holešovice,Manager,Data/AI Manager,Lead/Head,Data & Analytics,,https://www.jobs.cz/rpd/2001398903/,2026-09-11T15:56:22+02:00,Deprioritized,-2,Other,Prague,26,ML/AI or modelling,Leadership/management position
BLT_0077,"Medical Insights, Data Analyst Senior Manager",124K-207K Annually,32 Locations,Manager,Data/AI Manager,Senior level,"Data & Analytics, Healthcare & Pharma",,https://builtin.com/job/medical-insights-data-analyst-senior-manager/11110135,,Deprioritized,-2,Core Data & Analytics,Outside Prague - verify,,Core Data & Analytics; ML/AI or modelling,Senior-level position; Leadership/management position; Location requires verification
BLT_8006,Senior Azure Databricks Engineer,,27 Locations,Engineer,Cloud/Platform Engineer,Senior level,Engineering & R&D,"Azure, Databricks",https://builtin.com/job/senior-azure-databricks-engineer/9647368,,Deprioritized,-2,Other,Outside Prague - verify,,SQL/data platform; R,Senior-level position; Location requires verification
SJ_108301,Senior DevOps Engineer,,Prague,Engineer,DevOps/SRE Engineer,Senior,"Cloud & Infrastructure, Engineering & R&D",,https://www.startupjobs.cz/nabidka/108301/senior-devops-engineer,2026-10-07T14:18:14+02:00,Deprioritized,-3,Other,Prague,0,R,Senior-level position
SJ_108353,Founding Acquisition Engineer / Senior Acquisition Engineer | ESOP | Provize z prodeje,,Prague,Engineer,General Engineer,Senior,"Sales & Business Development, Engineering & R&D",,https://www.startupjobs.cz/nabidka/108353/founding-acquisition-engineer-senior-acquisition-engineer-esop-provize-z-prodeje,2026-10-07T14:15:14+02:00,Deprioritized,-3,Other,Prague,0,R,Senior-level position
JST_9231,SAP S/4 HANA Public Cloud Konzultant,Navrhni si mzdu,Praha,Consultant,SAP/ERP Consultant,"Medior, Senior, Expert",Cloud & Infrastructure,SAP,https://www.jobstack.it/it-job/sap/64ca2d1c54dd0,2026-10-07T14:11:32+02:00,Deprioritized,-3,Other,Prague,0,Medior level,Senior-level position
JST_3259,Konzultant SAP - výroba (modul PP),Navrhni si mzdu,Praha,Consultant,SAP/ERP Consultant,"Medior, Senior",Manufacturing & Production,SAP,https://www.jobstack.it/it-job/sap/618394c27aa19,2026-10-07T14:11:17+02:00,Deprioritized,-3,Other,Prague,0,Medior level,Senior-level position
JST_5751,SAP MM Konzultant - logistika,Navrhni si mzdu,Praha,Consultant,SAP/ERP Consultant,"Medior, Senior",,SAP,https://www.jobstack.it/it-job/sap/610843fc40584,2026-10-07T14:11:17+02:00,Deprioritized,-3,Other,Prague,0,Medior level,Senior-level position
JST_6309,Senior Network Engineer with Azure,až 121 300 Kč / měsíc,Praha,Engineer,Cloud/Platform Engineer,"Senior, Expert","Cloud & Infrastructure, Engineering & R&D",Azure,https://www.jobstack.it/it-job/site-provoz/698b3717958c9,2026-10-07T14:10:55+02:00,Deprioritized,-3,Other,Prague,0,R,Senior-level position
JST_8494,Product Manager,až 100 000 Kč / měsíc,Praha - Karlín,Manager,Product Manager/Product Owner,Medior,Product Management,,https://www.jobstack.it/it-job/product-manager/6a4cd3f903acc,2026-10-07T14:10:43+02:00,Deprioritized,-3,Other,Prague,0,Medior level,Leadership/management position
JB_5442,Daňový konzultant - flex. prac. doba & HO & přátelský tým,,Praha – Krč,Consultant,Finance/Transactions Consultant,,Finance & Banking,,https://www.jobs.cz/rpd/2001467356/,2026-10-07T13:38:19+02:00,Deprioritized,-3,Other,Prague,0,,Finance/accounting orientation
JB_2493,Cluster Pricing & Billing Specialist,,Praha – Michle,Specialist,Finance/Banking Specialist,,Finance & Banking,,https://www.jobs.cz/rpd/2001465339/,2026-10-07T13:26:32+02:00,Deprioritized,-3,Other,Prague,0,,Finance/accounting orientation
JB_9487,🤝 Scrum Master | Core Banking,,Praha – Vinohrady,Specialist,Finance/Banking Specialist,,Finance & Banking,,https://www.jobs.cz/rpd/2001467369/,2026-10-07T13:26:20+02:00,Deprioritized,-3,Other,Prague,0,,Finance/accounting orientation
JB_2278,Specialista/ka restrukturalizace SME úvěrů,,Praha – Nové Město,Specialist,Finance/Banking Specialist,,,,https://www.jobs.cz/rpd/2001462503/,2026-10-07T12:51:35+02:00,Deprioritized,-3,Other,Prague,0,,Finance/accounting orientation
JB_5567,"PRICING SPECIALIST, nástup ASAP, hybrid režim, PHA 4",44 000 – 53 000 Kč,Praha,Specialist,Finance/Banking Specialist,,Finance & Banking,,https://www.jobs.cz/rpd/2001467787/,2026-10-07T12:41:15+02:00,Deprioritized,-3,Other,Prague,0,,Finance/accounting orientation
JB_8442,Finance Specialist - part-time,,Praha – Karlín,Specialist,Finance/Banking Specialist,,Finance & Banking,,https://www.jobs.cz/rpd/2001465173/,2026-10-07T12:40:55+02:00,Deprioritized,-3,Other,Prague,0,,Finance/accounting orientation
JB_4518,Analyst v oceňování a podnikových financích,,Praha – Nusle,Analyst,Finance/Investment Analyst,,,,https://www.jobs.cz/rpd/2001464109/,2026-10-07T12:40:36+02:00,Deprioritized,-3,Other,Prague,0,,Finance/accounting orientation
JB_7423,Finanční analytik (m/ž),,Praha – Kyje,Analyst,Finance/Investment Analyst,,Data & Analytics,,https://www.jobs.cz/rpd/2001466189/,2026-10-07T12:40:21+02:00,Deprioritized,-3,Other,Prague,0,,Finance/accounting orientation
JB_1647,Head of the Digital Phenotyping & Data Science Module (DSM),70 000 – 100 000 Kč,Vestec,Manager,Data/AI Manager,Lead/Head,"Data & Analytics, Education & Research",,https://www.jobs.cz/rpd/2001462073/,2026-10-07T12:40:20+02:00,Deprioritized,-3,Other,Outside Prague - verify,0,ML/AI or modelling,Leadership/management position; Location requires verification
JB_9186,Financial Services Business Performance & Commercial Steering Specialist CEE,,Praha – Chodov,Specialist,Finance/Banking Specialist,,"Finance & Banking, Sales & Business Development",,https://www.jobs.cz/rpd/2001459726/,2026-10-03T09:50:25+02:00,Deprioritized,-3,Other,Prague,5,,Finance/accounting orientation
JB_0597,Sales Manager – Financial Services Industry R00314251,,Praha,Manager,Sales/Account Manager,,"Finance & Banking, Sales & Business Development",,https://www.jobs.cz/rpd/2001222518/,2026-10-02T12:34:26+02:00,Deprioritized,-3,Other,Prague,5,R,Leadership/management position
JB_4036,SENIOR DEVOPS ENGINEER,,Praha – Vršovice,Engineer,DevOps/SRE Engineer,Senior,"Cloud & Infrastructure, Engineering & R&D",,https://www.jobs.cz/rpd/2001453843/,2026-09-30T11:22:03+02:00,Deprioritized,-3,Other,Prague,7,R,Senior-level position
JB_5719,Pricing Specialist pro leteckou přepravu - Praha,,Praha – Jinonice,Specialist,Finance/Banking Specialist,,Finance & Banking,,https://www.jobs.cz/rpd/2001455485/,2026-09-30T11:13:30+02:00,Deprioritized,-3,Other,Prague,7,,Finance/accounting orientation
JB_6542,Financial Operations Specialist,,Praha – Dejvice,Specialist,Finance/Banking Specialist,,Finance & Banking,,https://www.jobs.cz/rpd/2001447316/,2026-09-29T10:59:50+02:00,Deprioritized,-3,Other,Prague,9,,Finance/accounting orientation
SJ_108111,"🖤💛 Senior Cloud / DevOps Engineer | AWS, GCP, Kubernetes 🚀",,Prague,Engineer,DevOps/SRE Engineer,Senior,"Cloud & Infrastructure, Engineering & R&D","AWS, GCP, Kubernetes",https://www.startupjobs.cz/nabidka/108111/senior-cloud-devops-engineer-aws-gcp-kubernetes,2026-09-26T12:09:35+02:00,Deprioritized,-3,Other,Prague,11,R,Senior-level position
JB_3288,Finanční analytik/čka,,Praha – Smíchov,Analyst,Finance/Investment Analyst,,Data & Analytics,,https://www.jobs.cz/rpd/2001446739/,2026-09-26T10:20:34+02:00,Deprioritized,-3,Other,Prague,12,,Finance/accounting orientation
BLT_8348,Principal Software Engineer Lead - Compute Control Plane - Remote,,4 Locations,Manager,IT/Engineering Manager,Expert/Leader,"IT & Software, Engineering & R&D",,https://builtin.com/job/principal-software-engineer-lead-compute-control-plane-remote/11378662,2026-09-26T10:07:35+02:00,Deprioritized,-3,Other,Remote/Hybrid,12,R,Senior-level position
SJ_108067,IT Business Consultant / Technical Presales specialista,,Prague,Sales Representative,Presales/Solutions Sales Representative,,IT & Software,,https://www.startupjobs.cz/nabidka/108067/it-business-consultant-technical-presales-specialista,2026-09-25T11:52:06+02:00,Deprioritized,-3,Business/Product Analysis,Prague,12,Business/Product Analysis,Non-target root occupation
SJ_105487,Senior Infrastructure Engineer,,Prague,Engineer,Network/Infrastructure Engineer,Senior,"Cloud & Infrastructure, Engineering & R&D",,https://www.startupjobs.cz/nabidka/105487/senior-infrastructure-engineer,2026-09-25T11:51:01+02:00,Deprioritized,-3,Other,Prague,12,R,Senior-level position
JB_9717,Osobní bankéř/ka - Vítězné náměstí,,Praha – Bubeneč,Specialist,Finance/Banking Specialist,,Finance & Banking,,https://www.jobs.cz/rpd/2001444768/,2026-09-25T11:17:12+02:00,Deprioritized,-3,Other,Prague,12,,Finance/accounting orientation
JB_3572,Solution Architect / Senior Software Engineer - (m/w/n),,Praha – Chodov,Architect,Solution Architect,Senior,"IT & Software, Engineering & R&D",,https://www.jobs.cz/rpd/2001443250/,2026-09-25T11:03:04+02:00,Deprioritized,-3,Other,Prague,13,R,Senior-level position
JB_2547,Ředitel / Ředitelka Delivery & Engineering,,Praha – Radlice,Manager,IT/Engineering Manager,Executive,Engineering & R&D,,https://www.jobs.cz/rpd/2001445594/,2026-09-25T10:53:15+02:00,Deprioritized,-3,Other,Prague,13,R,Leadership/management position
JB_4369,Osobní bankéř/ka - Anděl,,Praha – Smíchov,Specialist,Finance/Banking Specialist,,Finance & Banking,,https://www.jobs.cz/rpd/2001362404/,2026-09-23T21:10:29+02:00,Deprioritized,-3,Other,Prague,14,,Finance/accounting orientation
JB_6148,(Junior) Customer Care Agent in Finance & Accounting with Dutch (R00335320),,Praha – Holešovice,Customer Service Representative,Customer Care Representative,Junior/Entry-level,"Finance & Banking, Customer Service",,https://www.jobs.cz/rpd/2001318455/,2026-09-23T20:29:30+02:00,Deprioritized,-3,Other,Prague,14,R; Junior/entry level,Non-target root occupation
JB_7003,Senior Java Engineer (Angular experience is a plus) HPP/ICO,,Praha – Staré Město,Engineer,General Engineer,Senior,Engineering & R&D,"Java, Angular",https://www.jobs.cz/rpd/2001443268/,2026-09-23T20:28:26+02:00,Deprioritized,-3,Other,Prague,14,R,Senior-level position
JB_8925,Specialist IT SAP Business Process Management,,Česká Lípa,Specialist,IT/Systems Specialist,,IT & Software,SAP,https://www.jobs.cz/rpd/2001442397/,2026-09-23T20:05:47+02:00,Deprioritized,-3,Adjacent Technical,Outside Prague - verify,14,Adjacent Technical,Leadership/management position; Location requires verification
BLT_0120,Lead Android Engineer (EMEA Remote),,20 Locations,Manager,Executive/General Manager,Senior level,Engineering & R&D,,https://builtin.com/job/lead-android-engineer-emea-remote/11328297,2026-09-23T20:02:51+02:00,Deprioritized,-3,Other,Remote/Hybrid,14,R,Senior-level position
BLT_2645,Senior Full-Stack Engineer - Platform Team,,"Prague, CZE",Engineer,Cloud/Platform Engineer,Senior level,"Cloud & Infrastructure, Engineering & R&D",,https://builtin.com/job/senior-full-stack-engineer-platform-team/11326954,2026-09-23T20:01:57+02:00,Deprioritized,-3,Other,Prague,14,R,Senior-level position
JB_3072,Specialista finančních operací,36 000 – 65 000 Kč,Praha – Nusle,Specialist,Finance/Banking Specialist,,,,https://www.jobs.cz/rpd/2001440467/,2026-09-22T19:10:14+02:00,Deprioritized,-3,Other,Prague,15,,Finance/accounting orientation
BLT_7232,UI Engineer | Europe | Fully Remote,,3 Locations,Engineer,General Engineer,Senior level,Engineering & R&D,,https://builtin.com/job/ui-engineer-europe-fully-remote/10097684,2026-09-22T18:59:08+02:00,Deprioritized,-3,Other,Remote/Hybrid,15,R,Senior-level position
BLT_8445,Senior Java Engineer (Angular experience is a plus) HPP/ICO,,"Prague, CZE",Engineer,General Engineer,Senior level,Engineering & R&D,"Java, Angular",https://builtin.com/job/senior-java-engineer-angular-experience-plus-hpp-ico/11300871,2026-09-22T18:55:00+02:00,Deprioritized,-3,Other,Prague,15,R,Senior-level position
JB_7174,Marketingová manažer*ka - TIMO s.r.o. 👙,,Praha – Libeň,Manager,Executive/General Manager,,,,https://www.jobs.cz/rpd/2001438679/,2026-09-21T18:03:46+02:00,Deprioritized,-3,Other,Prague,16,R,Leadership/management position
JB_0110,Trading Compliance Analyst,,Praha – Nové Město,Analyst,Risk/Credit Analyst,,Compliance & Risk,,https://www.jobs.cz/rpd/2001439277/,2026-09-21T17:47:28+02:00,Deprioritized,-3,Other,Prague,16,,Finance/accounting orientation
JB_4604,Finance Business Partner,75 000 – 92 000 Kč,Praha + 1 další lokalita,Specialist,Finance/Banking Specialist,,Finance & Banking,,https://www.jobs.cz/rpd/2001438555/,2026-09-21T17:23:52+02:00,Deprioritized,-3,Other,Prague,16,,Finance/accounting orientation
BLT_8355,Billing Engineer,,"Prague, CZE",Engineer,General Engineer,Senior level,Engineering & R&D,,https://builtin.com/job/billing-engineer/11275735,2026-09-21T17:18:16+02:00,Deprioritized,-3,Other,Prague,16,R,Senior-level position
SJ_107745,Senior Infrastructure Engineer – provoz a výstavba velkého cloudového prostředí,,Prague,Engineer,Network/Infrastructure Engineer,Senior,"Cloud & Infrastructure, Engineering & R&D",,https://www.startupjobs.cz/nabidka/107745/senior-infrastructure-engineer-provoz-a-vystavba-velkeho-cloudoveho-prostredi,2026-09-18T19:00:49+02:00,Deprioritized,-3,Other,Prague,19,R,Senior-level position
JB_5634,Osobní bankéř/ka - Budějovická a Karlovo nám.,,Praha – Krč,Specialist,Finance/Banking Specialist,,Finance & Banking,,https://www.jobs.cz/rpd/2001427044/,2026-09-18T18:18:50+02:00,Deprioritized,-3,Other,Prague,19,,Finance/accounting orientation
JB_2544,Osobní bankéř/ka - Petřiny,,Praha – Veleslavín,Specialist,Finance/Banking Specialist,,Finance & Banking,,https://www.jobs.cz/rpd/2001430704/,2026-09-18T18:18:50+02:00,Deprioritized,-3,Other,Prague,19,,Finance/accounting orientation
JB_6409,Osobní bankéř/ka - Praha Nusle,,Praha – Nusle,Specialist,Finance/Banking Specialist,,Finance & Banking,,https://www.jobs.cz/rpd/2001427200/,2026-09-18T18:18:50+02:00,Deprioritized,-3,Other,Prague,19,,Finance/accounting orientation
JB_8300,Osobní bankéř/ka - Vršovické náměstí,,Praha – Vršovice,Specialist,Finance/Banking Specialist,,Finance & Banking,,https://www.jobs.cz/rpd/2001431767/,2026-09-18T18:18:42+02:00,Deprioritized,-3,Other,Prague,19,,Finance/accounting orientation
JB_6202,"TEAM LEADER - RtR, Accounting",,Praha,Manager,Finance/Risk Manager,Lead/Head,Finance & Banking,,https://www.jobs.cz/rpd/2001426756/,2026-09-18T18:06:08+02:00,Deprioritized,-3,Other,Prague,19,,Finance/accounting orientation
JB_6704,Senior SW inženýr/ka řízení trakce lokomotiv (m/ž/n),,Praha – Stodůlky + 2 další lokality,Engineer,Automation/Control Engineer,Senior,Engineering & R&D,,https://www.jobs.cz/rpd/2001426649/,2026-09-18T17:40:03+02:00,Deprioritized,-3,Other,Prague,19,R,Senior-level position
JB_7100,Senior Network Engineer | Cisco ACI,,Praha,Engineer,Network/Infrastructure Engineer,Senior,"Cloud & Infrastructure, Engineering & R&D",,https://www.jobs.cz/rpd/2001429757/,2026-09-18T17:39:47+02:00,Deprioritized,-3,Other,Prague,19,R,Senior-level position
JB_5298,CFO pro mezinárodní skupinu TAKTIK,,Praha – Holešovice,Manager,Finance/Risk Manager,Executive,,,https://www.jobs.cz/rpd/2001427115/,2026-09-18T13:19:19+02:00,Deprioritized,-3,Other,Prague,19,,Finance/accounting orientation
JB_4457,Financial Specialist,,Praha – Stodůlky,Specialist,Finance/Banking Specialist,,Finance & Banking,,https://www.jobs.cz/rpd/2001425500/,2026-09-18T13:07:43+02:00,Deprioritized,-3,Other,Prague,19,,Finance/accounting orientation
JB_3661,Group Controlling Specialist (ž/m),,Praha,Specialist,Finance/Banking Specialist,,,,https://www.jobs.cz/rpd/2001429563/,2026-09-18T13:06:42+02:00,Deprioritized,-3,Other,Prague,19,,Finance/accounting orientation
JB_5544,Treasury specialist,,Praha – Radlice,Specialist,Finance/Banking Specialist,,Finance & Banking,,https://www.jobs.cz/rpd/2001424968/,2026-09-15T09:54:54+02:00,Deprioritized,-3,Other,Prague,23,,Finance/accounting orientation
JB_4084,Specialista/ka restrukturalizace SME úvěrů,,Praha – Nové Město,Specialist,Finance/Banking Specialist,,,,https://www.jobs.cz/rpd/2001426404/,2026-09-15T09:54:14+02:00,Deprioritized,-3,Other,Prague,23,,Finance/accounting orientation
JB_9156,Senior FE / Structural Analysis Engineer,,Praha – Karlín,Engineer,General Engineer,Senior,Engineering & R&D,,https://www.jobs.cz/rpd/2001269726/,2026-09-15T00:08:24+02:00,Deprioritized,-3,Other,Prague,23,R,Senior-level position
BLT_2447,"Engineering Manager, Channels & Platform",,28 Locations,Manager,IT/Engineering Manager,Mid level,"Cloud & Infrastructure, Engineering & R&D",,https://builtin.com/job/engineering-manager-channels-platform/10526608,2026-09-14T23:29:34+02:00,Deprioritized,-3,Other,Outside Prague - verify,23,R; Medior level,Leadership/management position; Location requires verification
BLT_4247,Lead Backend Engineer (Ruby On Rails) - Fully Remote,120K-120K Annually,Czech Republic,Manager,IT/Engineering Manager,Senior level,Engineering & R&D,Ruby/Rails,https://builtin.com/job/lead-backend-engineer-ruby-rails-fully-remote/9268166,2026-09-14T23:28:36+02:00,Deprioritized,-3,Other,Remote/Hybrid,23,R,Senior-level position
BLT_2387,Engineering Manager,,26 Locations,Manager,IT/Engineering Manager,Mid level,Engineering & R&D,,https://builtin.com/job/engineering-manager/10869923,2026-09-14T23:28:00+02:00,Deprioritized,-3,Other,Outside Prague - verify,23,R; Medior level,Leadership/management position; Location requires verification
BLT_3972,Principal Engineer,,31 Locations,Engineer,General Engineer,Mid level,Engineering & R&D,,https://builtin.com/job/principal-engineer/9076134,2026-09-14T23:27:38+02:00,Deprioritized,-3,Other,Outside Prague - verify,23,R; Medior level,Senior-level position; Location requires verification
BLT_7467,Principal Engineer (Backend),,"Prague, CZE",Engineer,General Engineer,Senior level,Engineering & R&D,,https://builtin.com/job/principal-engineer-backend/7759570,2026-09-14T23:26:59+02:00,Deprioritized,-3,Other,Prague,23,R,Senior-level position
BLT_7690,Wowhead Rendering Engineer,,"Prague, CZE",Engineer,General Engineer,Senior level,Engineering & R&D,,https://builtin.com/job/wowhead-rendering-engineer/9234389,2026-09-14T23:26:59+02:00,Deprioritized,-3,Other,Prague,23,R,Senior-level position
BLT_2917,Senior Salesforce Engineer,,3 Locations,Engineer,General Engineer,Mid level,Engineering & R&D,Salesforce,https://builtin.com/job/lead-developer-engineer/9576719,2026-09-14T23:26:44+02:00,Deprioritized,-3,Other,Outside Prague - verify,23,R; Medior level,Senior-level position; Location requires verification
BLT_9026,Senior Software Engineer – Go / Cloud Platform,,"Prague, CZE",Engineer,Cloud/Platform Engineer,Senior level,"Cloud & Infrastructure, IT & Software, Engineering & R&D",,https://builtin.com/job/senior-software-engineer-go-cloud-platform/11099170,2026-09-14T23:26:27+02:00,Deprioritized,-3,Other,Prague,23,R,Senior-level position
JST_6909,ERP Konzultant,Navrhni si mzdu,"Vinohradská 3218/169, Praha 10",Consultant,SAP/ERP Consultant,"Medior, Senior",,,https://www.jobstack.it/it-job/it-konzultant/61af3643ba7b3,2026-09-12T11:34:05+02:00,Deprioritized,-3,Other,Prague,25,Medior level,Senior-level position
JST_5106,Frontend developer,Navrhni si mzdu,Praha,Developer,Frontend Developer,"Medior, Senior, Expert",IT & Software,,https://www.jobstack.it/it-job/javascript-developer/6139cb573cc46,2026-09-12T11:34:05+02:00,Deprioritized,-3,Other,Prague,25,Medior level,Senior-level position
JST_3520,iOS developer (i externě),až 130 000 Kč / měsíc,"Pernerova 51, Praha 8, 186 00",Developer,Mobile Developer,"Medior, Senior, Expert",IT & Software,,https://www.jobstack.it/it-job/developer-mobilnich-aplikaci/6152e29ea270d,2026-09-12T11:34:05+02:00,Deprioritized,-3,Other,Prague,25,Medior level,Senior-level position
JST_8465,DevOps Engineer,až 180 000 Kč / měsíc,Praha,Engineer,DevOps/SRE Engineer,Senior,"Cloud & Infrastructure, Engineering & R&D",,https://www.jobstack.it/it-job/devops-admin/6273f4b13a5bc,2026-09-12T11:33:57+02:00,Deprioritized,-3,Other,Prague,25,R,Senior-level position
JST_7179,Content Producer robot_dreams Czech,až 50 000 Kč / měsíc,Praha - Karlín,Specialist,Marketing/Communications Specialist,Medior,Marketing & Communications,,https://www.jobstack.it/it-job/copywriter/64146f8bd400c,2026-09-12T11:33:50+02:00,Deprioritized,-3,Other,Prague,25,Medior level,Generic marketing role
JST_0879,SAP S/4 HANA Public Cloud Konzultant,Navrhni si mzdu,Praha,Consultant,SAP/ERP Consultant,"Medior, Senior, Expert",Cloud & Infrastructure,SAP,https://www.jobstack.it/it-job/specialista-erp/64ca2d1c54dd0,2026-09-12T11:33:42+02:00,Deprioritized,-3,Other,Prague,25,Medior level,Senior-level position
JST_6686,senior SÍŤOVÝ ADMIN,až 60 000 Kč / měsíc,Praha,Administrator,Network/Infrastructure Administrator,"Medior, Senior",,,https://www.jobstack.it/it-job/it-konzultant/654e56d9e8c02,2026-09-12T11:33:42+02:00,Deprioritized,-3,Other,Prague,25,Medior level,Senior-level position
JST_6831,Konzultant SAP - výroba (modul PP),Navrhni si mzdu,Praha,Consultant,SAP/ERP Consultant,"Medior, Senior",Manufacturing & Production,SAP,https://www.jobstack.it/it-job/specialista-erp/618394c27aa19,2026-09-12T11:33:28+02:00,Deprioritized,-3,Other,Prague,25,Medior level,Senior-level position
JST_7733,SAP MM Konzultant - logistika,Navrhni si mzdu,Praha,Consultant,SAP/ERP Consultant,"Medior, Senior",,SAP,https://www.jobstack.it/it-job/specialista-erp/610843fc40584,2026-09-12T11:33:28+02:00,Deprioritized,-3,Other,Prague,25,Medior level,Senior-level position
JST_6457,Software Analytik pro budoucnost dopravy ????,Navrhni si mzdu,Praha,Analyst,General Analyst,"Medior, Senior, Expert","Data & Analytics, IT & Software",,https://www.jobstack.it/it-job/analytik/611e579c5bb19,2026-09-12T11:33:28+02:00,Deprioritized,-3,Other,Prague,25,Medior level,Senior-level position
JST_6087,Digital Marketing & Web Optimization Specialist,až 100 000 Kč / měsíc,"Táborská 619/46, Praha 4",Specialist,Marketing/Communications Specialist,Medior,Marketing & Communications,,https://www.jobstack.it/it-job/specialista-seo/68e5f3a4b5437,2026-09-12T11:33:02+02:00,Deprioritized,-3,Other,Prague,25,Medior level,Generic marketing role
JST_7428,Senior Network Engineer with Azure,až 121 300 Kč / měsíc,Praha,Engineer,Cloud/Platform Engineer,"Senior, Expert","Cloud & Infrastructure, Engineering & R&D",Azure,https://www.jobstack.it/it-job/azure-admin/698b3717958c9,2026-09-12T11:33:02+02:00,Deprioritized,-3,Other,Prague,25,R,Senior-level position
JST_3711,"Umíš stavět aplikace v Ruby či Pythonu. Je čas stavět to, na čem porosteš taky",až 60 000 Kč / měsíc,"Praha 6 - Petřiny, hybrid",Other,Unclassified,"Junior, Medior",IT & Software,Ruby/Rails,https://www.jobstack.it/it-job/python-developer/60ff3341948f5,2026-09-12T11:33:02+02:00,Deprioritized,-3,Other,Prague,25,Junior/entry level; Medior level,Non-target root occupation
JST_5224,IT Systémový administrátor (m/ž),Navrhni si mzdu,Praha nebo Liberec,Administrator,Systems/Server Administrator,"Medior, Senior",IT & Software,,https://www.jobstack.it/it-job/microsoft-admin/6a103d49b0f78,2026-09-12T11:32:53+02:00,Deprioritized,-3,Other,Prague,25,Medior level,Senior-level position
JST_6409,Product Manager,až 100 000 Kč / měsíc,Praha - Karlín,Manager,Product Manager/Product Owner,Medior,Product Management,,https://www.jobstack.it/it-job/product-designer/6a4cd3f903acc,2026-09-12T11:32:53+02:00,Deprioritized,-3,Other,Prague,25,Medior level,Leadership/management position
JST_5144,Virtualizační Engineer - Technický garant platformy,Navrhni si mzdu,Praha nebo Olomouc,Engineer,General Engineer,"Senior, Expert",Engineering & R&D,,https://www.jobstack.it/it-job/developer-other/69eb590529555,2026-09-12T11:32:53+02:00,Deprioritized,-3,Other,Prague,25,R,Senior-level position
JST_4760,VMware Consultant | Enterprise infrastruktura | autonomie (m/ž),až 150 000 Kč / měsíc,Praha,Consultant,Technical/Infrastructure Consultant,"Medior, Senior, Expert",,,https://www.jobstack.it/it-job/microsoft-admin/6a42448ae7065,2026-09-12T11:32:53+02:00,Deprioritized,-3,Other,Prague,25,Medior level,Senior-level position
JST_2747,Zabbix Consultant (m/ž),až 135 000 Kč / měsíc,Praha Vokovice / Roudnice nad Labem,Consultant,Technical/Infrastructure Consultant,"Medior, Senior, Expert",,,https://www.jobstack.it/it-job/unix-linux-admin/69eb5fa8418ed,2026-09-12T11:32:53+02:00,Deprioritized,-3,Other,Prague,25,Medior level,Senior-level position
JST_7123,DevOps lead,Navrhni si mzdu,Praha 4 - ale máme hodně flexibility (1 den office/4 dny HO),Manager,IT/Engineering Manager,"Medior, Senior",Cloud & Infrastructure,,https://www.jobstack.it/it-job/devops-admin/6a4e01d91f62d,2026-09-12T11:32:36+02:00,Deprioritized,-3,Other,Prague,25,Medior level,Senior-level position
JST_9980,"Architekt / Senior Infrastructure Engineer - Praha, IČO",až 240 000 Kč / měsíc,Praha,Architect,Cloud/Infrastructure Architect,"Senior, Expert","Cloud & Infrastructure, Engineering & R&D",,https://www.jobstack.it/it-job/architekt/6a86ba9346a36,2026-09-12T11:32:21+02:00,Deprioritized,-3,Other,Prague,25,R,Senior-level position
JST_8782,Enterprise Architect,až 120 000 Kč / měsíc,hybrid Praha,Architect,Enterprise Architect,"Medior, Senior, Expert",,,https://www.jobstack.it/it-job/bpm-developer/6a8d8f83d5fb3,2026-09-12T11:32:21+02:00,Deprioritized,-3,Other,Prague,25,Medior level,Senior-level position
JST_1688,Sales Development Representative - otevírejte dveře k novým obchodům!,až 60 000 Kč / měsíc,Praha 5 (hybridní režim),Sales Representative,Sales Development Representative,"Junior, Medior",Sales & Business Development,,https://www.jobstack.it/it-job/sales-manager/6a0eaa97041aa,2026-09-12T11:32:21+02:00,Deprioritized,-3,Other,Prague,25,Junior/entry level; Medior level,Non-target root occupation
SJ_106849,Head of Engineering,,Prague,Manager,IT/Engineering Manager,Lead/Head,Engineering & R&D,,https://www.startupjobs.cz/nabidka/106849/head-of-engineering,2026-09-12T11:10:13+02:00,Deprioritized,-3,Other,Prague,25,R,Leadership/management position
SJ_106925,Head of Engineering – Tech Superdomain,,Prague,Manager,IT/Engineering Manager,Lead/Head,Engineering & R&D,,https://www.startupjobs.cz/nabidka/106925/head-of-engineering-tech-superdomain,2026-09-12T11:09:08+02:00,Deprioritized,-3,Other,Prague,25,R,Leadership/management position
SJ_105171,Principal DevOps Engineer,,Prague,Engineer,DevOps/SRE Engineer,,"Cloud & Infrastructure, Engineering & R&D",,https://www.startupjobs.cz/nabidka/105171/principal-devops-engineer,2026-09-12T11:09:08+02:00,Deprioritized,-3,Other,Prague,25,R,Senior-level position
SJ_95707,Finance Specialist 💼📈,,Prague,Specialist,Finance/Banking Specialist,,Finance & Banking,,https://www.startupjobs.cz/nabidka/95707/finance-specialist,2026-09-12T11:08:03+02:00,Deprioritized,-3,Other,Prague,26,,Finance/accounting orientation
SJ_107017,Group Compliance Lead – Make compliance work across markets,,Prague,Manager,Finance/Risk Manager,Lead/Head,Compliance & Risk,,https://www.startupjobs.cz/nabidka/107017/group-compliance-lead-make-compliance-work-across-markets,2026-09-12T11:08:03+02:00,Deprioritized,-3,Other,Prague,26,,Finance/accounting orientation
SJ_103009,Senior UNITY Engineer (Building titles with a world-class gaming studio),,Prague,Engineer,General Engineer,Senior,"Engineering & R&D, Real Estate & Construction, Media & Entertainment",,https://www.startupjobs.cz/nabidka/103009/senior-unity-engineer-building-titles-with-a-world-class-gaming-studio,2026-09-12T11:05:58+02:00,Deprioritized,-3,Other,Prague,26,R,Senior-level position
SJ_107207,"Medior Account Manager & Projektový koordinátor – Jira, Webflow/WordPress",,Prague,Manager,Project Manager,Medior/Mid-level,"Sales & Business Development, Project & Program Management",,https://www.startupjobs.cz/nabidka/107207/medior-account-manager-and-projektovy-koordinator-jira-webflow-wordpress,2026-09-12T11:04:53+02:00,Deprioritized,-3,Other,Prague,26,Medior level,Leadership/management position
SJ_107275,"Medior Koordinátor/ka kanceláře, sales a marketingu v realitním fondu",,Prague,Coordinator,Sales/Marketing Coordinator,Medior/Mid-level,Sales & Business Development,,https://www.startupjobs.cz/nabidka/107275/medior-koordinator-ka-kancelare-sales-a-marketingu-v-realitnim-fondu,2026-09-12T11:03:48+02:00,Deprioritized,-3,Other,Prague,26,Medior level,Generic marketing role
SJ_107315,Trader pro krátkodobé energetické trhy | AMPower,,Prague,Specialist,Finance/Banking Specialist,,Energy & Utilities,,https://www.startupjobs.cz/nabidka/107315/trader-pro-kratkodobe-energeticke-trhy-ampower,2026-09-12T11:02:48+02:00,Deprioritized,-3,Other,Prague,26,,Finance/accounting orientation
SJ_107455,Senior Cloud Engineer / Architect (Microsoft Azure),,Prague,Architect,Cloud/Infrastructure Architect,Senior,"Cloud & Infrastructure, Engineering & R&D",Azure,https://www.startupjobs.cz/nabidka/107455/senior-cloud-engineer-architect-microsoft-azure,2026-09-12T11:00:38+02:00,Deprioritized,-3,Other,Prague,26,R,Senior-level position
SJ_107501,Investment Associate (HealthTech),,Prague,Specialist,Finance/Banking Specialist,,"Finance & Banking, Healthcare & Pharma",,https://www.startupjobs.cz/nabidka/107501/investment-associate-healthtech,2026-09-12T10:59:33+02:00,Deprioritized,-3,Other,Prague,26,,Finance/accounting orientation
SJ_107409,Senior React Native Engineer @Fans Holdings,,Prague,Engineer,General Engineer,Senior,Engineering & R&D,React,https://www.startupjobs.cz/nabidka/107409/senior-react-native-engineer-at-fans-holdings,2026-09-12T10:59:33+02:00,Deprioritized,-3,Other,Prague,26,R,Senior-level position
SJ_105455,Principal Engineer,,Prague,Engineer,General Engineer,,Engineering & R&D,,https://www.startupjobs.cz/nabidka/105455/principal-engineer,2026-09-12T10:57:33+02:00,Deprioritized,-3,Other,Prague,26,R,Senior-level position
SJ_107393,Senior Java Engineer,,Prague,Engineer,General Engineer,Senior,Engineering & R&D,Java,https://www.startupjobs.cz/nabidka/107393/senior-java-engineer,2026-09-12T10:43:17+02:00,Deprioritized,-3,Other,Prague,26,R,Senior-level position
SJ_101863,Senior Back End Engineer,,Prague,Engineer,General Engineer,Senior,Engineering & R&D,,https://www.startupjobs.cz/nabidka/101863/senior-back-end-engineer,2026-09-11T23:07:28+02:00,Deprioritized,-3,Other,Prague,26,R,Senior-level position
SJ_107253,Staff Server Engineer_Agent Platform - Developer Experience,,Prague,Engineer,Cloud/Platform Engineer,,"Cloud & Infrastructure, IT & Software, Engineering & R&D",,https://www.startupjobs.cz/nabidka/107253/staff-server-engineer-agent-platform-developer-experience,2026-09-11T23:07:27+02:00,Deprioritized,-3,Other,Prague,26,R,Senior-level position
JB_6287,Reinsurance Broker,,Praha – Nové Město,Specialist,Finance/Banking Specialist,,,,https://www.jobs.cz/rpd/2001381057/,2026-09-11T17:31:47+02:00,Deprioritized,-3,Other,Prague,26,,Finance/accounting orientation
JB_1704,Biztosítási kárügyintézési szakértő magyar nyelvtudással (n/f) - O2 Financial services,,Praha – Michle,Specialist,Finance/Banking Specialist,,Finance & Banking,,https://www.jobs.cz/rpd/2001410082/,2026-09-11T17:20:41+02:00,Deprioritized,-3,Other,Prague,26,,Finance/accounting orientation
JB_2934,Osobní bankéř/ka - Novodvorská,,Praha – Braník,Specialist,Finance/Banking Specialist,,Finance & Banking,,https://www.jobs.cz/rpd/2001340340/,2026-09-11T17:10:20+02:00,Deprioritized,-3,Other,Prague,26,,Finance/accounting orientation
JB_5147,Osobní bankéř/ka v České Spořitelně. Máte na to?,,Praha – Troja + 1 další lokalita,Specialist,Finance/Banking Specialist,,Finance & Banking,,https://www.jobs.cz/rpd/2001390582/,2026-09-11T17:10:20+02:00,Deprioritized,-3,Other,Prague,26,,Finance/accounting orientation
JB_9061,Osobní bankéř/ka - Gemini Pankrác,,Praha – Nusle,Specialist,Finance/Banking Specialist,,Finance & Banking,,https://www.jobs.cz/rpd/2001261266/,2026-09-11T17:10:12+02:00,Deprioritized,-3,Other,Prague,26,,Finance/accounting orientation
JB_1338,Osobní bankéř/ka - Háje/Horní Měcholupy,,Praha – Horní Měcholupy,Specialist,Finance/Banking Specialist,,Finance & Banking,,https://www.jobs.cz/rpd/2001213626/,2026-09-11T17:10:12+02:00,Deprioritized,-3,Other,Prague,26,,Finance/accounting orientation
JB_1539,IT Financial Operations Specialist,,Praha – Prosek + 5 dalších lokalit,Specialist,Finance/Banking Specialist,,"IT & Software, Finance & Banking",,https://www.jobs.cz/rpd/2001401442/,2026-09-11T17:03:00+02:00,Deprioritized,-3,Other,Prague,26,,Finance/accounting orientation
JB_3746,Specialist(k)a marketingové komunikace (medior),50 000 – 80 000 Kč,Praha – Nusle,Specialist,Marketing/Communications Specialist,Medior/Mid-level,Marketing & Communications,,https://www.jobs.cz/rpd/2001403588/,2026-09-11T17:03:00+02:00,Deprioritized,-3,Other,Prague,26,Medior level,Generic marketing role
JB_9443,Senior Cloud Engineer/ Architect,,Praha – Nové Město,Architect,Cloud/Infrastructure Architect,Senior,"Cloud & Infrastructure, Engineering & R&D",,https://www.jobs.cz/rpd/2001387977/,2026-09-11T17:02:50+02:00,Deprioritized,-3,Other,Prague,26,R,Senior-level position
JB_3902,Senior/Mid HW Engineer (f/m),,Praha – Holešovice,Engineer,Electrical/Electronics Engineer,Senior,Engineering & R&D,,https://www.jobs.cz/rpd/2000491882/,2026-09-11T17:02:39+02:00,Deprioritized,-3,Other,Prague,26,R,Senior-level position
JB_6645,Senior Infrastructure Engineer – provoz a výstavba velkého cloudového prostředí,,Praha – Břevnov,Engineer,Network/Infrastructure Engineer,Senior,"Cloud & Infrastructure, Engineering & R&D",,https://www.jobs.cz/rpd/2001398608/,2026-09-11T17:02:09+02:00,Deprioritized,-3,Other,Prague,26,R,Senior-level position
JB_5699,Hledáme firemní/ho bankéře/ku na pobočku v Praze - náměstí Míru,,Praha,Specialist,Finance/Banking Specialist,,,,https://www.jobs.cz/rpd/2001393742/,2026-09-11T17:00:48+02:00,Deprioritized,-3,Other,Prague,26,,Finance/accounting orientation
JB_0514,Specialista/ka fakturace a plateb,40 000 – 50 000 Kč,Praha – Karlín,Specialist,Finance/Banking Specialist,,,,https://www.jobs.cz/rpd/2001274267/,2026-09-11T17:00:48+02:00,Deprioritized,-3,Other,Prague,26,,Finance/accounting orientation
JB_0715,DPH daňový konzultant/poradce (A459),,Praha – Holešovice,Consultant,Finance/Transactions Consultant,,Finance & Banking,,https://www.jobs.cz/rpd/2001294807/,2026-09-11T17:00:41+02:00,Deprioritized,-3,Other,Prague,26,,Finance/accounting orientation
JB_6423,Finance & Accounting – Konzultant/ka,,Praha – Karlín,Consultant,Finance/Transactions Consultant,,Finance & Banking,,https://www.jobs.cz/rpd/2001136171/,2026-09-11T16:55:12+02:00,Deprioritized,-3,Other,Prague,26,,Finance/accounting orientation
JB_5583,Finanční specialista – účetnictví fondů,,Praha – Staré Město,Specialist,Finance/Banking Specialist,,,,https://www.jobs.cz/rpd/2001379478/,2026-09-11T16:55:12+02:00,Deprioritized,-3,Other,Prague,26,,Finance/accounting orientation
JB_7597,Konzultant/ka – Korporátní finance & Restrukturalizace,50 000 Kč,Praha – Nové Město,Consultant,Finance/Transactions Consultant,,Finance & Banking,,https://www.jobs.cz/rpd/2001381195/,2026-09-11T16:55:12+02:00,Deprioritized,-3,Other,Prague,26,,Finance/accounting orientation
JB_3308,Investiční specialista Real Estate,,Praha – Radlice,Specialist,Finance/Banking Specialist,,"Finance & Banking, Real Estate & Construction",,https://www.jobs.cz/rpd/2001416834/,2026-09-11T16:54:58+02:00,Deprioritized,-3,Other,Prague,26,,Finance/accounting orientation
JB_4075,Specialista IFRS,,Praha,Specialist,Finance/Banking Specialist,,,,https://www.jobs.cz/rpd/2001391344/,2026-09-11T16:54:58+02:00,Deprioritized,-3,Other,Prague,26,,Finance/accounting orientation
JB_1244,Real Estate Investment Associate,55 000 – 85 000 Kč,Praha,Specialist,Finance/Banking Specialist,,"Finance & Banking, Real Estate & Construction",,https://www.jobs.cz/rpd/2001391773/,2026-09-11T16:54:31+02:00,Deprioritized,-3,Other,Prague,26,,Finance/accounting orientation
JB_1109,Collection Specialist (Italian & English),,Praha,Specialist,Finance/Banking Specialist,,,,https://www.jobs.cz/rpd/2001398615/,2026-09-11T16:54:19+02:00,Deprioritized,-3,Other,Prague,26,,Finance/accounting orientation
JB_9047,Investment Analyst | M&A & Corporate Finance,50 000 – 70 000 Kč,Praha – Staré Město,Analyst,Finance/Investment Analyst,,Finance & Banking,,https://www.jobs.cz/rpd/2001403031/,2026-09-11T16:53:56+02:00,Deprioritized,-3,Other,Prague,26,,Finance/accounting orientation
JB_4630,Finanční analytik/čka,,Praha – Stodůlky,Analyst,Finance/Investment Analyst,,Data & Analytics,,https://www.jobs.cz/rpd/2001270159/,2026-09-11T16:53:30+02:00,Deprioritized,-3,Other,Prague,26,,Finance/accounting orientation
JB_1629,Investiční analytik / Associate – Real Estate & Development,,Praha – Nové Město,Analyst,Finance/Investment Analyst,,"Data & Analytics, Finance & Banking, Real Estate & Construction",,https://www.jobs.cz/rpd/2001257518/,2026-09-11T16:53:30+02:00,Deprioritized,-3,Other,Prague,26,,Finance/accounting orientation
JB_5929,Firemní bankéř/ka pro Small Business | Praha - Anglická,,Hlavní město Praha,Specialist,Finance/Banking Specialist,,Finance & Banking,,https://www.jobs.cz/rpd/2001419378/,2026-09-11T16:53:22+02:00,Deprioritized,-3,Other,Prague,26,,Finance/accounting orientation
JB_6413,Senior IT Business analytik – Credit Risk / úvěry,160 000 – 170 000 Kč,Praha,Analyst,IT/Systems Analyst,Senior,"Data & Analytics, IT & Software, Compliance & Risk",,https://www.jobs.cz/rpd/2001409628/,2026-09-11T16:52:36+02:00,Deprioritized,-3,Business/Product Analysis,Prague,26,Business/Product Analysis,Senior-level position; Finance/accounting orientation
JB_6250,SAP Services s.r.o. | Marketing Buyer,,Praha – Stodůlky,Specialist,Marketing/Communications Specialist,,"Marketing & Communications, Procurement",SAP,https://www.jobs.cz/rpd/2001313056/,2026-09-11T16:44:19+02:00,Deprioritized,-3,Other,Prague,26,R,Generic marketing role
JB_7776,Produktový/á specialista/ka - nezajištěné úvěry,,Praha – Krč,Specialist,Finance/Banking Specialist,,,,https://www.jobs.cz/rpd/2001324469/,2026-09-11T16:43:58+02:00,Deprioritized,-3,Other,Prague,26,,Finance/accounting orientation
JB_8240,INVESTMENT ANALYST for a 5 star real estate investor - UP TO 110 000 CZK,80 000 – 110 000 Kč,Praha,Analyst,Finance/Investment Analyst,,"Finance & Banking, Real Estate & Construction",,https://www.jobs.cz/rpd/2001413474/,2026-09-11T16:43:19+02:00,Deprioritized,-3,Other,Prague,26,,Finance/accounting orientation
JB_4933,Software tester senior - FinTech (m/ž),,Beroun,Tester,General Software Tester,Senior,IT & Software,,https://www.jobs.cz/rpd/2001414999/,2026-09-11T16:31:10+02:00,Deprioritized,-3,Adjacent Technical,Outside Prague - verify,26,Adjacent Technical,Senior-level position; Location requires verification
JB_5808,"Senior SecOps Engineer, Pangea Digital",,Praha – Strašnice,Engineer,Security Engineer,Senior,"Cybersecurity, Engineering & R&D",,https://www.jobs.cz/rpd/2001342066/,2026-09-11T16:30:38+02:00,Deprioritized,-3,Other,Prague,26,R,Senior-level position
JB_4701,Senior DevOps Engineer - Security (f/m),,Praha – Chodov,Engineer,DevOps/SRE Engineer,Senior,"Cybersecurity, Cloud & Infrastructure, Engineering & R&D",,https://www.jobs.cz/rpd/2001317453/,2026-09-11T16:18:49+02:00,Deprioritized,-3,Other,Prague,26,R,Senior-level position
JB_0702,Finance Business Partner (f/m),,Praha – Chodov,Specialist,Finance/Banking Specialist,,Finance & Banking,,https://www.jobs.cz/rpd/2001353736/,2026-09-11T16:18:40+02:00,Deprioritized,-3,Other,Prague,26,,Finance/accounting orientation
JB_9023,Lead Finance Business Partner,,Praha – Vršovice,Manager,Finance/Risk Manager,Lead/Head,Finance & Banking,,https://www.jobs.cz/rpd/2001382914/,2026-09-11T16:18:40+02:00,Deprioritized,-3,Other,Prague,26,,Finance/accounting orientation
JB_1674,Manažer řízení jakosti (QA),,Neratovice,Manager,Production/Quality Manager,,Quality & Safety,,https://www.jobs.cz/rpd/2001322947/,2026-09-11T16:18:18+02:00,Deprioritized,-3,Adjacent Technical,Outside Prague - verify,26,Adjacent Technical,Leadership/management position; Location requires verification
JB_5065,Senior DevOps Engineer,,Praha – Smíchov,Engineer,DevOps/SRE Engineer,Senior,"Cloud & Infrastructure, Engineering & R&D",,https://www.jobs.cz/rpd/2001372181/,2026-09-11T16:18:03+02:00,Deprioritized,-3,Other,Prague,26,R,Senior-level position
JB_9644,Administrativní specialista/specialistka pohledávek | Fix až 55 000 Kč,50 000 – 55 000 Kč,Praha – Miškovice,Specialist,Finance/Banking Specialist,,,,https://www.jobs.cz/rpd/2001375673/,2026-09-11T16:11:05+02:00,Deprioritized,-3,Other,Prague,26,,Finance/accounting orientation
JB_7519,"HR & PAYROLL ADMINISTRATOR, nástup možný ihned, PHA 4",50 000 – 60 000 Kč,Praha,Administrator,HR/Payroll Administrator,,HR & Recruitment,,https://www.jobs.cz/rpd/2001405401/,2026-09-11T16:11:05+02:00,Deprioritized,-3,Other,Prague,26,,Finance/accounting orientation
JB_9583,Osobní bankéř/ka - Praha (Lazarská a Florenc),,Praha,Specialist,Finance/Banking Specialist,,Finance & Banking,,https://www.jobs.cz/rpd/2000711512/,2026-09-11T16:10:53+02:00,Deprioritized,-3,Other,Prague,26,,Finance/accounting orientation
JB_8747,CFO (BUSINESS & OPERATIONS PARTNER TO CEO),,Praha,Manager,Finance/Risk Manager,Executive,,,https://www.jobs.cz/rpd/2001417197/,2026-09-11T16:10:20+02:00,Deprioritized,-3,Other,Prague,26,,Finance/accounting orientation
JB_9709,Group CFO — Rockin Capital a.s. (Praha),,Praha – Nové Město,Manager,Finance/Risk Manager,Executive,,,https://www.jobs.cz/rpd/2001390124/,2026-09-11T16:10:20+02:00,Deprioritized,-3,Other,Prague,26,,Finance/accounting orientation
JB_5542,Specialista/ka investic do energetických úspor a obnovitelných zdrojů energie,,Praha – Žižkov,Specialist,Finance/Banking Specialist,,"Finance & Banking, Energy & Utilities",,https://www.jobs.cz/rpd/2001371282/,2026-09-11T16:10:04+02:00,Deprioritized,-3,Other,Prague,26,,Finance/accounting orientation
JB_7244,Administrativní specialista /ka ve financích - zkrácený úvazek pro invalidní důchodce,16 000 – 24 000 Kč,Praha – Radlice,Specialist,Finance/Banking Specialist,,,,https://www.jobs.cz/rpd/2001359818/,2026-09-11T16:09:34+02:00,Deprioritized,-3,Other,Prague,26,,Finance/accounting orientation
JB_4265,Specialista zpracování transakcí finančních trhů (m/ž),,Hlavní město Praha,Specialist,Finance/Banking Specialist,,,,https://www.jobs.cz/rpd/2001394542/,2026-09-11T16:09:34+02:00,Deprioritized,-3,Other,Prague,26,,Finance/accounting orientation
JB_6472,Senior Network Engineer - Cisco,,Praha – Nusle + 1 další lokalita,Engineer,Network/Infrastructure Engineer,Senior,"Cloud & Infrastructure, Engineering & R&D",,https://www.jobs.cz/rpd/2001381412/,2026-09-11T16:09:22+02:00,Deprioritized,-3,Other,Prague,26,R,Senior-level position
JB_4086,Specialista finančních operací,36 000 – 65 000 Kč,Praha – Nusle,Specialist,Finance/Banking Specialist,,,,https://www.jobs.cz/rpd/2001417075/,2026-09-11T16:09:22+02:00,Deprioritized,-3,Other,Prague,26,,Finance/accounting orientation
JB_7000,Valuation Consultant - oceňování podniků,,Praha – Karlín,Consultant,Finance/Transactions Consultant,,Finance & Banking,,https://www.jobs.cz/rpd/2000304097/,2026-09-11T16:09:03+02:00,Deprioritized,-3,Other,Prague,26,,Finance/accounting orientation
JB_0569,Consultant M&A (ž/m),,Praha – Chodov,Consultant,Finance/Transactions Consultant,,,,https://www.jobs.cz/rpd/2001349251/,2026-09-11T16:08:47+02:00,Deprioritized,-3,Other,Prague,26,,Finance/accounting orientation
JB_2921,Finanční specialista/ka – Konsolidace & IFRS,,Praha – Stodůlky,Specialist,Finance/Banking Specialist,,,,https://www.jobs.cz/rpd/2001412555/,2026-09-11T16:08:47+02:00,Deprioritized,-3,Other,Prague,26,,Finance/accounting orientation
JB_0209,Valuation Consultant - oceňování nemovitostí,,Praha – Karlín,Consultant,Finance/Transactions Consultant,,"Finance & Banking, Real Estate & Construction",,https://www.jobs.cz/rpd/2001247036/,2026-09-11T16:08:47+02:00,Deprioritized,-3,Other,Prague,26,,Finance/accounting orientation
JB_4657,Trader pro krátkodobé energetické trhy | AMPower,150 000 – 300 000 Kč,Praha – Karlín,Specialist,Finance/Banking Specialist,,Energy & Utilities,,https://www.jobs.cz/rpd/2001401518/,2026-09-11T16:08:36+02:00,Deprioritized,-3,Other,Prague,26,,Finance/accounting orientation
JB_9259,Payroll Specialist - UK experience,,Praha,Specialist,HR/People Specialist,,HR & Recruitment,,https://www.jobs.cz/rpd/2001387417/,2026-09-11T16:08:24+02:00,Deprioritized,-3,Other,Prague,26,,Finance/accounting orientation
JB_2297,Associate Payroll Specialist EMEA,55 000 – 63 000 Kč,Praha,Specialist,HR/People Specialist,,HR & Recruitment,,https://www.jobs.cz/rpd/2001417674/,2026-09-11T16:08:10+02:00,Deprioritized,-3,Other,Prague,26,,Finance/accounting orientation
JB_1571,Pricing & Revenue Specialist,,Praha – Zbraslav,Specialist,Finance/Banking Specialist,,Finance & Banking,,https://www.jobs.cz/rpd/2001421007/,2026-09-11T16:08:10+02:00,Deprioritized,-3,Other,Prague,26,,Finance/accounting orientation
JB_0344,Associate Payroll Specialist EMEA,55 000 – 63 000 Kč,Hlavní město Praha,Specialist,HR/People Specialist,,HR & Recruitment,,https://www.jobs.cz/rpd/2001421112/,2026-09-11T15:59:12+02:00,Deprioritized,-3,Other,Prague,26,,Finance/accounting orientation
JB_5514,Manažer/ka digitalizace a inovací,,Praha – Smíchov,Manager,IT/Engineering Manager,,Engineering & R&D,,https://www.jobs.cz/rpd/2001420487/,2026-09-11T15:58:59+02:00,Deprioritized,-3,Other,Prague,26,R,Leadership/management position
JB_6247,Reporting & Obchodní admin,,Milín,Administrator,Finance Administrator,,"Data & Analytics, Sales & Business Development",,https://www.jobs.cz/rpd/2001373285/,2026-09-11T15:58:59+02:00,Deprioritized,-3,Other,Outside Prague - verify,26,,Primarily BI/reporting; Location requires verification
JB_9904,Investment Analyst,,Praha – Libeň,Analyst,Finance/Investment Analyst,,Finance & Banking,,https://www.jobs.cz/rpd/2001410431/,2026-09-11T15:58:49+02:00,Deprioritized,-3,Other,Prague,26,,Finance/accounting orientation
JB_7193,Senior Engineer – Engineering Quality & Independent Monitoring,5 000 Kč,Praha – Letňany,Engineer,General Engineer,Senior,"Engineering & R&D, Quality & Safety",,https://www.jobs.cz/rpd/2001419536/,2026-09-11T15:58:25+02:00,Deprioritized,-3,Other,Prague,26,R,Senior-level position
JB_2714,Finance & Pricing Specialist,,Praha – Krč,Specialist,Finance/Banking Specialist,,Finance & Banking,,https://www.jobs.cz/rpd/2001178027/,2026-09-11T15:58:19+02:00,Deprioritized,-3,Other,Prague,26,,Finance/accounting orientation
JB_2145,Lead Generation Specialist/ka - B2B - Finance,,Praha – Nusle,Specialist,Finance/Banking Specialist,Lead/Head,Finance & Banking,,https://www.jobs.cz/rpd/2001199084/,2026-09-11T15:58:19+02:00,Deprioritized,-3,Other,Prague,26,,Finance/accounting orientation
JB_3697,Senior Cloud and DevOps Engineer,,Praha – Vršovice,Engineer,DevOps/SRE Engineer,Senior,"Cloud & Infrastructure, Engineering & R&D",,https://www.jobs.cz/rpd/2000894257/,2026-09-11T15:58:19+02:00,Deprioritized,-3,Other,Prague,26,R,Senior-level position
JB_1541,Specialista*ka implementace úvěrových strategií,,Praha,Specialist,Finance/Banking Specialist,,,,https://www.jobs.cz/rpd/2001387119/,2026-09-11T15:58:19+02:00,Deprioritized,-3,Other,Prague,26,,Finance/accounting orientation
JB_2425,Analytik finančního reportingu (m/ž),,Praha – Karlín,Analyst,Finance/Investment Analyst,,Data & Analytics,,https://www.jobs.cz/rpd/2001350746/,2026-09-11T15:58:06+02:00,Deprioritized,-3,Other,Prague,26,,Finance/accounting orientation
JB_3326,Finance Business Partner,,Praha – Karlín,Specialist,Finance/Banking Specialist,,Finance & Banking,,https://www.jobs.cz/rpd/2001322688/,2026-09-11T15:58:06+02:00,Deprioritized,-3,Other,Prague,26,,Finance/accounting orientation
JB_9281,FINANČNÍ ANALYTIK,,Praha – Karlín,Analyst,Finance/Investment Analyst,,Data & Analytics,,https://www.jobs.cz/rpd/2001184004/,2026-09-11T15:58:06+02:00,Deprioritized,-3,Other,Prague,26,,Finance/accounting orientation
JB_1742,Finanční analytik/analytička,80 000 – 85 000 Kč,Praha – Vinohrady,Analyst,Finance/Investment Analyst,,Data & Analytics,,https://www.jobs.cz/rpd/2001319208/,2026-09-11T15:58:06+02:00,Deprioritized,-3,Other,Prague,26,,Finance/accounting orientation
JB_4047,Analytik finančních rizik / Financial Risk Analyst,,Praha,Analyst,Risk/Credit Analyst,,"Data & Analytics, Finance & Banking, Compliance & Risk",,https://www.jobs.cz/rpd/2001378652/,2026-09-11T15:57:55+02:00,Deprioritized,-3,Other,Prague,26,,Finance/accounting orientation
JB_4729,Finanční analytik / Full time/ Praha/ ENG+ČJ,,Praha,Analyst,Finance/Investment Analyst,,Data & Analytics,,https://www.jobs.cz/rpd/2001396609/,2026-09-11T15:57:55+02:00,Deprioritized,-3,Other,Prague,26,,Finance/accounting orientation
JB_6899,Controlling Specialist,,Praha – Břevnov,Specialist,Finance/Banking Specialist,,,,https://www.jobs.cz/rpd/2001396748/,2026-09-11T15:57:43+02:00,Deprioritized,-3,Other,Prague,26,,Finance/accounting orientation
JB_6740,Credit Risk Analyst Mercedes-Benz Financial Services Česká republika,,Praha – Chodov,Analyst,Risk/Credit Analyst,,"Finance & Banking, Compliance & Risk",,https://www.jobs.cz/rpd/2001328884/,2026-09-11T15:57:43+02:00,Deprioritized,-3,Other,Prague,26,,Finance/accounting orientation
JB_5107,Finanční analytik se zaměřením na oblast personálních nákladů (m/ž),,Praha – Stodůlky,Analyst,Finance/Investment Analyst,,"Data & Analytics, HR & Recruitment",,https://www.jobs.cz/rpd/2001247427/,2026-09-11T15:57:43+02:00,Deprioritized,-3,Other,Prague,26,,Finance/accounting orientation
JB_4356,Finanční analytik/čka - Praha,,Praha – Michle,Analyst,Finance/Investment Analyst,,Data & Analytics,,https://www.jobs.cz/rpd/2001065077/,2026-09-11T15:57:43+02:00,Deprioritized,-3,Other,Prague,26,,Finance/accounting orientation
JB_8504,Valuation Analyst,,Praha – Karlín,Analyst,Finance/Investment Analyst,,Finance & Banking,,https://www.jobs.cz/rpd/2001382667/,2026-09-11T15:57:43+02:00,Deprioritized,-3,Other,Prague,26,,Finance/accounting orientation
JB_3555,Financial Instruments Accounting – Konzultant/ka,,Praha – Karlín,Consultant,Finance/Transactions Consultant,,Finance & Banking,,https://www.jobs.cz/rpd/2001213569/,2026-09-11T15:57:28+02:00,Deprioritized,-3,Other,Prague,26,,Finance/accounting orientation
JB_9720,Finance Operations & Controlling Specialist,,Praha – Nové Město,Specialist,Finance/Banking Specialist,,Finance & Banking,,https://www.jobs.cz/rpd/2001403708/,2026-09-11T15:57:15+02:00,Deprioritized,-3,Other,Prague,26,,Finance/accounting orientation
JB_5368,Risk Analyst – Natural & Supply Chain Risks (Automotive),,Praha,Analyst,Risk/Credit Analyst,,"Compliance & Risk, Supply Chain & Logistics, Automotive & Mobility",,https://www.jobs.cz/rpd/2001375324/,2026-09-11T15:57:03+02:00,Deprioritized,-3,Other,Prague,26,,Finance/accounting orientation
JB_6901,Group Finance Applications Analyst,,Praha – Nusle,Analyst,Finance/Investment Analyst,,Finance & Banking,,https://www.jobs.cz/rpd/2001401667/,2026-09-11T15:56:42+02:00,Deprioritized,-3,Other,Prague,26,,Finance/accounting orientation
JB_3957,Senior Functional Analyst in Credit Risk (Prague or Brno),,Praha – Radlice + 1 další lokalita,Analyst,Business/Process Analyst,Senior,Compliance & Risk,,https://www.jobs.cz/rpd/2001240742/,2026-09-11T15:56:42+02:00,Deprioritized,-3,Business/Product Analysis,Prague,26,Business/Product Analysis,Senior-level position; Finance/accounting orientation
JB_6344,Finanční data analytik/čka pro Investiční bankovnictví,,Praha – Stodůlky,Analyst,Finance/Investment Analyst,,"Data & Analytics, Finance & Banking",,https://www.jobs.cz/rpd/2001113492/,2026-09-11T15:56:36+02:00,Deprioritized,-3,Other,Prague,26,,Finance/accounting orientation
JB_2253,Finanční/data analytik/čka,,Praha – Stodůlky,Analyst,Finance/Investment Analyst,,Data & Analytics,,https://www.jobs.cz/rpd/2001405810/,2026-09-11T15:56:36+02:00,Deprioritized,-3,Other,Prague,26,,Finance/accounting orientation
JB_3054,Finanční analytik/analytička,,Praha – Karlín,Analyst,Finance/Investment Analyst,,Data & Analytics,,https://www.jobs.cz/rpd/2001408972/,2026-09-11T15:56:22+02:00,Deprioritized,-3,Other,Prague,26,,Finance/accounting orientation
BLT_4115,Global Commercial Data & Insights Leader,,30 Locations,Manager,Data/AI Manager,Expert/Leader,"Data & Analytics, Sales & Business Development",,https://builtin.com/job/global-commercial-data-insights-leader/10893342,,Deprioritized,-3,Other,Outside Prague - verify,,ML/AI or modelling,Senior-level position; Location requires verification
BLT_6173,Senior Data & Document Ingestion Engineer (OCR / RAG) - REMOTE,,6 Locations,Engineer,General Engineer,Senior level,"Data & Analytics, Engineering & R&D",,https://builtin.com/job/senior-data-document-ingestion-engineer-ocr-rag/10868961,,Deprioritized,-3,Other,Remote/Hybrid,,R,Senior-level position
BLT_7192,"VP, Data Operations & Governance (f/m/x)",,27 Locations,Manager,Data/AI Manager,Expert/Leader,Data & Analytics,,https://builtin.com/job/vp-data-operations-governance-f-m-x/10976054,,Deprioritized,-3,Other,Outside Prague - verify,,ML/AI or modelling,Senior-level position; Location requires verification
SJ_103631,Administrativní podpora nákupu (vhodné pro absolventy) Praha,,Prague,Assistant,Administrative/Back-Office Assistant,Junior/Entry-level,Procurement,,https://www.startupjobs.cz/nabidka/103631/administrativni-podpora-nakupu-vhodne-pro-absolventy,2026-10-07T14:18:14+02:00,Deprioritized,-4,Other,Prague,0,Junior/entry level,Non-target root occupation
SJ_108309,"Marketing Lead - 0,75 FTE",,Prague,Manager,Marketing/Brand Manager,Lead/Head,Marketing & Communications,,https://www.startupjobs.cz/nabidka/108309/marketing-lead-0-75-fte,2026-10-07T14:18:14+02:00,Deprioritized,-4,Other,Prague,0,,Generic marketing role
SJ_108311,Senior CRM Consultant,,Prague,Consultant,General Consultant,Senior,,,https://www.startupjobs.cz/nabidka/108311/senior-crm-consultant,2026-10-07T14:18:14+02:00,Deprioritized,-4,Other,Prague,0,,Senior-level position
SJ_108289,Team Lead Graphic Designer | Digital & Branding,,Prague,Manager,Executive/General Manager,Lead/Head,,,https://www.startupjobs.cz/nabidka/108289/team-lead-graphic-designer-digital-branding,2026-10-07T14:18:14+02:00,Deprioritized,-4,Other,Prague,0,,Leadership/management position
SJ_39169,PPC Specialist @Taste,,Prague,Specialist,Marketing/Communications Specialist,,Marketing & Communications,,https://www.startupjobs.cz/nabidka/39169/ppc-specialist-at-taste,2026-10-07T14:17:09+02:00,Deprioritized,-4,Other,Prague,0,,Generic marketing role
SJ_108321,🚨 Account/Projektový manažer pro digitální marketing a PPC strategie,,Prague,Manager,Project Manager,,"Marketing & Communications, Project & Program Management",,https://www.startupjobs.cz/nabidka/108321/account-projektovy-manazer-pro-digitalni-marketing-a-ppc-strategie,2026-10-07T14:17:09+02:00,Deprioritized,-4,Other,Prague,0,,Leadership/management position
SJ_108333,Senior Full-Stack PHP / Frontend Architect,,Prague,Architect,General Architect,Senior,,PHP,https://www.startupjobs.cz/nabidka/108333/senior-full-stack-php-frontend-architect,2026-10-07T14:15:14+02:00,Deprioritized,-4,Other,Prague,0,,Senior-level position
JST_3315,DELIVERY CONSULTANT,Navrhni si mzdu,Plex Systems CZ s.r.o. | Visionary Building | Plynární 1617/10 | 170 00 Praha 7,Consultant,General Consultant,Senior,,,https://www.jobstack.it/it-job/it-konzultant/626feadc23687,2026-10-07T14:11:48+02:00,Deprioritized,-4,Other,Prague,0,,Senior-level position
JST_2549,Salesforce Developer/Architect,až 270 000 Kč / měsíc,Praha,Architect,General Architect,Senior,IT & Software,Salesforce,https://www.jobstack.it/it-job/salesforce-developer/6908e9c30605e,2026-10-07T14:10:43+02:00,Deprioritized,-4,Other,Prague,0,,Senior-level position
JST_0423,SAP WM / Logistics Lead - Praha onsite,až 170 000 Kč / měsíc,"Praha, ČR",Manager,Supply Chain/Procurement Manager,Senior,Supply Chain & Logistics,SAP,https://www.jobstack.it/it-job/sap/6a2fb4d4c8037,2026-10-07T14:10:43+02:00,Deprioritized,-4,Other,Prague,0,,Senior-level position
JST_0631,IT Solution Architect,až 180 000 Kč / měsíc,Praha,Architect,Solution Architect,"Senior, Expert",IT & Software,,https://www.jobstack.it/it-job/architekt/6ac4f045854ec,2026-10-07T14:10:25+02:00,Deprioritized,-4,Other,Prague,0,,Senior-level position
JST_2600,Junior obchodník – nastartujte kariéru v B2B sales,až 60 000 Kč / měsíc,Praha 5 (hybridní režim - po zaučení je možná práce převážně na dálku),Sales Representative,Field Sales Representative,Junior,Sales & Business Development,,https://www.jobstack.it/it-job/sales-manager/6ac39de0e57eb,2026-10-07T14:10:19+02:00,Deprioritized,-4,Other,Prague,0,Junior/entry level,Non-target root occupation
JST_3211,SAP Consulting Lead - onsite Praha,Navrhni si mzdu,Praha,Manager,Executive/General Manager,Senior,,SAP,https://www.jobstack.it/it-job/sap/6aa91e358535a,2026-10-07T14:10:19+02:00,Deprioritized,-4,Other,Prague,0,,Senior-level position
JB_7369,Researcher – telefonické zjišťování informací o stavebních projektech (ČR & SR),,Praha – Smíchov,Researcher,General Researcher,Senior,"Project & Program Management, Real Estate & Construction",,https://www.jobs.cz/rpd/2001467493/,2026-10-07T14:08:21+02:00,Deprioritized,-4,Other,Prague,0,,Senior-level position
JB_2581,Senior Corporate Loan Operations Lead,,Praha – Chodov,Manager,Operations/Service Delivery Manager,"Senior, Lead/Head",,,https://www.jobs.cz/rpd/2001467666/,2026-10-07T13:59:06+02:00,Deprioritized,-4,Other,Prague,0,,Senior-level position
JB_0674,"Marketing Lead 0,75 FTE",45 000 – 68 000 Kč,Praha – Michle,Manager,Marketing/Brand Manager,Lead/Head,Marketing & Communications,,https://www.jobs.cz/rpd/2001463735/,2026-10-07T13:48:07+02:00,Deprioritized,-4,Other,Prague,0,,Generic marketing role
JB_3828,Osobní bankéř/ka - Mnichovo Hradiště,,Mnichovo Hradiště,Specialist,Finance/Banking Specialist,,Finance & Banking,,https://www.jobs.cz/rpd/2001353620/,2026-10-07T13:47:48+02:00,Deprioritized,-4,Other,Outside Prague - verify,0,,Finance/accounting orientation; Location requires verification
JB_6193,Produktový manažer ve vzdělávání pro slovenský trh – Slovenka nebo Slovák v Praze,45 000 – 55 000 Kč,Praha – Smíchov,Manager,Product Manager/Product Owner,,Product Management,,https://www.jobs.cz/rpd/2001465277/,2026-10-07T13:47:27+02:00,Deprioritized,-4,Other,Prague,0,,Leadership/management position
JB_3109,Customer Care Specialist – English + Spanish / French / Portuguese,50 000 – 65 000 Kč,Praha,Customer Service Representative,Customer Care Representative,,Customer Service,,https://www.jobs.cz/rpd/2001462978/,2026-10-07T13:38:46+02:00,Deprioritized,-4,Other,Prague,0,French-language advantage,Non-target root occupation
JB_7295,Expert/expertka regulace a cenotvorby,,Praha – Michle,Specialist,General Specialist,,,,https://www.jobs.cz/rpd/2001462486/,2026-10-07T13:37:45+02:00,Deprioritized,-4,Other,Prague,0,,Senior-level position
JB_7921,"Vedoucí IT odboru Solution centrum ADMS (DŘS, GIS, a WFM)",,Praha – Michle,Manager,IT/Engineering Manager,Lead/Head,IT & Software,,https://www.jobs.cz/rpd/2001462436/,2026-10-07T13:36:03+02:00,Deprioritized,-4,Other,Prague,0,,Leadership/management position
JB_9754,"Facility Manager, Inditex - Praha",,Praha – Staré Město,Manager,Operations/Service Delivery Manager,,,,https://www.jobs.cz/rpd/2001465858/,2026-10-07T13:26:20+02:00,Deprioritized,-4,Other,Prague,0,,Leadership/management position
JB_1615,(Senior) Quantum Computing & Post-Quantum Cryptography Specialist,,Praha – Vinohrady,Specialist,General Specialist,Senior,,,https://www.jobs.cz/rpd/2001467679/,2026-10-07T13:25:57+02:00,Deprioritized,-4,Other,Prague,0,,Senior-level position
JB_1543,Akviziční Obchodník IT / Account Manager IT / Praha,50 000 – 90 000 Kč,Praha – Vršovice,Manager,Sales/Account Manager,,"IT & Software, Sales & Business Development",,https://www.jobs.cz/rpd/2001463535/,2026-10-07T13:16:10+02:00,Deprioritized,-4,Other,Prague,0,,Leadership/management position
JB_9145,Projektový/á manažer/ka - TZB,,Praha – Hostivař,Manager,Executive/General Manager,,Project & Program Management,,https://www.jobs.cz/rpd/2001467393/,2026-10-07T13:13:32+02:00,Deprioritized,-4,Other,Prague,0,,Leadership/management position
JB_8952,Senior konstruktér jednoúčelových strojů,75 000 – 85 000 Kč,Praha – Chodov,Technician,Mechanical Technician,Senior,,,https://www.jobs.cz/rpd/2001462870/,2026-10-07T13:13:32+02:00,Deprioritized,-4,Other,Prague,0,,Senior-level position
JB_8471,Customer Service & Collaboration Manager CZ/SK,,Praha – Chodov,Manager,Customer Success/Experience Manager,,Customer Service,,https://www.jobs.cz/rpd/2001463813/,2026-10-07T13:03:45+02:00,Deprioritized,-4,Other,Prague,0,,Leadership/management position
JB_7209,Customer Care Manager,,Praha,Manager,Executive/General Manager,,Customer Service,,https://www.jobs.cz/rpd/2001458074/,2026-10-07T13:02:44+02:00,Deprioritized,-4,Other,Prague,0,,Leadership/management position
JB_8366,Junior Ethical Hacker (f/m),,Praha – Chodov,Other,Unclassified,Junior/Entry-level,,,https://www.jobs.cz/rpd/2001179906/,2026-10-07T13:02:35+02:00,Deprioritized,-4,Other,Prague,0,Junior/entry level,Non-target root occupation
JB_8028,IT & Technology Manager,,Praha – Letňany,Manager,IT/Engineering Manager,,IT & Software,,https://www.jobs.cz/rpd/2001463831/,2026-10-07T12:53:40+02:00,Deprioritized,-4,Other,Prague,0,,Leadership/management position
JB_1307,Procesní expert/ka,,Praha – Stodůlky,Specialist,Operations Specialist,,,,https://www.jobs.cz/rpd/2001459734/,2026-10-07T12:53:40+02:00,Deprioritized,-4,Other,Prague,0,,Senior-level position
JB_1151,IT Incident & Problem Manager,,Praha – Michle,Manager,IT/Engineering Manager,,IT & Software,,https://www.jobs.cz/rpd/2001463085/,2026-10-07T12:53:33+02:00,Deprioritized,-4,Other,Prague,0,,Leadership/management position
JB_4822,Specialista / Manažer BOZP,,Praha – Libeň,Manager,Executive/General Manager,,,,https://www.jobs.cz/rpd/2001369665/,2026-10-07T12:52:49+02:00,Deprioritized,-4,Other,Prague,0,,Leadership/management position
JB_0602,Product Manager,45 000 – 50 000 Kč,Praha – Michle,Manager,Product Manager/Product Owner,,Product Management,,https://www.jobs.cz/rpd/2001466186/,2026-10-07T12:52:10+02:00,Deprioritized,-4,Other,Prague,0,,Leadership/management position
JB_1848,Supply Planning & Procurement Manager,70 000 – 80 000 Kč,Praha – Libuš,Manager,Supply Chain/Procurement Manager,,Procurement,,https://www.jobs.cz/rpd/2001466163/,2026-10-07T12:52:10+02:00,Deprioritized,-4,Other,Prague,0,,Leadership/management position
JB_1106,CAMPAIGN STRATEGIST - B2C CRM,,Praha – Hostivař,Specialist,Marketing/Communications Specialist,,Marketing & Communications,,https://www.jobs.cz/rpd/2001463424/,2026-10-07T12:52:03+02:00,Deprioritized,-4,Other,Prague,0,,Generic marketing role
JB_4993,Packaging & Labelling Manager,,Praha – Karlín,Manager,Executive/General Manager,,,,https://www.jobs.cz/rpd/2001463321/,2026-10-07T12:52:03+02:00,Deprioritized,-4,Other,Prague,0,,Leadership/management position
JB_6383,Vedoucí klientské podpory | Praha,,Praha – Jinonice,Manager,Customer Success/Experience Manager,Lead/Head,Customer Service,,https://www.jobs.cz/rpd/2001466490/,2026-10-07T12:51:35+02:00,Deprioritized,-4,Other,Prague,0,,Leadership/management position
JB_6402,Senior PAM Solution Specialist,,Praha – Chodov,Specialist,General Specialist,Senior,,,https://www.jobs.cz/rpd/2001463711/,2026-10-07T12:41:39+02:00,Deprioritized,-4,Other,Prague,0,,Senior-level position
JB_2097,Email Marketing Specialist,,Praha – Nusle,Specialist,Marketing/Communications Specialist,,Marketing & Communications,,https://www.jobs.cz/rpd/2001462442/,2026-10-07T12:41:29+02:00,Deprioritized,-4,Other,Prague,0,,Generic marketing role
JB_4301,Obchodní manažer/ka – Technický Facility Management (Praha a Střední Čechy),,Praha – Smíchov,Manager,Sales/Account Manager,,Sales & Business Development,,https://www.jobs.cz/rpd/2001465744/,2026-10-07T12:41:15+02:00,Deprioritized,-4,Other,Prague,0,,Leadership/management position
JB_3967,Senior Bezpečnostní analytik pro Cyber Defense Center (m/ž),,Praha – Michle,Analyst,Security/Fraud Analyst,Senior,"Data & Analytics, Cybersecurity",,https://www.jobs.cz/rpd/2001465918/,2026-10-07T12:41:15+02:00,Deprioritized,-4,Other,Prague,0,,Senior-level position
JB_9196,Specialista / Specialistka pro Identity management,,Praha – Dejvice,Specialist,General Specialist,,,,https://www.jobs.cz/rpd/2001212890/,2026-10-07T12:41:01+02:00,Deprioritized,-4,Other,Prague,0,,Leadership/management position
JB_2430,Sales Coordinator,,Praha – Smíchov,Coordinator,Sales/Marketing Coordinator,,Sales & Business Development,,https://www.jobs.cz/rpd/2001462715/,2026-10-07T12:40:55+02:00,Deprioritized,-4,Other,Prague,0,,Generic marketing role
JB_7736,"Senior Specialist, Real Estate",,Praha – Libeň,Specialist,General Specialist,Senior,Real Estate & Construction,,https://www.jobs.cz/rpd/2001464843/,2026-10-07T12:40:47+02:00,Deprioritized,-4,Other,Prague,0,,Senior-level position
JB_0207,MANAŽER/KA KYBERBEZPEČNOSTI - 990,,Praha – Dejvice,Manager,Executive/General Manager,,Cybersecurity,,https://www.jobs.cz/rpd/2001467438/,2026-10-07T12:40:36+02:00,Deprioritized,-4,Other,Prague,0,,Leadership/management position
JB_4779,SENIOR DIGITAL ANALYST,,Praha – Vršovice,Analyst,General Analyst,Senior,,,https://www.jobs.cz/rpd/2001465860/,2026-10-07T12:40:36+02:00,Deprioritized,-4,Other,Prague,0,,Senior-level position
JB_4454,Operations & Event Coordinator (30 hodin týdně),,Praha – Nusle,Coordinator,Sales/Marketing Coordinator,,,,https://www.jobs.cz/rpd/2001463283/,2026-10-07T12:40:12+02:00,Deprioritized,-4,Other,Prague,0,,Generic marketing role
JB_1208,IT Project Manager,,Praha,Manager,Project Manager,,"IT & Software, Project & Program Management",,https://www.jobs.cz/rpd/2001464847/,2026-10-07T12:39:38+02:00,Deprioritized,-4,Other,Prague,0,,Leadership/management position
BLT_8438,Product Engineer,,28 Locations,Engineer,General Engineer,Senior level,Engineering & R&D,,https://builtin.com/job/product-engineer-site/9959239,2026-10-07T12:37:57+02:00,Deprioritized,-4,Other,Outside Prague - verify,0,R,Senior-level position; Location requires verification
BLT_3371,Salesforce Engineer,,Czech Republic,Engineer,General Engineer,Senior level,Engineering & R&D,Salesforce,https://builtin.com/job/salesforce-engineer/11529598,2026-10-07T12:36:02+02:00,Deprioritized,-4,Other,Czechia - verify Prague/remote,0,R,Senior-level position; Location requires verification
BLT_0377,"Senior Product Engineer, R&D",,27 Locations,Engineer,General Engineer,Senior level,Engineering & R&D,,https://builtin.com/job/senior-product-engineer-r-d/11520137,2026-10-07T12:36:02+02:00,Deprioritized,-4,Other,Outside Prague - verify,0,R,Senior-level position; Location requires verification
BLT_3064,Senior Animation Engineer,,3 Locations,Engineer,General Engineer,Senior level,Engineering & R&D,,https://builtin.com/job/senior-animation-engineer/9614370,2026-10-07T12:35:45+02:00,Deprioritized,-4,Other,Outside Prague - verify,0,R,Senior-level position; Location requires verification
BLT_0400,Senior Animation Engineer,,3 Locations,Engineer,General Engineer,Senior level,Engineering & R&D,,https://builtin.com/job/senior-animation-engineer/9614298,2026-10-07T12:34:58+02:00,Deprioritized,-4,Other,Outside Prague - verify,0,R,Senior-level position; Location requires verification
SJ_106289,Email Marketing Specialist,,Prague,Specialist,Marketing/Communications Specialist,,Marketing & Communications,,https://www.startupjobs.cz/nabidka/106289/email-marketing-specialist,2026-10-03T11:26:11+02:00,Deprioritized,-4,Other,Prague,4,,Generic marketing role
SJ_108275,Hledáme pravou ruku designového startupu: Office Manager & Asistent majitele.,,Prague,Manager,Operations/Service Delivery Manager,,,,https://www.startupjobs.cz/nabidka/108275/hledame-pravou-ruku-designoveho-startupu-office-manager-asistent-majitele,2026-10-03T11:26:11+02:00,Deprioritized,-4,Other,Prague,4,,Leadership/management position
SJ_108151,Konzultant a projektový manažer implementací Odoo,,Prague,Manager,Project Manager,,Project & Program Management,,https://www.startupjobs.cz/nabidka/108151/konzultant-a-projektovy-manazer-implementaci-odoo,2026-10-03T11:26:11+02:00,Deprioritized,-4,Other,Prague,4,,Leadership/management position
JB_2504,IT Product Owner / Application Manager,,Praha – Hostivař,Manager,Product Manager/Product Owner,,"IT & Software, Product Management",,https://www.jobs.cz/rpd/2001460132/,2026-10-03T10:27:05+02:00,Deprioritized,-4,Other,Prague,5,,Leadership/management position
JB_3320,Facility manager (JPO10833),,Praha – Holešovice,Manager,Operations/Service Delivery Manager,,,,https://www.jobs.cz/rpd/2001459766/,2026-10-03T10:13:46+02:00,Deprioritized,-4,Other,Prague,5,,Leadership/management position
JB_2804,Provozní ředitel/ka,,Praha – Nusle,Manager,Operations/Service Delivery Manager,Executive,,,https://www.jobs.cz/rpd/2001446065/,2026-10-03T10:04:05+02:00,Deprioritized,-4,Other,Prague,5,,Leadership/management position
JB_4108,Ředitel fixních služeb a konektivity (m/ž),,Praha – Michle,Manager,Executive/General Manager,Executive,,,https://www.jobs.cz/rpd/2001460072/,2026-10-03T10:03:56+02:00,Deprioritized,-4,Other,Prague,5,,Leadership/management position
JB_5665,Category Management Specialist,,Praha – Malešice,Specialist,General Specialist,,,,https://www.jobs.cz/rpd/2001459732/,2026-10-03T09:51:52+02:00,Deprioritized,-4,Other,Prague,5,,Leadership/management position
BLT_5367,Staff Engineer - Pricing,,27 Locations,Engineer,General Engineer,Expert/Leader,"Finance & Banking, Engineering & R&D",,https://builtin.com/job/staff-engineer-pricing/11482936,2026-10-03T09:47:32+02:00,Deprioritized,-4,Other,Outside Prague - verify,5,R,Senior-level position; Location requires verification
BLT_0464,Senior Web Compatibility Engineer,179K-179K Annually,31 Locations,Engineer,General Engineer,Senior level,Engineering & R&D,,https://builtin.com/job/senior-web-compatibility-engineer/11489762,2026-10-03T09:46:52+02:00,Deprioritized,-4,Other,Outside Prague - verify,5,R,Senior-level position; Location requires verification
SJ_108201,Corporate Care Manager,,Prague,Manager,Executive/General Manager,,,,https://www.startupjobs.cz/nabidka/108201/corporate-care-manager,2026-10-02T12:43:39+02:00,Deprioritized,-4,Other,Prague,5,,Leadership/management position
SJ_108245,"Partnership Manager | integrace do CRM, HR, DMS... | DigiSign",,Prague,Manager,Sales/Account Manager,,HR & Recruitment,,https://www.startupjobs.cz/nabidka/108245/partnership-manager-integrace-do-crm-hr-dms-digisign,2026-10-02T12:43:39+02:00,Deprioritized,-4,Other,Prague,5,,Leadership/management position
SJ_108169,🚀 Hledáme Senior / Lead Rust developera - 200 - 250tis Kč,,Prague,Manager,Executive/General Manager,"Senior, Lead/Head",,Rust,https://www.startupjobs.cz/nabidka/108169/hledame-senior-lead-rust-developera-200-250tis-kc,2026-10-02T12:43:39+02:00,Deprioritized,-4,Other,Prague,5,,Senior-level position
SJ_88403,Junior PR account executive,,Prague,Sales Representative,Account Executive,Junior/Entry-level,,,https://www.startupjobs.cz/nabidka/88403/junior-pr-account-executive,2026-10-02T12:42:34+02:00,Deprioritized,-4,Other,Prague,5,Junior/entry level,Non-target root occupation
SJ_101307,Project Manager (with Czech or Slovak),,Prague,Manager,Project Manager,,Project & Program Management,,https://www.startupjobs.cz/nabidka/101307/project-manager-with-czech-or-slovak,2026-10-02T12:42:34+02:00,Deprioritized,-4,Other,Prague,5,,Leadership/management position
SJ_108257,🙋 Office Manager,,Prague,Manager,Operations/Service Delivery Manager,,,,https://www.startupjobs.cz/nabidka/108257/office-manager,2026-10-02T12:42:34+02:00,Deprioritized,-4,Other,Prague,5,,Leadership/management position
SJ_108243,🚀 IT Project Manager / Team Leader,,Prague,Manager,Project Manager,Lead/Head,"IT & Software, Project & Program Management",,https://www.startupjobs.cz/nabidka/108243/it-project-manager-team-leader,2026-10-02T12:41:34+02:00,Deprioritized,-4,Other,Prague,5,,Leadership/management position
JB_9977,HR Manager / HR Generalista Ž/M s AJ,70 000 – 80 000 Kč,Hlavní město Praha,Manager,HR/People Manager,,HR & Recruitment,,https://www.jobs.cz/rpd/2001459485/,2026-10-02T12:13:43+02:00,Deprioritized,-4,Other,Prague,5,,Leadership/management position
JB_5957,TMS Manager - Czech Republic,,Praha – Nové Město,Manager,Executive/General Manager,,,,https://www.jobs.cz/rpd/2001456269/,2026-10-02T11:55:48+02:00,Deprioritized,-4,Other,Prague,5,,Leadership/management position
JB_2303,Application manager,,Praha,Manager,Executive/General Manager,,IT & Software,,https://www.jobs.cz/rpd/2001327491/,2026-10-02T11:54:33+02:00,Deprioritized,-4,Other,Prague,5,,Leadership/management position
JB_0860,"Key Account Manager pro CZ, SK",70 000 – 90 000 Kč,Praha – Libeň,Manager,Sales/Account Manager,,Sales & Business Development,,https://www.jobs.cz/rpd/2001456439/,2026-10-02T11:47:10+02:00,Deprioritized,-4,Other,Prague,5,,Leadership/management position
JB_8066,Cash Manager Backoffice - PART TIME,,Praha – Stodůlky,Manager,Executive/General Manager,,,,https://www.jobs.cz/rpd/2001459526/,2026-10-02T11:34:40+02:00,Deprioritized,-4,Other,Prague,5,,Leadership/management position
JB_0423,MANAŽER AKVIZIC - PRÉMIOVÝ DEVELOPER,90 000 – 120 000 Kč,Praha,Manager,Sales/Account Manager,,"IT & Software, Sales & Business Development",,https://www.jobs.cz/rpd/2001433863/,2026-10-02T11:33:01+02:00,Deprioritized,-4,Other,Prague,5,,Leadership/management position
JB_8249,Business Development Manager - Otevřete dveře novým trhům a strategickému růstu,,Praha – Chodov,Manager,Sales/Account Manager,,Sales & Business Development,,https://www.jobs.cz/rpd/2001458118/,2026-10-02T11:32:47+02:00,Deprioritized,-4,Other,Prague,5,,Leadership/management position
JB_7812,Key Account Manager,,Praha – Strašnice,Manager,Sales/Account Manager,,Sales & Business Development,,https://www.jobs.cz/rpd/2001459210/,2026-10-02T11:32:47+02:00,Deprioritized,-4,Other,Prague,5,,Leadership/management position
JB_0259,Sales Manager,,Praha – Horní Počernice,Manager,Sales/Account Manager,,Sales & Business Development,,https://www.jobs.cz/rpd/2001457829/,2026-10-02T11:32:47+02:00,Deprioritized,-4,Other,Prague,5,,Leadership/management position
JB_2414,Enterprise Account Manager,,Praha – Smíchov,Manager,Sales/Account Manager,,Sales & Business Development,,https://www.jobs.cz/rpd/2001457315/,2026-10-02T11:32:24+02:00,Deprioritized,-4,Other,Prague,5,,Leadership/management position
JB_9993,Commercial Manager Retail CZ a SK (CM RT CZSK),100 000 – 145 000 Kč,Praha – Modřany,Manager,Sales/Account Manager,,"Sales & Business Development, Retail & E-commerce",,https://www.jobs.cz/rpd/2001457589/,2026-10-02T11:32:16+02:00,Deprioritized,-4,Other,Prague,5,,Leadership/management position
JB_5632,Project & Production Quality Manager,,Praha – Modřany,Manager,Production/Quality Manager,,"Project & Program Management, Manufacturing & Production, Quality & Safety",,https://www.jobs.cz/rpd/2001457340/,2026-10-02T11:32:10+02:00,Deprioritized,-4,Other,Prague,5,,Leadership/management position
JB_8943,Team Leader / Manažer prodejního týmu,60 000 – 80 000 Kč,okres Praha,Manager,Sales/Account Manager,Lead/Head,"Sales & Business Development, Retail & E-commerce",,https://www.jobs.cz/rpd/2001456142/,2026-10-02T11:31:59+02:00,Deprioritized,-4,Other,Prague,5,,Leadership/management position
JB_7621,Group Content & E-commerce Strategist,,Praha – Nové Město,Specialist,Marketing/Communications Specialist,,"Marketing & Communications, Retail & E-commerce",,https://www.jobs.cz/rpd/2001459324/,2026-10-02T11:25:11+02:00,Deprioritized,-4,Other,Prague,5,,Generic marketing role
JB_3720,Procesní manažer v oddělení Nákupu (ž/m),,Praha – Břevnov,Manager,Supply Chain/Procurement Manager,,Procurement,,https://www.jobs.cz/rpd/2001456355/,2026-10-02T11:24:57+02:00,Deprioritized,-4,Other,Prague,5,,Leadership/management position
JB_5191,Ředitel mobilních služeb a konvergentních propozic (m/ž),,Praha – Michle,Manager,Executive/General Manager,Executive,,,https://www.jobs.cz/rpd/2001457614/,2026-10-02T11:23:31+02:00,Deprioritized,-4,Other,Prague,5,,Leadership/management position
JB_6728,Key Account Manager Asia,,Praha – Libeň,Manager,Sales/Account Manager,,Sales & Business Development,,https://www.jobs.cz/rpd/2001456339/,2026-10-02T11:23:21+02:00,Deprioritized,-4,Other,Prague,5,,Leadership/management position
JB_1308,Specialista digitálního marketingu (PPC/RTB),,Praha – Holešovice,Specialist,Marketing/Communications Specialist,,Marketing & Communications,,https://www.jobs.cz/rpd/2001459104/,2026-10-02T11:23:21+02:00,Deprioritized,-4,Other,Prague,5,,Generic marketing role
JB_5668,Sales Manager – ERP Helios & Cloud Solutions,,Praha – Braník + 1 další lokalita,Manager,IT/Engineering Manager,,"Cloud & Infrastructure, Sales & Business Development",,https://www.jobs.cz/rpd/2001457069/,2026-10-02T11:23:15+02:00,Deprioritized,-4,Other,Prague,5,,Leadership/management position
JB_2285,Content creator_Bilingual with German,,Praha – Vinohrady,Specialist,Marketing/Communications Specialist,,Marketing & Communications,,https://www.jobs.cz/rpd/2001456234/,2026-10-02T11:22:59+02:00,Deprioritized,-4,Other,Prague,5,,Generic marketing role
JB_6257,Product Marketing Manager,80 000 – 120 000 Kč,Praha – Nusle,Manager,Product Manager/Product Owner,,Marketing & Communications,,https://www.jobs.cz/rpd/2001457514/,2026-10-02T11:22:59+02:00,Deprioritized,-4,Other,Prague,5,,Leadership/management position
JB_8533,Studentská stáž v týmu Sales,,Praha – Libeň,Sales Representative,General Sales Representative,,Sales & Business Development,,https://www.jobs.cz/rpd/2001455676/,2026-10-02T11:22:59+02:00,Deprioritized,-4,Other,Prague,5,Junior/entry level,Non-target root occupation
JB_4062,GV Manager with German,,Praha – Karlín,Manager,Executive/General Manager,,,,https://www.jobs.cz/rpd/2001457032/,2026-10-02T11:22:48+02:00,Deprioritized,-4,Other,Prague,5,,Leadership/management position
JB_8762,SEO Specialist,,Praha,Specialist,Marketing/Communications Specialist,,Marketing & Communications,,https://www.jobs.cz/rpd/2001346515/,2026-10-02T11:12:16+02:00,Deprioritized,-4,Other,Prague,5,,Generic marketing role
JB_8476,Marketing Specialist se zájmem o Brand,,Praha – Holešovice,Specialist,Marketing/Communications Specialist,,Marketing & Communications,,https://www.jobs.cz/rpd/2001155393/,2026-10-02T11:12:02+02:00,Deprioritized,-4,Other,Prague,5,,Generic marketing role
JB_0886,SOCIAL MEDIA & CONTENT SPECIALIST pro UGO,,Praha,Specialist,Marketing/Communications Specialist,,"Marketing & Communications, Media & Entertainment",,https://www.jobs.cz/rpd/2001457930/,2026-10-02T11:11:56+02:00,Deprioritized,-4,Other,Prague,5,,Generic marketing role
JB_4959,Business Development Manager,,Praha – Holešovice,Manager,Sales/Account Manager,,Sales & Business Development,,https://www.jobs.cz/rpd/2001457461/,2026-10-02T11:11:47+02:00,Deprioritized,-4,Other,Prague,5,,Leadership/management position
JB_5288,PERFORMANCE & GROWTH MARKETING SPECIALIST,85 000 Kč,Praha + 1 další lokalita,Specialist,Marketing/Communications Specialist,,Marketing & Communications,,https://www.jobs.cz/rpd/2001459146/,2026-10-02T11:11:26+02:00,Deprioritized,-4,Other,Prague,5,,Generic marketing role
JB_9433,Penalty & Promo Senior Specialist,,Praha – Michle,Specialist,General Specialist,Senior,,,https://www.jobs.cz/rpd/2001456196/,2026-10-02T11:11:13+02:00,Deprioritized,-4,Other,Prague,5,,Senior-level position
JB_0950,Category Management Specialist – Central Europe (CZ/SK/DE),,Praha – Jinonice,Specialist,General Specialist,,,,https://www.jobs.cz/rpd/2001458909/,2026-10-02T11:10:17+02:00,Deprioritized,-4,Other,Prague,5,,Leadership/management position
JB_8899,Business Customer Communication solutions Security Governance & Compl. Specialist (f/m),,Praha – Chodov,Specialist,Marketing/Communications Specialist,,"Cybersecurity, Marketing & Communications, Customer Service",,https://www.jobs.cz/rpd/2001457361/,2026-10-02T11:10:06+02:00,Deprioritized,-4,Other,Prague,5,,Generic marketing role
SJ_108149,"Content, sales & marketing",,Prague,Specialist,Marketing/Communications Specialist,,"Sales & Business Development, Marketing & Communications",,https://www.startupjobs.cz/nabidka/108149/content-sales-marketing,2026-09-30T12:49:47+02:00,Deprioritized,-4,Other,Prague,7,,Generic marketing role
SJ_108163,Produktový manažer pro Seznam Homepage,,Prague,Manager,Product Manager/Product Owner,,Product Management,,https://www.startupjobs.cz/nabidka/108163/produktovy-manazer-pro-seznam-homepage,2026-09-30T12:49:47+02:00,Deprioritized,-4,Other,Prague,7,,Leadership/management position
SJ_601215,Strategic Account Manager,,Prague,Manager,Sales/Account Manager,,Sales & Business Development,,https://www.startupjobs.cz/nabidka/107271/strategic-account-manager,2026-09-30T12:49:47+02:00,Deprioritized,-4,Other,Prague,7,,Leadership/management position
JB_5584,STORE MANAGER 🚀 - LINDT & SPRÜNGLI - OC Nový Smíchov,,Praha – Smíchov,Manager,Executive/General Manager,,Retail & E-commerce,,https://www.jobs.cz/rpd/2001444531/,2026-09-30T12:40:24+02:00,Deprioritized,-4,Other,Prague,7,,Leadership/management position
JB_1990,"Specialista/ka zákaznických projektů (administrace zakázek, komunikace, obchod)",,Praha – Chodov,Specialist,Marketing/Communications Specialist,,"Sales & Business Development, Marketing & Communications, Customer Service, Project & Program Management",,https://www.jobs.cz/rpd/2001453897/,2026-09-30T12:19:57+02:00,Deprioritized,-4,Other,Prague,7,,Generic marketing role
JB_6114,Chief Software Architect,,Praha – Karlín,Manager,IT/Engineering Manager,Executive,IT & Software,,https://www.jobs.cz/rpd/2001455791/,2026-09-30T12:19:22+02:00,Deprioritized,-4,Other,Prague,7,,Leadership/management position
JB_8067,Senior Graphic Designer,,Praha – Holešovice,Designer,Graphic/Visual Designer,Senior,,,https://www.jobs.cz/rpd/2001455495/,2026-09-30T12:19:22+02:00,Deprioritized,-4,Other,Prague,7,,Senior-level position
JB_6456,Senior Konzultant – Zdanění fyzických osob,,Praha – Vinohrady,Consultant,General Consultant,Senior,,,https://www.jobs.cz/rpd/2001455656/,2026-09-30T12:19:00+02:00,Deprioritized,-4,Other,Prague,7,,Senior-level position
JB_5984,⭕Transport manager,80 000 – 130 000 Kč,Hlavní město Praha + 1 další lokalita,Manager,Supply Chain/Procurement Manager,,Supply Chain & Logistics,,https://www.jobs.cz/rpd/2001453816/,2026-09-30T11:32:30+02:00,Deprioritized,-4,Other,Prague,7,,Leadership/management position
JB_0473,"Business Development Manager (M/F/D) – automatizace, robotizace",,Praha – Chodov,Manager,Sales/Account Manager,,Sales & Business Development,,https://www.jobs.cz/rpd/2001455004/,2026-09-30T11:32:01+02:00,Deprioritized,-4,Other,Prague,7,,Leadership/management position
JB_0336,Manažer/ka konzultačního týmu (Team Manager),,Praha – Nusle,Manager,Executive/General Manager,,,,https://www.jobs.cz/rpd/2001454315/,2026-09-30T11:22:19+02:00,Deprioritized,-4,Other,Prague,7,,Leadership/management position
JB_0472,Ředitel/ka finančního oddělení (Ž/M),150 000 Kč,Praha – Břevnov,Manager,Executive/General Manager,Executive,,,https://www.jobs.cz/rpd/2001454217/,2026-09-30T11:21:03+02:00,Deprioritized,-4,Other,Prague,7,,Leadership/management position
JB_7697,Category Manager - Pečivo,,Praha – Dejvice,Manager,Product Manager/Product Owner,,,,https://www.jobs.cz/rpd/2001454196/,2026-09-30T11:19:34+02:00,Deprioritized,-4,Other,Prague,7,,Leadership/management position
JB_8640,Pricing Analytik,,Nepřevázka,Analyst,Finance/Investment Analyst,,"Data & Analytics, Finance & Banking",,https://www.jobs.cz/rpd/2001455329/,2026-09-30T11:12:04+02:00,Deprioritized,-4,Other,Outside Prague - verify,7,,Finance/accounting orientation; Location requires verification
BLT_3515,Senior Forward Deployed Engineer,130K-130K Annually,30 Locations,Engineer,General Engineer,Senior level,Engineering & R&D,,https://builtin.com/job/senior-forward-deployed-engineer/11421282,2026-09-30T11:08:11+02:00,Deprioritized,-4,Other,Outside Prague - verify,8,R,Senior-level position; Location requires verification
BLT_4025,Senior SDK Engineer,,41 Locations,Engineer,General Engineer,Senior level,Engineering & R&D,,https://builtin.com/job/senior-sdk-engineer/11420516,2026-09-30T11:08:11+02:00,Deprioritized,-4,Other,Outside Prague - verify,8,R,Senior-level position; Location requires verification
SJ_108129,CEO (Chief Executive Officer),,Prague,Manager,Executive/General Manager,Executive,,,https://www.startupjobs.cz/nabidka/108129/ceo-chief-executive-officer,2026-09-29T12:32:55+02:00,Deprioritized,-4,Other,Prague,8,,Leadership/management position
SJ_108137,"Hledáme 1 content creatora/ku, které/mu dáme vytoužené příjmy i svobodu (iPhone + kamera)",,Prague,Specialist,Marketing/Communications Specialist,,Marketing & Communications,,https://www.startupjobs.cz/nabidka/108137/hledame-1-content-creatora-ku-ktere-mu-dame-vytouzene-prijmy-i-svobodu-iphone-kamera,2026-09-29T12:32:55+02:00,Deprioritized,-4,Other,Prague,8,,Generic marketing role
JB_3443,Dotační projektový manažer / manažerka,30 000 – 60 000 Kč,Hlavní město Praha + 7 dalších lokalit,Manager,Project Manager,,Project & Program Management,,https://www.jobs.cz/rpd/2001451244/,2026-09-29T12:00:58+02:00,Deprioritized,-4,Other,Prague,8,,Leadership/management position
JB_6055,Back office junior,30 000 – 45 000 Kč,Praha – Staré Město,Assistant,Administrative/Back-Office Assistant,Junior/Entry-level,,,https://www.jobs.cz/rpd/2001446960/,2026-09-29T12:00:39+02:00,Deprioritized,-4,Other,Prague,8,Junior/entry level,Non-target root occupation
JB_3444,RELATIONSHIP MANAGER,,Praha,Manager,Sales/Account Manager,,,,https://www.jobs.cz/rpd/2001452435/,2026-09-29T11:52:20+02:00,Deprioritized,-4,Other,Prague,8,,Leadership/management position
JB_8652,Project Manager,,Praha – Karlín,Manager,Project Manager,,Project & Program Management,,https://www.jobs.cz/rpd/2001431962/,2026-09-29T11:51:26+02:00,Deprioritized,-4,Other,Prague,8,,Leadership/management position
JB_7973,Project Management Support (HR Transformation & Digitalization) for Generali CEE Holding,,Praha – Michle,Support Specialist,General Support Specialist,,"HR & Recruitment, Project & Program Management",,https://www.jobs.cz/rpd/2001446969/,2026-09-29T11:40:40+02:00,Deprioritized,-4,Other,Prague,8,,Leadership/management position
JB_8329,(Junior) Customer Care Agent in Finance and Accounting with German PART-TIME,,Praha – Holešovice,Customer Service Representative,Customer Care Representative,Junior/Entry-level,"Finance & Banking, Customer Service",,https://www.jobs.cz/rpd/2001347766/,2026-09-29T11:19:34+02:00,Deprioritized,-4,Other,Prague,8,Junior/entry level,Non-target root occupation
JB_9643,Key Account Manager (Electronics),,Praha,Manager,Sales/Account Manager,,Sales & Business Development,,https://www.jobs.cz/rpd/2001010822/,2026-09-29T11:19:22+02:00,Deprioritized,-4,Other,Prague,8,,Leadership/management position
JB_2950,Senior Architect (Front-end),,Praha – Chodov,Architect,General Architect,Senior,,,https://www.jobs.cz/rpd/2001453056/,2026-09-29T11:11:36+02:00,Deprioritized,-4,Other,Prague,8,,Senior-level position
JB_7827,Regional Manager EU,,Praha – Nové Město,Manager,Executive/General Manager,,,,https://www.jobs.cz/rpd/2001453367/,2026-09-29T11:10:06+02:00,Deprioritized,-4,Other,Prague,8,,Leadership/management position
JB_3059,"Hledáme 1 content creatorku, které dáme vytoužené příjmy i svobodu (iPhone + kamera)",55 000 – 110 000 Kč,Praha – Břevnov,Specialist,Marketing/Communications Specialist,,Marketing & Communications,,https://www.jobs.cz/rpd/2001453444/,2026-09-29T11:09:50+02:00,Deprioritized,-4,Other,Prague,8,,Generic marketing role
JB_4488,Head of HR,90 000 – 100 000 Kč,Praha,Manager,HR/People Manager,Lead/Head,HR & Recruitment,,https://www.jobs.cz/rpd/2001448603/,2026-09-29T11:09:36+02:00,Deprioritized,-4,Other,Prague,8,,Leadership/management position
BLT_5746,Lead Backend Engineer (Adobe Commerce / Magento),,27 Locations,Manager,IT/Engineering Manager,Senior level,Engineering & R&D,,https://builtin.com/job/lead-backend-engineer-adobe-commerce-magento/11406674,2026-09-29T10:54:36+02:00,Deprioritized,-4,Other,Outside Prague - verify,9,R,Senior-level position; Location requires verification
BLT_3157,Senior Integration Engineer/Backend Engineer (.Net&AWS),,27 Locations,Engineer,Cloud/Platform Engineer,Senior level,Engineering & R&D,".NET, AWS",https://builtin.com/job/senior-integration-engineer-backend-engineer-net-aws/11389751,2026-09-29T10:54:36+02:00,Deprioritized,-4,Other,Outside Prague - verify,9,R,Senior-level position; Location requires verification
SJ_108107,Social Media Content Creator pro mladou firmu 🚀,,Prague,Specialist,Marketing/Communications Specialist,,"Marketing & Communications, Media & Entertainment",,https://www.startupjobs.cz/nabidka/108107/social-media-content-creator-pro-mladou-firmu,2026-09-26T12:08:25+02:00,Deprioritized,-4,Other,Prague,11,,Generic marketing role
SJ_108113,"Team Lead, Actors",,Prague,Manager,Executive/General Manager,Lead/Head,,,https://www.startupjobs.cz/nabidka/108113/team-lead-actors,2026-09-26T12:06:05+02:00,Deprioritized,-4,Other,Prague,11,,Leadership/management position
JB_1422,Office manager*ka,25 000 – 27 000 Kč,Praha – Nové Město,Manager,Operations/Service Delivery Manager,,,,https://www.jobs.cz/rpd/2001447080/,2026-09-26T10:42:22+02:00,Deprioritized,-4,Other,Prague,12,,Leadership/management position
JB_8212,Customer Success & Support Manager,,Praha – Michle,Manager,Customer Success/Experience Manager,,Customer Service,,https://www.jobs.cz/rpd/2001441403/,2026-09-26T10:41:08+02:00,Deprioritized,-4,Other,Prague,12,,Leadership/management position
JB_5485,Ředitel/Ředitelka Vojenských lázeňských a rekreačních zařízení (p.o.),,Praha – Vršovice,Manager,Executive/General Manager,Executive,,,https://www.jobs.cz/rpd/2001446203/,2026-09-26T10:30:00+02:00,Deprioritized,-4,Other,Prague,12,,Leadership/management position
JB_1641,Specialista CRM / Direct Marketing (ž/m),,Praha – Břevnov,Specialist,Marketing/Communications Specialist,,Marketing & Communications,,https://www.jobs.cz/rpd/2001446412/,2026-09-26T10:29:38+02:00,Deprioritized,-4,Other,Prague,12,,Generic marketing role
JB_7687,ONLINE MARKETING SPECIALISTA,,Praha – Michle,Specialist,Marketing/Communications Specialist,,Marketing & Communications,,https://www.jobs.cz/rpd/2001446615/,2026-09-26T10:28:55+02:00,Deprioritized,-4,Other,Prague,12,,Generic marketing role
JB_5260,⋙Senior Business Analyst & Team Lead pro mezinárodní společnost⋘,,Praha,Manager,Executive/General Manager,"Senior, Lead/Head",,,https://www.jobs.cz/rpd/2001446865/,2026-09-26T10:19:48+02:00,Deprioritized,-4,Business/Product Analysis,Prague,12,Business/Product Analysis,Senior-level position; Leadership/management position
BLT_9897,Senior Engineer I (Chromium),,27 Locations,Engineer,General Engineer,Senior level,Engineering & R&D,,https://builtin.com/job/senior-engineer-i-chromium/11379527,2026-09-26T10:08:54+02:00,Deprioritized,-4,Other,Outside Prague - verify,12,R,Senior-level position; Location requires verification
BLT_8901,Senior DataOps Engineer,,27 Locations,Engineer,General Engineer,Senior level,Engineering & R&D,,https://builtin.com/job/senior-dataops-engineer/11373680,2026-09-26T10:06:23+02:00,Deprioritized,-4,Other,Outside Prague - verify,12,R,Senior-level position; Location requires verification
SJ_108079,Head of Sales,,Prague,Manager,Sales/Account Manager,Lead/Head,Sales & Business Development,,https://www.startupjobs.cz/nabidka/108079/head-of-sales,2026-09-25T11:52:06+02:00,Deprioritized,-4,Other,Prague,12,,Leadership/management position
SJ_108071,"🚀 Koordinátor/ka Autentického studia | Marketing, obchod & administrativa",,Prague,Coordinator,Sales/Marketing Coordinator,,"Sales & Business Development, Marketing & Communications",,https://www.startupjobs.cz/nabidka/108071/koordinator-ka-autentickeho-studia-marketing-obchod-administrativa,2026-09-25T11:52:06+02:00,Deprioritized,-4,Other,Prague,12,,Generic marketing role
SJ_108101,Performance Marketing Lead,,Prague,Manager,Marketing/Brand Manager,Lead/Head,Marketing & Communications,,https://www.startupjobs.cz/nabidka/108101/performance-marketing-lead,2026-09-25T11:51:01+02:00,Deprioritized,-4,Other,Prague,12,,Generic marketing role
SJ_108075,Product Lead - Real estate / Finance / Wealth management,,Prague,Manager,Product Manager/Product Owner,Lead/Head,"Finance & Banking, Real Estate & Construction",,https://www.startupjobs.cz/nabidka/108075/product-lead-real-estate-finance-wealth-management,2026-09-25T11:50:01+02:00,Deprioritized,-4,Other,Prague,12,,Leadership/management position
JB_7970,Provozní manažer/-ka restaurace Maitrea | 11 směn měsíčně | 5 000 Kč za směnu,55 000 Kč,Praha – Staré Město,Manager,Operations/Service Delivery Manager,,,,https://www.jobs.cz/rpd/2001444889/,2026-09-25T11:35:23+02:00,Deprioritized,-4,Other,Prague,12,,Leadership/management position
JB_0526,Junior Finance Manager,,Praha – Dejvice,Manager,Finance/Risk Manager,Junior/Entry-level,Finance & Banking,,https://www.jobs.cz/rpd/2001444773/,2026-09-25T11:05:10+02:00,Deprioritized,-4,Other,Prague,13,Junior/entry level,Leadership/management position; Finance/accounting orientation
JB_6739,Client Manager,,Praha – Nusle,Manager,Executive/General Manager,,Customer Service,,https://www.jobs.cz/rpd/2001445160/,2026-09-25T10:53:01+02:00,Deprioritized,-4,Other,Prague,13,,Leadership/management position
JB_2562,Senior Consultant - Strategy & Execution,,Praha – Nové Město,Consultant,Management/Strategy Consultant,Senior,,,https://www.jobs.cz/rpd/2000710876/,2026-09-25T10:52:38+02:00,Deprioritized,-4,Other,Prague,13,,Senior-level position
JB_6075,Chief Revenue Officer,,Praha – Holešovice,Manager,Executive/General Manager,Executive,,,https://www.jobs.cz/rpd/2001444826/,2026-09-25T10:51:29+02:00,Deprioritized,-4,Other,Prague,13,,Leadership/management position
JB_0288,Global Category Buyer – Marketing Procurement,90 000 – 110 000 Kč,Praha,Specialist,Marketing/Communications Specialist,,"Marketing & Communications, Procurement",,https://www.jobs.cz/rpd/2001444982/,2026-09-25T10:29:13+02:00,Deprioritized,-4,Other,Prague,13,,Generic marketing role
JB_9739,Vedoucí technického týmu | Mezinárodní prostředí | 5 týdnů dovolené + roční bonus,70 000 – 75 000 Kč,Hlavní město Praha,Manager,Executive/General Manager,Lead/Head,,,https://www.jobs.cz/rpd/2001445125/,2026-09-25T10:28:26+02:00,Deprioritized,-4,Other,Prague,13,,Leadership/management position
JB_9560,IT Project Manager,,Praha – Libeň,Manager,Project Manager,,"IT & Software, Project & Program Management",,https://www.jobs.cz/rpd/2001444593/,2026-09-25T10:28:18+02:00,Deprioritized,-4,Other,Prague,13,,Leadership/management position
JB_3913,CX manažer (m/ž),,Hlavní město Praha,Manager,Executive/General Manager,,,,https://www.jobs.cz/rpd/2001433423/,2026-09-25T10:28:05+02:00,Deprioritized,-4,Other,Prague,13,,Leadership/management position
JB_2984,Last Mile Operations Manager – FSD,,Praha – Dejvice,Manager,Operations/Service Delivery Manager,,,,https://www.jobs.cz/rpd/2001444580/,2026-09-25T10:19:21+02:00,Deprioritized,-4,Other,Prague,13,,Leadership/management position
JB_4359,Vedoucí/ho odboru strategického rozvoje ČVUT,,Praha – Dejvice,Manager,Executive/General Manager,Lead/Head,,,https://www.jobs.cz/rpd/2001446176/,2026-09-25T10:19:21+02:00,Deprioritized,-4,Other,Prague,13,,Leadership/management position
JB_1223,FINANČNÍ SPECIALISTA,45 000 – 55 000 Kč,Černíky,Specialist,Finance/Banking Specialist,,,,https://www.jobs.cz/rpd/2001444677/,2026-09-25T10:18:50+02:00,Deprioritized,-4,Other,Outside Prague - verify,13,,Finance/accounting orientation; Location requires verification
SJ_736027,"Vedoucí telesales týmu – gastro tech, Praha",,Prague,Manager,Executive/General Manager,Lead/Head,,,https://www.startupjobs.cz/nabidka/107661/vedouci-telesales-tymu-gastro-tech-praha,2026-09-23T22:04:08+02:00,Deprioritized,-4,Other,Prague,14,,Leadership/management position
SJ_107963,IT Project & Team Manager,,Prague,Manager,IT/Engineering Manager,,"IT & Software, Project & Program Management",,https://www.startupjobs.cz/nabidka/107963/it-project-team-manager,2026-09-23T21:49:43+02:00,Deprioritized,-4,Other,Prague,14,,Leadership/management position
SJ_108009,Produktový manažer/ka - účty a platby,,Prague,Manager,Product Manager/Product Owner,,Product Management,,https://www.startupjobs.cz/nabidka/108009/produktovy-manazer-ka-ucty-a-platby,2026-09-23T21:49:43+02:00,Deprioritized,-4,Other,Prague,14,,Leadership/management position
SJ_108013,Tech Lead Developer,,Prague,Manager,IT/Engineering Manager,Lead/Head,IT & Software,,https://www.startupjobs.cz/nabidka/108013/tech-lead-developer,2026-09-23T21:49:43+02:00,Deprioritized,-4,Other,Prague,14,,Leadership/management position
SJ_108011,Hands-on Tech Lead (PHP) | remote | 140–180 tis. + osobní ohodnocení,,Prague,Manager,IT/Engineering Manager,Lead/Head,,PHP,https://www.startupjobs.cz/nabidka/108011/hands-on-tech-lead-php-remote-140-180-tis-osobni-ohodnoceni,2026-09-23T21:45:13+02:00,Deprioritized,-4,Other,Prague,14,,Leadership/management position
JB_5763,Provozní manažer/ka - DATART (Galerie Butovice),43 000 – 50 000 Kč,Praha – Jinonice,Manager,Operations/Service Delivery Manager,,,,https://www.jobs.cz/rpd/2001442391/,2026-09-23T21:32:03+02:00,Deprioritized,-4,Other,Prague,14,,Leadership/management position
JB_8350,Provozní manažer prodejny Pánské obleky BANDI Praha,35 000 – 55 000 Kč,Praha – Libeň + 1 další lokalita,Manager,Sales/Account Manager,,"Sales & Business Development, Retail & E-commerce",,https://www.jobs.cz/rpd/2001369793/,2026-09-23T21:31:50+02:00,Deprioritized,-4,Other,Prague,14,,Leadership/management position
JB_8373,Osobní bankéř/ka - Litoměřice,,Litoměřice,Specialist,Finance/Banking Specialist,,Finance & Banking,,https://www.jobs.cz/rpd/2001443295/,2026-09-23T21:10:29+02:00,Deprioritized,-4,Other,Outside Prague - verify,14,,Finance/accounting orientation; Location requires verification
JB_8849,Obchodní konzultant | Liberecký a Pardubický kraj,44 000 – 60 000 Kč,Praha – Horní Počernice,Consultant,Marketing/Sales Consultant,,Sales & Business Development,,https://www.jobs.cz/rpd/2001430579/,2026-09-23T21:00:55+02:00,Deprioritized,-4,Other,Prague,14,,Generic marketing role
JB_4941,Buying Manager for Central Europe,,Praha – Vršovice,Manager,Executive/General Manager,,,,https://www.jobs.cz/rpd/2001438387/,2026-09-23T20:52:31+02:00,Deprioritized,-4,Other,Prague,14,,Leadership/management position
JB_2271,"Manager Clinic Partnership, PHA",,Praha,Manager,Sales/Account Manager,,,,https://www.jobs.cz/rpd/2001442382/,2026-09-23T20:28:53+02:00,Deprioritized,-4,Other,Prague,14,,Leadership/management position
JB_1392,"Asistent/ka ředitele (IT Technologie, mezinárodní business), 50% Home office",40 000 – 60 000 Kč,Hlavní město Praha,Manager,IT/Engineering Manager,Executive,IT & Software,,https://www.jobs.cz/rpd/2001442586/,2026-09-23T20:28:17+02:00,Deprioritized,-4,Other,Prague,14,,Leadership/management position
JB_6010,IT Asset Manager (Správce IT majetku a licencí),,Praha – Čakovice,Manager,IT/Engineering Manager,,IT & Software,,https://www.jobs.cz/rpd/2001442482/,2026-09-23T20:28:07+02:00,Deprioritized,-4,Other,Prague,14,,Leadership/management position
JB_4478,Senior Solution Architect,,Praha – Michle,Architect,Solution Architect,Senior,,,https://www.jobs.cz/rpd/2001442699/,2026-09-23T20:27:53+02:00,Deprioritized,-4,Other,Prague,14,,Senior-level position
JB_8103,Hledáme parťáka do Interní komunikace (m/ž),,Praha – Michle,Specialist,Marketing/Communications Specialist,,Marketing & Communications,,https://www.jobs.cz/rpd/2001443341/,2026-09-23T20:16:49+02:00,Deprioritized,-4,Other,Prague,14,,Generic marketing role
JB_6843,Account Manager & Media Planner | POS / In-Store Marketing - mezinárodní agentura,,Praha,Manager,Sales/Account Manager,,"Sales & Business Development, Marketing & Communications, Retail & E-commerce, Media & Entertainment",,https://www.jobs.cz/rpd/2001425564/,2026-09-23T20:15:49+02:00,Deprioritized,-4,Other,Prague,14,,Leadership/management position
JB_3984,Account Manager & Media Planner | POS / In-Store Marketing - mezinárodní agentura,,Praha,Manager,Sales/Account Manager,,"Sales & Business Development, Marketing & Communications, Retail & E-commerce, Media & Entertainment",,https://www.jobs.cz/rpd/2001443224/,2026-09-23T20:15:41+02:00,Deprioritized,-4,Other,Prague,14,,Leadership/management position
JB_2180,Marketing Specialist pro ukrajinskou pobočku (part-time),18 000 – 23 000 Kč,Praha – Nové Město,Specialist,Marketing/Communications Specialist,,Marketing & Communications,,https://www.jobs.cz/rpd/2001441527/,2026-09-23T20:15:41+02:00,Deprioritized,-4,Other,Prague,14,,Generic marketing role
JB_5895,Expert/ka analýz a tradingu komodit,,Praha – Michle,Specialist,General Specialist,,,,https://www.jobs.cz/rpd/2001442520/,2026-09-23T20:07:35+02:00,Deprioritized,-4,Other,Prague,14,,Senior-level position
JB_0023,Podpora manažerky obchodní sítě ČSOB Stavební spořitelny,45 000 – 50 000 Kč,Hlavní město Praha,Manager,Construction/BIM Manager,,"Sales & Business Development, Real Estate & Construction",,https://www.jobs.cz/rpd/2001443069/,2026-09-23T20:05:26+02:00,Deprioritized,-4,Other,Prague,14,,Leadership/management position
BLT_5202,Senior/Staff TypeScript Engineer,100K-200K Annually,27 Locations,Engineer,General Engineer,Senior level,Engineering & R&D,TypeScript,https://builtin.com/job/senior-staff-typescript-engineer/11331616,2026-09-23T20:02:51+02:00,Deprioritized,-4,Other,Outside Prague - verify,14,R,Senior-level position; Location requires verification
SJ_107971,Sales Manager pro gastro segment,,Prague,Manager,Sales/Account Manager,,Sales & Business Development,,https://www.startupjobs.cz/nabidka/107971/sales-manager-pro-gastro-segment,2026-09-22T20:38:31+02:00,Deprioritized,-4,Other,Prague,15,,Leadership/management position
SJ_101167,SaaS Business Development Manager or Executive,,Prague,Manager,Sales/Account Manager,,Sales & Business Development,,https://www.startupjobs.cz/nabidka/101167/saas-business-development-manager-or-executive,2026-09-22T20:37:21+02:00,Deprioritized,-4,Other,Prague,15,,Leadership/management position
JST_8709,SAP Solution Architect,až 210 000 Kč / měsíc,Praha,Architect,Solution Architect,"Senior, Expert",,SAP,https://www.jobstack.it/it-job/architekt/6ab26c07576ae,2026-09-22T20:29:59+02:00,Deprioritized,-4,Other,Prague,15,,Senior-level position
JB_9442,VEDOUCÍ LOGISTICKÉHO TÝMU | REMOTE | 60 - 75 000 Kč,60 000 – 75 000 Kč,okres Praha-západ,Manager,Supply Chain/Procurement Manager,Lead/Head,Supply Chain & Logistics,,https://www.jobs.cz/rpd/2001440693/,2026-09-22T20:02:25+02:00,Deprioritized,-4,Other,Prague,15,,Leadership/management position
JB_1896,Finanční a výrobní analytik/čka,,Příbram – Příbram I,Analyst,Finance/Investment Analyst,,"Data & Analytics, Manufacturing & Production",,https://www.jobs.cz/rpd/2001440432/,2026-09-22T19:50:56+02:00,Deprioritized,-4,Other,Outside Prague - verify,15,,Finance/accounting orientation; Location requires verification
JB_7392,Sales Team Manager – veďte náš obchodní tým v oblasti security!,,Praha – Michle,Manager,Sales/Account Manager,,"Cybersecurity, Sales & Business Development",,https://www.jobs.cz/rpd/2001441276/,2026-09-22T19:19:03+02:00,Deprioritized,-4,Other,Prague,15,,Leadership/management position
JB_6376,Osobní bankéř/ka - Čelákovice,,Čelákovice,Specialist,Finance/Banking Specialist,,Finance & Banking,,https://www.jobs.cz/rpd/2001266637/,2026-09-22T19:11:41+02:00,Deprioritized,-4,Other,Outside Prague - verify,15,,Finance/accounting orientation; Location requires verification
JB_3953,FINANČNÍ ŘEDITEL:KA,,okres Praha,Manager,Executive/General Manager,Executive,,,https://www.jobs.cz/rpd/2001406070/,2026-09-22T19:11:01+02:00,Deprioritized,-4,Other,Prague,15,,Leadership/management position
JB_6474,Account Manager pro nájemní bydlení,,Praha – Strašnice,Manager,Sales/Account Manager,,Sales & Business Development,,https://www.jobs.cz/rpd/2001360019/,2026-09-22T19:10:14+02:00,Deprioritized,-4,Other,Prague,15,,Leadership/management position
JB_4540,Manažer investičního růstu a klientských cest (m/ž),,Hlavní město Praha,Manager,Customer Success/Experience Manager,,"Finance & Banking, Customer Service",,https://www.jobs.cz/rpd/2001440124/,2026-09-22T19:09:51+02:00,Deprioritized,-4,Other,Prague,15,,Leadership/management position
JB_6049,Technology cybersecurity expert (f/m),,Praha – Chodov,Specialist,General Specialist,,Cybersecurity,,https://www.jobs.cz/rpd/2000789954/,2026-09-22T19:09:51+02:00,Deprioritized,-4,Other,Prague,15,,Senior-level position
JB_1427,Fiber Roll-out Senior Analyst,,Praha – Libeň,Analyst,General Analyst,Senior,,,https://www.jobs.cz/rpd/2001441437/,2026-09-22T19:02:08+02:00,Deprioritized,-4,Other,Prague,15,,Senior-level position
JB_6304,EXPERT/KA BUSINESS INTELIGENCE,,Praha – Michle + 2 další lokality,Specialist,General Specialist,,,,https://www.jobs.cz/rpd/2001440294/,2026-09-22T19:00:57+02:00,Deprioritized,-4,Other,Prague,15,,Senior-level position
BLT_1150,"Senior Product Engineer (Darkplane, Agentic Platform)",,27 Locations,Engineer,Cloud/Platform Engineer,Senior level,"Cloud & Infrastructure, Engineering & R&D",,https://builtin.com/job/senior-product-engineer-darkplane-agentic-platform/11284480,2026-09-22T18:56:01+02:00,Deprioritized,-4,Other,Outside Prague - verify,15,R,Senior-level position; Location requires verification
SJ_009207,Marketing Specialist,,Prague,Specialist,Marketing/Communications Specialist,,Marketing & Communications,,https://www.startupjobs.cz/nabidka/102637/marketing-specialist,2026-09-21T19:08:02+02:00,Deprioritized,-4,Other,Prague,16,,Generic marketing role
SJ_107947,PPC Specialist,,Prague,Specialist,Marketing/Communications Specialist,,Marketing & Communications,,https://www.startupjobs.cz/nabidka/107947/ppc-specialist,2026-09-21T19:01:07+02:00,Deprioritized,-4,Other,Prague,16,,Generic marketing role
SJ_103813,Senior Media Strategy Planner,,Prague,Planner,Media Planner,Senior,"Marketing & Communications, Media & Entertainment",,https://www.startupjobs.cz/nabidka/103813/senior-media-strategy-planner,2026-09-21T19:00:02+02:00,Deprioritized,-4,Other,Prague,16,,Senior-level position
JB_9723,Back Office & Office Manager/ka,,Praha – Vinohrady,Manager,Operations/Service Delivery Manager,,,,https://www.jobs.cz/rpd/2001436589/,2026-09-21T18:45:56+02:00,Deprioritized,-4,Other,Prague,16,,Leadership/management position
JB_8579,Specialista/ka marketingu a komunikace (A2253),,Praha – Libeň,Specialist,Marketing/Communications Specialist,,Marketing & Communications,,https://www.jobs.cz/rpd/2001438722/,2026-09-21T18:26:54+02:00,Deprioritized,-4,Other,Prague,16,,Generic marketing role
JB_8387,Marketing Coordinator,,Praha – Nové Město,Coordinator,Sales/Marketing Coordinator,,Marketing & Communications,,https://www.jobs.cz/rpd/2001438927/,2026-09-21T18:26:41+02:00,Deprioritized,-4,Other,Prague,16,,Generic marketing role
JB_9413,Trade Marketing Specialist,,Praha – Michle,Specialist,Marketing/Communications Specialist,,Marketing & Communications,,https://www.jobs.cz/rpd/2001438352/,2026-09-21T18:04:12+02:00,Deprioritized,-4,Other,Prague,16,,Generic marketing role
JB_8912,Sales Coordinator for the Czech Market,,Praha,Coordinator,Sales/Marketing Coordinator,,Sales & Business Development,,https://www.jobs.cz/rpd/2001438323/,2026-09-21T17:57:11+02:00,Deprioritized,-4,Other,Prague,16,,Generic marketing role
JB_7226,Business Development & Key Account Manager – veřejný sektor,70 000 – 100 000 Kč,Praha – Stodůlky,Manager,Sales/Account Manager,,Sales & Business Development,,https://www.jobs.cz/rpd/2001439219/,2026-09-21T17:45:54+02:00,Deprioritized,-4,Other,Prague,16,,Leadership/management position
JB_9003,NAOS Key account manager,,Praha – Nusle,Manager,Sales/Account Manager,,Sales & Business Development,,https://www.jobs.cz/rpd/2001439084/,2026-09-21T17:45:39+02:00,Deprioritized,-4,Other,Prague,16,,Leadership/management position
JB_9848,Account Manager – Digitalization & Enterprise IT Solutions,50 000 – 80 000 Kč,Praha – Holešovice,Manager,Sales/Account Manager,,"IT & Software, Sales & Business Development",,https://www.jobs.cz/rpd/2001438712/,2026-09-21T17:44:53+02:00,Deprioritized,-4,Other,Prague,16,,Leadership/management position
JB_2167,Test manažer - digitální kanály a core,80 000 – 110 000 Kč,Praha – Karlín,Manager,Production/Quality Manager,,,,https://www.jobs.cz/rpd/2001436630/,2026-09-21T17:35:02+02:00,Deprioritized,-4,Other,Prague,16,,Leadership/management position
JB_6480,Vedoucí směny logistického centra Jirny,,Praha – Horní Počernice,Manager,Supply Chain/Procurement Manager,Lead/Head,Supply Chain & Logistics,,https://www.jobs.cz/rpd/2001437782/,2026-09-21T17:34:21+02:00,Deprioritized,-4,Other,Prague,16,,Leadership/management position
JB_6801,Regional Sales Manager – DACH Region s němčinou,,Praha – Chodov,Manager,Sales/Account Manager,,Sales & Business Development,,https://www.jobs.cz/rpd/2001438959/,2026-09-21T17:34:06+02:00,Deprioritized,-4,Other,Prague,16,,Leadership/management position
JB_5967,Regional Sales Manager – Itálie,,Praha – Chodov,Manager,Sales/Account Manager,,Sales & Business Development,,https://www.jobs.cz/rpd/2001438943/,2026-09-21T17:34:06+02:00,Deprioritized,-4,Other,Prague,16,,Leadership/management position
JB_8317,Projektový vedoucí do oddělení Customer Relations,,Praha – Stodůlky,Manager,Project Manager,Lead/Head,"Customer Service, Project & Program Management",,https://www.jobs.cz/rpd/2001433605/,2026-09-21T17:33:46+02:00,Deprioritized,-4,Other,Prague,16,,Leadership/management position
JB_6515,Senior Product Owner,,Praha – Dolní Chabry,Manager,Product Manager/Product Owner,Senior,Product Management,,https://www.jobs.cz/rpd/2001439208/,2026-09-21T17:32:52+02:00,Deprioritized,-4,Other,Prague,16,,Senior-level position
JB_2471,Cost Manager / Rozpočtář/ka nákladů projektu | RUBY Praha,,Praha – Karlín,Manager,Executive/General Manager,,Project & Program Management,Ruby/Rails,https://www.jobs.cz/rpd/2001437901/,2026-09-21T17:32:40+02:00,Deprioritized,-4,Other,Prague,16,,Leadership/management position
JB_9236,PPC specialist,,Praha – Libeň,Specialist,Marketing/Communications Specialist,,Marketing & Communications,,https://www.jobs.cz/rpd/2001438471/,2026-09-21T17:24:42+02:00,Deprioritized,-4,Other,Prague,16,,Generic marketing role
JB_7457,Senior Continuous Improvement Analyst,,Praha,Analyst,General Analyst,Senior,,,https://www.jobs.cz/rpd/2001438942/,2026-09-21T17:23:01+02:00,Deprioritized,-4,Other,Prague,16,,Senior-level position
JB_2393,Senior Data Analytik/Analytička pro direct marketing,,Praha – Karlín,Analyst,General Analyst,Senior,"Data & Analytics, Marketing & Communications",,https://www.jobs.cz/rpd/2001439088/,2026-09-21T17:22:21+02:00,Deprioritized,-4,Other,Prague,16,,Senior-level position
JB_6999,Administrativa a zákaznická komunikace | Bez praxe | 36 000 Kč + bonusy | Praha,36 000 – 64 000 Kč,Praha – Vinohrady,Specialist,Marketing/Communications Specialist,,"Marketing & Communications, Customer Service",,https://www.jobs.cz/rpd/2001433360/,2026-09-20T09:30:24+02:00,Deprioritized,-4,Other,Prague,18,,Generic marketing role
BLT_2709,Senior Design Engineer,,44 Locations,Engineer,General Engineer,Senior level,Engineering & R&D,,https://builtin.com/job/senior-design-engineer/11260007,2026-09-20T09:18:05+02:00,Deprioritized,-4,Other,Outside Prague - verify,18,R,Senior-level position; Location requires verification
BLT_8176,TechOps Engineer,,4 Locations,Engineer,General Engineer,Senior level,Engineering & R&D,,https://builtin.com/job/techops-engineer/10025031,2026-09-20T09:18:05+02:00,Deprioritized,-4,Other,Outside Prague - verify,18,R,Senior-level position; Location requires verification
SJ_787767,Sales Development Team Lead – Czech & Slovak Markets,,Prague,Manager,Sales/Account Manager,Lead/Head,Sales & Business Development,,https://www.startupjobs.cz/nabidka/107661/sales-development-team-lead-czech-and-slovak-markets,2026-09-18T19:16:44+02:00,Deprioritized,-4,Other,Prague,19,,Leadership/management position
SJ_107737,Junior B2B Sales Representative (HW + SaaS),,Prague,Sales Representative,General Sales Representative,Junior/Entry-level,Sales & Business Development,,https://www.startupjobs.cz/nabidka/107737/junior-b2b-sales-representative-hw-saas,2026-09-18T19:01:54+02:00,Deprioritized,-4,Other,Prague,19,Junior/entry level,Non-target root occupation
SJ_107875,Manažer-ka/architekt-ka kybernetické a informační bezpečnosti,,Prague,Manager,Executive/General Manager,,Cybersecurity,,https://www.startupjobs.cz/nabidka/107875/manazer-ka-architekt-ka-kyberneticke-a-informacni-bezpecnosti,2026-09-18T19:01:54+02:00,Deprioritized,-4,Other,Prague,19,,Leadership/management position
SJ_107743,"Senior Linux Administrator pro IPTV, OTT a streamingové platformy",,Prague,Administrator,Systems/Server Administrator,Senior,,Linux,https://www.startupjobs.cz/nabidka/107743/senior-linux-administrator-pro-iptv-ott-a-streamingove-platformy,2026-09-18T18:59:54+02:00,Deprioritized,-4,Other,Prague,19,,Senior-level position
JB_0989,Senior Reserving Actuary - Life,,Praha – Michle,Specialist,Insurance/Actuarial Specialist,Senior,Insurance,,https://www.jobs.cz/rpd/2001433934/,2026-09-18T18:53:01+02:00,Deprioritized,-4,Other,Prague,19,,Senior-level position
JB_4541,Regionální manažer fashion retailu | Služební vůz | Mezinárodní prostředí,,Hlavní město Praha,Manager,Executive/General Manager,,,,https://www.jobs.cz/rpd/2001419448/,2026-09-18T18:42:24+02:00,Deprioritized,-4,Other,Prague,19,,Leadership/management position
JB_5867,Senior analytik/analytička správy provizí,63 000 – 66 000 Kč,Praha – Vokovice + 1 další lokalita,Analyst,General Analyst,Senior,Data & Analytics,,https://www.jobs.cz/rpd/2001433790/,2026-09-18T18:41:10+02:00,Deprioritized,-4,Other,Prague,19,,Senior-level position
JB_1964,Operační asistent / Junior Operations specialista,40 000 – 50 000 Kč,Hlavní město Praha,Assistant,General Assistant,Junior/Entry-level,,,https://www.jobs.cz/rpd/2001433151/,2026-09-18T18:30:59+02:00,Deprioritized,-4,Other,Prague,19,Junior/entry level,Non-target root occupation
JB_9331,Senior Supply and Operations Planning Analyst,,Praha – Karlín,Analyst,Operations/Supply Chain Analyst,Senior,,,https://www.jobs.cz/rpd/2001431822/,2026-09-18T18:29:34+02:00,Deprioritized,-4,Other,Prague,19,,Senior-level position
JB_5972,SOCIAL MEDIA & CONTENT CREATOR,50 000 Kč,Praha – Modřany,Specialist,Marketing/Communications Specialist,,"Marketing & Communications, Media & Entertainment",,https://www.jobs.cz/rpd/2001433471/,2026-09-18T18:18:28+02:00,Deprioritized,-4,Other,Prague,19,,Generic marketing role
JB_9502,Finanční manažer/ka,,Praha – Smíchov,Manager,Executive/General Manager,,,,https://www.jobs.cz/rpd/2001364108/,2026-09-18T18:06:08+02:00,Deprioritized,-4,Other,Prague,19,,Leadership/management position
JB_3067,Key account manager pro investiční skupinu - agro fond (A324),,Hlavní město Praha,Manager,Sales/Account Manager,,"Finance & Banking, Sales & Business Development",,https://www.jobs.cz/rpd/2001416848/,2026-09-18T18:06:02+02:00,Deprioritized,-4,Other,Prague,19,,Leadership/management position
JB_4948,Senior Specialista/ka zákaznických řešení (BID),,Praha – Vršovice,Specialist,Customer Service Specialist,Senior,Customer Service,,https://www.jobs.cz/rpd/2001429091/,2026-09-18T18:05:54+02:00,Deprioritized,-4,Other,Prague,19,,Senior-level position
JB_4179,Quality Management Specialist,,Praha – Hostivař,Specialist,Quality/Regulatory Specialist,,Quality & Safety,,https://www.jobs.cz/rpd/2001263634/,2026-09-18T18:05:33+02:00,Deprioritized,-4,Other,Prague,19,,Leadership/management position
JB_0346,Ad Sales Manager,70 000 – 110 000 Kč,Praha – Holešovice,Manager,Sales/Account Manager,,Sales & Business Development,,https://www.jobs.cz/rpd/2001428466/,2026-09-18T17:55:13+02:00,Deprioritized,-4,Other,Prague,19,,Leadership/management position
JB_9090,E-commerce Solutions Lead,,Praha – Vokovice,Manager,Marketing/Brand Manager,Lead/Head,Retail & E-commerce,,https://www.jobs.cz/rpd/2001431970/,2026-09-18T17:54:00+02:00,Deprioritized,-4,Other,Prague,19,,Generic marketing role
JB_4638,ACCOUNT MANAGER (DOPRAVA A LOGISTIKA),,Praha – Nové Město,Manager,Sales/Account Manager,,Sales & Business Development,,https://www.jobs.cz/rpd/2001427144/,2026-09-18T13:27:23+02:00,Deprioritized,-4,Other,Prague,19,,Leadership/management position
JB_4442,Senior specialista digitálního marketingu (Web & Paid Media),,Praha – Krč,Specialist,General Specialist,Senior,"Marketing & Communications, Media & Entertainment",,https://www.jobs.cz/rpd/2001426940/,2026-09-18T13:27:13+02:00,Deprioritized,-4,Other,Prague,19,,Senior-level position
JB_7031,Business Development Manager for Marketing Automation,,Praha – Karlín,Manager,IT/Engineering Manager,,"Sales & Business Development, Marketing & Communications",,https://www.jobs.cz/rpd/2001433309/,2026-09-18T13:26:58+02:00,Deprioritized,-4,Other,Prague,19,,Leadership/management position
JB_9359,Property Operations and Projects Manager,80 000 – 110 000 Kč,Praha – Nové Město,Manager,Operations/Service Delivery Manager,,Real Estate & Construction,,https://www.jobs.cz/rpd/2001413475/,2026-09-18T13:26:47+02:00,Deprioritized,-4,Other,Prague,19,,Leadership/management position
JB_5340,VEDOUCÍ TECHNIK SLABOPROUDÝCH ZAKÁZEK,58 000 – 72 000 Kč,okres Praha,Manager,Executive/General Manager,Lead/Head,,,https://www.jobs.cz/rpd/2001429025/,2026-09-18T13:26:47+02:00,Deprioritized,-4,Other,Prague,19,,Leadership/management position
JB_5253,Key Account & Product Manager | Spotřební elektronika (CZ/SK),,Praha – Libeň,Manager,Product Manager/Product Owner,,Product Management,,https://www.jobs.cz/rpd/2001432910/,2026-09-18T13:26:32+02:00,Deprioritized,-4,Other,Prague,19,,Leadership/management position
JB_1225,MANAŽER/MANAŽERKA VÝZKUMNÝCH ČINNOSTÍ,,Praha – Bubeneč,Manager,Executive/General Manager,,Education & Research,,https://www.jobs.cz/rpd/2001345843/,2026-09-18T13:26:04+02:00,Deprioritized,-4,Other,Prague,19,,Leadership/management position
JB_8144,IT Projekt manažer/ka - Retail,,Praha – Krč,Manager,Project Manager,,"IT & Software, Project & Program Management, Retail & E-commerce",,https://www.jobs.cz/rpd/2001432725/,2026-09-18T13:25:58+02:00,Deprioritized,-4,Other,Prague,19,,Leadership/management position
JB_6849,Junior Catastrophe Modeller,,Praha – Nové Město,Other,Unclassified,Junior/Entry-level,,,https://www.jobs.cz/rpd/2001432991/,2026-09-18T13:25:47+02:00,Deprioritized,-4,Other,Prague,19,Junior/entry level,Non-target root occupation
JB_5498,Technical Product Manager,,Praha – Staré Město,Manager,IT/Engineering Manager,,Product Management,,https://www.jobs.cz/rpd/2001431176/,2026-09-18T13:20:20+02:00,Deprioritized,-4,Other,Prague,19,,Leadership/management position
JB_9238,Product Manager reklamního systému,,Praha,Manager,Product Manager/Product Owner,,Product Management,,https://www.jobs.cz/rpd/2001332735/,2026-09-18T13:20:13+02:00,Deprioritized,-4,Other,Prague,19,,Leadership/management position
JB_4664,Project manager,,Praha – Michle,Manager,Project Manager,,Project & Program Management,,https://www.jobs.cz/rpd/2001316874/,2026-09-18T13:20:13+02:00,Deprioritized,-4,Other,Prague,19,,Leadership/management position
JB_7839,Vedoucí oddělení Regulace účetnictví veřejného sektoru,39 510 – 72 000 Kč,Praha – Libeň,Manager,Executive/General Manager,Lead/Head,,,https://www.jobs.cz/rpd/2001429039/,2026-09-18T13:19:43+02:00,Deprioritized,-4,Other,Prague,19,,Leadership/management position
JB_6974,Procure to pay Manager,,Praha – Michle,Manager,Executive/General Manager,,,,https://www.jobs.cz/rpd/2001432886/,2026-09-18T13:19:19+02:00,Deprioritized,-4,Other,Prague,19,,Leadership/management position
JB_1745,Provozní manažer/ka kliniky,50 000 – 70 000 Kč,Praha – Kobylisy,Manager,Operations/Service Delivery Manager,,,,https://www.jobs.cz/rpd/2001433133/,2026-09-18T13:19:19+02:00,Deprioritized,-4,Other,Prague,19,,Leadership/management position
JB_8967,⋙ Obchodní ředitel - budování START UPu ⋘,100 000 – 200 000 Kč,Praha – Zličín,Manager,Sales/Account Manager,Executive,Sales & Business Development,,https://www.jobs.cz/rpd/2001431438/,2026-09-18T13:19:19+02:00,Deprioritized,-4,Other,Prague,19,,Leadership/management position
JB_3035,Senior Media Planner - s potenciálem růstu,,Praha – Nusle,Planner,Media Planner,Senior,"Marketing & Communications, Media & Entertainment",,https://www.jobs.cz/rpd/2001429600/,2026-09-18T13:19:06+02:00,Deprioritized,-4,Other,Prague,19,,Senior-level position
JB_1796,Vedoucí technického provozu a zahrady,,Praha – Nebušice,Manager,Executive/General Manager,Lead/Head,,,https://www.jobs.cz/rpd/2001413311/,2026-09-18T13:18:44+02:00,Deprioritized,-4,Other,Prague,19,,Leadership/management position
JB_8545,Performance Digital Marketing Specialist,,Praha – Krč,Specialist,Marketing/Communications Specialist,,Marketing & Communications,,https://www.jobs.cz/rpd/2001413601/,2026-09-18T13:17:32+02:00,Deprioritized,-4,Other,Prague,19,,Generic marketing role
JB_2109,BTL Communication Specialist (B2C & B2B),,Praha – Strašnice + 1 další lokalita,Specialist,Marketing/Communications Specialist,,Marketing & Communications,,https://www.jobs.cz/rpd/2001427209/,2026-09-18T13:07:05+02:00,Deprioritized,-4,Other,Prague,19,,Generic marketing role
JB_4864,🚀 Performance & Growth Marketing Specialist,60 000 – 120 000 Kč,Praha – Holešovice,Specialist,Marketing/Communications Specialist,,Marketing & Communications,,https://www.jobs.cz/rpd/2001429653/,2026-09-18T13:07:05+02:00,Deprioritized,-4,Other,Prague,19,,Generic marketing role
JB_9470,Commercial Support Coordinator – Real Estate Development,,Praha,Coordinator,Sales/Marketing Coordinator,,"Sales & Business Development, Real Estate & Construction",,https://www.jobs.cz/rpd/2001431118/,2026-09-18T13:06:55+02:00,Deprioritized,-4,Other,Prague,19,,Generic marketing role
JB_2835,Senior People Analytics specialista do týmu Total Rewards & Performance (m/ž),,Praha – Karlín,Specialist,HR/People Specialist,Senior,"Data & Analytics, HR & Recruitment",,https://www.jobs.cz/rpd/2001427987/,2026-09-18T13:06:55+02:00,Deprioritized,-4,Other,Prague,19,,Senior-level position
JB_7050,POS Deployment Sr Specialist,,Praha – Nové Město,Specialist,General Specialist,Senior,,,https://www.jobs.cz/rpd/2001428940/,2026-09-18T13:06:42+02:00,Deprioritized,-4,Other,Prague,19,,Senior-level position
JB_4112,SENIOR ANALYTIK / ANALYTIČKA PRO TECHNOLOGICKÝ TRANSFER,60 000 – 80 000 Kč,Praha – Nové Město,Analyst,General Analyst,Senior,Data & Analytics,,https://www.jobs.cz/rpd/2001427416/,2026-09-18T13:06:42+02:00,Deprioritized,-4,Other,Prague,19,,Senior-level position
JB_0126,Sr. Specialist Visibility Excellence,69 000 – 81 000 Kč,Praha – Nové Město,Specialist,General Specialist,Senior,,,https://www.jobs.cz/rpd/2001428967/,2026-09-18T13:06:42+02:00,Deprioritized,-4,Other,Prague,19,,Senior-level position
JB_8292,Senior Test Analytik/Lead,,Praha – Michle,Manager,Production/Quality Manager,"Senior, Lead/Head",Data & Analytics,,https://www.jobs.cz/rpd/2001406263/,2026-09-18T13:06:32+02:00,Deprioritized,-4,Other,Prague,19,,Senior-level position
JB_3134,"Security Expert (Data security , Incident & Crisis)",,Praha – Krč,Specialist,Cybersecurity Specialist,,"Data & Analytics, Cybersecurity",,https://www.jobs.cz/rpd/2001431447/,2026-09-18T13:05:31+02:00,Deprioritized,-4,Other,Prague,19,,Senior-level position
JB_4771,"Senior IT Business Analytik | Analytička (UML, BPMN, Enterprise Architect)",,Praha – Vršovice,Architect,Enterprise Architect,Senior,"Data & Analytics, IT & Software",,https://www.jobs.cz/rpd/2000335864/,2026-09-18T13:05:31+02:00,Deprioritized,-4,Other,Prague,19,,Senior-level position
BLT_1723,Senior Design Engineer - MetaMask,149K-210K Annually,26 Locations,Engineer,General Engineer,Senior level,Engineering & R&D,,https://builtin.com/job/senior-design-engineer-metamask/10760420,2026-09-18T13:03:46+02:00,Deprioritized,-4,Other,Outside Prague - verify,19,R,Senior-level position; Location requires verification
BLT_6985,Senior .Net Engineer,,27 Locations,Engineer,General Engineer,Senior level,Engineering & R&D,.NET,https://builtin.com/job/senior-net-engineer/11230412,2026-09-18T13:02:32+02:00,Deprioritized,-4,Other,Outside Prague - verify,19,R,Senior-level position; Location requires verification
SJ_924966,Programmatic Account Manager (Strategy & Client Growth),,Prague,Manager,Sales/Account Manager,,"Sales & Business Development, Customer Service",,https://www.startupjobs.cz/nabidka/107293/programmatic-account-manager-strategy-and-client-growth,2026-09-17T10:53:21+02:00,Deprioritized,-4,Other,Prague,21,,Leadership/management position
SJ_107809,Business Development & Account Manager – CZ & SK,,Prague,Manager,Sales/Account Manager,,Sales & Business Development,,https://www.startupjobs.cz/nabidka/107809/business-development-and-account-manager-cz-and-sk,2026-09-17T10:45:16+02:00,Deprioritized,-4,Other,Prague,21,,Leadership/management position
SJ_100475,"Marketing Consultant - stratég, co propojí byznys, digitál i lidi",,Prague,Consultant,Marketing/Sales Consultant,,Marketing & Communications,,https://www.startupjobs.cz/nabidka/100475/marketing-consultant-strateg-co-propoji-byznys-digital-i-lidi,2026-09-17T10:45:16+02:00,Deprioritized,-4,Other,Prague,21,,Generic marketing role
SJ_106303,PPC (Amazon Ads | Marketplace Ads),,Prague,Specialist,Marketing/Communications Specialist,,Marketing & Communications,,https://www.startupjobs.cz/nabidka/106303/ppc-amazon-ads-marketplace-ads,2026-09-17T10:45:16+02:00,Deprioritized,-4,Other,Prague,21,,Generic marketing role
SJ_104299,Senior Media Consultant,,Prague,Consultant,General Consultant,Senior,"Marketing & Communications, Media & Entertainment",,https://www.startupjobs.cz/nabidka/104299/senior-media-consultant,2026-09-17T10:45:16+02:00,Deprioritized,-4,Other,Prague,21,,Senior-level position
SJ_106675,Campaign Operations Specialist,,Prague,Specialist,Marketing/Communications Specialist,,Marketing & Communications,,https://www.startupjobs.cz/nabidka/106675/campaign-operations-specialist,2026-09-17T10:44:16+02:00,Deprioritized,-4,Other,Prague,21,,Generic marketing role
SJ_105593,Influencer Marketing Specialist Praha,,Prague,Specialist,Marketing/Communications Specialist,,Marketing & Communications,,https://www.startupjobs.cz/nabidka/105593/influencer-marketing-specialist,2026-09-17T10:44:16+02:00,Deprioritized,-4,Other,Prague,21,,Generic marketing role
SJ_107853,Online Marketing Specialist pro FAVI.cz,,Prague,Specialist,Marketing/Communications Specialist,,Marketing & Communications,,https://www.startupjobs.cz/nabidka/107853/online-marketing-specialist-pro-favi-cz,2026-09-17T10:44:16+02:00,Deprioritized,-4,Other,Prague,21,,Generic marketing role
SJ_107783,Partnership Development Manager,,Prague,Manager,Sales/Account Manager,,,,https://www.startupjobs.cz/nabidka/107783/partnership-development-manager,2026-09-17T10:44:16+02:00,Deprioritized,-4,Other,Prague,21,,Leadership/management position
SJ_107833,Video & Content Creator,,Prague,Specialist,Marketing/Communications Specialist,,"Marketing & Communications, Media & Entertainment",,https://www.startupjobs.cz/nabidka/107833/video-and-content-creator,2026-09-17T10:44:16+02:00,Deprioritized,-4,Other,Prague,21,,Generic marketing role
SJ_107865,Account Manager/ka s citem pro klienty a technologie,,Prague,Manager,Sales/Account Manager,,"Sales & Business Development, Customer Service",,https://www.startupjobs.cz/nabidka/107865/account-manager-ka-s-citem-pro-klienty-a-technologie,2026-09-17T10:43:06+02:00,Deprioritized,-4,Other,Prague,21,,Leadership/management position
SJ_107857,Chief Revenue Officer (CRO),,Prague,Manager,Executive/General Manager,Executive,,,https://www.startupjobs.cz/nabidka/107857/chief-revenue-officer-cro,2026-09-17T10:43:06+02:00,Deprioritized,-4,Other,Prague,21,,Leadership/management position
JST_0498,SAP Consulting Lead - onsite Praha,Navrhni si mzdu,Praha,Manager,Executive/General Manager,Senior,,SAP,https://www.jobstack.it/it-job/specialista-erp/6aa91e358535a,2026-09-17T10:36:01+02:00,Deprioritized,-4,Other,Prague,21,,Senior-level position
JB_6024,Technical Sales Manager (Care & Industrial Chemicals),,Praha – Braník,Manager,IT/Engineering Manager,,"Sales & Business Development, Manufacturing & Production",,https://www.jobs.cz/rpd/2001429697/,2026-09-17T10:35:37+02:00,Deprioritized,-4,Other,Prague,21,,Leadership/management position
BLT_7226,"Senior Software Engineer, Frontend - Azul Intelligence Cloud",,3 Locations,Engineer,Cloud/Platform Engineer,Senior level,"Cloud & Infrastructure, IT & Software, Engineering & R&D",,https://builtin.com/job/senior-software-engineer-frontend-azul-intelligence-cloud/11205960,2026-09-17T10:31:21+02:00,Deprioritized,-4,Other,Outside Prague - verify,21,R,Senior-level position; Location requires verification
JB_3440,Commercial Project Manager,,Praha – Stodůlky,Manager,Project Manager,,"Sales & Business Development, Project & Program Management",,https://www.jobs.cz/rpd/2001367860/,2026-09-15T11:14:17+02:00,Deprioritized,-4,Other,Prague,22,,Leadership/management position
JB_4375,Head of Delivery Service Partners (DSP),,Praha – Ruzyně,Manager,Operations/Service Delivery Manager,Lead/Head,,,https://www.jobs.cz/rpd/2001320336/,2026-09-15T11:03:45+02:00,Deprioritized,-4,Other,Prague,23,,Leadership/management position
JB_5727,Senior Social Ads Specialist,,Praha – Libeň,Specialist,General Specialist,Senior,,,https://www.jobs.cz/rpd/2001312974/,2026-09-15T10:55:51+02:00,Deprioritized,-4,Other,Prague,23,,Senior-level position
JB_5750,Bid Management Specialist – English Speaker (m/f/d),,Praha – Stodůlky + 1 další lokalita,Specialist,General Specialist,,,,https://www.jobs.cz/rpd/2001426680/,2026-09-15T10:54:37+02:00,Deprioritized,-4,Other,Prague,23,,Leadership/management position
JB_7529,Senior nákupčí – retail&FMCG,70 000 – 90 000 Kč,Praha,Specialist,Procurement Specialist,Senior,"Procurement, Retail & E-commerce",,https://www.jobs.cz/rpd/2001424780/,2026-09-15T00:27:22+02:00,Deprioritized,-4,Other,Prague,23,,Senior-level position
JB_9144,ACCOUNT DELIVERY MANAGER,,Praha – Smíchov,Manager,Sales/Account Manager,,,,https://www.jobs.cz/rpd/2001424918/,2026-09-15T00:26:33+02:00,Deprioritized,-4,Other,Prague,23,,Leadership/management position
JB_2378,BIM manažer vedení PS,65 000 – 75 000 Kč,Praha,Manager,Construction/BIM Manager,,,BIM,https://www.jobs.cz/rpd/2001425418/,2026-09-15T00:16:51+02:00,Deprioritized,-4,Other,Prague,23,,Leadership/management position
JB_1626,Senior SOC Analyst,,Praha – Dejvice + 1 další lokalita,Analyst,Security/Fraud Analyst,Senior,Cybersecurity,,https://www.jobs.cz/rpd/2001364180/,2026-09-15T00:10:46+02:00,Deprioritized,-4,Other,Prague,23,,Senior-level position
JB_0940,Senior Media Consultant,,Praha – Libeň,Consultant,General Consultant,Senior,"Marketing & Communications, Media & Entertainment",,https://www.jobs.cz/rpd/2001236850/,2026-09-15T00:09:14+02:00,Deprioritized,-4,Other,Prague,23,,Senior-level position
JB_7067,Produktový manažer,55 000 – 75 000 Kč,Praha – Malešice,Manager,Product Manager/Product Owner,,Product Management,,https://www.jobs.cz/rpd/2001425715/,2026-09-15T00:08:24+02:00,Deprioritized,-4,Other,Prague,23,,Leadership/management position
JB_0222,Produktový manažer/ka,,Praha – Staré Město,Manager,Product Manager/Product Owner,,Product Management,,https://www.jobs.cz/rpd/2001425652/,2026-09-15T00:07:53+02:00,Deprioritized,-4,Other,Prague,23,,Leadership/management position
JB_0298,Business Development & Account Manager – CZ & SK,,Praha – Karlín,Manager,Sales/Account Manager,,Sales & Business Development,,https://www.jobs.cz/rpd/2001425600/,2026-09-15T00:01:36+02:00,Deprioritized,-4,Other,Prague,23,,Leadership/management position
JB_7545,Marketing koordinátor*ka do Loono 🟠🟠,49 000 – 64 000 Kč,Praha – Karlín,Coordinator,Sales/Marketing Coordinator,,Marketing & Communications,,https://www.jobs.cz/rpd/2001421884/,2026-09-15T00:01:24+02:00,Deprioritized,-4,Other,Prague,23,,Generic marketing role
JB_2603,Marketingový specialista – E-mailing & Social Media ❤️,38 000 – 50 000 Kč,Praha – Hostivař,Specialist,Marketing/Communications Specialist,,"Marketing & Communications, Media & Entertainment",,https://www.jobs.cz/rpd/2001424602/,2026-09-15T00:00:45+02:00,Deprioritized,-4,Other,Prague,23,,Generic marketing role
JB_8428,PPC (Amazon Ads | Marketplace Ads),,Praha – Libeň,Specialist,Marketing/Communications Specialist,,Marketing & Communications,,https://www.jobs.cz/rpd/2001346602/,2026-09-15T00:00:45+02:00,Deprioritized,-4,Other,Prague,23,,Generic marketing role
JB_5094,PPC Specialista,,Praha – Dejvice,Specialist,Marketing/Communications Specialist,,Marketing & Communications,,https://www.jobs.cz/rpd/2001425280/,2026-09-15T00:00:45+02:00,Deprioritized,-4,Other,Prague,23,,Generic marketing role
JB_1916,Group Supply Chain Development Manager,,Praha – Libeň,Manager,IT/Engineering Manager,,Supply Chain & Logistics,,https://www.jobs.cz/rpd/2001424462/,2026-09-15T00:00:28+02:00,Deprioritized,-4,Other,Prague,23,,Leadership/management position
JB_3488,Category Team Lead | Vedoucí nákupu - GASTRO,,Praha,Manager,Supply Chain/Procurement Manager,Lead/Head,Procurement,,https://www.jobs.cz/rpd/2001425001/,2026-09-14T23:59:41+02:00,Deprioritized,-4,Other,Prague,23,,Leadership/management position
JB_2087,Communication and Events Specialist /Tech Centre/,,Praha,Specialist,Marketing/Communications Specialist,,Marketing & Communications,,https://www.jobs.cz/rpd/2001424986/,2026-09-14T23:50:22+02:00,Deprioritized,-4,Other,Prague,23,,Generic marketing role
JB_6258,SEO & Content Optimization Specialist,,Praha – Karlín,Specialist,Marketing/Communications Specialist,,Marketing & Communications,,https://www.jobs.cz/rpd/2001425373/,2026-09-14T23:49:09+02:00,Deprioritized,-4,Other,Prague,23,,Generic marketing role
JB_7986,B2B Marketing & Lead Generation Specialist,,Praha – Nové Město,Specialist,Marketing/Communications Specialist,Lead/Head,Marketing & Communications,,https://www.jobs.cz/rpd/2001412621/,2026-09-14T23:49:01+02:00,Deprioritized,-4,Other,Prague,23,,Generic marketing role
JB_4210,Cenový analytik / Pricing Manager,,Praha – Čakovice,Manager,Product Manager/Product Owner,,"Data & Analytics, Finance & Banking",,https://www.jobs.cz/rpd/2001275021/,2026-09-14T23:48:41+02:00,Deprioritized,-4,Other,Prague,23,,Leadership/management position
JB_4406,SENIOR ANALYTIK/ČKA OCEŇOVÁNÍ,,Praha – Karlín,Analyst,General Analyst,Senior,Data & Analytics,,https://www.jobs.cz/rpd/2001424566/,2026-09-14T23:48:41+02:00,Deprioritized,-4,Other,Prague,23,,Senior-level position
BLT_1494,Senior Legal Engineer,,3 Locations,Engineer,General Engineer,Senior level,"Engineering & R&D, Legal",,https://builtin.com/job/senior-legal-engineer/9718628,2026-09-14T23:29:42+02:00,Deprioritized,-4,Other,Outside Prague - verify,23,R,Senior-level position; Location requires verification
BLT_9521,High-Accuracy GNSS Algorithms Engineer,,26 Locations,Engineer,General Engineer,Senior level,Engineering & R&D,,https://builtin.com/job/high-accuracy-gnss-algorithms-engineer/10106291,2026-09-14T23:29:34+02:00,Deprioritized,-4,Other,Outside Prague - verify,23,R,Senior-level position; Location requires verification
BLT_7046,Senior/Staff Golang Engineer (EMEA),,27 Locations,Engineer,General Engineer,Senior level,Engineering & R&D,,https://builtin.com/job/senior-golang-engineer-emea/10094510,2026-09-14T23:29:34+02:00,Deprioritized,-4,Other,Outside Prague - verify,23,R,Senior-level position; Location requires verification
BLT_8293,Sr Growth Engineer (Fullstack TS/Vue/NodeJS),,27 Locations,Engineer,General Engineer,Senior level,Engineering & R&D,Node.js,https://builtin.com/job/sr-growth-engineer-fullstack-ts-vue-nodejs/9425106,2026-09-14T23:29:34+02:00,Deprioritized,-4,Other,Outside Prague - verify,23,R,Senior-level position; Location requires verification
BLT_1810,"Staff Design Engineer, Design Systems",,28 Locations,Engineer,General Engineer,Senior level,"IT & Software, Engineering & R&D",,https://builtin.com/job/staff-design-engineer/9756214,2026-09-14T23:29:34+02:00,Deprioritized,-4,Other,Outside Prague - verify,23,R,Senior-level position; Location requires verification
BLT_2898,Senior Java Integration Engineer (1-month contract),,5 Locations,Engineer,General Engineer,Senior level,Engineering & R&D,Java,https://builtin.com/job/senior-java-integration-engineer/10200576,2026-09-14T23:29:19+02:00,Deprioritized,-4,Other,Outside Prague - verify,23,R,Senior-level position; Location requires verification
BLT_3984,Staff Android Engineer,,26 Locations,Engineer,General Engineer,Senior level,Engineering & R&D,,https://builtin.com/job/staff-android-engineer/9755495,2026-09-14T23:29:19+02:00,Deprioritized,-4,Other,Outside Prague - verify,23,R,Senior-level position; Location requires verification
BLT_3929,Developer Experience Engineer,175K-194K Annually,29 Locations,Engineer,General Engineer,Senior level,"IT & Software, Engineering & R&D",,https://builtin.com/job/developer-experience-engineer/9853994,2026-09-14T23:29:04+02:00,Deprioritized,-4,Other,Outside Prague - verify,23,R,Senior-level position; Location requires verification
BLT_5196,Lead Backend Engineer - Piktochart,,37 Locations,Manager,IT/Engineering Manager,Senior level,Engineering & R&D,,https://builtin.com/job/lead-backend-engineer-piktochart/9774854,2026-09-14T23:28:55+02:00,Deprioritized,-4,Other,Outside Prague - verify,23,R,Senior-level position; Location requires verification
BLT_2345,Senior React Native Engineer,,125 Locations,Engineer,General Engineer,Senior level,Engineering & R&D,React,https://builtin.com/job/senior-mobile-frontend-engineer/9768871,2026-09-14T23:28:55+02:00,Deprioritized,-4,Other,Outside Prague - verify,23,R,Senior-level position; Location requires verification
BLT_5603,Sr. Pipeline Engineer,,38 Locations,Engineer,General Engineer,Senior level,Engineering & R&D,,https://builtin.com/job/sr-pipeline-engineer/10639909,2026-09-14T23:28:55+02:00,Deprioritized,-4,Other,Outside Prague - verify,23,R,Senior-level position; Location requires verification
BLT_2326,Staff Engineer - Dragonfly Portfolio,,34 Locations,Engineer,General Engineer,Senior level,Engineering & R&D,,https://builtin.com/job/staff-engineer-dragonfly-portfolio/10696344,2026-09-14T23:28:55+02:00,Deprioritized,-4,Other,Outside Prague - verify,23,R,Senior-level position; Location requires verification
BLT_7238,Engineering Squad Lead,,26 Locations,Manager,IT/Engineering Manager,Senior level,Engineering & R&D,,https://builtin.com/job/engineering-squad-lead/9894028,2026-09-14T23:28:46+02:00,Deprioritized,-4,Other,Outside Prague - verify,23,R,Senior-level position; Location requires verification
BLT_5475,Product Education Engineer,,29 Locations,Engineer,General Engineer,Senior level,"Engineering & R&D, Education & Research",,https://builtin.com/job/product-education-engineer/10374035,2026-09-14T23:28:46+02:00,Deprioritized,-4,Other,Outside Prague - verify,23,R,Senior-level position; Location requires verification
BLT_2788,Senior Back End Engineer - Sportsbook,,26 Locations,Engineer,General Engineer,Senior level,Engineering & R&D,,https://builtin.com/job/senior-back-end-engineer-sportsbook/7144485,2026-09-14T23:28:46+02:00,Deprioritized,-4,Other,Outside Prague - verify,23,R,Senior-level position; Location requires verification
BLT_1764,Senior Product Engineer,,32 Locations,Engineer,General Engineer,Senior level,Engineering & R&D,,https://builtin.com/job/senior-product-engineer/8518213,2026-09-14T23:28:46+02:00,Deprioritized,-4,Other,Outside Prague - verify,23,R,Senior-level position; Location requires verification
BLT_5861,Senior Integrations Engineer – Slack and Microsoft Teams,60K-80K Annually,8 Locations,Engineer,General Engineer,Senior level,Engineering & R&D,,https://builtin.com/job/senior-integrations-engineer-slack-and-microsoft-teams/8975789,2026-09-14T23:28:36+02:00,Deprioritized,-4,Other,Outside Prague - verify,23,R,Senior-level position; Location requires verification
BLT_9781,Senior Product Engineer,135K-300K Annually,31 Locations,Engineer,General Engineer,Senior level,Engineering & R&D,,https://builtin.com/job/senior-product-engineer/9486062,2026-09-14T23:28:23+02:00,Deprioritized,-4,Other,Outside Prague - verify,23,R,Senior-level position; Location requires verification
BLT_6581,Software Engineer - Cross-platform C++ - Multipass,,27 Locations,Engineer,Cloud/Platform Engineer,Senior level,"Cloud & Infrastructure, IT & Software, Engineering & R&D",C/C++,https://builtin.com/job/software-engineer-cross-platform-c-multipass/9647441,2026-09-14T23:28:23+02:00,Deprioritized,-4,Other,Outside Prague - verify,23,R,Senior-level position; Location requires verification
BLT_8922,Global Technology Engineer III (Java),,27 Locations,Engineer,General Engineer,Senior level,Engineering & R&D,Java,https://builtin.com/job/global-technology-engineer-iii-java/9648130,2026-09-14T23:28:11+02:00,Deprioritized,-4,Other,Outside Prague - verify,23,R,Senior-level position; Location requires verification
BLT_7189,Senior Blockchain Engineer,,50 Locations,Engineer,General Engineer,Senior level,Engineering & R&D,,https://builtin.com/job/senior-blockchain-engineer/9840494,2026-09-14T23:28:00+02:00,Deprioritized,-4,Other,Outside Prague - verify,23,R,Senior-level position; Location requires verification
BLT_6986,Staff Software Engineer Platform,,26 Locations,Engineer,Cloud/Platform Engineer,Senior level,"Cloud & Infrastructure, IT & Software, Engineering & R&D",,https://builtin.com/job/staff-software-engineer-platform/10872996,2026-09-14T23:28:00+02:00,Deprioritized,-4,Other,Outside Prague - verify,23,R,Senior-level position; Location requires verification
BLT_1610,Lead Mobile Engineer (Contractor),,19 Locations,Manager,Executive/General Manager,Senior level,Engineering & R&D,,https://builtin.com/job/lead-mobile-engineer-contractor/11008776,2026-09-14T23:27:44+02:00,Deprioritized,-4,Other,Outside Prague - verify,23,R,Senior-level position; Location requires verification
BLT_0033,Staff Engineer,,29 Locations,Engineer,General Engineer,Senior level,Engineering & R&D,,https://builtin.com/job/staff-engineer/11013493,2026-09-14T23:27:44+02:00,Deprioritized,-4,Other,Outside Prague - verify,23,R,Senior-level position; Location requires verification
BLT_3372,Product Engineer (Full Stack),,26 Locations,Engineer,General Engineer,Senior level,Engineering & R&D,,https://builtin.com/job/full-stack-engineer/7751200,2026-09-14T23:27:38+02:00,Deprioritized,-4,Other,Outside Prague - verify,23,R,Senior-level position; Location requires verification
BLT_8389,Staff Engineer - Growth - Verifications,,16 Locations,Engineer,General Engineer,Senior level,Engineering & R&D,,https://builtin.com/job/staff-engineer-growth-verifications/11099695,2026-09-14T23:27:38+02:00,Deprioritized,-4,Other,Outside Prague - verify,23,R,Senior-level position; Location requires verification
BLT_1173,Founding Staff Mobile Engineer,,27 Locations,Engineer,General Engineer,Expert/Leader,Engineering & R&D,,https://builtin.com/job/founding-staff-mobile-engineer/11137557,2026-09-14T23:27:30+02:00,Deprioritized,-4,Other,Outside Prague - verify,23,R,Senior-level position; Location requires verification
BLT_9309,LLVM Compiler Engineer,,3 Locations,Engineer,General Engineer,Senior level,Engineering & R&D,,https://builtin.com/job/llvm-compiler-engineer/10502073,2026-09-14T23:27:16+02:00,Deprioritized,-4,Other,Outside Prague - verify,23,R,Senior-level position; Location requires verification
BLT_2132,Senior iOS Engineer (Inbox),,6 Locations,Engineer,General Engineer,Senior level,Engineering & R&D,,https://builtin.com/job/senior-ios-engineer-inbox/7058662,2026-09-14T23:27:16+02:00,Deprioritized,-4,Other,Outside Prague - verify,23,R,Senior-level position; Location requires verification
BLT_6449,Senior Product Engineer - Payments Risk,,27 Locations,Engineer,General Engineer,Senior level,"Compliance & Risk, Engineering & R&D",,https://builtin.com/job/senior-product-engineer-payments-risk/11158766,2026-09-14T23:27:16+02:00,Deprioritized,-4,Other,Outside Prague - verify,23,R,Senior-level position; Location requires verification
BLT_4347,Rust Engineer - Trading Systems,,31 Locations,Engineer,General Engineer,Senior level,"IT & Software, Engineering & R&D",Rust,https://builtin.com/job/rust-engineer-trading-systems/10203911,2026-09-14T23:27:07+02:00,Deprioritized,-4,Other,Outside Prague - verify,23,R,Senior-level position; Location requires verification
BLT_5068,Software Engineer - DevOps,80K-150K Annually,Czech Republic,Engineer,DevOps/SRE Engineer,Senior level,"Cloud & Infrastructure, IT & Software, Engineering & R&D",,https://builtin.com/job/software-engineer-devops/8695177,2026-09-14T23:27:07+02:00,Deprioritized,-4,Other,Czechia - verify Prague/remote,23,R,Senior-level position; Location requires verification
BLT_2793,Solution Architect,,"Prague, CZE",Architect,Solution Architect,Senior level,,,https://builtin.com/job/solution-architect/10173989,2026-09-14T23:27:07+02:00,Deprioritized,-4,Other,Prague,23,,Senior-level position
BLT_3988,Engineering Lead,,14 Locations,Manager,IT/Engineering Manager,Senior level,Engineering & R&D,,https://builtin.com/job/engineering-lead/9954089,2026-09-14T23:26:44+02:00,Deprioritized,-4,Other,Outside Prague - verify,23,R,Senior-level position; Location requires verification
BLT_6286,Senior / Lead Salesforce Engineer,,7 Locations,Manager,Executive/General Manager,Senior level,Engineering & R&D,Salesforce,https://builtin.com/job/senior-lead-crm-loyalty-engineer/10038660,2026-09-14T23:26:44+02:00,Deprioritized,-4,Other,Outside Prague - verify,23,R,Senior-level position; Location requires verification
BLT_8497,Senior Solution Architect,,"Prague, CZE",Architect,Solution Architect,Senior level,,,https://builtin.com/job/senior-solution-architect/9978538,2026-09-14T23:26:44+02:00,Deprioritized,-4,Other,Prague,23,,Senior-level position
BLT_5928,Senior Frontend Developer,4K-5K Annually,"Prague, CZE",Developer,Frontend Developer,Senior level,IT & Software,,https://builtin.com/job/senior-frontend-developer/10909762,2026-09-14T23:26:35+02:00,Deprioritized,-4,Other,Prague,23,,Senior-level position
BLT_6831,Senior Product Engineer,,2 Locations,Engineer,General Engineer,Senior level,Engineering & R&D,,https://builtin.com/job/senior-product-engineer/10831035,2026-09-14T23:26:35+02:00,Deprioritized,-4,Other,Outside Prague - verify,23,R,Senior-level position; Location requires verification
BLT_8204,"Staff Engineer - Money, Risk & Payment Ancillaries",,36 Locations,Engineer,General Engineer,Senior level,"Compliance & Risk, Engineering & R&D",,https://builtin.com/job/staff-engineer-money-risk-payment-ancillaries/10946291,2026-09-14T23:26:35+02:00,Deprioritized,-4,Other,Outside Prague - verify,23,R,Senior-level position; Location requires verification
BLT_4871,Senior Android Engineer,179K-179K Annually,10 Locations,Engineer,General Engineer,Senior level,Engineering & R&D,,https://builtin.com/job/senior-android-engineer/11000206,2026-09-14T23:26:11+02:00,Deprioritized,-4,Other,Outside Prague - verify,23,R,Senior-level position; Location requires verification
BLT_1004,Senior Frontend Developer,,"Prague, CZE",Developer,Frontend Developer,Senior level,IT & Software,,https://builtin.com/job/senior-frontend-developer/9304895,2026-09-14T23:26:11+02:00,Deprioritized,-4,Other,Prague,23,,Senior-level position
JB_3602,Senior BI/Data analytik,130 000 – 160 000 Kč,Hlavní město Praha,Analyst,General Analyst,Senior,Data & Analytics,,https://www.jobs.cz/rpd/2001422754/,2026-09-14T22:21:54+02:00,Deprioritized,-4,Other,Prague,23,,Senior-level position
JST_1497,Azure Cloud Architect,Navrhni si mzdu,Praha / home office,Architect,Cloud/Infrastructure Architect,"Senior, Expert",Cloud & Infrastructure,Azure,https://www.jobstack.it/it-job/it-konzultant/5fd20d93a235c,2026-09-12T11:34:11+02:00,Deprioritized,-4,Other,Prague,25,,Senior-level position
JST_4611,iOS Developer - senior,až 80 000 Kč / měsíc,Praha,Developer,Mobile Developer,Senior,IT & Software,,https://www.jobstack.it/it-job/developer-mobilnich-aplikaci/59f1f98315dea,2026-09-12T11:34:11+02:00,Deprioritized,-4,Other,Prague,25,,Senior-level position
JST_4945,IT OPERÁTOR - HLEDÁME ŠIKOVNÉ ABSOLVENTY SŠ S IT ZAMĚŘENÍM,až 30 000 Kč / měsíc,Praha,Operator,IT/Data-Centre Operator,Junior,IT & Software,,https://www.jobstack.it/it-job/microsoft-admin/61b9ee8825122,2026-09-12T11:34:05+02:00,Deprioritized,-4,Other,Prague,25,Junior/entry level,Non-target root occupation
JST_1916,Konzultant - Staňte se odborníkem na Enterprise Content Management,až 80 000 Kč / měsíc,"Jankovcova 1595/14, Praha - Holešovice",Consultant,Management/Strategy Consultant,"Junior, Medior, Senior, Expert",Marketing & Communications,,https://www.jobstack.it/it-job/it-konzultant/61b896caae01f,2026-09-12T11:34:05+02:00,Deprioritized,-4,Other,Prague,25,Junior/entry level; Medior level,Senior-level position; Leadership/management position
JST_5898,DELIVERY CONSULTANT,Navrhni si mzdu,Plex Systems CZ s.r.o. | Visionary Building | Plynární 1617/10 | 170 00 Praha 7,Consultant,General Consultant,Senior,,,https://www.jobstack.it/it-job/specialista-devops/626feadc23687,2026-09-12T11:33:57+02:00,Deprioritized,-4,Other,Prague,25,,Senior-level position
JST_8117,Frontend developer - Vue.js,Navrhni si mzdu,"full remote, Praha",Developer,Frontend Developer,Senior,IT & Software,JavaScript,https://www.jobstack.it/it-job/vue-js-developer/62bc4883559e2,2026-09-12T11:33:57+02:00,Deprioritized,-4,Other,Prague,25,,Senior-level position
JST_4721,HW Project Manager,až 70 000 Kč / měsíc,Praha 7,Manager,Project Manager,"Junior, Medior, Senior",Project & Program Management,,https://www.jobstack.it/it-job/it-project-manager/621cbbd6b5ef1,2026-09-12T11:33:57+02:00,Deprioritized,-4,Other,Prague,25,Junior/entry level; Medior level,Senior-level position; Leadership/management position
JST_1171,Seniorní DevOps nebo Cloud Architect,až 160 000 Kč / měsíc,Praha,Architect,Cloud/Infrastructure Architect,Senior,Cloud & Infrastructure,,https://www.jobstack.it/it-job/specialista-devops/643d615d86bb5,2026-09-12T11:33:50+02:00,Deprioritized,-4,Other,Prague,25,,Senior-level position
JST_3015,Team & Tech Leader s NODE.JS,až 10 000 Kč / měsíc,Praha Karlín min. 1x týdně,Manager,IT/Engineering Manager,"Senior, Expert",,"JavaScript, Node.js",https://www.jobstack.it/it-job/node-js-developer/6465148241cad,2026-09-12T11:33:28+02:00,Deprioritized,-4,Other,Prague,25,,Senior-level position
JST_8702,Solutions architect Azure,Navrhni si mzdu,Česká Lípa/ Praha,Architect,Cloud/Infrastructure Architect,"Senior, Expert",,Azure,https://www.jobstack.it/it-job/architekt/679226f52ead1,2026-09-12T11:33:16+02:00,Deprioritized,-4,Other,Prague,25,,Senior-level position
JST_6505,Salesforce Developer/Architect,až 270 000 Kč / měsíc,Praha,Architect,General Architect,Senior,IT & Software,Salesforce,https://www.jobstack.it/it-job/developer-other/6908e9c30605e,2026-09-12T11:33:02+02:00,Deprioritized,-4,Other,Prague,25,,Senior-level position
JST_1673,SAP WM / Logistics Lead - Praha onsite,až 170 000 Kč / měsíc,"Praha, ČR",Manager,Supply Chain/Procurement Manager,Senior,Supply Chain & Logistics,SAP,https://www.jobstack.it/it-job/specialista-erp/6a2fb4d4c8037,2026-09-12T11:32:53+02:00,Deprioritized,-4,Other,Prague,25,,Senior-level position
JST_0546,Solution Architect,Navrhni si mzdu,Praha/Brno,Architect,Solution Architect,"Senior, Expert",,,https://www.jobstack.it/it-job/architekt/630c935f2cba5,2026-09-12T11:32:53+02:00,Deprioritized,-4,Other,Prague,25,,Senior-level position
JST_1042,Vedoucího oddělení software vývoje (f/m),až 160 000 Kč / měsíc,Praha,Manager,IT/Engineering Manager,Senior,IT & Software,,https://www.jobstack.it/it-job/it-manager/6891f9f08a9bc,2026-09-12T11:32:53+02:00,Deprioritized,-4,Other,Prague,25,,Senior-level position
JST_7554,IT Koordinátor/ka IT Incidentů,Navrhni si mzdu,Praha,Coordinator,IT/Incident Coordinator,Senior,IT & Software,,https://www.jobstack.it/it-job/it-operator/66f6ac28df705,2026-09-12T11:32:42+02:00,Deprioritized,-4,Other,Prague,25,,Senior-level position
JST_6117,Senior Infrastructure Network Consultant - NSX,Navrhni si mzdu,Praha nebo Roudnice,Consultant,Technical/Infrastructure Consultant,Senior,Cloud & Infrastructure,,https://www.jobstack.it/it-job/site-provoz/6a43add3d7481,2026-09-12T11:32:42+02:00,Deprioritized,-4,Other,Prague,25,,Senior-level position
JST_5398,"Senior IS Architekt / Analytik - Praha, IČO",až 210 000 Kč / měsíc,Praha,Architect,General Architect,"Senior, Expert",Data & Analytics,,https://www.jobstack.it/it-job/architekt/6a3bc9bd157e0,2026-09-12T11:32:42+02:00,Deprioritized,-4,Other,Prague,25,,Senior-level position
JST_1571,Solution Architect,až 170 000 Kč / měsíc,Praha,Architect,Solution Architect,"Senior, Expert",,,https://www.jobstack.it/it-job/architekt/6a61f5f07b6fc,2026-09-12T11:32:42+02:00,Deprioritized,-4,Other,Prague,25,,Senior-level position
JST_6673,"Database Administrator - Praha, IČO",až 160 000 Kč / měsíc,Praha,Administrator,Database Administrator,Senior,,,https://www.jobstack.it/it-job/database-admin/6a981389a3459,2026-09-12T11:32:36+02:00,Deprioritized,-4,Other,Prague,25,,Senior-level position
JST_5931,Senior IT analytik | Enterprise Architect | Hybridní režim | až 9 000 Kč/MD,až 185 000 Kč / měsíc,Praha 5 (HO 2-3 dny týdně),Architect,Enterprise Architect,"Senior, Expert","Data & Analytics, IT & Software",,https://www.jobstack.it/it-job/analytik/6a953f3231ce7,2026-09-12T11:32:36+02:00,Deprioritized,-4,Other,Prague,25,,Senior-level position
JST_3162,Business Development Manager,až 110 000 Kč / měsíc,Praha 4,Manager,Sales/Account Manager,"Junior, Medior, Senior",Sales & Business Development,,https://www.jobstack.it/it-job/sales-manager/6981ef4349361,2026-09-12T11:32:21+02:00,Deprioritized,-4,Other,Prague,25,Junior/entry level; Medior level,Senior-level position; Leadership/management position
JST_6911,"Solution Architekt - IČO, Praha, hybrid",až 220 000 Kč / měsíc,Praha,Architect,Solution Architect,"Senior, Expert",,,https://www.jobstack.it/it-job/enterprise-architekt/6a5495e657c33,2026-09-12T11:32:21+02:00,Deprioritized,-4,Other,Prague,25,,Senior-level position
SJ_103899,B2B Business Sales Development Manager Praha,,Prague,Manager,Sales/Account Manager,,Sales & Business Development,,https://www.startupjobs.cz/nabidka/103899/b2b-business-sales-development-manager,2026-09-12T11:10:13+02:00,Deprioritized,-4,Other,Prague,25,,Leadership/management position
SJ_105969,Growth & Marketing Lead,,Prague,Manager,Marketing/Brand Manager,Lead/Head,Marketing & Communications,,https://www.startupjobs.cz/nabidka/105969/growth-and-marketing-lead,2026-09-12T11:10:13+02:00,Deprioritized,-4,Other,Prague,25,,Generic marketing role
SJ_106841,Hands-on Marketing Specialista,,Prague,Specialist,Marketing/Communications Specialist,,Marketing & Communications,,https://www.startupjobs.cz/nabidka/106841/hands-on-marketing-specialista,2026-09-12T11:10:13+02:00,Deprioritized,-4,Other,Prague,25,,Generic marketing role
SJ_106799,Key Account Manager | Czech Republic,,Prague,Manager,Sales/Account Manager,,Sales & Business Development,,https://www.startupjobs.cz/nabidka/106799/key-account-manager-czech-republic,2026-09-12T11:10:13+02:00,Deprioritized,-4,Other,Prague,25,,Leadership/management position
SJ_106773,People & Workplace Director,,Prague,Manager,HR/People Manager,Executive,HR & Recruitment,,https://www.startupjobs.cz/nabidka/106773/people-and-workplace-director,2026-09-12T11:10:13+02:00,Deprioritized,-4,Other,Prague,25,,Leadership/management position
SJ_106843,Product Manager,,Prague,Manager,Product Manager/Product Owner,,Product Management,,https://www.startupjobs.cz/nabidka/106843/product-manager,2026-09-12T11:10:13+02:00,Deprioritized,-4,Other,Prague,25,,Leadership/management position
SJ_107661,SDR Team Lead – Czech & Slovak Markets,,Prague,Manager,Executive/General Manager,Lead/Head,,,https://www.startupjobs.cz/nabidka/107661/sdr-team-lead-czech-and-slovak-markets,2026-09-12T11:10:13+02:00,Deprioritized,-4,Other,Prague,25,,Leadership/management position
SJ_105767,Senior Social Ads Specialist Praha,,Prague,Specialist,General Specialist,Senior,,,https://www.startupjobs.cz/nabidka/105767/senior-social-ads-specialist,2026-09-12T11:10:13+02:00,Deprioritized,-4,Other,Prague,25,,Senior-level position
SJ_97069,IT vedoucí zákaznické podpory a zákaznická podpora,,Prague,Manager,IT/Engineering Manager,Lead/Head,"IT & Software, Customer Service",,https://www.startupjobs.cz/nabidka/97069/it-vedouci-zakaznicke-podpory-a-zakaznicka-podpora,2026-09-12T11:09:08+02:00,Deprioritized,-4,Other,Prague,25,,Leadership/management position
SJ_97077,Performance Manager – POLSKI rynek,,Prague,Manager,Executive/General Manager,,,,https://www.startupjobs.cz/nabidka/97077/performance-manager-polski-rynek,2026-09-12T11:09:08+02:00,Deprioritized,-4,Other,Prague,25,,Leadership/management position
SJ_105563,🚀Social Media & Content Specialist pro Autentické studio & Autentickou Výzvu Praha,,Prague,Specialist,Marketing/Communications Specialist,,"Marketing & Communications, Media & Entertainment",,https://www.startupjobs.cz/nabidka/105563/social-media-content-specialist-pro-autenticke-studio-autentickou-vyzvu,2026-09-12T11:09:08+02:00,Deprioritized,-4,Other,Prague,25,,Generic marketing role
SJ_106983,Customer Success Manager v Ecomailu ✉️🚀,,Prague,Manager,Customer Success/Experience Manager,,Customer Service,,https://www.startupjobs.cz/nabidka/106983/customer-success-manager-v-ecomailu,2026-09-12T11:08:03+02:00,Deprioritized,-4,Other,Prague,26,,Leadership/management position
SJ_106975,Hledááááméééééé social media managera,,Prague,Manager,Marketing/Brand Manager,,"Marketing & Communications, Media & Entertainment",,https://www.startupjobs.cz/nabidka/106975/hledaaaameeeeee-social-media-managera,2026-09-12T11:08:03+02:00,Deprioritized,-4,Other,Prague,26,,Generic marketing role
SJ_106987,Marketing Project Manager,,Prague,Manager,Project Manager,,"Marketing & Communications, Project & Program Management",,https://www.startupjobs.cz/nabidka/106987/marketing-project-manager,2026-09-12T11:08:03+02:00,Deprioritized,-4,Other,Prague,26,,Leadership/management position
SJ_106985,Obchodní manažer / manažerka — fundraising pro investiční fondy,,Prague,Manager,Sales/Account Manager,,"Finance & Banking, Sales & Business Development",,https://www.startupjobs.cz/nabidka/106985/obchodni-manazer-manazerka-fundraising-pro-investicni-fondy,2026-09-12T11:08:03+02:00,Deprioritized,-4,Other,Prague,26,,Leadership/management position
SJ_89973,Sales Manager pro Ecomail.cz 🚀,,Prague,Manager,Sales/Account Manager,,Sales & Business Development,,https://www.startupjobs.cz/nabidka/89973/sales-manager-pro-ecomail-cz,2026-09-12T11:08:03+02:00,Deprioritized,-4,Other,Prague,26,,Leadership/management position
SJ_107027,Solution architekt/ka senior,,Prague,Architect,Solution Architect,Senior,,,https://www.startupjobs.cz/nabidka/107027/solution-architekt-ka-senior,2026-09-12T11:08:03+02:00,Deprioritized,-4,Other,Prague,26,,Senior-level position
SJ_105525,Business Development Manager (B2B SaaS),,Prague,Manager,Sales/Account Manager,,Sales & Business Development,,https://www.startupjobs.cz/nabidka/105525/business-development-manager-b2b-saas,2026-09-12T11:07:03+02:00,Deprioritized,-4,Other,Prague,26,,Leadership/management position
SJ_105543,Creator Relationship Manager for MADMONQ® Praha,,Prague,Manager,Sales/Account Manager,,,,https://www.startupjobs.cz/nabidka/105543/creator-relationship-manager-for-madmonq-r,2026-09-12T11:07:03+02:00,Deprioritized,-4,Other,Prague,26,,Leadership/management position
SJ_100993,Obchod a komunikace s jednateli a šéfy firem,,Prague,Specialist,Marketing/Communications Specialist,,"Sales & Business Development, Marketing & Communications",,https://www.startupjobs.cz/nabidka/100993/obchod-a-komunikace-s-jednateli-a-sefy-firem,2026-09-12T11:07:03+02:00,Deprioritized,-4,Other,Prague,26,,Generic marketing role
SJ_105327,PPC / Performance Specialist,,Prague,Specialist,Marketing/Communications Specialist,,Marketing & Communications,,https://www.startupjobs.cz/nabidka/105327/ppc-performance-specialist,2026-09-12T11:07:03+02:00,Deprioritized,-4,Other,Prague,26,,Generic marketing role
SJ_105899,Social Ads Team Leader Praha,,Prague,Manager,Marketing/Brand Manager,Lead/Head,,,https://www.startupjobs.cz/nabidka/105899/social-ads-team-leader,2026-09-12T11:07:03+02:00,Deprioritized,-4,Other,Prague,26,,Generic marketing role
SJ_107093,Team Lead & Technical Product Manager - Integrations 🚀,,Prague,Manager,IT/Engineering Manager,Lead/Head,Product Management,,https://www.startupjobs.cz/nabidka/107093/team-lead-and-technical-product-manager-integrations,2026-09-12T11:07:03+02:00,Deprioritized,-4,Other,Prague,26,,Leadership/management position
SJ_81669,"🤝 Project manager (Agile, Scrum, Kanban)",,Prague,Manager,Project Manager,,Project & Program Management,,https://www.startupjobs.cz/nabidka/81669/project-manager-agile-scrum-kanban,2026-09-12T11:07:03+02:00,Deprioritized,-4,Other,Prague,26,,Leadership/management position
SJ_107167,Embedded SW Developer – senior; vývoj smart produktů (ž/m) – 100% HOME OFFICE,,Prague,Developer,Embedded/Systems Developer,Senior,IT & Software,,https://www.startupjobs.cz/nabidka/107167/embedded-sw-developer-senior-vyvoj-smart-produktu-z-m-100-home-office,2026-09-12T11:05:58+02:00,Deprioritized,-4,Other,Prague,26,,Senior-level position
SJ_105341,Enterprise Account Manager Tapix Praha,,Prague,Manager,Sales/Account Manager,,Sales & Business Development,,https://www.startupjobs.cz/nabidka/105341/enterprise-account-manager-tapix,2026-09-12T11:05:58+02:00,Deprioritized,-4,Other,Prague,26,,Leadership/management position
SJ_107149,Junior Customer Support Specialist (m/ž),,Prague,Customer Service Representative,Customer Support Representative,Junior/Entry-level,Customer Service,,https://www.startupjobs.cz/nabidka/107149/junior-customer-support-specialist-m-z,2026-09-12T11:05:58+02:00,Deprioritized,-4,Other,Prague,26,Junior/entry level,Non-target root occupation
SJ_107155,Senior CMO — Marketing Strategy & Product Launch,,Prague,Manager,Product Manager/Product Owner,"Senior, Executive",Marketing & Communications,,https://www.startupjobs.cz/nabidka/107155/senior-cmo-marketing-strategy-and-product-launch,2026-09-12T11:05:58+02:00,Deprioritized,-4,Other,Prague,26,,Senior-level position
SJ_98925,Senior product lead pro B2B SaaS,,Prague,Manager,Product Manager/Product Owner,"Senior, Lead/Head",,,https://www.startupjobs.cz/nabidka/98925/senior-product-lead-pro-b2b-saas,2026-09-12T11:05:58+02:00,Deprioritized,-4,Other,Prague,26,,Senior-level position
SJ_107199,B2B Partnership Manager | Zážitky.cz 💜,,Prague,Manager,Sales/Account Manager,,,,https://www.startupjobs.cz/nabidka/107199/b2b-partnership-manager-zazitky-cz,2026-09-12T11:04:53+02:00,Deprioritized,-4,Other,Prague,26,,Leadership/management position
SJ_107195,Head of Hardware Team (UAV & Robotics),,Prague,Manager,IT/Engineering Manager,Lead/Head,,,https://www.startupjobs.cz/nabidka/107195/head-of-hardware-team-uav-and-robotics,2026-09-12T11:04:53+02:00,Deprioritized,-4,Other,Prague,26,,Leadership/management position
SJ_100985,Sales Entry Point – CZ & SK (Sales Rep / Sales Operations Assistant) 🚀,,Prague,Sales Representative,General Sales Representative,,Sales & Business Development,,https://www.startupjobs.cz/nabidka/100985/sales-entry-point-cz-sk-sales-rep-sales-operations-assistant,2026-09-12T11:04:53+02:00,Deprioritized,-4,Other,Prague,26,Junior/entry level,Non-target root occupation
SJ_107201,Team Lead – DevOps & Cloud Infrastructure 🚀,,Prague,Manager,IT/Engineering Manager,Lead/Head,Cloud & Infrastructure,,https://www.startupjobs.cz/nabidka/107201/team-lead-devops-and-cloud-infrastructure,2026-09-12T11:04:53+02:00,Deprioritized,-4,Other,Prague,26,,Leadership/management position
SJ_107299,Account Manager,,Prague,Manager,Sales/Account Manager,,Sales & Business Development,,https://www.startupjobs.cz/nabidka/107299/account-manager,2026-09-12T11:03:48+02:00,Deprioritized,-4,Other,Prague,26,,Leadership/management position
SJ_106183,IT Operations Team Lead,,Prague,Manager,IT/Engineering Manager,Lead/Head,IT & Software,,https://www.startupjobs.cz/nabidka/106183/it-operations-team-lead,2026-09-12T11:03:48+02:00,Deprioritized,-4,Other,Prague,26,,Leadership/management position
SJ_107271,Key Account Manager,,Prague,Manager,Sales/Account Manager,,Sales & Business Development,,https://www.startupjobs.cz/nabidka/107271/key-account-manager,2026-09-12T11:03:48+02:00,Deprioritized,-4,Other,Prague,26,,Leadership/management position
SJ_106257,Key Account Manager 🚀 Fix až 60 000 Kč měsíčně,,Prague,Manager,Sales/Account Manager,,Sales & Business Development,,https://www.startupjobs.cz/nabidka/106257/key-account-manager-fix-az-60-000-kc-mesicne,2026-09-12T11:03:48+02:00,Deprioritized,-4,Other,Prague,26,,Leadership/management position
SJ_74515,Konzultant pro E-mail marketing,,Prague,Consultant,Marketing/Sales Consultant,,Marketing & Communications,,https://www.startupjobs.cz/nabidka/74515/konzultant-pro-e-mail-marketing,2026-09-12T11:03:48+02:00,Deprioritized,-4,Other,Prague,26,,Generic marketing role
SJ_107293,Programmatic Account Manager,,Prague,Manager,Sales/Account Manager,,Sales & Business Development,,https://www.startupjobs.cz/nabidka/107293/programmatic-account-manager,2026-09-12T11:03:48+02:00,Deprioritized,-4,Other,Prague,26,,Leadership/management position
SJ_37818,Senior travel konsultant pro outgoingové oddělení – Praha,,Prague,Consultant,Customer Experience Consultant,Senior,,,https://www.startupjobs.cz/nabidka/37818/senior-travel-konsultant-pro-outgoingove-oddeleni-praha,2026-09-12T11:03:48+02:00,Deprioritized,-4,Other,Prague,26,,Senior-level position
SJ_107309,Head of Sales 🦁 Fix až 120 000 Kč měsíčně,,Prague,Manager,Sales/Account Manager,Lead/Head,Sales & Business Development,,https://www.startupjobs.cz/nabidka/107309/head-of-sales-fix-az-120-000-kc-mesicne,2026-09-12T11:02:48+02:00,Deprioritized,-4,Other,Prague,26,,Leadership/management position
SJ_107329,IT ředitel v menší technologické firmě 🖥️,,Prague,Manager,IT/Engineering Manager,Executive,IT & Software,,https://www.startupjobs.cz/nabidka/107329/it-reditel-v-mensi-technologicke-firme,2026-09-12T11:02:48+02:00,Deprioritized,-4,Other,Prague,26,,Leadership/management position
SJ_106435,Marketing generalist v tech startupu,,Prague,Specialist,Marketing/Communications Specialist,,Marketing & Communications,,https://www.startupjobs.cz/nabidka/106435/marketing-generalist-v-tech-startupu,2026-09-12T11:02:48+02:00,Deprioritized,-4,Other,Prague,26,,Generic marketing role
SJ_107341,PPC Specialista v digitální agentuře,,Prague,Specialist,Marketing/Communications Specialist,,Marketing & Communications,,https://www.startupjobs.cz/nabidka/107341/ppc-specialista-v-digitalni-agenture,2026-09-12T11:02:48+02:00,Deprioritized,-4,Other,Prague,26,,Generic marketing role
SJ_107331,Product Manager / Product Owner v menší technologické firmě 🖥️,,Prague,Manager,Product Manager/Product Owner,,Product Management,,https://www.startupjobs.cz/nabidka/107331/product-manager-product-owner-v-mensi-technologicke-firme,2026-09-12T11:02:48+02:00,Deprioritized,-4,Other,Prague,26,,Leadership/management position
SJ_103033,"🖤💛 Customer Success & Delivery Manager | Key Global Clients, Real Ownership 🚀",,Prague,Manager,Customer Success/Experience Manager,,Customer Service,,https://www.startupjobs.cz/nabidka/103033/customer-success-and-delivery-manager-key-global-clients-real-ownership,2026-09-12T11:02:48+02:00,Deprioritized,-4,Other,Prague,26,,Leadership/management position
SJ_107351,Account Manager pro Reas.cz,,Prague,Manager,Sales/Account Manager,,Sales & Business Development,,https://www.startupjobs.cz/nabidka/107351/account-manager-pro-reas-cz,2026-09-12T11:01:43+02:00,Deprioritized,-4,Other,Prague,26,,Leadership/management position
SJ_107353,Business Development Manager pro realitní partnery,,Prague,Manager,Sales/Account Manager,,Sales & Business Development,,https://www.startupjobs.cz/nabidka/107353/business-development-manager-pro-realitni-partnery,2026-09-12T11:01:43+02:00,Deprioritized,-4,Other,Prague,26,,Leadership/management position
SJ_101761,Junior Sales Specialist – výdělek až 70 000 Kč,,Prague,Sales Representative,General Sales Representative,Junior/Entry-level,Sales & Business Development,,https://www.startupjobs.cz/nabidka/101761/junior-sales-specialist-vydelek-az-70-000-kc,2026-09-12T11:01:43+02:00,Deprioritized,-4,Other,Prague,26,Junior/entry level,Non-target root occupation
SJ_107377,Senior Game Producer (RNG & Instant-Win Games),,Prague,Specialist,General Specialist,Senior,Media & Entertainment,,https://www.startupjobs.cz/nabidka/107377/senior-game-producer-rng-and-instant-win-games,2026-09-12T11:01:43+02:00,Deprioritized,-4,Other,Prague,26,,Senior-level position
SJ_107405,💻 Backend Tech Lead – for Tanganica B2B Saas | ABUGO Group,,Prague,Manager,IT/Engineering Manager,Lead/Head,,,https://www.startupjobs.cz/nabidka/107405/backend-tech-lead-for-tanganica-b2b-saas-abugo-group,2026-09-12T11:01:43+02:00,Deprioritized,-4,Other,Prague,26,,Leadership/management position
SJ_107445,Account manažer/ka na,,Prague,Manager,Sales/Account Manager,,,,https://www.startupjobs.cz/nabidka/107445/account-manazer-ka-na-part-time-predni-ceske-designove-studio,2026-09-12T11:00:38+02:00,Deprioritized,-4,Other,Prague,26,,Leadership/management position
SJ_107463,B2B Sales & Business Development Manager | Decor by Glassor,,Prague,Manager,Sales/Account Manager,,Sales & Business Development,,https://www.startupjobs.cz/nabidka/107463/b2b-sales-and-business-development-manager-decor-by-glassor,2026-09-12T11:00:38+02:00,Deprioritized,-4,Other,Prague,26,,Leadership/management position
SJ_104277,Digital Marketing Strategist pro mobilní aplikace Praha,,Prague,Specialist,Marketing/Communications Specialist,,"IT & Software, Marketing & Communications",,https://www.startupjobs.cz/nabidka/104277/digital-marketing-strategist-pro-mobilni-aplikace,2026-09-12T11:00:38+02:00,Deprioritized,-4,Other,Prague,26,,Generic marketing role
SJ_107403,Junior Business Development Representative (BDR) 🚀🌍,,Prague,Sales Representative,Business Development Representative,Junior/Entry-level,Sales & Business Development,,https://www.startupjobs.cz/nabidka/107403/junior-business-development-representative-bdr,2026-09-12T11:00:38+02:00,Deprioritized,-4,Other,Prague,26,Junior/entry level,Non-target root occupation
SJ_102685,Product Manager do Pixelfield,,Prague,Manager,Product Manager/Product Owner,,Product Management,,https://www.startupjobs.cz/nabidka/102685/product-manager-do-pixelfield,2026-09-12T11:00:38+02:00,Deprioritized,-4,Other,Prague,26,,Leadership/management position
SJ_105573,Senior Project Lead Praha,,Prague,Manager,Project Manager,"Senior, Lead/Head",Project & Program Management,,https://www.startupjobs.cz/nabidka/105573/senior-project-lead,2026-09-12T11:00:38+02:00,Deprioritized,-4,Other,Prague,26,,Senior-level position
SJ_107491,E-commerce & Performance Lead,,Prague,Manager,Marketing/Brand Manager,Lead/Head,Retail & E-commerce,,https://www.startupjobs.cz/nabidka/107491/e-commerce-and-performance-lead,2026-09-12T10:59:33+02:00,Deprioritized,-4,Other,Prague,26,,Generic marketing role
SJ_107487,IT Projektový manažer,,Prague,Manager,Project Manager,,"IT & Software, Project & Program Management",,https://www.startupjobs.cz/nabidka/107487/it-projektovy-manazer,2026-09-12T10:59:33+02:00,Deprioritized,-4,Other,Prague,26,,Leadership/management position
SJ_107497,MIXIT hledá Senior grafického designéra/designérku!,,Prague,Designer,General Designer,Senior,,,https://www.startupjobs.cz/nabidka/107497/mixit-hleda-senior-grafickeho-designera-designerku,2026-09-12T10:59:33+02:00,Deprioritized,-4,Other,Prague,26,,Senior-level position
SJ_107503,PPC Performance Specialist,,Prague,Specialist,Marketing/Communications Specialist,,Marketing & Communications,,https://www.startupjobs.cz/nabidka/107503/ppc-performance-specialist,2026-09-12T10:59:33+02:00,Deprioritized,-4,Other,Prague,26,,Generic marketing role
SJ_107489,Produktový manažer,,Prague,Manager,Product Manager/Product Owner,,Product Management,,https://www.startupjobs.cz/nabidka/107489/produktovy-manazer,2026-09-12T10:59:33+02:00,Deprioritized,-4,Other,Prague,26,,Leadership/management position
SJ_107551,BTC Prague - Marketing Generalist,,Prague,Specialist,Marketing/Communications Specialist,,Marketing & Communications,,https://www.startupjobs.cz/nabidka/107551/btc-prague-marketing-generalist,2026-09-12T10:58:33+02:00,Deprioritized,-4,Other,Prague,26,,Generic marketing role
SJ_106547,Customer Success Manager,,Prague,Manager,Customer Success/Experience Manager,,Customer Service,,https://www.startupjobs.cz/nabidka/106547/customer-success-manager,2026-09-12T10:58:33+02:00,Deprioritized,-4,Other,Prague,26,,Leadership/management position
SJ_102637,Marketing & Product Specialist,,Prague,Specialist,Marketing/Communications Specialist,,Marketing & Communications,,https://www.startupjobs.cz/nabidka/102637/marketing-and-product-specialist,2026-09-12T10:58:33+02:00,Deprioritized,-4,Other,Prague,26,,Generic marketing role
SJ_107571,Product Manager (možnost full remote) | Tipli.cz,,Prague,Manager,Product Manager/Product Owner,,Product Management,,https://www.startupjobs.cz/nabidka/107571/product-manager-moznost-full-remote-tipli-cz,2026-09-12T10:58:33+02:00,Deprioritized,-4,Other,Prague,26,,Leadership/management position
SJ_107513,Senior Creative Strategist,,Prague,Specialist,General Specialist,Senior,,,https://www.startupjobs.cz/nabidka/107513/senior-creative-strategist,2026-09-12T10:58:33+02:00,Deprioritized,-4,Other,Prague,26,,Senior-level position
SJ_107589,Account Manager,,Prague,Manager,Sales/Account Manager,,Sales & Business Development,,https://www.startupjobs.cz/nabidka/107589/account-manager,2026-09-12T10:57:33+02:00,Deprioritized,-4,Other,Prague,26,,Leadership/management position
SJ_107637,IT Project manager / ka,,Prague,Manager,Project Manager,,"IT & Software, Project & Program Management",,https://www.startupjobs.cz/nabidka/107637/it-project-manager-ka,2026-09-12T10:57:33+02:00,Deprioritized,-4,Other,Prague,26,,Leadership/management position
SJ_107593,Social Media Specialist,,Prague,Specialist,Marketing/Communications Specialist,,"Marketing & Communications, Media & Entertainment",,https://www.startupjobs.cz/nabidka/107593/social-media-specialist,2026-09-12T10:57:33+02:00,Deprioritized,-4,Other,Prague,26,,Generic marketing role
SJ_107595,Social Media Specialist / Content Creator,,Prague,Specialist,Marketing/Communications Specialist,,"Marketing & Communications, Media & Entertainment",,https://www.startupjobs.cz/nabidka/107595/social-media-specialist-content-creator,2026-09-12T10:57:33+02:00,Deprioritized,-4,Other,Prague,26,,Generic marketing role
SJ_107663,Account Manager pro kreativní a marketingovou agenturu Proboston,,Prague,Manager,Sales/Account Manager,,Sales & Business Development,,https://www.startupjobs.cz/nabidka/107663/account-manager-pro-kreativni-a-marketingovou-agenturu-proboston,2026-09-12T10:56:33+02:00,Deprioritized,-4,Other,Prague,26,,Leadership/management position
SJ_107659,Account manager – Hlavní úvazek – Praha,,Prague,Manager,Sales/Account Manager,,Sales & Business Development,,https://www.startupjobs.cz/nabidka/107659/account-manager-hlavni-uvazek-praha,2026-09-12T10:56:33+02:00,Deprioritized,-4,Other,Prague,26,,Leadership/management position
SJ_107689,B2B Sales Manager – Fintech / SaaS,,Prague,Manager,Sales/Account Manager,,Sales & Business Development,,https://www.startupjobs.cz/nabidka/107689/b2b-sales-manager-fintech-saas,2026-09-12T10:56:33+02:00,Deprioritized,-4,Other,Prague,26,,Leadership/management position
SJ_106523,Digital Product Manager,,Prague,Manager,Product Manager/Product Owner,,Product Management,,https://www.startupjobs.cz/nabidka/106523/digital-product-manager,2026-09-12T10:56:33+02:00,Deprioritized,-4,Other,Prague,26,,Leadership/management position
SJ_107675,Head of HR,,Prague,Manager,HR/People Manager,Lead/Head,HR & Recruitment,,https://www.startupjobs.cz/nabidka/107675/head-of-hr,2026-09-12T10:56:33+02:00,Deprioritized,-4,Other,Prague,26,,Leadership/management position
SJ_107671,Product Manager,,Prague,Manager,Product Manager/Product Owner,,Product Management,,https://www.startupjobs.cz/nabidka/107671/product-manager,2026-09-12T10:56:33+02:00,Deprioritized,-4,Other,Prague,26,,Leadership/management position
SJ_107711,Production Manager,,Prague,Manager,Production/Quality Manager,,Manufacturing & Production,,https://www.startupjobs.cz/nabidka/107711/production-manager,2026-09-12T10:56:33+02:00,Deprioritized,-4,Other,Prague,26,,Leadership/management position
SJ_106723,Head of Sales,,Prague,Manager,Sales/Account Manager,Lead/Head,Sales & Business Development,,https://www.startupjobs.cz/nabidka/106723/head-of-sales,2026-09-12T10:55:23+02:00,Deprioritized,-4,Other,Prague,26,,Leadership/management position
SJ_107181,Partnership Manager,,Prague,Manager,Sales/Account Manager,,,,https://www.startupjobs.cz/nabidka/107181/partnership-manager,2026-09-12T10:55:23+02:00,Deprioritized,-4,Other,Prague,26,,Leadership/management position
SJ_107721,Senior Network Administrator (Fortinet),,Prague,Administrator,Network/Infrastructure Administrator,Senior,Cloud & Infrastructure,,https://www.startupjobs.cz/nabidka/107721/senior-network-administrator-fortinet,2026-09-12T10:55:23+02:00,Deprioritized,-4,Other,Prague,26,,Senior-level position
SJ_106587,Vedoucí analytického oddělení | Business analytika,,Prague,Manager,Executive/General Manager,Lead/Head,Data & Analytics,,https://www.startupjobs.cz/nabidka/106587/vedouci-analytickeho-oddeleni-business-analytika,2026-09-12T10:55:23+02:00,Deprioritized,-4,Other,Prague,26,,Leadership/management position
SJ_107049,"Video Creator & Content Producer — YouTube, Instagram, osobní brand CEO",,Prague,Manager,Marketing/Brand Manager,Executive,"Marketing & Communications, Media & Entertainment",,https://www.startupjobs.cz/nabidka/107049/video-creator-and-content-producer-youtube-instagram-osobni-brand-ceo,2026-09-12T10:55:23+02:00,Deprioritized,-4,Other,Prague,26,,Generic marketing role
SJ_106075,Nákupčí pro B2B Merchandising 🦖,,Prague,Specialist,Marketing/Communications Specialist,,Procurement,,https://www.startupjobs.cz/nabidka/106075/nakupci-pro-b2b-merchandising,2026-09-12T10:46:32+02:00,Deprioritized,-4,Other,Prague,26,,Generic marketing role
SJ_107379,Obchodní konzultant | 2Bminer,,Prague,Consultant,Marketing/Sales Consultant,,Sales & Business Development,,https://www.startupjobs.cz/nabidka/107379/obchodni-konzultant-2bminer,2026-09-12T10:46:32+02:00,Deprioritized,-4,Other,Prague,26,,Generic marketing role
SJ_106655,Sales Manager | Firemní software a digitalizace,,Prague,Manager,Sales/Account Manager,,"IT & Software, Sales & Business Development",,https://www.startupjobs.cz/nabidka/106655/sales-manager-firemni-software-a-digitalizace,2026-09-12T10:46:32+02:00,Deprioritized,-4,Other,Prague,26,,Leadership/management position
SJ_107177,Team Lead for Actors (Node.js/TypeScript),,Prague,Manager,IT/Engineering Manager,Lead/Head,,"JavaScript, TypeScript, Node.js",https://www.startupjobs.cz/nabidka/107177/team-lead-for-actors-node-js-typescript,2026-09-12T10:43:17+02:00,Deprioritized,-4,Other,Prague,26,,Leadership/management position
JB_4558,Regionální manažer/ka prodejen,,Praha,Manager,Sales/Account Manager,,Sales & Business Development,,https://www.jobs.cz/rpd/2001377521/,2026-09-11T17:33:16+02:00,Deprioritized,-4,Other,Prague,26,,Leadership/management position
JB_0491,Area Sales Manager CZ – Zdravotnické prostředky,,Hlavní město Praha,Manager,Sales/Account Manager,,Sales & Business Development,,https://www.jobs.cz/rpd/2001412784/,2026-09-11T17:33:08+02:00,Deprioritized,-4,Other,Prague,26,,Leadership/management position
JB_9134,Meetings & Events Sales Intern - HILTON PRAGUE ATRIUM,22 400 Kč,Praha – Karlín,Sales Representative,General Sales Representative,Intern/Trainee,Sales & Business Development,,https://www.jobs.cz/rpd/2001360265/,2026-09-11T17:33:08+02:00,Deprioritized,-4,Other,Prague,26,Junior/entry level,Non-target root occupation
JB_4101,Regionální manažer/ka - Severozápadní Čechy,,Praha + 1 další lokalita,Manager,Executive/General Manager,,,,https://www.jobs.cz/rpd/2001290130/,2026-09-11T17:32:32+02:00,Deprioritized,-4,Other,Prague,26,,Leadership/management position
JB_9824,Visual Merchandiser - OC Arkády Pankrác,,Praha – Nusle,Specialist,Marketing/Communications Specialist,,,,https://www.jobs.cz/rpd/2001414944/,2026-09-11T17:32:14+02:00,Deprioritized,-4,Other,Prague,26,,Generic marketing role
JB_4232,District Manager pro naši exkluzivní značku Falconeri,,Hlavní město Praha + 1 další lokalita,Manager,Executive/General Manager,,,,https://www.jobs.cz/rpd/2001293553/,2026-09-11T17:32:07+02:00,Deprioritized,-4,Other,Prague,26,,Leadership/management position
JB_1378,Country Sales Manager,2 500 – 3 500 EUR,Praha,Manager,Sales/Account Manager,,Sales & Business Development,,https://www.jobs.cz/rpd/2001396079/,2026-09-11T17:31:47+02:00,Deprioritized,-4,Other,Prague,26,,Leadership/management position
JB_0218,Team Manager,,Praha – Nové Město,Manager,Executive/General Manager,,,,https://www.jobs.cz/rpd/2001414840/,2026-09-11T17:31:47+02:00,Deprioritized,-4,Other,Prague,26,,Leadership/management position
JB_4485,🚀Key Account Manager for the Hungarian Market,,Praha – Karlín,Manager,Sales/Account Manager,,Sales & Business Development,,https://www.jobs.cz/rpd/2001379397/,2026-09-11T17:31:47+02:00,Deprioritized,-4,Other,Prague,26,,Leadership/management position
JB_5875,Provozní manažer/ka - DATART (Novodvorská Plaza),29 000 – 55 000 Kč,Praha – Braník,Manager,Operations/Service Delivery Manager,,,,https://www.jobs.cz/rpd/2001415178/,2026-09-11T17:21:51+02:00,Deprioritized,-4,Other,Prague,26,,Leadership/management position
JB_2915,💚Vedoucí / Teamleader prodejny Alza.cz – Mladá Boleslav💚 (JPO20441),,Praha – Holešovice,Manager,Sales/Account Manager,Lead/Head,"Sales & Business Development, Retail & E-commerce",,https://www.jobs.cz/rpd/2001412605/,2026-09-11T17:21:51+02:00,Deprioritized,-4,Other,Prague,26,,Leadership/management position
JB_6559,Klientský koordinátor & vedoucí recepce,,Praha – Krč,Manager,Customer Success/Experience Manager,Lead/Head,Customer Service,,https://www.jobs.cz/rpd/2001405681/,2026-09-11T17:21:39+02:00,Deprioritized,-4,Other,Prague,26,,Leadership/management position
JB_8607,Provozní manažer/ka - DATART (Praha Galerie Butovice),43 000 – 55 000 Kč,Praha – Jinonice,Manager,Operations/Service Delivery Manager,,,,https://www.jobs.cz/rpd/2001384543/,2026-09-11T17:21:39+02:00,Deprioritized,-4,Other,Prague,26,,Leadership/management position
JB_3963,Vedoucí reklamačního oddělení,,Praha – Zličín,Manager,Customer Success/Experience Manager,Lead/Head,Customer Service,,https://www.jobs.cz/rpd/2001385351/,2026-09-11T17:21:38+02:00,Deprioritized,-4,Other,Prague,26,,Leadership/management position
JB_3520,Operations Manager | ZARA | PRAHA,,Praha,Manager,Operations/Service Delivery Manager,,,,https://www.jobs.cz/rpd/2001406019/,2026-09-11T17:18:57+02:00,Deprioritized,-4,Other,Prague,26,,Leadership/management position
JB_9485,Project Manager controlling (construction),,Praha – Nové Město,Manager,Project Manager,,"Project & Program Management, Real Estate & Construction",,https://www.jobs.cz/rpd/2000625642/,2026-09-11T17:11:27+02:00,Deprioritized,-4,Other,Prague,26,,Leadership/management position
JB_1160,Group Quality Manager,,Praha – Karlín,Manager,Production/Quality Manager,,Quality & Safety,,https://www.jobs.cz/rpd/2001372203/,2026-09-11T17:10:35+02:00,Deprioritized,-4,Other,Prague,26,,Leadership/management position
JB_8804,Head of IT Service Operations & Transformation,,Praha – Stodůlky,Manager,IT/Engineering Manager,Lead/Head,IT & Software,,https://www.jobs.cz/rpd/2001355888/,2026-09-11T17:10:20+02:00,Deprioritized,-4,Other,Prague,26,,Leadership/management position
JB_6218,Osobní bankéř/ka - Benešov,,Benešov,Specialist,Finance/Banking Specialist,,Finance & Banking,,https://www.jobs.cz/rpd/2001405669/,2026-09-11T17:10:12+02:00,Deprioritized,-4,Other,Outside Prague - verify,26,,Finance/accounting orientation; Location requires verification
JB_7172,Osobní bankéř/ka - Beroun,,Beroun – Beroun-Město,Specialist,Finance/Banking Specialist,,Finance & Banking,,https://www.jobs.cz/rpd/2001122148/,2026-09-11T17:10:12+02:00,Deprioritized,-4,Other,Outside Prague - verify,26,,Finance/accounting orientation; Location requires verification
JB_8600,Osobní bankéř/ka - Hořovice,,Hořovice,Specialist,Finance/Banking Specialist,,Finance & Banking,,https://www.jobs.cz/rpd/2001163058/,2026-09-11T17:10:12+02:00,Deprioritized,-4,Other,Outside Prague - verify,26,,Finance/accounting orientation; Location requires verification
JB_0322,Osobní bankéř/ka - Jílové u Prahy,,Jílové u Prahy,Specialist,Finance/Banking Specialist,,Finance & Banking,,https://www.jobs.cz/rpd/2001266639/,2026-09-11T17:10:12+02:00,Deprioritized,-4,Other,Outside Prague - verify,26,,Finance/accounting orientation; Location requires verification
JB_5132,Osobní bankéř/ka - Kolín,,Kolín – Kolín I,Specialist,Finance/Banking Specialist,,Finance & Banking,,https://www.jobs.cz/rpd/2001357957/,2026-09-11T17:10:12+02:00,Deprioritized,-4,Other,Outside Prague - verify,26,,Finance/accounting orientation; Location requires verification
JB_3575,Osobní bankéř/ka - Louny (možnost zkráceného úvazku),,Louny,Specialist,Finance/Banking Specialist,,Finance & Banking,,https://www.jobs.cz/rpd/2001356925/,2026-09-11T17:10:12+02:00,Deprioritized,-4,Other,Outside Prague - verify,26,,Finance/accounting orientation; Location requires verification
JB_7106,Osobní bankéř/ka - Mělník,,Mělník,Specialist,Finance/Banking Specialist,,Finance & Banking,,https://www.jobs.cz/rpd/2001417746/,2026-09-11T17:10:12+02:00,Deprioritized,-4,Other,Outside Prague - verify,26,,Finance/accounting orientation; Location requires verification
JB_2703,Specialista marketingové komunikace (m/ž),,Praha – Chodov,Specialist,Marketing/Communications Specialist,,Marketing & Communications,,https://www.jobs.cz/rpd/2001348510/,2026-09-11T17:10:12+02:00,Deprioritized,-4,Other,Prague,26,,Generic marketing role
JB_7375,E-Commerce HTML & Graphic specialista - Marketing / Praha / 50000 Kč,50 000 Kč,Praha – Karlín,Specialist,Marketing/Communications Specialist,,"Marketing & Communications, Retail & E-commerce",,https://www.jobs.cz/rpd/2001414719/,2026-09-11T17:10:02+02:00,Deprioritized,-4,Other,Prague,26,,Generic marketing role
JB_3523,Obchodní manažer / manažerka — fundraising pro investiční fondy,60 000 – 110 000 Kč,Praha – Braník,Manager,Sales/Account Manager,,"Finance & Banking, Sales & Business Development",,https://www.jobs.cz/rpd/2001379389/,2026-09-11T17:03:31+02:00,Deprioritized,-4,Other,Prague,26,,Leadership/management position
JB_9921,Regulatory Expert,,Praha – Nové Město,Specialist,Compliance/AML Specialist,,Compliance & Risk,,https://www.jobs.cz/rpd/2001376154/,2026-09-11T17:03:31+02:00,Deprioritized,-4,Other,Prague,26,,Senior-level position
JB_3275,"🚂POZOR, ZMĚNA NÁSTUPIŠTĚ🚌: Hledáme recruitera do Prahy | Regiojet | Student Agency",,Praha – Nové Město,Recruiter,General Recruiter,,HR & Recruitment,,https://www.jobs.cz/rpd/2001363024/,2026-09-11T17:03:31+02:00,Deprioritized,-4,Other,Prague,26,Junior/entry level,Non-target root occupation
JB_2752,SENIOR WINDOWS ADMINISTRÁTOR,70 000 – 100 000 Kč,Praha – Libeň,Administrator,Systems/Server Administrator,Senior,,,https://www.jobs.cz/rpd/2001420865/,2026-09-11T17:03:20+02:00,Deprioritized,-4,Other,Prague,26,,Senior-level position
JB_7305,"🎥 CONTENT & GROWTH CREATOR – zajímavé průmyslové projekty, práce v terénu i v zahraničí!",,Praha,Specialist,Marketing/Communications Specialist,,"Marketing & Communications, Project & Program Management",,https://www.jobs.cz/rpd/2001374192/,2026-09-11T17:03:20+02:00,Deprioritized,-4,Other,Prague,26,,Generic marketing role
JB_2717,Procurement & Operations Manager,70 000 – 80 000 Kč,Praha – Písnice,Manager,Supply Chain/Procurement Manager,,Procurement,,https://www.jobs.cz/rpd/2001403495/,2026-09-11T17:03:14+02:00,Deprioritized,-4,Other,Prague,26,,Leadership/management position
JB_6313,Influencer Marketing Specialist,,Praha – Smíchov,Specialist,Marketing/Communications Specialist,,Marketing & Communications,,https://www.jobs.cz/rpd/2001382872/,2026-09-11T17:03:00+02:00,Deprioritized,-4,Other,Prague,26,,Generic marketing role
JB_3366,Digital content & Production Specialist,,Praha – Karlín,Specialist,Marketing/Communications Specialist,,"Marketing & Communications, Manufacturing & Production",,https://www.jobs.cz/rpd/2001421634/,2026-09-11T17:02:50+02:00,Deprioritized,-4,Other,Prague,26,,Generic marketing role
JB_7345,Marketing & Brand Specialist,,Praha – Nové Město,Specialist,Marketing/Communications Specialist,,Marketing & Communications,,https://www.jobs.cz/rpd/2001371983/,2026-09-11T17:02:50+02:00,Deprioritized,-4,Other,Prague,26,,Generic marketing role
JB_6557,Senior Product Specialist - pro oblast fixního internetu,,Praha – Stodůlky,Specialist,Product/Project Specialist,Senior,,,https://www.jobs.cz/rpd/2001372180/,2026-09-11T17:02:39+02:00,Deprioritized,-4,Other,Prague,26,,Senior-level position
JB_3862,Bid Management Specialist – English Speaker (m/f/d),,Praha – Stodůlky + 1 další lokalita,Specialist,General Specialist,,,,https://www.jobs.cz/rpd/2001331803/,2026-09-11T17:01:31+02:00,Deprioritized,-4,Other,Prague,26,,Leadership/management position
JB_2262,Development Engineer (m/f/d) Vehicle Validation - 12V Energy Management,,Středočeský kraj,Engineer,Mechanical/Automotive Engineer,,"Engineering & R&D, Automotive & Mobility, Energy & Utilities",,https://www.jobs.cz/rpd/2001378838/,2026-09-11T17:01:31+02:00,Deprioritized,-4,Other,Outside Prague - verify,26,R,Leadership/management position; Location requires verification
JB_4952,Projektový/á manažer/ka,,Praha – Michle,Manager,Executive/General Manager,,Project & Program Management,,https://www.jobs.cz/rpd/2001369520/,2026-09-11T17:01:25+02:00,Deprioritized,-4,Other,Prague,26,,Leadership/management position
JB_0873,Seniorní specialista/tka na bezpečnostní monitoring,,Praha – Krč,Specialist,Cybersecurity Specialist,Senior,,,https://www.jobs.cz/rpd/2001113597/,2026-09-11T17:01:25+02:00,Deprioritized,-4,Other,Prague,26,,Senior-level position
JB_1815,Knowledge Management Lead - (m/f/d),,Praha – Stodůlky,Manager,Executive/General Manager,Lead/Head,,,https://www.jobs.cz/rpd/2001326763/,2026-09-11T17:01:03+02:00,Deprioritized,-4,Other,Prague,26,,Leadership/management position
JB_8532,Relationship Manager - Nemovitostní financování,,Praha – Staré Město,Manager,Sales/Account Manager,,Real Estate & Construction,,https://www.jobs.cz/rpd/2000541937/,2026-09-11T17:00:48+02:00,Deprioritized,-4,Other,Prague,26,,Leadership/management position
JB_6415,Sourcing Team Lead,,Praha – Jinonice,Manager,Supply Chain/Procurement Manager,Lead/Head,,,https://www.jobs.cz/rpd/2001387147/,2026-09-11T17:00:48+02:00,Deprioritized,-4,Other,Prague,26,,Leadership/management position
JB_0241,Vedoucí finančního oddělení (z53179),,Hlavní město Praha,Manager,Executive/General Manager,Lead/Head,,,https://www.jobs.cz/rpd/2001376662/,2026-09-11T17:00:48+02:00,Deprioritized,-4,Other,Prague,26,,Leadership/management position
JB_3428,Bezpečnostní manažer/ka pro hotely a administrativní budovy s AJ - Praha,50 000 – 60 000 Kč,Hlavní město Praha,Manager,Executive/General Manager,,,,https://www.jobs.cz/rpd/2000327528/,2026-09-11T17:00:41+02:00,Deprioritized,-4,Other,Prague,26,,Leadership/management position
JB_1466,Interim Vendor Manager,,Praha,Manager,Supply Chain/Procurement Manager,,,,https://www.jobs.cz/rpd/2001396789/,2026-09-11T17:00:41+02:00,Deprioritized,-4,Other,Prague,26,,Leadership/management position
JB_9018,Manažer poradenského týmu ve finanční skupině Swiss Life,70 000 – 140 000 Kč,Hlavní město Praha,Manager,Executive/General Manager,,,,https://www.jobs.cz/rpd/2001389103/,2026-09-11T17:00:41+02:00,Deprioritized,-4,Other,Prague,26,,Leadership/management position
JB_4605,Vedoucí IT auditu a kybernetické bezpečnosti,,Praha – Nové Město,Manager,IT/Engineering Manager,Lead/Head,"Cybersecurity, IT & Software",,https://www.jobs.cz/rpd/2001416239/,2026-09-11T17:00:41+02:00,Deprioritized,-4,Other,Prague,26,,Leadership/management position
JB_9784,Cyber Security Manager and Architect,,Praha – Ruzyně,Manager,IT/Engineering Manager,,Cybersecurity,,https://www.jobs.cz/rpd/2001356140/,2026-09-11T16:55:12+02:00,Deprioritized,-4,Other,Prague,26,,Leadership/management position
JB_5409,Specialista/ka pohledávek,45 000 – 55 000 Kč,Jesenice,Specialist,Finance/Banking Specialist,,,,https://www.jobs.cz/rpd/2001402971/,2026-09-11T16:55:12+02:00,Deprioritized,-4,Other,Outside Prague - verify,26,,Finance/accounting orientation; Location requires verification
JB_1944,Expert/Expertka - realizace strategií řízení portfolií a dluhová statistika,35 000 – 60 000 Kč,Praha – Malá Strana,Specialist,General Specialist,,,,https://www.jobs.cz/rpd/2001420893/,2026-09-11T16:54:58+02:00,Deprioritized,-4,Other,Prague,26,,Senior-level position
JB_0326,FINANČNÍ A PROJEKTOVÝ MANAŽER/KA,35 000 – 55 000 Kč,Praha – Libeň,Manager,Project Manager,,Project & Program Management,,https://www.jobs.cz/rpd/2001415056/,2026-09-11T16:54:58+02:00,Deprioritized,-4,Other,Prague,26,,Leadership/management position
JB_5748,Finanční manažer*ka Nadace OSF,47 000 – 52 000 Kč,Praha – Nové Město,Manager,Executive/General Manager,,,,https://www.jobs.cz/rpd/2001394148/,2026-09-11T16:54:58+02:00,Deprioritized,-4,Other,Prague,26,,Leadership/management position
JB_5619,Senior konzultant/ka – Finanční instituce,,Praha – Nové Město,Consultant,General Consultant,Senior,,,https://www.jobs.cz/rpd/2001336058/,2026-09-11T16:54:44+02:00,Deprioritized,-4,Other,Prague,26,,Senior-level position
JB_5595,Specialista finančního controllingu,,Mnichovo Hradiště,Specialist,Finance/Banking Specialist,,,,https://www.jobs.cz/rpd/2001341486/,2026-09-11T16:54:44+02:00,Deprioritized,-4,Other,Outside Prague - verify,26,,Finance/accounting orientation; Location requires verification
JB_9529,Intensive Care Officer / Restructuring Manager,,Praha – Vinohrady,Manager,Executive/General Manager,,,,https://www.jobs.cz/rpd/2001141640/,2026-09-11T16:54:19+02:00,Deprioritized,-4,Other,Prague,26,,Leadership/management position
JB_2781,Manažer/ka – Forenzní služby,,Praha – Nové Město,Manager,Executive/General Manager,,,,https://www.jobs.cz/rpd/2001122292/,2026-09-11T16:54:19+02:00,Deprioritized,-4,Other,Prague,26,,Leadership/management position
JB_0087,"Právník/právnička pro komunitní energetiku: analytika, komunikace a expertní rozvoj tématu",38 000 – 50 000 Kč,Praha – Nové Město + 2 další lokality,Specialist,Marketing/Communications Specialist,,"Data & Analytics, Marketing & Communications, Energy & Utilities, Legal",,https://www.jobs.cz/rpd/2001383560/,2026-09-11T16:53:56+02:00,Deprioritized,-4,Other,Prague,26,,Generic marketing role
JB_9637,Finanční analytik,,okres Mladá Boleslav,Analyst,Finance/Investment Analyst,,Data & Analytics,,https://www.jobs.cz/rpd/2001361208/,2026-09-11T16:53:30+02:00,Deprioritized,-4,Other,Outside Prague - verify,26,,Finance/accounting orientation; Location requires verification
JB_3204,Junior portfolio manažer/ka investiční společnosti,,Praha – Nové Město,Manager,Finance/Risk Manager,Junior/Entry-level,Finance & Banking,,https://www.jobs.cz/rpd/2001394097/,2026-09-11T16:52:55+02:00,Deprioritized,-4,Other,Prague,26,Junior/entry level,Leadership/management position; Finance/accounting orientation
JB_3325,Analytik / Change manager,,Praha,Manager,Operations/Service Delivery Manager,,Data & Analytics,,https://www.jobs.cz/rpd/2001261862/,2026-09-11T16:52:45+02:00,Deprioritized,-4,Other,Prague,26,,Leadership/management position
JB_9330,Junior portfolio manažer/ka investiční společnosti,,Praha – Karlín,Manager,Finance/Risk Manager,Junior/Entry-level,Finance & Banking,,https://www.jobs.cz/rpd/2001398658/,2026-09-11T16:52:45+02:00,Deprioritized,-4,Other,Prague,26,Junior/entry level,Leadership/management position; Finance/accounting orientation
JB_2466,SENIOR SECURITY ANALYST - AZURE,,Praha – Vršovice,Analyst,Security/Fraud Analyst,Senior,Cybersecurity,Azure,https://www.jobs.cz/rpd/2001229463/,2026-09-11T16:52:45+02:00,Deprioritized,-4,Other,Prague,26,,Senior-level position
JB_3679,Solution architekt - Expert cloud CoE(M/Ž),,Praha,Architect,Cloud/Infrastructure Architect,,Cloud & Infrastructure,,https://www.jobs.cz/rpd/2001381429/,2026-09-11T16:52:45+02:00,Deprioritized,-4,Other,Prague,26,,Senior-level position
JB_4399,Manažer/ka IT vývoje,,Praha – Michle,Manager,IT/Engineering Manager,,IT & Software,,https://www.jobs.cz/rpd/2001316634/,2026-09-11T16:44:38+02:00,Deprioritized,-4,Other,Prague,26,,Leadership/management position
JB_3806,Sales Manager,75 000 – 120 000 Kč,Praha – Nové Město,Manager,Sales/Account Manager,,Sales & Business Development,,https://www.jobs.cz/rpd/2001421559/,2026-09-11T16:44:38+02:00,Deprioritized,-4,Other,Prague,26,,Leadership/management position
JB_4785,Business Development Manager,,Praha – Stodůlky + 5 dalších lokalit,Manager,Sales/Account Manager,,Sales & Business Development,,https://www.jobs.cz/rpd/2000892449/,2026-09-11T16:44:29+02:00,Deprioritized,-4,Other,Prague,26,,Leadership/management position
JB_4543,Client Manager,,Praha – Nusle,Manager,Executive/General Manager,,Customer Service,,https://www.jobs.cz/rpd/2001373922/,2026-09-11T16:44:29+02:00,Deprioritized,-4,Other,Prague,26,,Leadership/management position
JB_3660,Senior Strategy Planner,,Praha – Holešovice,Planner,General Planner,Senior,,,https://www.jobs.cz/rpd/2001406552/,2026-09-11T16:44:29+02:00,Deprioritized,-4,Other,Prague,26,,Senior-level position
JB_8087,Creator Partnerships & PR Specialist – Prague Based,,Praha – Karlín,Specialist,Marketing/Communications Specialist,,Marketing & Communications,,https://www.jobs.cz/rpd/2001408048/,2026-09-11T16:44:19+02:00,Deprioritized,-4,Other,Prague,26,,Generic marketing role
JB_6263,Head of Acquisition/Head of Business Development (Nemovitosti),100 000 – 200 000 Kč,Praha – Holešovice,Manager,Sales/Account Manager,Lead/Head,"Sales & Business Development, Real Estate & Construction",,https://www.jobs.cz/rpd/2001395793/,2026-09-11T16:44:19+02:00,Deprioritized,-4,Other,Prague,26,,Leadership/management position
JB_3988,Head of Trade CZ,,Praha – Dejvice,Manager,Executive/General Manager,Lead/Head,,,https://www.jobs.cz/rpd/2001417424/,2026-09-11T16:44:19+02:00,Deprioritized,-4,Other,Prague,26,,Leadership/management position
JB_5703,Procurement Practice Associate Manager,,Praha – Holešovice,Manager,Supply Chain/Procurement Manager,,Procurement,,https://www.jobs.cz/rpd/2001383221/,2026-09-11T16:44:19+02:00,Deprioritized,-4,Other,Prague,26,,Leadership/management position
JB_0389,Road Freight Development Manager (CZ + Europe),,Praha,Manager,IT/Engineering Manager,,Supply Chain & Logistics,,https://www.jobs.cz/rpd/2001378994/,2026-09-11T16:44:19+02:00,Deprioritized,-4,Other,Prague,26,,Leadership/management position
JB_7901,SALES MANAGER FOR LUXURIOUS RESIDENTIAL PROJECTS,,Praha,Manager,Project Manager,,Sales & Business Development,,https://www.jobs.cz/rpd/2001411702/,2026-09-11T16:44:19+02:00,Deprioritized,-4,Other,Prague,26,,Leadership/management position
JB_5805,Manager - Strategy & Execution,,Praha – Nové Město,Manager,Executive/General Manager,,,,https://www.jobs.cz/rpd/2001090696/,2026-09-11T16:43:58+02:00,Deprioritized,-4,Other,Prague,26,,Leadership/management position
JB_1107,Influencer Marketing Consultant,,Praha – Libeň,Consultant,Marketing/Sales Consultant,,Marketing & Communications,,https://www.jobs.cz/rpd/2001304594/,2026-09-11T16:43:26+02:00,Deprioritized,-4,Other,Prague,26,,Generic marketing role
JB_6072,Produktový manažer/manažerka - lékař/ka,,Praha – Vinohrady + 3 další lokality,Manager,Product Manager/Product Owner,,Product Management,,https://www.jobs.cz/rpd/2001229581/,2026-09-11T16:43:26+02:00,Deprioritized,-4,Other,Prague,26,,Leadership/management position
JB_6385,Trade Marketing Specialist,,Praha – Stodůlky,Specialist,Marketing/Communications Specialist,,Marketing & Communications,,https://www.jobs.cz/rpd/2001396509/,2026-09-11T16:43:26+02:00,Deprioritized,-4,Other,Prague,26,,Generic marketing role
JB_2193,Produktový/á manažer/ka pro investiční životní pojištění,,Praha – Stodůlky,Manager,Product Manager/Product Owner,,"Finance & Banking, Insurance",,https://www.jobs.cz/rpd/2001151483/,2026-09-11T16:43:19+02:00,Deprioritized,-4,Other,Prague,26,,Leadership/management position
JB_8169,Junior Makléř - obchodník s investičními produkty,50 000 – 100 000 Kč,Praha – Nové Město,Sales Representative,Field Sales Representative,Junior/Entry-level,"Finance & Banking, Sales & Business Development",,https://www.jobs.cz/rpd/2001020592/,2026-09-11T16:42:55+02:00,Deprioritized,-4,Other,Prague,26,Junior/entry level,Non-target root occupation
JB_7324,Key Account Manager / Obchodník pro investiční nemovitosti,50 000 – 100 000 Kč,Praha – Holešovice,Manager,Sales/Account Manager,,"Finance & Banking, Sales & Business Development, Real Estate & Construction",,https://www.jobs.cz/rpd/2001386702/,2026-09-11T16:42:55+02:00,Deprioritized,-4,Other,Prague,26,,Leadership/management position
JB_0285,Sales Manager (služby pro inovativní firmy),60 000 – 80 000 Kč,Praha – Nusle,Manager,Sales/Account Manager,,Sales & Business Development,,https://www.jobs.cz/rpd/2001405764/,2026-09-11T16:42:55+02:00,Deprioritized,-4,Other,Prague,26,,Leadership/management position
JB_6353,Senior Azure Administrator/ Architect + Security (M/Ž) Praha,,Praha – Holešovice,Architect,Security Architect,Senior,Cybersecurity,Azure,https://www.jobs.cz/rpd/2001333417/,2026-09-11T16:42:30+02:00,Deprioritized,-4,Other,Prague,26,,Senior-level position
JB_2336,Akviziční Obchodník IT / Account Manager IT / Praha,50 000 – 90 000 Kč,Praha – Vršovice,Manager,Sales/Account Manager,,"IT & Software, Sales & Business Development",,https://www.jobs.cz/rpd/2001388300/,2026-09-11T16:42:18+02:00,Deprioritized,-4,Other,Prague,26,,Leadership/management position
JB_8675,Tender Manager ve farmaceutické společnosti,,Praha – Krč,Manager,Sales/Account Manager,,Healthcare & Pharma,,https://www.jobs.cz/rpd/2001387263/,2026-09-11T16:42:18+02:00,Deprioritized,-4,Other,Prague,26,,Leadership/management position
JB_8829,🚀 Obchodník / Junior obchodník | Praha – Anděl,40 000 – 80 000 Kč,Praha – Smíchov,Sales Representative,Field Sales Representative,Junior/Entry-level,Sales & Business Development,,https://www.jobs.cz/rpd/2001382282/,2026-09-11T16:42:18+02:00,Deprioritized,-4,Other,Prague,26,Junior/entry level,Non-target root occupation
JB_5116,🚀 Obchodník / Junior obchodník | Praha – Anděl,40 000 – 80 000 Kč,Praha – Smíchov,Sales Representative,Field Sales Representative,Junior/Entry-level,Sales & Business Development,,https://www.jobs.cz/rpd/2001378086/,2026-09-11T16:42:18+02:00,Deprioritized,-4,Other,Prague,26,Junior/entry level,Non-target root occupation
JB_0319,ONLINE MARKETINKOVÝ SPECIALISTA/ -KA,,Praha – Nové Město,Specialist,Marketing/Communications Specialist,,,,https://www.jobs.cz/rpd/2001288633/,2026-09-11T16:41:42+02:00,Deprioritized,-4,Other,Prague,26,,Generic marketing role
JB_4472,IT Test Manažer (m/ž),,Praha – Radlice,Manager,Production/Quality Manager,,IT & Software,,https://www.jobs.cz/rpd/2001394812/,2026-09-11T16:31:03+02:00,Deprioritized,-4,Other,Prague,26,,Leadership/management position
JB_8397,Export Manager,,Praha – Vinohrady,Manager,Sales/Account Manager,,,,https://www.jobs.cz/rpd/2001389643/,2026-09-11T16:30:53+02:00,Deprioritized,-4,Other,Prague,26,,Leadership/management position
JB_3721,Group Head of Merchant Sales,,Praha,Manager,Sales/Account Manager,Lead/Head,Sales & Business Development,,https://www.jobs.cz/rpd/2001348956/,2026-09-11T16:30:53+02:00,Deprioritized,-4,Other,Prague,26,,Leadership/management position
JB_2574,Manažer realizace stavebních projektů (m/ž),,Praha – Uhříněves,Manager,Project Manager,,"Project & Program Management, Real Estate & Construction",,https://www.jobs.cz/rpd/2001364862/,2026-09-11T16:30:10+02:00,Deprioritized,-4,Other,Prague,26,,Leadership/management position
JB_0272,Expert jaderného paliva,,Praha – Libeň + 4 další lokality,Specialist,General Specialist,,,,https://www.jobs.cz/rpd/2000979305/,2026-09-11T16:29:58+02:00,Deprioritized,-4,Other,Prague,26,,Senior-level position
JB_2686,DevOps Manager (Technical Product Manager) in Open Banking Services,,Praha – Nové Město,Manager,IT/Engineering Manager,,"Cloud & Infrastructure, Finance & Banking, Product Management",,https://www.jobs.cz/rpd/2001389194/,2026-09-11T16:29:50+02:00,Deprioritized,-4,Other,Prague,26,,Leadership/management position
JB_8657,C#/.NET Tech Lead,,Praha – Vršovice,Manager,IT/Engineering Manager,Lead/Head,,,https://www.jobs.cz/rpd/2001412620/,2026-09-11T16:29:35+02:00,Deprioritized,-4,Other,Prague,26,,Leadership/management position
JB_1283,(Junior) Customer Care Agent in Finance and Accounting with Catalan,,Praha – Holešovice,Customer Service Representative,Customer Care Representative,Junior/Entry-level,"Finance & Banking, Customer Service",,https://www.jobs.cz/rpd/2001379020/,2026-09-11T16:19:30+02:00,Deprioritized,-4,Other,Prague,26,Junior/entry level,Non-target root occupation
JB_5037,(Junior) Customer Care Agent in Finance and Accounting with Spanish,,Praha – Holešovice,Customer Service Representative,Customer Care Representative,Junior/Entry-level,"Finance & Banking, Customer Service",,https://www.jobs.cz/rpd/2001400477/,2026-09-11T16:19:30+02:00,Deprioritized,-4,Other,Prague,26,Junior/entry level,Non-target root occupation
JB_0996,Area Sales Manager,,Praha – Třebonice + 1 další lokalita,Manager,Sales/Account Manager,,Sales & Business Development,,https://www.jobs.cz/rpd/2001410140/,2026-09-11T16:19:30+02:00,Deprioritized,-4,Other,Prague,26,,Leadership/management position
JB_4900,End User Support Manager (EUS),,Praha – Vokovice,Manager,Executive/General Manager,,,,https://www.jobs.cz/rpd/2001207637/,2026-09-11T16:19:30+02:00,Deprioritized,-4,Other,Prague,26,,Leadership/management position
JB_8491,Key Account Manager pro značku Fortinet,,Praha – Nusle,Manager,Sales/Account Manager,,Sales & Business Development,,https://www.jobs.cz/rpd/2001394217/,2026-09-11T16:19:30+02:00,Deprioritized,-4,Other,Prague,26,,Leadership/management position
JB_7400,Manažer/ka zákaznické hodnoty,,Praha – Vršovice,Manager,Customer Success/Experience Manager,,Customer Service,,https://www.jobs.cz/rpd/2001371976/,2026-09-11T16:19:30+02:00,Deprioritized,-4,Other,Prague,26,,Leadership/management position
JB_8277,Product Manager - zemní plyn,,Praha – Strašnice + 2 další lokality,Manager,Product Manager/Product Owner,,Product Management,,https://www.jobs.cz/rpd/2001375960/,2026-09-11T16:19:30+02:00,Deprioritized,-4,Other,Prague,26,,Leadership/management position
JB_5195,Back Office & Office Manager/ka,,Praha – Vinohrady,Manager,Operations/Service Delivery Manager,,,,https://www.jobs.cz/rpd/2001421551/,2026-09-11T16:19:22+02:00,Deprioritized,-4,Other,Prague,26,,Leadership/management position
JB_4282,E commerce and Omnichannel account Development Manager,,Praha – Nusle,Manager,Sales/Account Manager,,Retail & E-commerce,,https://www.jobs.cz/rpd/2001371940/,2026-09-11T16:19:22+02:00,Deprioritized,-4,Other,Prague,26,,Leadership/management position
JB_7760,Facility manažer (m/ž),,Praha,Manager,Operations/Service Delivery Manager,,,,https://www.jobs.cz/rpd/2001421227/,2026-09-11T16:19:22+02:00,Deprioritized,-4,Other,Prague,26,,Leadership/management position
JB_4133,Finanční manažer/ka,80 000 – 100 000 Kč,Praha – Nusle,Manager,Executive/General Manager,,,,https://www.jobs.cz/rpd/2001396419/,2026-09-11T16:19:22+02:00,Deprioritized,-4,Other,Prague,26,,Leadership/management position
JB_1573,Front Office Manager,,Praha – Libeň,Manager,Operations/Service Delivery Manager,,,,https://www.jobs.cz/rpd/2001373949/,2026-09-11T16:19:22+02:00,Deprioritized,-4,Other,Prague,26,,Leadership/management position
JB_3430,HR Manager/ka – Česká republika | KAMALION 💚,45 000 – 55 000 Kč,Praha – Nové Město,Manager,HR/People Manager,,HR & Recruitment,,https://www.jobs.cz/rpd/2001360147/,2026-09-11T16:19:22+02:00,Deprioritized,-4,Other,Prague,26,,Leadership/management position
JB_3536,Key Account Manager pro Prague Airport Media,,Praha – Ruzyně,Manager,Sales/Account Manager,,"Sales & Business Development, Marketing & Communications, Media & Entertainment",,https://www.jobs.cz/rpd/2001418502/,2026-09-11T16:19:22+02:00,Deprioritized,-4,Other,Prague,26,,Leadership/management position
JB_6846,Provozní manažer | Záchytné systémy a OOPP,70 000 – 90 000 Kč,Praha – Vinohrady,Manager,Operations/Service Delivery Manager,,,,https://www.jobs.cz/rpd/2001331471/,2026-09-11T16:19:22+02:00,Deprioritized,-4,Other,Prague,26,,Leadership/management position
JB_2721,Regionální manažer/ka - obchod v zemědělství 👔🌾,,Praha – Strašnice,Manager,Sales/Account Manager,,Sales & Business Development,,https://www.jobs.cz/rpd/2001413320/,2026-09-11T16:19:22+02:00,Deprioritized,-4,Other,Prague,26,,Leadership/management position
JB_3493,"Visual Commercial / Visual Merchandiser– dámské / dětské / panské oddělení – ZARA, Praha",,Praha,Specialist,Marketing/Communications Specialist,,Sales & Business Development,,https://www.jobs.cz/rpd/2001417328/,2026-09-11T16:19:22+02:00,Deprioritized,-4,Other,Prague,26,,Generic marketing role
JB_7437,"↗️ HEAD OF SALES – Medical Devices / Prague, CZ",,Hlavní město Praha,Manager,Sales/Account Manager,Lead/Head,"Sales & Business Development, Healthcare & Pharma",,https://www.jobs.cz/rpd/2001412823/,2026-09-11T16:19:22+02:00,Deprioritized,-4,Other,Prague,26,,Leadership/management position
JB_9205,Account Director,,Praha – Holešovice,Manager,Sales/Account Manager,Executive,,,https://www.jobs.cz/rpd/2001320543/,2026-09-11T16:19:15+02:00,Deprioritized,-4,Other,Prague,26,,Leadership/management position
JB_6744,Account Manager,50 000 – 70 000 Kč,Praha – Karlín,Manager,Sales/Account Manager,,Sales & Business Development,,https://www.jobs.cz/rpd/2001380998/,2026-09-11T16:19:15+02:00,Deprioritized,-4,Other,Prague,26,,Leadership/management position
JB_0960,Category Manager - Domácí potřeby,90 000 – 95 000 Kč,Praha – Čakovice,Manager,Product Manager/Product Owner,,,,https://www.jobs.cz/rpd/2001420689/,2026-09-11T16:19:15+02:00,Deprioritized,-4,Other,Prague,26,,Leadership/management position
JB_5767,Customer Service & Collaboration Manager CZ/SK,,Praha – Chodov,Manager,Customer Success/Experience Manager,,Customer Service,,https://www.jobs.cz/rpd/2001396875/,2026-09-11T16:19:15+02:00,Deprioritized,-4,Other,Prague,26,,Leadership/management position
JB_1016,Energetický manager,,Praha – Nové Město,Manager,Executive/General Manager,,Energy & Utilities,,https://www.jobs.cz/rpd/2001408003/,2026-09-11T16:19:15+02:00,Deprioritized,-4,Other,Prague,26,,Leadership/management position
JB_2659,Insurance Product Manager (m/f) - Raiffeisen-Leasing,,Praha,Manager,Product Manager/Product Owner,,"Insurance, Product Management",,https://www.jobs.cz/rpd/2001380390/,2026-09-11T16:19:15+02:00,Deprioritized,-4,Other,Prague,26,,Leadership/management position
JB_2805,Key Account Manager,,Praha,Manager,Sales/Account Manager,,Sales & Business Development,,https://www.jobs.cz/rpd/2001390427/,2026-09-11T16:19:15+02:00,Deprioritized,-4,Other,Prague,26,,Leadership/management position
JB_3734,"Key Account Manager – parťák pro HRisty (Praha, jižní Čechy)",70 000 – 75 000 Kč,Praha – Libeň,Manager,Sales/Account Manager,,Sales & Business Development,,https://www.jobs.cz/rpd/2001381483/,2026-09-11T16:19:15+02:00,Deprioritized,-4,Other,Prague,26,,Leadership/management position
JB_8104,Personální ředitel/ka ČVUT/ vedoucí personálního odboru,,Praha – Dejvice,Manager,HR/People Manager,"Lead/Head, Executive",HR & Recruitment,,https://www.jobs.cz/rpd/2001386859/,2026-09-11T16:19:15+02:00,Deprioritized,-4,Other,Prague,26,,Leadership/management position
JB_5561,Solution architekt/ka senior,,Praha – Dejvice,Architect,Solution Architect,Senior,,,https://www.jobs.cz/rpd/2001351273/,2026-09-11T16:19:15+02:00,Deprioritized,-4,Other,Prague,26,,Senior-level position
JB_4336,Vedoucí Oddělení komunikace,68 360 – 89 435 Kč,Praha – Nové Město,Manager,Executive/General Manager,Lead/Head,Marketing & Communications,,https://www.jobs.cz/rpd/2001396185/,2026-09-11T16:19:15+02:00,Deprioritized,-4,Other,Prague,26,,Leadership/management position
JB_8950,Vedoucí oddělení Merchandisignu,,Praha – Holešovice,Manager,Executive/General Manager,Lead/Head,,,https://www.jobs.cz/rpd/2001384533/,2026-09-11T16:19:15+02:00,Deprioritized,-4,Other,Prague,26,,Leadership/management position
JB_3627,Account Manager pro Fidoo!,,Praha – Holešovice,Manager,Sales/Account Manager,,Sales & Business Development,,https://www.jobs.cz/rpd/2001398350/,2026-09-11T16:19:02+02:00,Deprioritized,-4,Other,Prague,26,,Leadership/management position
JB_7561,Channel sales and development manager,,Praha – Nusle,Manager,Sales/Account Manager,,Sales & Business Development,,https://www.jobs.cz/rpd/2001418915/,2026-09-11T16:19:02+02:00,Deprioritized,-4,Other,Prague,26,,Leadership/management position
JB_5691,Group Senior HR Business Partner | Mattoni 1873,,Praha,Specialist,HR/People Specialist,Senior,HR & Recruitment,,https://www.jobs.cz/rpd/2001419281/,2026-09-11T16:19:02+02:00,Deprioritized,-4,Other,Prague,26,,Senior-level position
JB_2194,Key Account Manager,,Praha,Manager,Sales/Account Manager,,Sales & Business Development,,https://www.jobs.cz/rpd/2001410152/,2026-09-11T16:19:02+02:00,Deprioritized,-4,Other,Prague,26,,Leadership/management position
JB_7700,Manažer Průmyslových Projektů a Rozvoje | Technické Inspekce,100 000 – 130 000 Kč,Praha,Manager,Project Manager,,Project & Program Management,,https://www.jobs.cz/rpd/2001408177/,2026-09-11T16:19:02+02:00,Deprioritized,-4,Other,Prague,26,,Leadership/management position
JB_5016,Nákupčí / Category Manager pro gaming a popkulturu,45 000 – 65 000 Kč,Praha – Smíchov,Manager,Product Manager/Product Owner,,"Procurement, Media & Entertainment",,https://www.jobs.cz/rpd/2001402271/,2026-09-11T16:19:02+02:00,Deprioritized,-4,Other,Prague,26,,Leadership/management position
JB_4031,Nákupčí / Key Account Manager – Drogerie & Beauty,,Praha – Nové Město,Manager,Sales/Account Manager,,"Sales & Business Development, Procurement",,https://www.jobs.cz/rpd/2001418612/,2026-09-11T16:19:02+02:00,Deprioritized,-4,Other,Prague,26,,Leadership/management position
JB_1833,Project Manager,,Praha – Nusle,Manager,Project Manager,,Project & Program Management,,https://www.jobs.cz/rpd/2001178056/,2026-09-11T16:19:02+02:00,Deprioritized,-4,Other,Prague,26,,Leadership/management position
JB_5874,Quality Control & Operational Standards Manager,,Praha – Vršovice,Manager,Production/Quality Manager,,Quality & Safety,,https://www.jobs.cz/rpd/2001405406/,2026-09-11T16:19:02+02:00,Deprioritized,-4,Other,Prague,26,,Leadership/management position
JB_5327,Regional Sales Manager,,Praha – Libeň,Manager,Sales/Account Manager,,Sales & Business Development,,https://www.jobs.cz/rpd/2001404925/,2026-09-11T16:19:02+02:00,Deprioritized,-4,Other,Prague,26,,Leadership/management position
JB_7356,Specialista náboru studentů,55 000 – 90 000 Kč,Hlavní město Praha,Recruiter,General Recruiter,,,,https://www.jobs.cz/rpd/2001397332/,2026-09-11T16:19:02+02:00,Deprioritized,-4,Other,Prague,26,Junior/entry level,Non-target root occupation
JB_3131,Trade Marketing & Customer Strategy Lead CZSK,75 000 – 90 000 Kč,Praha – Libeň,Manager,Marketing/Brand Manager,Lead/Head,"Marketing & Communications, Customer Service",,https://www.jobs.cz/rpd/2001376330/,2026-09-11T16:19:02+02:00,Deprioritized,-4,Other,Prague,26,,Generic marketing role
JB_0297,Commercial Strategy Manager,,Praha – Vokovice,Manager,Sales/Account Manager,,Sales & Business Development,,https://www.jobs.cz/rpd/2001256676/,2026-09-11T16:18:49+02:00,Deprioritized,-4,Other,Prague,26,,Leadership/management position
JB_7216,Head of Sales,,Praha – Karlín,Manager,Sales/Account Manager,Lead/Head,Sales & Business Development,,https://www.jobs.cz/rpd/2001355794/,2026-09-11T16:18:49+02:00,Deprioritized,-4,Other,Prague,26,,Leadership/management position
JB_9409,Konzultant O2 prodejny (m/ž),40 000 – 70 000 Kč,Praha,Consultant,Marketing/Sales Consultant,,"Sales & Business Development, Retail & E-commerce",,https://www.jobs.cz/rpd/2001316400/,2026-09-11T16:18:49+02:00,Deprioritized,-4,Other,Prague,26,,Generic marketing role
JB_5366,O2 Store Manager (m/ž),,Praha,Manager,Executive/General Manager,,Retail & E-commerce,,https://www.jobs.cz/rpd/2000933081/,2026-09-11T16:18:49+02:00,Deprioritized,-4,Other,Prague,26,,Leadership/management position
JB_8281,Regionální Manager - RETAIL pobočková síť,110 000 – 120 000 Kč,Praha – Staré Město,Manager,Executive/General Manager,,Retail & E-commerce,,https://www.jobs.cz/rpd/2001405632/,2026-09-11T16:18:49+02:00,Deprioritized,-4,Other,Prague,26,,Leadership/management position
JB_1353,"Sales Manager, Stores",,Praha – Karlín,Manager,Sales/Account Manager,,Sales & Business Development,,https://www.jobs.cz/rpd/2001394198/,2026-09-11T16:18:49+02:00,Deprioritized,-4,Other,Prague,26,,Leadership/management position
JB_4367,Security Business development manager,,Praha – Karlín,Manager,IT/Engineering Manager,,"Cybersecurity, Sales & Business Development",,https://www.jobs.cz/rpd/2001389729/,2026-09-11T16:18:49+02:00,Deprioritized,-4,Other,Prague,26,,Leadership/management position
JB_3753,Senior network inventory architect,,Praha – Stodůlky,Architect,Cloud/Infrastructure Architect,Senior,Cloud & Infrastructure,,https://www.jobs.cz/rpd/2001281544/,2026-09-11T16:18:49+02:00,Deprioritized,-4,Other,Prague,26,,Senior-level position
JB_4380,Senior Reserving Actuary,,Praha – Michle,Specialist,Insurance/Actuarial Specialist,Senior,Insurance,,https://www.jobs.cz/rpd/2001382805/,2026-09-11T16:18:49+02:00,Deprioritized,-4,Other,Prague,26,,Senior-level position
JB_7368,Senior/junior makléř/ka luxusních nemovitostí pro Prahu a Středočeský kraj,70 000 – 140 000 Kč,Praha – Nové Město,Specialist,Finance/Banking Specialist,"Junior/Entry-level, Senior",Real Estate & Construction,,https://www.jobs.cz/rpd/2001303247/,2026-09-11T16:18:49+02:00,Deprioritized,-4,Other,Prague,26,Junior/entry level,Senior-level position; Finance/accounting orientation
JB_3545,Business Development Manager – Strategic Partnerships /soukromé a estetické kliniky/,,Praha,Manager,Sales/Account Manager,,Sales & Business Development,,https://www.jobs.cz/rpd/2001373336/,2026-09-11T16:18:40+02:00,Deprioritized,-4,Other,Prague,26,,Leadership/management position
JB_7333,Category Manager (Indirect Procurement) | 2-Year Maternity Cover,,Praha,Manager,Product Manager/Product Owner,,Procurement,,https://www.jobs.cz/rpd/2001419623/,2026-09-11T16:18:40+02:00,Deprioritized,-4,Other,Prague,26,,Leadership/management position
JB_5112,Finanční manažer CZ/SK (m/ž),,Praha – Chodov,Manager,Executive/General Manager,,,,https://www.jobs.cz/rpd/2001410086/,2026-09-11T16:18:40+02:00,Deprioritized,-4,Other,Prague,26,,Leadership/management position
JB_7647,Group Head of FP&A – Real Estate Development,,Praha,Manager,IT/Engineering Manager,Lead/Head,Real Estate & Construction,,https://www.jobs.cz/rpd/2001401638/,2026-09-11T16:18:40+02:00,Deprioritized,-4,Other,Prague,26,,Leadership/management position
JB_7678,Head of Sales,,Praha – Holešovice,Manager,Sales/Account Manager,Lead/Head,Sales & Business Development,,https://www.jobs.cz/rpd/2001352589/,2026-09-11T16:18:40+02:00,Deprioritized,-4,Other,Prague,26,,Leadership/management position
JB_9586,Incident Manažer/ka,,Praha – Michle,Manager,Operations/Service Delivery Manager,,,,https://www.jobs.cz/rpd/2000647385/,2026-09-11T16:18:40+02:00,Deprioritized,-4,Other,Prague,26,,Leadership/management position
JB_0684,Key Account Manager - Purina,,Praha – Modřany,Manager,Sales/Account Manager,,Sales & Business Development,,https://www.jobs.cz/rpd/2001413852/,2026-09-11T16:18:40+02:00,Deprioritized,-4,Other,Prague,26,,Leadership/management position
JB_3861,Manažer/ka obchodní výkonnosti,,Praha – Vršovice,Manager,Sales/Account Manager,,Sales & Business Development,,https://www.jobs.cz/rpd/2001386713/,2026-09-11T16:18:40+02:00,Deprioritized,-4,Other,Prague,26,,Leadership/management position
JB_9775,Marketing & Growth Lead | ACEMA & BONDSTER,,Praha – Libeň,Manager,Marketing/Brand Manager,Lead/Head,Marketing & Communications,,https://www.jobs.cz/rpd/2001416809/,2026-09-11T16:18:40+02:00,Deprioritized,-4,Other,Prague,26,,Generic marketing role
JB_3760,Produktový manažer pro brandovou reklamu,,Praha,Manager,Product Manager/Product Owner,,Product Management,,https://www.jobs.cz/rpd/2001329038/,2026-09-11T16:18:40+02:00,Deprioritized,-4,Other,Prague,26,,Leadership/management position
JB_4634,CMDB & Discovery Manager,,Praha – Hlubočepy,Manager,IT/Engineering Manager,,,CMDB,https://www.jobs.cz/rpd/2001385176/,2026-09-11T16:18:26+02:00,Deprioritized,-4,Other,Prague,26,,Leadership/management position
JB_0701,Cost Manager,,Praha – Libeň,Manager,Executive/General Manager,,,,https://www.jobs.cz/rpd/2001417835/,2026-09-11T16:18:26+02:00,Deprioritized,-4,Other,Prague,26,,Leadership/management position
JB_5845,E-commerce & Performance Lead,,Praha – Holešovice,Manager,Marketing/Brand Manager,Lead/Head,Retail & E-commerce,,https://www.jobs.cz/rpd/2001410855/,2026-09-11T16:18:26+02:00,Deprioritized,-4,Other,Prague,26,,Generic marketing role
JB_1831,Facility Office Manager (JPO17672),,Praha – Holešovice,Manager,Operations/Service Delivery Manager,,,,https://www.jobs.cz/rpd/2001383439/,2026-09-11T16:18:26+02:00,Deprioritized,-4,Other,Prague,26,,Leadership/management position
JB_2102,IT právník / právnička expert,,Praha – Michle,Specialist,Legal Specialist,,"IT & Software, Legal",,https://www.jobs.cz/rpd/2001403168/,2026-09-11T16:18:26+02:00,Deprioritized,-4,Other,Prague,26,,Senior-level position
JB_7220,Price & Promo Optimization Manager,,Praha – Vršovice,Manager,Product Manager/Product Owner,,,,https://www.jobs.cz/rpd/2001410486/,2026-09-11T16:18:26+02:00,Deprioritized,-4,Other,Prague,26,,Leadership/management position
JB_8603,Produktový manažer/ka - účty a platby,,Praha – Dejvice,Manager,Product Manager/Product Owner,,Product Management,,https://www.jobs.cz/rpd/2001419569/,2026-09-11T16:18:26+02:00,Deprioritized,-4,Other,Prague,26,,Leadership/management position
JB_3732,Project Manager - Engineering Excellence role - EMEA operations.,,Roztoky,Manager,Project Manager,,"Project & Program Management, Engineering & R&D",,https://www.jobs.cz/rpd/2001413712/,2026-09-11T16:18:26+02:00,Deprioritized,-4,Other,Outside Prague - verify,26,R,Leadership/management position; Location requires verification
JB_4173,PROJECT MANAGER -REAL ESTATE DEVELOPMENT - PRAGUE,,Praha,Manager,Project Manager,,"Project & Program Management, Real Estate & Construction",,https://www.jobs.cz/rpd/2001385545/,2026-09-11T16:18:26+02:00,Deprioritized,-4,Other,Prague,26,,Leadership/management position
JB_0647,Senior Front-end Developer,,Praha – Chodov,Developer,Frontend Developer,Senior,IT & Software,,https://www.jobs.cz/rpd/2001402308/,2026-09-11T16:18:26+02:00,Deprioritized,-4,Other,Prague,26,,Senior-level position
JB_1882,Senior Legal Counsel,,Praha – Karlín,Specialist,Legal Specialist,Senior,Legal,,https://www.jobs.cz/rpd/2001417379/,2026-09-11T16:18:26+02:00,Deprioritized,-4,Other,Prague,26,,Senior-level position
JB_1480,Asset manager m/w,,Praha,Manager,Executive/General Manager,,,,https://www.jobs.cz/rpd/2001409993/,2026-09-11T16:18:18+02:00,Deprioritized,-4,Other,Prague,26,,Leadership/management position
JB_0993,B2B Sales Manager,,Praha – Vinohrady,Manager,Sales/Account Manager,,Sales & Business Development,,https://www.jobs.cz/rpd/2001390011/,2026-09-11T16:18:18+02:00,Deprioritized,-4,Other,Prague,26,,Leadership/management position
JB_7684,Customer Service Manager/Team Leade,95 000 – 105 000 Kč,Praha,Manager,Customer Success/Experience Manager,,Customer Service,,https://www.jobs.cz/rpd/2001408110/,2026-09-11T16:18:18+02:00,Deprioritized,-4,Other,Prague,26,,Leadership/management position
JB_5880,Head of Sales Support Lead,,Praha – Nové Město,Manager,Sales/Account Manager,Lead/Head,Sales & Business Development,,https://www.jobs.cz/rpd/2001413510/,2026-09-11T16:18:18+02:00,Deprioritized,-4,Other,Prague,26,,Leadership/management position
JB_0080,Hotel Director / Operations Manager - Hotel KINGS COURT Prague,,Praha – Staré Město,Manager,Operations/Service Delivery Manager,Executive,,,https://www.jobs.cz/rpd/2001413771/,2026-09-11T16:18:18+02:00,Deprioritized,-4,Other,Prague,26,,Leadership/management position
JB_9438,Senior Product Owner (PAM),,Praha – Vinohrady,Manager,Product Manager/Product Owner,Senior,Product Management,,https://www.jobs.cz/rpd/2001415768/,2026-09-11T16:18:18+02:00,Deprioritized,-4,Other,Prague,26,,Senior-level position
JB_6770,Vedoucí oddělení likvidace pojistných událostí - Praha,,Praha – Michle,Manager,Executive/General Manager,Lead/Head,Insurance,,https://www.jobs.cz/rpd/2001247226/,2026-09-11T16:18:18+02:00,Deprioritized,-4,Other,Prague,26,,Leadership/management position
JB_5534,Application Manager,,Praha – Nusle,Manager,Executive/General Manager,,IT & Software,,https://www.jobs.cz/rpd/2001417829/,2026-09-11T16:18:17+02:00,Deprioritized,-4,Other,Prague,26,,Leadership/management position
JB_0694,Account Manager Praha - Medium Corporate Sales (m/ž),,Praha – Michle,Manager,Sales/Account Manager,,Sales & Business Development,,https://www.jobs.cz/rpd/2001346439/,2026-09-11T16:18:03+02:00,Deprioritized,-4,Other,Prague,26,,Leadership/management position
JB_3160,Account Manager Praha a Střední Čechy - Medium Corporate Sales (m/ž),,Praha – Michle,Manager,Sales/Account Manager,,Sales & Business Development,,https://www.jobs.cz/rpd/2001395746/,2026-09-11T16:18:03+02:00,Deprioritized,-4,Other,Prague,26,,Leadership/management position
JB_1341,Architekt STO senior/Architektka STO senior,,Praha – Michle + 2 další lokality,Architect,General Architect,Senior,,,https://www.jobs.cz/rpd/2001382862/,2026-09-11T16:18:03+02:00,Deprioritized,-4,Other,Prague,26,,Senior-level position
JB_1132,Informatik (SAP CRM interní konzultant - senior),,Praha – Vršovice,Consultant,SAP/ERP Consultant,Senior,,SAP,https://www.jobs.cz/rpd/2000533267/,2026-09-11T16:18:03+02:00,Deprioritized,-4,Other,Prague,26,,Senior-level position
JB_1324,Manažer(ka) IT infrastruktury a služeb v Emcu🍓,,Praha – Chodov,Manager,IT/Engineering Manager,,IT & Software,,https://www.jobs.cz/rpd/2001403709/,2026-09-11T16:18:03+02:00,Deprioritized,-4,Other,Prague,26,,Leadership/management position
JB_4827,Projektový manažer - ICT (m/ž),,Praha – Michle,Manager,Project Manager,,"IT & Software, Project & Program Management",,https://www.jobs.cz/rpd/2001341804/,2026-09-11T16:18:03+02:00,Deprioritized,-4,Other,Prague,26,,Leadership/management position
JB_4475,Projektový manažer/ka,,Praha – Libeň + 1 další lokalita,Manager,Project Manager,,Project & Program Management,,https://www.jobs.cz/rpd/2001398307/,2026-09-11T16:18:03+02:00,Deprioritized,-4,Other,Prague,26,,Leadership/management position
JB_4788,Team Lead - Network Security,,Praha – Krč,Manager,IT/Engineering Manager,Lead/Head,"Cybersecurity, Cloud & Infrastructure",,https://www.jobs.cz/rpd/2001414824/,2026-09-11T16:18:03+02:00,Deprioritized,-4,Other,Prague,26,,Leadership/management position
JB_7179,DISTRIBUTOR EXPERIENCE DESIGNER SENIOR,,Praha – Michle,Designer,General Designer,Senior,,,https://www.jobs.cz/rpd/2001402703/,2026-09-11T16:17:54+02:00,Deprioritized,-4,Other,Prague,26,,Senior-level position
JB_7256,Incident Manažer/ka - IČO,,Praha – Michle,Manager,Operations/Service Delivery Manager,,,,https://www.jobs.cz/rpd/2001249341/,2026-09-11T16:17:54+02:00,Deprioritized,-4,Other,Prague,26,,Leadership/management position
JB_1439,IT OSS Senior Solution Designer (f/m),,Praha – Chodov,Designer,General Designer,Senior,IT & Software,,https://www.jobs.cz/rpd/2000835282/,2026-09-11T16:17:54+02:00,Deprioritized,-4,Other,Prague,26,,Senior-level position
JB_8217,Manažer bezpečnostních systémů,,Praha – Ruzyně,Manager,Executive/General Manager,,,,https://www.jobs.cz/rpd/2001348303/,2026-09-11T16:17:54+02:00,Deprioritized,-4,Other,Prague,26,,Leadership/management position
JB_8413,Manažer/ka produktového týmu,,Praha – Michle,Manager,Product Manager/Product Owner,,,,https://www.jobs.cz/rpd/2001321109/,2026-09-11T16:17:54+02:00,Deprioritized,-4,Other,Prague,26,,Leadership/management position
JB_8777,Produktový/á manažer/ka,,Praha – Michle,Manager,Product Manager/Product Owner,,,,https://www.jobs.cz/rpd/2001321137/,2026-09-11T16:17:54+02:00,Deprioritized,-4,Other,Prague,26,,Leadership/management position
JB_8125,Ředitel/ka Hardware a Fintech (m/ž),,Praha – Michle,Manager,IT/Engineering Manager,Executive,,,https://www.jobs.cz/rpd/2001376417/,2026-09-11T16:17:54+02:00,Deprioritized,-4,Other,Prague,26,,Leadership/management position
JB_8800,Service Delivery Manažer | Manažerka,,Praha – Vršovice,Manager,Operations/Service Delivery Manager,,,,https://www.jobs.cz/rpd/2001133189/,2026-09-11T16:17:54+02:00,Deprioritized,-4,Other,Prague,26,,Leadership/management position
JB_0512,BIM manažer,,Praha – Michle,Manager,Construction/BIM Manager,,,BIM,https://www.jobs.cz/rpd/2001067583/,2026-09-11T16:17:46+02:00,Deprioritized,-4,Other,Prague,26,,Leadership/management position
JB_4847,CUSTOMER EXPERIENCE DESIGNER SENIOR,,Praha – Michle,Designer,Service/CX Designer,Senior,Customer Service,,https://www.jobs.cz/rpd/2001402806/,2026-09-11T16:17:46+02:00,Deprioritized,-4,Other,Prague,26,,Senior-level position
JB_9358,IT Transformation & Change Manager (m/ž),110 000 – 125 000 Kč,Praha,Manager,IT/Engineering Manager,,IT & Software,,https://www.jobs.cz/rpd/2001385182/,2026-09-11T16:17:46+02:00,Deprioritized,-4,Other,Prague,26,,Leadership/management position
JB_2250,Manažer rozvoje obchodu pro Acquiring (m/ž),,Hlavní město Praha,Manager,Sales/Account Manager,,Sales & Business Development,,https://www.jobs.cz/rpd/2001387327/,2026-09-11T16:17:46+02:00,Deprioritized,-4,Other,Prague,26,,Leadership/management position
JB_0780,Procesní manažer / Specialista SAP (ž/m),,Praha – Břevnov,Manager,Operations/Service Delivery Manager,,,SAP,https://www.jobs.cz/rpd/2001410084/,2026-09-11T16:17:46+02:00,Deprioritized,-4,Other,Prague,26,,Leadership/management position
JB_3329,Produktový manažer pro Seznam Homepage,,Praha,Manager,Product Manager/Product Owner,,Product Management,,https://www.jobs.cz/rpd/2001413519/,2026-09-11T16:17:46+02:00,Deprioritized,-4,Other,Prague,26,,Leadership/management position
JB_2524,Senior Architect (Front-end),,Praha – Chodov,Architect,General Architect,Senior,,,https://www.jobs.cz/rpd/2001399758/,2026-09-11T16:17:46+02:00,Deprioritized,-4,Other,Prague,26,,Senior-level position
JB_7487,Senior Architect (Front-end),,Praha – Chodov,Architect,General Architect,Senior,,,https://www.jobs.cz/rpd/2001395931/,2026-09-11T16:17:46+02:00,Deprioritized,-4,Other,Prague,26,,Senior-level position
JB_9916,Senior Architect (Front-end),,Praha – Chodov,Architect,General Architect,Senior,,,https://www.jobs.cz/rpd/2001378273/,2026-09-11T16:17:46+02:00,Deprioritized,-4,Other,Prague,26,,Senior-level position
JB_6841,"Service Delivery Manager / SW Development Lead, Top Projekty, Home office",140 000 – 150 000 Kč,Praha,Manager,IT/Engineering Manager,Lead/Head,Project & Program Management,,https://www.jobs.cz/rpd/2001377510/,2026-09-11T16:17:46+02:00,Deprioritized,-4,Other,Prague,26,,Leadership/management position
JB_1162,Technical Product Manager (f/m),,Praha – Chodov,Manager,IT/Engineering Manager,,Product Management,,https://www.jobs.cz/rpd/2001391852/,2026-09-11T16:17:46+02:00,Deprioritized,-4,Other,Prague,26,,Leadership/management position
JB_3597,Group IT Procurement Manager,,Praha – Nové Město,Manager,IT/Engineering Manager,,"IT & Software, Procurement",,https://www.jobs.cz/rpd/2001324685/,2026-09-11T16:17:36+02:00,Deprioritized,-4,Other,Prague,26,,Leadership/management position
JB_6894,Head of Product Delivery,,Praha – Vokovice,Manager,Product Manager/Product Owner,Lead/Head,,,https://www.jobs.cz/rpd/2001417814/,2026-09-11T16:17:36+02:00,Deprioritized,-4,Other,Prague,26,,Leadership/management position
JB_0717,IT Procesní manažer*ka / specialista*tka,,Praha – Nusle,Manager,IT/Engineering Manager,,IT & Software,,https://www.jobs.cz/rpd/2001378559/,2026-09-11T16:17:36+02:00,Deprioritized,-4,Other,Prague,26,,Leadership/management position
JB_5586,IT Service Quality Manager,,Praha – Michle,Manager,Production/Quality Manager,,"IT & Software, Quality & Safety",,https://www.jobs.cz/rpd/2001352204/,2026-09-11T16:17:36+02:00,Deprioritized,-4,Other,Prague,26,,Leadership/management position
JB_7807,IT TECHNOLOGY PROGRAMME MANAGER,,Praha – Vršovice,Manager,IT/Engineering Manager,,IT & Software,,https://www.jobs.cz/rpd/2001339925/,2026-09-11T16:17:36+02:00,Deprioritized,-4,Other,Prague,26,,Leadership/management position
JB_4833,IT TECHNOLOGY PROGRAMME MANAGER - INFRASTRUCTURE,,Praha – Vršovice,Manager,IT/Engineering Manager,,"Cloud & Infrastructure, IT & Software",,https://www.jobs.cz/rpd/2001105946/,2026-09-11T16:17:36+02:00,Deprioritized,-4,Other,Prague,26,,Leadership/management position
JB_9436,PRODUKTOVÝ MANAŽER - iVYSÍLÁNÍ,,Praha – Podolí,Manager,Product Manager/Product Owner,,Product Management,,https://www.jobs.cz/rpd/2001403391/,2026-09-11T16:17:36+02:00,Deprioritized,-4,Other,Prague,26,,Leadership/management position
JB_7949,Project Manager - logistika (m/ž),,Praha – Libeň,Manager,Project Manager,,Project & Program Management,,https://www.jobs.cz/rpd/2001341492/,2026-09-11T16:17:36+02:00,Deprioritized,-4,Other,Prague,26,,Leadership/management position
JB_4680,Projektový manager,60 000 – 100 000 Kč,Praha,Manager,Executive/General Manager,,Project & Program Management,,https://www.jobs.cz/rpd/2001384570/,2026-09-11T16:17:36+02:00,Deprioritized,-4,Other,Prague,26,,Leadership/management position
JB_2112,Veď digitální transformaci investičních služeb | Project Manager/Product Owner 📱,,Praha,Manager,Project Manager,,"Finance & Banking, Product Management, Project & Program Management",,https://www.jobs.cz/rpd/2001293180/,2026-09-11T16:17:36+02:00,Deprioritized,-4,Other,Prague,26,,Leadership/management position
JB_1043,Partnership Manager,60 000 – 75 000 Kč,Praha – Nové Město,Manager,Sales/Account Manager,,,,https://www.jobs.cz/rpd/2001383138/,2026-09-11T16:11:23+02:00,Deprioritized,-4,Other,Prague,26,,Leadership/management position
JB_0024,Project Manager,,Praha – Holešovice,Manager,Project Manager,,Project & Program Management,,https://www.jobs.cz/rpd/2001383096/,2026-09-11T16:11:23+02:00,Deprioritized,-4,Other,Prague,26,,Leadership/management position
JB_2704,Projektový manažer,100 000 – 120 000 Kč,Praha – Modřany,Manager,Project Manager,,Project & Program Management,,https://www.jobs.cz/rpd/2001399372/,2026-09-11T16:11:23+02:00,Deprioritized,-4,Other,Prague,26,,Leadership/management position
JB_1869,Projektový manažer s přesahem do datové oblasti,,Praha – Michle,Manager,Project Manager,,Project & Program Management,,https://www.jobs.cz/rpd/2001410235/,2026-09-11T16:11:23+02:00,Deprioritized,-4,Other,Prague,26,,Leadership/management position
JB_4687,Service Asset Configuration Manager,,Praha – Michle,Manager,Executive/General Manager,,,,https://www.jobs.cz/rpd/2001325290/,2026-09-11T16:11:23+02:00,Deprioritized,-4,Other,Prague,26,,Leadership/management position
JB_5272,Máte chuť zpracovat mzdy pro RegioJet/Student Agency?,,Praha – Nové Město,Other,Unclassified,,HR & Recruitment,,https://www.jobs.cz/rpd/2001372087/,2026-09-11T16:11:17+02:00,Deprioritized,-4,Other,Prague,26,Junior/entry level,Non-target root occupation
JB_1738,ředitel Výpočetního a informačního centra ČVUT v Praze,130 000 – 160 000 Kč,Praha – Dejvice,Manager,Executive/General Manager,Executive,,,https://www.jobs.cz/rpd/2001405293/,2026-09-11T16:11:17+02:00,Deprioritized,-4,Other,Prague,26,,Leadership/management position
JB_6690,Manažer přípravy vozidel do hry (Vehicle Preproduction Manager),,Praha – Chodov,Manager,Executive/General Manager,,Automotive & Mobility,,https://www.jobs.cz/rpd/2001394740/,2026-09-11T16:11:05+02:00,Deprioritized,-4,Other,Prague,26,,Leadership/management position
JB_1274,Osobní bankéř/ka - Benešov,,Benešov,Specialist,Finance/Banking Specialist,,Finance & Banking,,https://www.jobs.cz/rpd/2001405573/,2026-09-11T16:11:05+02:00,Deprioritized,-4,Other,Outside Prague - verify,26,,Finance/accounting orientation; Location requires verification
JB_3449,Personalista junior (M/Ž) - Praha,,Praha – Nové Město,Recruiter,General Recruiter,Junior/Entry-level,,,https://www.jobs.cz/rpd/2000934290/,2026-09-11T16:11:05+02:00,Deprioritized,-4,Other,Prague,26,Junior/entry level,Non-target root occupation
JB_3503,Area Manager / Vedoucí směny,,Praha – Horní Počernice,Manager,Executive/General Manager,Lead/Head,,,https://www.jobs.cz/rpd/2001373228/,2026-09-11T16:10:53+02:00,Deprioritized,-4,Other,Prague,26,,Leadership/management position
JB_0243,Customer Success Manager,,Praha – Karlín,Manager,Customer Success/Experience Manager,,Customer Service,,https://www.jobs.cz/rpd/2001390281/,2026-09-11T16:10:53+02:00,Deprioritized,-4,Other,Prague,26,,Leadership/management position
JB_3662,Koordinátor/ka marketingu centra Hydropolis,,Praha – Vinohrady,Coordinator,Sales/Marketing Coordinator,,,,https://www.jobs.cz/rpd/2001399452/,2026-09-11T16:10:53+02:00,Deprioritized,-4,Other,Prague,26,,Generic marketing role
JB_6197,Oblastní manažer/ka provozu logistiky - Celá ČR (Depa),,Praha – Libeň,Manager,Executive/General Manager,,,,https://www.jobs.cz/rpd/2001328956/,2026-09-11T16:10:53+02:00,Deprioritized,-4,Other,Prague,26,,Leadership/management position
JB_2831,Relationship Manager - Remote Corporate banking,,Praha – Krč,Manager,Sales/Account Manager,,Finance & Banking,,https://www.jobs.cz/rpd/2001335627/,2026-09-11T16:10:53+02:00,Deprioritized,-4,Other,Prague,26,,Leadership/management position
JB_2482,Senior marketingový specialista / specialistka,,Praha – Vinohrady,Specialist,General Specialist,Senior,,,https://www.jobs.cz/rpd/2001413599/,2026-09-11T16:10:53+02:00,Deprioritized,-4,Other,Prague,26,,Senior-level position
JB_3472,Senior strojní inžernýr/ka,,Praha – Holešovice,Engineer,Mechanical/Automotive Engineer,Senior,,,https://www.jobs.cz/rpd/2001415543/,2026-09-11T16:10:53+02:00,Deprioritized,-4,Other,Prague,26,,Senior-level position
JB_1487,Account Manager – Public Relations,40 000 – 60 000 Kč,Praha – Smíchov,Manager,Sales/Account Manager,,Sales & Business Development,,https://www.jobs.cz/rpd/2001068074/,2026-09-11T16:10:45+02:00,Deprioritized,-4,Other,Prague,26,,Leadership/management position
JB_2450,Compensation & Benefits Manager (ž/m),,Praha,Manager,HR/People Manager,,,,https://www.jobs.cz/rpd/2001417853/,2026-09-11T16:10:45+02:00,Deprioritized,-4,Other,Prague,26,,Leadership/management position
JB_4877,Dotační manažer - možnost práce mimo Prahu,,Praha – Nové Město,Manager,Executive/General Manager,,,,https://www.jobs.cz/rpd/2001224209/,2026-09-11T16:10:45+02:00,Deprioritized,-4,Other,Prague,26,,Leadership/management position
JB_0538,Head of Total Rewards & Performance,,Praha – Karlín,Manager,Executive/General Manager,Lead/Head,,,https://www.jobs.cz/rpd/2001419843/,2026-09-11T16:10:45+02:00,Deprioritized,-4,Other,Prague,26,,Leadership/management position
JB_2857,Marketing (Product) Manager / Medical Devices / PRAHA,,Hlavní město Praha,Manager,Product Manager/Product Owner,,"Marketing & Communications, Product Management, Healthcare & Pharma",,https://www.jobs.cz/rpd/2001412808/,2026-09-11T16:10:45+02:00,Deprioritized,-4,Other,Prague,26,,Leadership/management position
JB_7066,Marketing Digital Specialista(M/Ž),,Praha – Kbely,Specialist,Marketing/Communications Specialist,,Marketing & Communications,,https://www.jobs.cz/rpd/2001398325/,2026-09-11T16:10:45+02:00,Deprioritized,-4,Other,Prague,26,,Generic marketing role
JB_6887,PRAHA – ACCOUNT MANAGER se zaškolením,35 000 – 45 000 Kč,Praha – Malá Strana,Manager,Sales/Account Manager,,Sales & Business Development,,https://www.jobs.cz/rpd/2001379659/,2026-09-11T16:10:45+02:00,Deprioritized,-4,Other,Prague,26,,Leadership/management position
JB_9611,Specialista marketingové komunikace,42 736 – 61 248 Kč,Praha – Nové Město,Specialist,Marketing/Communications Specialist,,Marketing & Communications,,https://www.jobs.cz/rpd/2001416876/,2026-09-11T16:10:45+02:00,Deprioritized,-4,Other,Prague,26,,Generic marketing role
JB_6734,Staňte se naším SENIOR Business Partnerem v železniční dopravě v Malešicích,,Praha – Malešice,Specialist,General Specialist,Senior,,,https://www.jobs.cz/rpd/2001417700/,2026-09-11T16:10:45+02:00,Deprioritized,-4,Other,Prague,26,,Senior-level position
JB_6938,Vedoucí směny logistického centra Jirny,,Praha – Horní Počernice,Manager,Supply Chain/Procurement Manager,Lead/Head,Supply Chain & Logistics,,https://www.jobs.cz/rpd/2001384794/,2026-09-11T16:10:45+02:00,Deprioritized,-4,Other,Prague,26,,Leadership/management position
JB_2827,Assistant Store Manager,,Praha – Třebonice,Manager,Executive/General Manager,,Retail & E-commerce,,https://www.jobs.cz/rpd/2001397941/,2026-09-11T16:10:33+02:00,Deprioritized,-4,Other,Prague,26,,Leadership/management position
JB_9565,Head of Domestic Transport / Manažer tuzemské přepravy CZ & SK,,Praha,Manager,Supply Chain/Procurement Manager,Lead/Head,Supply Chain & Logistics,,https://www.jobs.cz/rpd/2001415751/,2026-09-11T16:10:33+02:00,Deprioritized,-4,Other,Prague,26,,Leadership/management position
JB_7976,Head of Performance & Reward,,Praha + 1 další lokalita,Manager,HR/People Manager,Lead/Head,,,https://www.jobs.cz/rpd/2001395981/,2026-09-11T16:10:33+02:00,Deprioritized,-4,Other,Prague,26,,Leadership/management position
JB_1992,Logistics Partner Account Manager,,Praha – Ruzyně,Manager,Sales/Account Manager,,"Sales & Business Development, Supply Chain & Logistics",,https://www.jobs.cz/rpd/2001327400/,2026-09-11T16:10:33+02:00,Deprioritized,-4,Other,Prague,26,,Leadership/management position
JB_3749,Manažer*ka rozvoje zdrojů a partnerství,,Praha – Karlín,Manager,Executive/General Manager,,,,https://www.jobs.cz/rpd/2001274394/,2026-09-11T16:10:33+02:00,Deprioritized,-4,Other,Prague,26,,Leadership/management position
JB_4411,Projektový/á manažer/ka pro evropské a mezinárodní projekty ve vědě a výzkumu,50 000 – 53 000 Kč,Praha – Nové Město,Manager,Executive/General Manager,,"Project & Program Management, Education & Research",,https://www.jobs.cz/rpd/2001374099/,2026-09-11T16:10:33+02:00,Deprioritized,-4,Other,Prague,26,,Leadership/management position
JB_6341,Segment Manager for Devices & Hardware in Household (f/m),,Praha – Chodov,Manager,Product Manager/Product Owner,,,,https://www.jobs.cz/rpd/2001417418/,2026-09-11T16:10:33+02:00,Deprioritized,-4,Other,Prague,26,,Leadership/management position
JB_9708,Segmentový manažer / Segmentová manažerka,,Praha – Michle,Manager,Product Manager/Product Owner,,,,https://www.jobs.cz/rpd/2001413518/,2026-09-11T16:10:33+02:00,Deprioritized,-4,Other,Prague,26,,Leadership/management position
JB_4420,Selfcare Project Manager,,Praha – Jinonice,Manager,Project Manager,,Project & Program Management,,https://www.jobs.cz/rpd/2001394676/,2026-09-11T16:10:33+02:00,Deprioritized,-4,Other,Prague,26,,Leadership/management position
JB_9266,Specialista/ka marketingu a komunikace s dárci,50 000 – 55 000 Kč,Praha – Dejvice,Specialist,Marketing/Communications Specialist,,Marketing & Communications,,https://www.jobs.cz/rpd/2001373842/,2026-09-11T16:10:33+02:00,Deprioritized,-4,Other,Prague,26,,Generic marketing role
JB_4903,Chief of Operations - pravá ruka v mezinárodní investiční skupině,180 000 – 300 000 Kč,Praha – Smíchov,Manager,Operations/Service Delivery Manager,Executive,Finance & Banking,,https://www.jobs.cz/rpd/2001366065/,2026-09-11T16:10:20+02:00,Deprioritized,-4,Other,Prague,26,,Leadership/management position
JB_7077,Group B2B Marketing Lead,,Praha,Manager,Marketing/Brand Manager,Lead/Head,Marketing & Communications,,https://www.jobs.cz/rpd/2001414056/,2026-09-11T16:10:20+02:00,Deprioritized,-4,Other,Prague,26,,Generic marketing role
JB_6511,GROUP HEAD OF OPERATIONS & TRANSFORMATION,,Praha,Manager,Operations/Service Delivery Manager,Lead/Head,,,https://www.jobs.cz/rpd/2001388796/,2026-09-11T16:10:20+02:00,Deprioritized,-4,Other,Prague,26,,Leadership/management position
JB_9204,Head of Labour Procurement,,Praha – Karlín,Manager,Supply Chain/Procurement Manager,Lead/Head,Procurement,,https://www.jobs.cz/rpd/2001352608/,2026-09-11T16:10:20+02:00,Deprioritized,-4,Other,Prague,26,,Leadership/management position
JB_3604,HR OPERATIONS & TECHNOLOGY MANAGER,,Praha – Hostivař,Manager,IT/Engineering Manager,,HR & Recruitment,,https://www.jobs.cz/rpd/2001394777/,2026-09-11T16:10:20+02:00,Deprioritized,-4,Other,Prague,26,,Leadership/management position
JB_9666,Manager/ka veřejných zakázek,,Praha,Manager,Executive/General Manager,,,,https://www.jobs.cz/rpd/2001382547/,2026-09-11T16:10:20+02:00,Deprioritized,-4,Other,Prague,26,,Leadership/management position
JB_2195,Manažer akvizičního týmu,,Praha – Štěrboholy,Manager,Sales/Account Manager,,Sales & Business Development,,https://www.jobs.cz/rpd/2001419059/,2026-09-11T16:10:20+02:00,Deprioritized,-4,Other,Prague,26,,Leadership/management position
JB_4372,OBCHODNÍ ŘEDITEL/KA RENOMIA ČESKÁ REPUBLIKA,,Praha – Nové Město,Manager,Sales/Account Manager,Executive,Sales & Business Development,,https://www.jobs.cz/rpd/2001390595/,2026-09-11T16:10:20+02:00,Deprioritized,-4,Other,Prague,26,,Leadership/management position
JB_4886,Ředitel / Ředitelka divize AVIATION,,Praha – Letňany,Manager,Executive/General Manager,Executive,,,https://www.jobs.cz/rpd/2001395667/,2026-09-11T16:10:20+02:00,Deprioritized,-4,Other,Prague,26,,Leadership/management position
JB_7111,Regional Manager EU,,Praha – Nové Město,Manager,Executive/General Manager,,,,https://www.jobs.cz/rpd/2001398755/,2026-09-11T16:10:20+02:00,Deprioritized,-4,Other,Prague,26,,Leadership/management position
JB_4575,Regional Operations Manager (w/m/d),,Praha,Manager,Operations/Service Delivery Manager,,,,https://www.jobs.cz/rpd/2001392280/,2026-09-11T16:10:20+02:00,Deprioritized,-4,Other,Prague,26,,Leadership/management position
JB_4278,Sales Manager - IT,,Praha – Krč,Manager,Sales/Account Manager,,"IT & Software, Sales & Business Development",,https://www.jobs.cz/rpd/2001331213/,2026-09-11T16:10:20+02:00,Deprioritized,-4,Other,Prague,26,,Leadership/management position
JB_8966,Segment Manager – Mobile Base Development in Household (f/m),,Praha – Chodov,Manager,Product Manager/Product Owner,,,,https://www.jobs.cz/rpd/2001398273/,2026-09-11T16:10:20+02:00,Deprioritized,-4,Other,Prague,26,,Leadership/management position
JB_0320,Senior specialista odměňování (m/ž),,Praha – Karlín,Specialist,HR/People Specialist,Senior,,,https://www.jobs.cz/rpd/2001415613/,2026-09-11T16:10:20+02:00,Deprioritized,-4,Other,Prague,26,,Senior-level position
JB_9883,✈️REGIONAL MARKETING SUPERVISOR | B2B | REAL ESTATE ✈️,80 000 – 110 000 Kč,Praha,Manager,Marketing/Brand Manager,,"Marketing & Communications, Real Estate & Construction",,https://www.jobs.cz/rpd/2001398181/,2026-09-11T16:10:20+02:00,Deprioritized,-4,Other,Prague,26,,Generic marketing role
JB_4704,Daňový specialista/specialistka,,Husinec – Řež,Specialist,Finance/Banking Specialist,,Finance & Banking,,https://www.jobs.cz/rpd/2001343065/,2026-09-11T16:10:04+02:00,Deprioritized,-4,Other,Outside Prague - verify,26,,Finance/accounting orientation; Location requires verification
JB_2124,Finanční manažer/ka grantových projektů,32 500 – 37 500 Kč,Praha – Dejvice,Manager,Executive/General Manager,,Project & Program Management,,https://www.jobs.cz/rpd/2001352222/,2026-09-11T16:10:04+02:00,Deprioritized,-4,Other,Prague,26,,Leadership/management position
JB_1192,Manažer/ka provizního oddělení,,Praha – Vokovice,Manager,Executive/General Manager,,,,https://www.jobs.cz/rpd/2001261229/,2026-09-11T16:10:04+02:00,Deprioritized,-4,Other,Prague,26,,Leadership/management position
JB_0356,Obchodní konzultant | 2Bminer,60 000 – 120 000 Kč,Praha – Karlín,Consultant,Marketing/Sales Consultant,,Sales & Business Development,,https://www.jobs.cz/rpd/2001403070/,2026-09-11T16:10:04+02:00,Deprioritized,-4,Other,Prague,26,,Generic marketing role
JB_7442,PPC performance specialista/ka,,Hlavní město Praha,Specialist,Marketing/Communications Specialist,,Marketing & Communications,,https://www.jobs.cz/rpd/2001184783/,2026-09-11T16:10:04+02:00,Deprioritized,-4,Other,Prague,26,,Generic marketing role
JB_5789,Sales Manager – ERP & Cloud Solutions,,Praha – Braník + 1 další lokalita,Manager,IT/Engineering Manager,,"Cloud & Infrastructure, Sales & Business Development",,https://www.jobs.cz/rpd/2001394527/,2026-09-11T16:10:04+02:00,Deprioritized,-4,Other,Prague,26,,Leadership/management position
JB_7747,Social Ads Team Leader,,Praha – Libeň,Manager,Marketing/Brand Manager,Lead/Head,,,https://www.jobs.cz/rpd/2001321111/,2026-09-11T16:10:04+02:00,Deprioritized,-4,Other,Prague,26,,Generic marketing role
JB_0865,Social media specialista,,Praha – Nové Město,Specialist,Marketing/Communications Specialist,,"Marketing & Communications, Media & Entertainment",,https://www.jobs.cz/rpd/2001409583/,2026-09-11T16:10:04+02:00,Deprioritized,-4,Other,Prague,26,,Generic marketing role
JB_5275,Specialista/tka CRM a klientské komunikace - Praha/Olomouc,,Praha + 1 další lokalita,Specialist,Marketing/Communications Specialist,,"Marketing & Communications, Customer Service",,https://www.jobs.cz/rpd/2001391460/,2026-09-11T16:10:04+02:00,Deprioritized,-4,Other,Prague,26,,Generic marketing role
JB_1004,Category manažer,60 000 – 80 000 Kč,Praha – Libeň,Manager,Executive/General Manager,,,,https://www.jobs.cz/rpd/2001386451/,2026-09-11T16:09:49+02:00,Deprioritized,-4,Other,Prague,26,,Leadership/management position
JB_6078,"Finanční ředitel/ka Svobody zvířat 🦉 (HPP 0,75 - 1,0)",30 000 – 43 000 Kč,Praha – Vinohrady,Manager,Executive/General Manager,Executive,,,https://www.jobs.cz/rpd/2001229094/,2026-09-11T16:09:49+02:00,Deprioritized,-4,Other,Prague,26,,Leadership/management position
JB_6311,Fraud Prevention Manager,,Praha – Chodov,Manager,Executive/General Manager,,Compliance & Risk,,https://www.jobs.cz/rpd/2001398628/,2026-09-11T16:09:49+02:00,Deprioritized,-4,Other,Prague,26,,Leadership/management position
JB_1028,Group Marketing Specialista,55 000 – 65 000 Kč,Praha – Karlín,Specialist,Marketing/Communications Specialist,,Marketing & Communications,,https://www.jobs.cz/rpd/2001322828/,2026-09-11T16:09:49+02:00,Deprioritized,-4,Other,Prague,26,,Generic marketing role
JB_9000,Produktový/á manažer/ka pro tým pojištění,,Praha – Michle,Manager,Product Manager/Product Owner,,Insurance,,https://www.jobs.cz/rpd/2001414701/,2026-09-11T16:09:49+02:00,Deprioritized,-4,Other,Prague,26,,Leadership/management position
JB_3922,Value Proposition Manager,,Hlavní město Praha,Manager,Product Manager/Product Owner,,,,https://www.jobs.cz/rpd/2001413605/,2026-09-11T16:09:49+02:00,Deprioritized,-4,Other,Prague,26,,Leadership/management position
JB_5363,Vedoucí odboru controllingu,,Praha – Nové Město,Manager,Executive/General Manager,Lead/Head,,,https://www.jobs.cz/rpd/2001380614/,2026-09-11T16:09:49+02:00,Deprioritized,-4,Other,Prague,26,,Leadership/management position
JB_1875,⋙🚀 Supply Chain Manager | Řiďte celý dodavatelský řetězec⋘,,Praha – Zličín,Manager,Supply Chain/Procurement Manager,,Supply Chain & Logistics,,https://www.jobs.cz/rpd/2001417777/,2026-09-11T16:09:49+02:00,Deprioritized,-4,Other,Prague,26,,Leadership/management position
JB_5669,"🤝 Vedoucí fundraisingu Svobody zvířat (HPP 0,7-1,0)",28 000 – 43 000 Kč,Praha – Vinohrady,Manager,Executive/General Manager,Lead/Head,,,https://www.jobs.cz/rpd/2001372512/,2026-09-11T16:09:49+02:00,Deprioritized,-4,Other,Prague,26,,Leadership/management position
JB_5582,Category manager/nákupčí,,Praha – Smíchov,Manager,Product Manager/Product Owner,,Procurement,,https://www.jobs.cz/rpd/2001408502/,2026-09-11T16:09:34+02:00,Deprioritized,-4,Other,Prague,26,,Leadership/management position
JB_1904,Digital Marketing Strategist pro mobilní aplikace,,Praha,Specialist,Marketing/Communications Specialist,,"IT & Software, Marketing & Communications",,https://www.jobs.cz/rpd/2001316492/,2026-09-11T16:09:34+02:00,Deprioritized,-4,Other,Prague,26,,Generic marketing role
JB_2676,Finanční ředitel/ka – ziskovost a výkonnost společnosti,75 000 – 95 000 Kč,Praha – Dejvice,Manager,Executive/General Manager,Executive,,,https://www.jobs.cz/rpd/2001412832/,2026-09-11T16:09:34+02:00,Deprioritized,-4,Other,Prague,26,,Leadership/management position
JB_3665,Product Manager - Automotive,,Praha,Manager,Product Manager/Product Owner,,"Product Management, Automotive & Mobility",,https://www.jobs.cz/rpd/2001403696/,2026-09-11T16:09:34+02:00,Deprioritized,-4,Other,Prague,26,,Leadership/management position
JB_8486,Security Analytics Expert,,Praha – Stodůlky,Specialist,Cybersecurity Specialist,,"Data & Analytics, Cybersecurity",,https://www.jobs.cz/rpd/2001274206/,2026-09-11T16:09:34+02:00,Deprioritized,-4,Other,Prague,26,,Senior-level position
JB_6566,Senior Demand & Supply Planner / S&OP Lead – CZ/SK,,Praha – Smíchov,Manager,Executive/General Manager,"Senior, Lead/Head",,,https://www.jobs.cz/rpd/2001413342/,2026-09-11T16:09:34+02:00,Deprioritized,-4,Other,Prague,26,,Senior-level position
JB_8674,GV Manager with English,,Praha – Karlín,Manager,Executive/General Manager,,,,https://www.jobs.cz/rpd/2001408286/,2026-09-11T16:09:22+02:00,Deprioritized,-4,Other,Prague,26,,Leadership/management position
JB_9474,GV Manager with German,,Praha – Karlín,Manager,Executive/General Manager,,,,https://www.jobs.cz/rpd/2001382888/,2026-09-11T16:09:22+02:00,Deprioritized,-4,Other,Prague,26,,Leadership/management position
JB_0545,SENIOR ADMINISTRÁTOR/KA INFORMAČNÍCH SYSTÉMŮ,,Praha – Modřany,Administrator,General Administrator,Senior,,,https://www.jobs.cz/rpd/2001402968/,2026-09-11T16:09:22+02:00,Deprioritized,-4,Other,Prague,26,,Senior-level position
JB_6810,Senior architekt/ka kybernetické bezpečnosti,,Praha – Krč,Architect,Security Architect,Senior,Cybersecurity,,https://www.jobs.cz/rpd/2001414928/,2026-09-11T16:09:22+02:00,Deprioritized,-4,Other,Prague,26,,Senior-level position
JB_8569,IT test manažer / manažerka,,Praha – Dejvice,Manager,Production/Quality Manager,,IT & Software,,https://www.jobs.cz/rpd/2001370523/,2026-09-11T16:09:09+02:00,Deprioritized,-4,Other,Prague,26,,Leadership/management position
JB_5796,Key Account Manager,,Praha – Vokovice,Manager,Sales/Account Manager,,Sales & Business Development,,https://www.jobs.cz/rpd/2001380923/,2026-09-11T16:09:09+02:00,Deprioritized,-4,Other,Prague,26,,Leadership/management position
JB_6122,Partnership Development Manager / Manažer pro rozvoj partnerství,38 000 – 60 000 Kč,Praha – Nusle,Manager,Sales/Account Manager,,,,https://www.jobs.cz/rpd/2001386915/,2026-09-11T16:09:09+02:00,Deprioritized,-4,Other,Prague,26,,Leadership/management position
JB_4656,Head of Supply Chain – Czech Republic,,Praha – Karlín,Manager,Supply Chain/Procurement Manager,Lead/Head,Supply Chain & Logistics,,https://www.jobs.cz/rpd/2001270561/,2026-09-11T16:09:03+02:00,Deprioritized,-4,Other,Prague,26,,Leadership/management position
JB_4157,IT Infrastructure Support Senior,,Praha – Vinohrady + 1 další lokalita,Support Specialist,Infrastructure/Network Support,Senior,"Cloud & Infrastructure, IT & Software",,https://www.jobs.cz/rpd/2001268670/,2026-09-11T16:09:03+02:00,Deprioritized,-4,Other,Prague,26,,Senior-level position
JB_9985,Presales konzultant pro Datová centra (m/ž),,Praha – Michle,Consultant,Marketing/Sales Consultant,,,,https://www.jobs.cz/rpd/2001368258/,2026-09-11T16:09:03+02:00,Deprioritized,-4,Other,Prague,26,,Generic marketing role
JB_4304,Senior Product Owner,,Praha – Dolní Chabry,Manager,Product Manager/Product Owner,Senior,Product Management,,https://www.jobs.cz/rpd/2001391831/,2026-09-11T16:08:47+02:00,Deprioritized,-4,Other,Prague,26,,Senior-level position
JB_5089,🚀 Obchodník / Junior obchodník | Praha – Anděl 🚀,40 000 – 80 000 Kč,Praha – Smíchov,Sales Representative,Field Sales Representative,Junior/Entry-level,Sales & Business Development,,https://www.jobs.cz/rpd/2001384579/,2026-09-11T16:08:47+02:00,Deprioritized,-4,Other,Prague,26,Junior/entry level,Non-target root occupation
JB_8310,Cost Manager / Rozpočtář/ka nákladů projektu | RUBY Praha,,Praha – Karlín,Manager,Executive/General Manager,,Project & Program Management,Ruby/Rails,https://www.jobs.cz/rpd/2001393580/,2026-09-11T16:08:36+02:00,Deprioritized,-4,Other,Prague,26,,Leadership/management position
JB_9759,Key Account Manager,,Praha – Malá Strana,Manager,Sales/Account Manager,,Sales & Business Development,,https://www.jobs.cz/rpd/2000997169/,2026-09-11T16:08:36+02:00,Deprioritized,-4,Other,Prague,26,,Leadership/management position
JB_6850,Manažer akvizic (rezidenční projekty),90 000 – 120 000 Kč,Praha – Smíchov,Manager,Project Manager,,"Sales & Business Development, Project & Program Management",,https://www.jobs.cz/rpd/2001196111/,2026-09-11T16:08:36+02:00,Deprioritized,-4,Other,Prague,26,,Leadership/management position
JB_5320,Projektový manažer,,Praha – Nusle,Manager,Project Manager,,Project & Program Management,,https://www.jobs.cz/rpd/2001410400/,2026-09-11T16:08:36+02:00,Deprioritized,-4,Other,Prague,26,,Leadership/management position
JB_2829,Senior Buyer / Nákupčí - retail,,Praha,Specialist,Procurement Specialist,Senior,"Procurement, Retail & E-commerce",,https://www.jobs.cz/rpd/2001419210/,2026-09-11T16:08:36+02:00,Deprioritized,-4,Other,Prague,26,,Senior-level position
JB_0457,AP & GRNI Specialist/ Specialista pro dodavatelskou fakturaci,,Ovčáry,Specialist,Finance/Banking Specialist,,,,https://www.jobs.cz/rpd/2001345587/,2026-09-11T16:08:24+02:00,Deprioritized,-4,Other,Outside Prague - verify,26,,Finance/accounting orientation; Location requires verification
JB_7463,Manager týmu Transakčního poradenství,,Praha – Karlín,Manager,Executive/General Manager,,,,https://www.jobs.cz/rpd/2001360031/,2026-09-11T16:08:24+02:00,Deprioritized,-4,Other,Prague,26,,Leadership/management position
JB_0291,Marketing Mobile Performance & Strategist (m/ž),,Praha – Michle,Specialist,Marketing/Communications Specialist,,Marketing & Communications,,https://www.jobs.cz/rpd/2001293561/,2026-09-11T16:08:24+02:00,Deprioritized,-4,Other,Prague,26,,Generic marketing role
JB_8319,Sales manager - New Business | IT Services,,Praha – Nusle,Manager,Sales/Account Manager,,"IT & Software, Sales & Business Development",,https://www.jobs.cz/rpd/2001342293/,2026-09-11T16:08:24+02:00,Deprioritized,-4,Other,Prague,26,,Leadership/management position
JB_7875,B2B Campaign Specialist,,Praha – Dejvice,Specialist,Marketing/Communications Specialist,,Marketing & Communications,,https://www.jobs.cz/rpd/2001381180/,2026-09-11T16:08:10+02:00,Deprioritized,-4,Other,Prague,26,,Generic marketing role
JB_9012,Finance & Accounting Specialist,,Kunice,Specialist,Finance/Banking Specialist,,Finance & Banking,,https://www.jobs.cz/rpd/2001408273/,2026-09-11T16:08:10+02:00,Deprioritized,-4,Other,Outside Prague - verify,26,,Finance/accounting orientation; Location requires verification
JB_0539,Marketing & Communication Specialist,50 000 – 70 000 Kč,Praha – Vršovice,Specialist,Marketing/Communications Specialist,,Marketing & Communications,,https://www.jobs.cz/rpd/2001358298/,2026-09-11T16:08:10+02:00,Deprioritized,-4,Other,Prague,26,,Generic marketing role
JB_0139,Marketing Specialist – Poland,50 000 – 80 000 Kč,Praha – Holešovice,Specialist,Marketing/Communications Specialist,,Marketing & Communications,,https://www.jobs.cz/rpd/2001416983/,2026-09-11T16:08:10+02:00,Deprioritized,-4,Other,Prague,26,,Generic marketing role
JB_6725,Social Media Specialist,,Praha – Chodov,Specialist,Marketing/Communications Specialist,,"Marketing & Communications, Media & Entertainment",,https://www.jobs.cz/rpd/2001386981/,2026-09-11T16:08:10+02:00,Deprioritized,-4,Other,Prague,26,,Generic marketing role
JB_7389,E-Commerce Pricing & Promotions Specialist,,Chrášťany,Specialist,Finance/Banking Specialist,,"Finance & Banking, Retail & E-commerce",,https://www.jobs.cz/rpd/2001338530/,2026-09-11T16:08:02+02:00,Deprioritized,-4,Other,Outside Prague - verify,26,,Finance/accounting orientation; Location requires verification
JB_0887,Junior Service Sales Specialist,,Praha – Michle,Sales Representative,General Sales Representative,Junior/Entry-level,Sales & Business Development,,https://www.jobs.cz/rpd/2001419517/,2026-09-11T16:08:02+02:00,Deprioritized,-4,Other,Prague,26,Junior/entry level,Non-target root occupation
JB_2973,Junior Service Sales Specialist,,Praha – Michle,Sales Representative,General Sales Representative,Junior/Entry-level,Sales & Business Development,,https://www.jobs.cz/rpd/2001413583/,2026-09-11T16:08:02+02:00,Deprioritized,-4,Other,Prague,26,Junior/entry level,Non-target root occupation
JB_9884,B2B Marketing Specialist (hands-on role s ambicí vyrůst v CMO),56 000 – 84 000 Kč,Praha – Nové Město,Specialist,Marketing/Communications Specialist,Executive,Marketing & Communications,,https://www.jobs.cz/rpd/2001400844/,2026-09-11T15:59:12+02:00,Deprioritized,-4,Other,Prague,26,,Generic marketing role
JB_2837,Digital Marketing Specialist,,Praha – Kamýk,Specialist,Marketing/Communications Specialist,,Marketing & Communications,,https://www.jobs.cz/rpd/2001345789/,2026-09-11T15:59:12+02:00,Deprioritized,-4,Other,Prague,26,,Generic marketing role
JB_1373,Digital Marketing Specialist CEE,,Praha – Dejvice,Specialist,Marketing/Communications Specialist,,Marketing & Communications,,https://www.jobs.cz/rpd/2001387413/,2026-09-11T15:59:12+02:00,Deprioritized,-4,Other,Prague,26,,Generic marketing role
JB_4515,Online Marketing Specialist/ka,,Praha – Michle,Specialist,Marketing/Communications Specialist,,Marketing & Communications,,https://www.jobs.cz/rpd/2001327256/,2026-09-11T15:59:12+02:00,Deprioritized,-4,Other,Prague,26,,Generic marketing role
JB_7806,PPC & Performance Marketing Specialist,60 000 – 90 000 Kč,Praha,Specialist,Marketing/Communications Specialist,,Marketing & Communications,,https://www.jobs.cz/rpd/2001376290/,2026-09-11T15:59:12+02:00,Deprioritized,-4,Other,Prague,26,,Generic marketing role
JB_0981,Senior Specialist – Operations,50 000 – 70 000 Kč,Praha – Staré Město,Specialist,Operations Specialist,Senior,,,https://www.jobs.cz/rpd/2001390527/,2026-09-11T15:59:12+02:00,Deprioritized,-4,Other,Prague,26,,Senior-level position
JB_5807,Brand Specialist,,Praha – Smíchov,Specialist,Marketing/Communications Specialist,,Marketing & Communications,,https://www.jobs.cz/rpd/2001385480/,2026-09-11T15:59:06+02:00,Deprioritized,-4,Other,Prague,26,,Generic marketing role
JB_9812,CRM Specialist | Digital Growth Marketing | Praha | Direct Group,,Praha – Holešovice,Specialist,Marketing/Communications Specialist,,Marketing & Communications,,https://www.jobs.cz/rpd/2001379448/,2026-09-11T15:59:06+02:00,Deprioritized,-4,Other,Prague,26,,Generic marketing role
JB_1783,Senior Cloud & Infrastructure Consultant (m/ž),,Praha – Michle,Consultant,Technical/Infrastructure Consultant,Senior,Cloud & Infrastructure,,https://www.jobs.cz/rpd/2001178160/,2026-09-11T15:59:06+02:00,Deprioritized,-4,Other,Prague,26,,Senior-level position
JB_5468,Senior System Support Specialist,,Praha – Chodov,Support Specialist,Infrastructure/Network Support,Senior,IT & Software,,https://www.jobs.cz/rpd/2001286809/,2026-09-11T15:59:06+02:00,Deprioritized,-4,Other,Prague,26,,Senior-level position
JB_2895,Social Media & Event Specialist,45 000 – 65 000 Kč,Praha,Specialist,Marketing/Communications Specialist,,"Marketing & Communications, Media & Entertainment",,https://www.jobs.cz/rpd/2001399405/,2026-09-11T15:59:06+02:00,Deprioritized,-4,Other,Prague,26,,Generic marketing role
JB_2132,Social Media Specialist | Events & Community,,Praha – Stodůlky,Specialist,Marketing/Communications Specialist,,"Marketing & Communications, Media & Entertainment",,https://www.jobs.cz/rpd/2001390309/,2026-09-11T15:59:06+02:00,Deprioritized,-4,Other,Prague,26,,Generic marketing role
JB_2410,Vedoucí oddělení informační bezpečnosti,,Praha – Michle + 1 další lokalita,Manager,Executive/General Manager,Lead/Head,Cybersecurity,,https://www.jobs.cz/rpd/2001295128/,2026-09-11T15:58:59+02:00,Deprioritized,-4,Other,Prague,26,,Leadership/management position
JB_1033,B2B Business Development Manager - Bolt Business,90 000 – 130 000 Kč,Praha – Karlín,Manager,Sales/Account Manager,,Sales & Business Development,,https://www.jobs.cz/rpd/2000989630/,2026-09-11T15:58:50+02:00,Deprioritized,-4,Other,Prague,26,,Leadership/management position
JB_5826,SENIOR BUSINESS DISCOVERY DESIGNER/KA,,Praha – Michle,Designer,UX/UI/Product Designer,Senior,,,https://www.jobs.cz/rpd/2001342433/,2026-09-11T15:58:50+02:00,Deprioritized,-4,Other,Prague,26,,Senior-level position
JB_0170,Vedoucí oddělení akvizic obsahu,,Praha – Strašnice,Manager,Sales/Account Manager,Lead/Head,Sales & Business Development,,https://www.jobs.cz/rpd/2001403329/,2026-09-11T15:58:50+02:00,Deprioritized,-4,Other,Prague,26,,Leadership/management position
JB_2237,Digital Marketing Specialist (m/ž),,Praha – Michle,Specialist,Marketing/Communications Specialist,,Marketing & Communications,,https://www.jobs.cz/rpd/2001395733/,2026-09-11T15:58:49+02:00,Deprioritized,-4,Other,Prague,26,,Generic marketing role
JB_6119,PPC Specialist (HPP neurčitá),,Praha – Nusle,Specialist,Marketing/Communications Specialist,,Marketing & Communications,,https://www.jobs.cz/rpd/2001237469/,2026-09-11T15:58:34+02:00,Deprioritized,-4,Other,Prague,26,,Generic marketing role
JB_8219,Sales Back Office Coordinator,,Praha – Dejvice,Coordinator,Sales/Marketing Coordinator,,Sales & Business Development,,https://www.jobs.cz/rpd/2001385186/,2026-09-11T15:58:34+02:00,Deprioritized,-4,Other,Prague,26,,Generic marketing role
JB_8241,Sales Manager (Specimen Management) Eastern Europe,3 012 – 3 708 EUR,Praha,Manager,Sales/Account Manager,,Sales & Business Development,,https://www.jobs.cz/rpd/2001381464/,2026-09-11T15:58:34+02:00,Deprioritized,-4,Other,Prague,26,,Leadership/management position
JB_6100,Sales Operations Coordinator,,Praha – Karlín,Coordinator,Sales/Marketing Coordinator,,Sales & Business Development,,https://www.jobs.cz/rpd/2001415064/,2026-09-11T15:58:34+02:00,Deprioritized,-4,Other,Prague,26,,Generic marketing role
JB_9072,BUSINESS COORDINATOR MANAGER/KA,,Praha – Michle,Manager,Executive/General Manager,,,,https://www.jobs.cz/rpd/2001405050/,2026-09-11T15:58:25+02:00,Deprioritized,-4,Other,Prague,26,,Leadership/management position
JB_3656,Senior Cybersecurity Consultant (m/ž),,Praha – Michle,Consultant,Security Consultant,Senior,Cybersecurity,,https://www.jobs.cz/rpd/2001178121/,2026-09-11T15:58:25+02:00,Deprioritized,-4,Other,Prague,26,,Senior-level position
JB_9310,Senior Reward Specialist,,Praha – Vinohrady,Specialist,HR/People Specialist,Senior,,,https://www.jobs.cz/rpd/2001413401/,2026-09-11T15:58:25+02:00,Deprioritized,-4,Other,Prague,26,,Senior-level position
JB_8432,Vedoucí Gastro Category Managementu,,Praha – Smíchov,Manager,Executive/General Manager,Lead/Head,,,https://www.jobs.cz/rpd/2001410368/,2026-09-11T15:58:25+02:00,Deprioritized,-4,Other,Prague,26,,Leadership/management position
JB_2226,Vedoucí Strategického Asset Managementu (m/ž),,Praha + 2 další lokality,Manager,Executive/General Manager,Lead/Head,,,https://www.jobs.cz/rpd/2001417341/,2026-09-11T15:58:25+02:00,Deprioritized,-4,Other,Prague,26,,Leadership/management position
JB_4981,Quality Assurance Manager,,Praha – Jinonice,Manager,Production/Quality Manager,,Quality & Safety,,https://www.jobs.cz/rpd/2001409187/,2026-09-11T15:58:19+02:00,Deprioritized,-4,Other,Prague,26,,Leadership/management position
JB_4328,Group Senior Promotion Specialist,,Praha – Vinohrady,Specialist,General Specialist,Senior,,,https://www.jobs.cz/rpd/2001396240/,2026-09-11T15:58:07+02:00,Deprioritized,-4,Other,Prague,26,,Senior-level position
JB_6214,Freight Audit Senior Specialist,,Praha – Michle,Specialist,Logistics/Supply Chain Specialist,Senior,"Compliance & Risk, Supply Chain & Logistics",,https://www.jobs.cz/rpd/2001398116/,2026-09-11T15:58:06+02:00,Deprioritized,-4,Other,Prague,26,,Senior-level position
JB_1430,Intercompany Services Contract Specialist / Manager (f/m/d),,Praha – Karlín,Manager,Executive/General Manager,,,,https://www.jobs.cz/rpd/2001412757/,2026-09-11T15:58:06+02:00,Deprioritized,-4,Other,Prague,26,,Leadership/management position
JB_6662,Intercompany Services Contract Specialist / Manager - Time limited (Maternity Cover) (f/m/,,Praha – Karlín,Manager,Executive/General Manager,,,,https://www.jobs.cz/rpd/2001412750/,2026-09-11T15:58:06+02:00,Deprioritized,-4,Other,Prague,26,,Leadership/management position
JB_5113,Senior Supply Chain Specialist,,Praha – Karlín,Specialist,Logistics/Supply Chain Specialist,Senior,Supply Chain & Logistics,,https://www.jobs.cz/rpd/2001279171/,2026-09-11T15:58:06+02:00,Deprioritized,-4,Other,Prague,26,,Senior-level position
JB_9302,"IT Director – Infrastruktura, systémy & IT Security",130 000 – 150 000 Kč,Praha,Manager,IT/Engineering Manager,Executive,"Cybersecurity, IT & Software",,https://www.jobs.cz/rpd/2001406987/,2026-09-11T15:57:55+02:00,Deprioritized,-4,Other,Prague,26,,Leadership/management position
JB_7238,Senior analytik/čka úvěrového rizika - Praha,,Praha – Michle,Analyst,General Analyst,Senior,Data & Analytics,,https://www.jobs.cz/rpd/2001413276/,2026-09-11T15:57:43+02:00,Deprioritized,-4,Other,Prague,26,,Senior-level position
JB_7593,Category Management Specialist – Central Europe (CZ/SK/DE),,Praha – Jinonice,Specialist,General Specialist,,,,https://www.jobs.cz/rpd/2001403652/,2026-09-11T15:57:28+02:00,Deprioritized,-4,Other,Prague,26,,Leadership/management position
JB_7017,Senior analytik/čka kapitálové přiměřenosti - Praha,,Praha – Michle,Analyst,General Analyst,Senior,Data & Analytics,,https://www.jobs.cz/rpd/2001247516/,2026-09-11T15:57:28+02:00,Deprioritized,-4,Other,Prague,26,,Senior-level position
JB_9523,Technický produktový manažer pro doporučovací systém,,Praha,Manager,Product Manager/Product Owner,,"IT & Software, Product Management",,https://www.jobs.cz/rpd/2001234158/,2026-09-11T15:57:28+02:00,Deprioritized,-4,Other,Prague,26,,Leadership/management position
JB_2476,Vedoucí analytického oddělení,,Praha – Nusle,Manager,Executive/General Manager,Lead/Head,,,https://www.jobs.cz/rpd/2001284565/,2026-09-11T15:57:28+02:00,Deprioritized,-4,Other,Prague,26,,Leadership/management position
JB_1502,Senior pojistný/á matematik/matematička pricingu neživotního pojištění,,Praha – Vokovice + 1 další lokalita,Specialist,Insurance/Actuarial Specialist,Senior,Insurance,,https://www.jobs.cz/rpd/2001394262/,2026-09-11T15:57:15+02:00,Deprioritized,-4,Other,Prague,26,,Senior-level position
JB_1085,Performance management analyst,,Praha – Michle,Analyst,General Analyst,,,,https://www.jobs.cz/rpd/2001393545/,2026-09-11T15:57:03+02:00,Deprioritized,-4,Other,Prague,26,,Leadership/management position
JB_2284,"IT Governance, Risk & Compliance Director",,Praha,Manager,IT/Engineering Manager,Executive,"IT & Software, Compliance & Risk",,https://www.jobs.cz/rpd/2001417768/,2026-09-11T15:56:57+02:00,Deprioritized,-4,Other,Prague,26,,Leadership/management position
JB_3780,Geographic Data and Risk Analyst - junior/senior,,Praha – Michle,Analyst,Risk/Credit Analyst,"Junior/Entry-level, Senior","Data & Analytics, Compliance & Risk",,https://www.jobs.cz/rpd/2001281051/,2026-09-11T15:56:22+02:00,Deprioritized,-4,Other,Prague,26,Junior/entry level,Senior-level position; Finance/accounting orientation
JB_0782,Factory manager,,Klecany – Zdibsko,Manager,Production/Quality Manager,,Manufacturing & Production,,https://www.jobs.cz/rpd/2001467879/,2026-10-07T13:38:39+02:00,Deprioritized,-5,Other,Outside Prague - verify,0,,Leadership/management position; Location requires verification
JB_9086,Head of the Models of Infectious Diseases Module (MID),70 000 – 100 000 Kč,Vestec,Manager,Executive/General Manager,Lead/Head,,,https://www.jobs.cz/rpd/2001462070/,2026-10-07T13:14:22+02:00,Deprioritized,-5,Other,Outside Prague - verify,0,,Leadership/management position; Location requires verification
JB_7805,projektový manažer v oboru stínící techniky,45 000 – 60 000 Kč,Vestec,Manager,Project Manager,,Project & Program Management,,https://www.jobs.cz/rpd/2001461643/,2026-10-07T13:13:32+02:00,Deprioritized,-5,Other,Outside Prague - verify,0,,Leadership/management position; Location requires verification
JB_8079,Deputy Quality Assurance Manager,,Kněževes,Manager,Production/Quality Manager,,Quality & Safety,,https://www.jobs.cz/rpd/2001463596/,2026-10-07T13:03:19+02:00,Deprioritized,-5,Other,Outside Prague - verify,0,,Leadership/management position; Location requires verification
JB_9191,Head of the Preclinical Evaluation Module (PEM),70 000 – 100 000 Kč,Vestec,Manager,Executive/General Manager,Lead/Head,,,https://www.jobs.cz/rpd/2001462068/,2026-10-07T13:02:56+02:00,Deprioritized,-5,Other,Outside Prague - verify,0,,Leadership/management position; Location requires verification
JB_1000,Specialista pro marketing a komunikaci,,Dolní Břežany,Specialist,Marketing/Communications Specialist,,Marketing & Communications,,https://www.jobs.cz/rpd/2001465041/,2026-10-07T12:52:03+02:00,Deprioritized,-5,Other,Outside Prague - verify,0,,Generic marketing role; Location requires verification
JB_8757,KEY ACCOUNT MANAGER – AUTOMOTIVE,,Úžice,Manager,Sales/Account Manager,,"Sales & Business Development, Automotive & Mobility",,https://www.jobs.cz/rpd/2001459851/,2026-10-03T10:14:14+02:00,Deprioritized,-5,Other,Outside Prague - verify,5,,Leadership/management position; Location requires verification
JB_6965,Specialista kvality - senior,,Louny,Specialist,Quality/Regulatory Specialist,Senior,Quality & Safety,,https://www.jobs.cz/rpd/2001459048/,2026-10-02T12:14:06+02:00,Deprioritized,-5,Other,Outside Prague - verify,5,,Senior-level position; Location requires verification
JB_1557,Manager Region IQOS Stores,,Středočeský kraj,Manager,Executive/General Manager,,,,https://www.jobs.cz/rpd/2001459049/,2026-10-02T12:04:30+02:00,Deprioritized,-5,Other,Outside Prague - verify,5,,Leadership/management position; Location requires verification
JB_5192,Projektový manažer (Planeo.cz / Planeo.sk),,Říčany,Manager,Project Manager,,Project & Program Management,,https://www.jobs.cz/rpd/2001274812/,2026-10-02T11:54:04+02:00,Deprioritized,-5,Other,Outside Prague - verify,5,,Leadership/management position; Location requires verification
JB_0770,Director Area Operations,,Říčany – Jažlovice + 2 další lokality,Manager,Operations/Service Delivery Manager,Executive,,,https://www.jobs.cz/rpd/2001456185/,2026-10-02T11:23:31+02:00,Deprioritized,-5,Other,Outside Prague - verify,5,,Leadership/management position; Location requires verification
JB_6470,Vedoucí paletového hospodářství 📦,,Říčany – Jažlovice,Manager,Executive/General Manager,Lead/Head,,,https://www.jobs.cz/rpd/2001458015/,2026-10-02T11:23:21+02:00,Deprioritized,-5,Other,Outside Prague - verify,5,,Leadership/management position; Location requires verification
BLT_2361,Data & Insights,,28 Locations,Other,Unclassified,Entry level,Data & Analytics,,https://builtin.com/job/data-insights/11435195,2026-10-02T11:04:35+02:00,Deprioritized,-5,Other,Outside Prague - verify,6,Junior/entry level,Non-target root occupation; Location requires verification
JB_2500,HR Manager,,Středočeský kraj,Manager,HR/People Manager,,HR & Recruitment,,https://www.jobs.cz/rpd/2001446545/,2026-09-26T10:29:52+02:00,Deprioritized,-5,Other,Outside Prague - verify,12,,Leadership/management position; Location requires verification
JB_5301,»»HSE Manager–Safety & Environment««,,Bystřice – Petrovice,Manager,Production/Quality Manager,,Quality & Safety,,https://www.jobs.cz/rpd/2001445138/,2026-09-25T10:29:05+02:00,Deprioritized,-5,Other,Outside Prague - verify,13,,Leadership/management position; Location requires verification
JB_0276,SUPPLY CHAIN MANAGER,100 000 – 120 000 Kč,okres Louny,Manager,Supply Chain/Procurement Manager,,Supply Chain & Logistics,,https://www.jobs.cz/rpd/2001444801/,2026-09-25T10:28:50+02:00,Deprioritized,-5,Other,Outside Prague - verify,13,,Leadership/management position; Location requires verification
JB_7097,Interim manažer - Celá ČR,60 000 – 100 000 Kč,Středočeský kraj + 3 další lokality,Manager,Executive/General Manager,,,,https://www.jobs.cz/rpd/2001446151/,2026-09-25T10:18:09+02:00,Deprioritized,-5,Other,Outside Prague - verify,13,,Leadership/management position; Location requires verification
JB_2465,Manažer administrativy | Logistika,50 000 – 70 000 Kč,Tuchoměřice,Manager,Executive/General Manager,,,,https://www.jobs.cz/rpd/2001441334/,2026-09-23T20:17:45+02:00,Deprioritized,-5,Other,Outside Prague - verify,14,,Leadership/management position; Location requires verification
JB_3952,Operational Excellence Manager (FES&P),,Mladá Boleslav – Bezděčín,Manager,Operations/Service Delivery Manager,,,,https://www.jobs.cz/rpd/2001440154/,2026-09-22T19:18:38+02:00,Deprioritized,-5,Other,Outside Prague - verify,15,,Leadership/management position; Location requires verification
BLT_0633,Integration Specialist | Live Entertainment Company,,26 Locations,Specialist,General Specialist,Senior level,Media & Entertainment,,https://builtin.com/job/integration-specialist-live-entertainment-company/11300707,2026-09-22T18:56:01+02:00,Deprioritized,-5,Other,Outside Prague - verify,15,,Senior-level position; Location requires verification
JB_6851,Senior Strategic Purchaser,,Chrášťany,Specialist,Procurement Specialist,Senior,Procurement,,https://www.jobs.cz/rpd/2001438981/,2026-09-21T17:33:32+02:00,Deprioritized,-5,Other,Outside Prague - verify,16,,Senior-level position; Location requires verification
JB_6476,Vedoucí směny/ Line Coordinator,,Kutná Hora – Sedlec,Manager,Executive/General Manager,Lead/Head,,,https://www.jobs.cz/rpd/2001233066/,2026-09-21T17:24:05+02:00,Deprioritized,-5,Other,Outside Prague - verify,16,,Leadership/management position; Location requires verification
BLT_8483,Senior Growth Analyst - Calendars,,26 Locations,Analyst,General Analyst,Senior level,,,https://builtin.com/job/senior-growth-analyst-calendars/11258228,2026-09-20T09:15:40+02:00,Deprioritized,-5,Other,Outside Prague - verify,18,,Senior-level position; Location requires verification
JB_3446,Vedoucí zákaznické podpory | SvětKaravanů.cz (M/Ž),45 000 – 60 000 Kč,Bavoryně,Manager,Customer Success/Experience Manager,Lead/Head,Customer Service,,https://www.jobs.cz/rpd/2001431254/,2026-09-18T18:42:30+02:00,Deprioritized,-5,Other,Outside Prague - verify,19,,Leadership/management position; Location requires verification
JB_7317,"PROJEKTOVÝ MANAŽER veřejných zakázek (pro obce, města a veřejné zadavatele)",,Poděbrady – Poděbrady I,Manager,Project Manager,,Project & Program Management,,https://www.jobs.cz/rpd/2001429068/,2026-09-18T18:18:42+02:00,Deprioritized,-5,Other,Outside Prague - verify,19,,Leadership/management position; Location requires verification
JB_5074,Senior HR Business Partner,,Kolín – Kolín IV,Specialist,HR/People Specialist,Senior,HR & Recruitment,,https://www.jobs.cz/rpd/2001431555/,2026-09-18T18:16:52+02:00,Deprioritized,-5,Other,Outside Prague - verify,19,,Senior-level position; Location requires verification
JB_8487,Production Manager,,Brandýs nad Labem-Stará Boleslav,Manager,Production/Quality Manager,,Manufacturing & Production,,https://www.jobs.cz/rpd/2001427436/,2026-09-18T13:26:32+02:00,Deprioritized,-5,Other,Outside Prague - verify,19,,Leadership/management position; Location requires verification
JB_2901,Vedoucí oddělení veřejných zakázek,,Kladno,Manager,Executive/General Manager,Lead/Head,,,https://www.jobs.cz/rpd/2001428468/,2026-09-18T13:20:01+02:00,Deprioritized,-5,Other,Outside Prague - verify,19,,Leadership/management position; Location requires verification
JB_6723,Head of Production Unit (m/f),,Hlavenec + 1 další lokalita,Manager,Production/Quality Manager,Lead/Head,Manufacturing & Production,,https://www.jobs.cz/rpd/2001426942/,2026-09-18T13:19:19+02:00,Deprioritized,-5,Other,Outside Prague - verify,19,,Leadership/management position; Location requires verification
JB_6673,Manažer ambulantního provozu (m/ž),,Hořovice,Manager,Executive/General Manager,,,,https://www.jobs.cz/rpd/2001432881/,2026-09-18T13:19:19+02:00,Deprioritized,-5,Other,Outside Prague - verify,19,,Leadership/management position; Location requires verification
JB_8806,Repair Operations Manager,,Lovosice,Manager,Operations/Service Delivery Manager,,,,https://www.jobs.cz/rpd/2001360397/,2026-09-18T13:19:06+02:00,Deprioritized,-5,Other,Outside Prague - verify,19,,Leadership/management position; Location requires verification
JB_6307,Social Media Specialist/ka,,Dolní Beřkovice,Specialist,Marketing/Communications Specialist,,"Marketing & Communications, Media & Entertainment",,https://www.jobs.cz/rpd/2001052035/,2026-09-18T13:08:06+02:00,Deprioritized,-5,Other,Outside Prague - verify,19,,Generic marketing role; Location requires verification
JB_7727,Sales Coordinator / Podpora obchodu / Technické zaměření,,Nučice,Coordinator,Sales/Marketing Coordinator,,Sales & Business Development,,https://www.jobs.cz/rpd/2001427064/,2026-09-18T13:06:42+02:00,Deprioritized,-5,Other,Outside Prague - verify,19,,Generic marketing role; Location requires verification
JB_6742,Obchodní zástupce Allianz pojišťovny/ Asistent pro oblastní manažerské centrum,50 000 – 80 000 Kč,Litoměřice – Litoměřice-Město,Manager,Sales/Account Manager,,"Insurance, Sales & Business Development",,https://www.jobs.cz/rpd/2001425533/,2026-09-15T00:08:31+02:00,Deprioritized,-5,Other,Outside Prague - verify,23,,Leadership/management position; Location requires verification
JB_5433,HR Manažer/ka - Praha západ,70 000 – 75 000 Kč,Středočeský kraj,Manager,HR/People Manager,,HR & Recruitment,,https://www.jobs.cz/rpd/2001425653/,2026-09-15T00:00:38+02:00,Deprioritized,-5,Other,Outside Prague - verify,23,,Leadership/management position; Location requires verification
JB_8509,Marketing / E-commerce specialista (m/ž),,Mělník,Specialist,Marketing/Communications Specialist,,"Marketing & Communications, Retail & E-commerce",,https://www.jobs.cz/rpd/2001424698/,2026-09-15T00:00:08+02:00,Deprioritized,-5,Other,Outside Prague - verify,23,,Generic marketing role; Location requires verification
JB_2840,Sales Orders Coordinator CZ & SK,,Čestlice,Coordinator,Sales/Marketing Coordinator,,Sales & Business Development,,https://www.jobs.cz/rpd/2001424704/,2026-09-14T23:49:01+02:00,Deprioritized,-5,Other,Outside Prague - verify,23,,Generic marketing role; Location requires verification
BLT_1025,Founding CTO (Web2),,27 Locations,Manager,Executive/General Manager,Senior level,,,https://builtin.com/job/founding-cto-web2/9709445,2026-09-14T23:29:34+02:00,Deprioritized,-5,Other,Outside Prague - verify,23,,Senior-level position; Location requires verification
BLT_5591,"Spontaneous Application (Tech, Product & GTM)",,27 Locations,Other,Unclassified,Entry level,IT & Software,,https://builtin.com/job/spontaneous-application-tech-product-gtm/10108033,2026-09-14T23:29:34+02:00,Deprioritized,-5,Other,Outside Prague - verify,23,Junior/entry level,Non-target root occupation; Location requires verification
BLT_3535,"Senior Solutions Architect, CSP (Europe)",120K-200K Annually,27 Locations,Architect,Solution Architect,Senior level,,,https://builtin.com/job/senior-solutions-architect-csp-europe/9938216,2026-09-14T23:28:55+02:00,Deprioritized,-5,Other,Outside Prague - verify,23,,Senior-level position; Location requires verification
SJ_103703,Obchodní konzultant (junior / expert) pro optický internet,,Prague,Consultant,Marketing/Sales Consultant,Junior/Entry-level,Sales & Business Development,,https://www.startupjobs.cz/nabidka/103703/obchodni-konzultant-junior-expert-pro-opticky-internet,2026-09-12T11:01:43+02:00,Deprioritized,-5,Other,Prague,26,Junior/entry level,Senior-level position; Generic marketing role
JB_0530,Account Manager/ka - auto i k soukromým účelům!,,Benešov + 2 další lokality,Manager,Sales/Account Manager,,Sales & Business Development,,https://www.jobs.cz/rpd/2001417473/,2026-09-11T17:32:39+02:00,Deprioritized,-5,Other,Outside Prague - verify,26,,Leadership/management position; Location requires verification
JB_9555,Account Manager/ka - auto i k soukromým účelům!,,Kutná Hora,Manager,Sales/Account Manager,,Sales & Business Development,,https://www.jobs.cz/rpd/2001393568/,2026-09-11T17:32:39+02:00,Deprioritized,-5,Other,Outside Prague - verify,26,,Leadership/management position; Location requires verification
JB_4608,"Key Account Manager – retail, DIY a e-commerce",50 000 – 90 000 Kč,okres Benešov,Manager,Sales/Account Manager,,"Sales & Business Development, Retail & E-commerce",,https://www.jobs.cz/rpd/2001411743/,2026-09-11T17:32:39+02:00,Deprioritized,-5,Other,Outside Prague - verify,26,,Leadership/management position; Location requires verification
JB_8238,Vedoucí zákaznické podpory | SvětKaravanů.cz (M/Ž),45 000 – 60 000 Kč,Bavoryně,Manager,Customer Success/Experience Manager,Lead/Head,Customer Service,,https://www.jobs.cz/rpd/2001379149/,2026-09-11T17:21:38+02:00,Deprioritized,-5,Other,Outside Prague - verify,26,,Leadership/management position; Location requires verification
JB_7792,Production Manager / Manažer výroby (m/ž),,Brandýs nad Labem-Stará Boleslav,Manager,Production/Quality Manager,,Manufacturing & Production,,https://www.jobs.cz/rpd/2001417587/,2026-09-11T17:21:19+02:00,Deprioritized,-5,Other,Outside Prague - verify,26,,Leadership/management position; Location requires verification
JB_9519,Energetický konzultant a prodejce na pobočce - Beroun,,Beroun – Beroun-Centrum,Consultant,Marketing/Sales Consultant,,"Sales & Business Development, Energy & Utilities",,https://www.jobs.cz/rpd/2001364490/,2026-09-11T17:12:12+02:00,Deprioritized,-5,Other,Outside Prague - verify,26,,Generic marketing role; Location requires verification
JB_9212,Obchodník Junior (m/ž),60 000 – 120 000 Kč,Česká republika,Sales Representative,Field Sales Representative,Junior/Entry-level,Sales & Business Development,,https://www.jobs.cz/rpd/2000945844/,2026-09-11T17:12:12+02:00,Deprioritized,-5,Other,Czechia - verify Prague/remote,26,Junior/entry level,Non-target root occupation; Location requires verification
JB_6507,PRODUKTOVÝ MANAŽER,,Čebín + 2 další lokality,Manager,Product Manager/Product Owner,,Product Management,,https://www.jobs.cz/rpd/2001403313/,2026-09-11T17:11:14+02:00,Deprioritized,-5,Other,Outside Prague - verify,26,,Leadership/management position; Location requires verification
JB_1936,Quality & Environmental Manager,,Ovčáry,Manager,Production/Quality Manager,,Quality & Safety,,https://www.jobs.cz/rpd/2001288531/,2026-09-11T17:10:35+02:00,Deprioritized,-5,Other,Outside Prague - verify,26,,Leadership/management position; Location requires verification
JB_9580,Junior Brand Manager,,Praha – Strašnice,Manager,Marketing/Brand Manager,Junior/Entry-level,Marketing & Communications,,https://www.jobs.cz/rpd/2001421095/,2026-09-11T17:03:31+02:00,Deprioritized,-5,Other,Prague,26,Junior/entry level,Leadership/management position; Generic marketing role
JB_8272,Marketing & E-commerce Specialist,50 000 – 65 000 Kč,Jeneč,Specialist,Marketing/Communications Specialist,,"Marketing & Communications, Retail & E-commerce",,https://www.jobs.cz/rpd/2001383604/,2026-09-11T17:03:00+02:00,Deprioritized,-5,Other,Outside Prague - verify,26,,Generic marketing role; Location requires verification
JB_7869,Marketing Operations Specialist,40 000 – 60 000 Kč,Nupaky,Specialist,Marketing/Communications Specialist,,Marketing & Communications,,https://www.jobs.cz/rpd/2001414435/,2026-09-11T17:03:00+02:00,Deprioritized,-5,Other,Outside Prague - verify,26,,Generic marketing role; Location requires verification
JB_4109,Vendor Marketing Specialist,40 000 – 60 000 Kč,Nupaky,Specialist,Marketing/Communications Specialist,,Marketing & Communications,,https://www.jobs.cz/rpd/2001414532/,2026-09-11T17:03:00+02:00,Deprioritized,-5,Other,Outside Prague - verify,26,,Generic marketing role; Location requires verification
JB_9373,Project Management & Functional Supporter ADAS (m/f/d),,Středočeský kraj,Support Specialist,General Support Specialist,,Project & Program Management,,https://www.jobs.cz/rpd/2001378763/,2026-09-11T17:01:31+02:00,Deprioritized,-5,Other,Outside Prague - verify,26,,Leadership/management position; Location requires verification
JB_4492,Manažer poradenského týmu ve finanční skupině Swiss Life,70 000 – 140 000 Kč,Ústecký kraj,Manager,Executive/General Manager,,,,https://www.jobs.cz/rpd/2001355668/,2026-09-11T17:00:41+02:00,Deprioritized,-5,Other,Outside Prague - verify,26,,Leadership/management position; Location requires verification
JB_1581,Key Account Manager pro výrobní firmy,60 000 – 80 000 Kč,Kolín – Sendražice,Manager,Sales/Account Manager,,"Sales & Business Development, Manufacturing & Production",,https://www.jobs.cz/rpd/2001401425/,2026-09-11T16:42:42+02:00,Deprioritized,-5,Other,Outside Prague - verify,26,,Leadership/management position; Location requires verification
JB_5543,Projektový manažer implementace diagnostiky palubního systému (m/ž),,Mladá Boleslav,Manager,Project Manager,,Project & Program Management,,https://www.jobs.cz/rpd/2001297397/,2026-09-11T16:30:25+02:00,Deprioritized,-5,Other,Outside Prague - verify,26,,Leadership/management position; Location requires verification
JB_4627,Produktový manažer - integrace a podnikové systémy,,Strančice – Všechromy,Manager,Product Manager/Product Owner,,Product Management,,https://www.jobs.cz/rpd/2001301728/,2026-09-11T16:29:58+02:00,Deprioritized,-5,Other,Outside Prague - verify,26,,Leadership/management position; Location requires verification
JB_3642,"Technicko-provozní vedoucí (údržba, technologie, Facility)",110 000 – 120 000 Kč,Lety,Manager,Operations/Service Delivery Manager,Lead/Head,,,https://www.jobs.cz/rpd/2001401119/,2026-09-11T16:29:58+02:00,Deprioritized,-5,Other,Outside Prague - verify,26,,Leadership/management position; Location requires verification
JB_1453,Senior Credit Management Specialist with French,,Praha – Michle,Specialist,General Specialist,Senior,Compliance & Risk,,https://www.jobs.cz/rpd/2001406342/,2026-09-11T16:29:50+02:00,Deprioritized,-5,Other,Prague,26,French-language advantage,Senior-level position; Leadership/management position
JB_6136,Stavíme pipeline na pozici manažerů údržby,130 000 – 150 000 Kč,Čížkovice,Manager,Executive/General Manager,,,,https://www.jobs.cz/rpd/2001399183/,2026-09-11T16:20:20+02:00,Deprioritized,-5,Other,Outside Prague - verify,26,,Leadership/management position; Location requires verification
JB_9907,Vedoucí výroby / 60členný tým,65 000 – 100 000 Kč,Čelákovice,Manager,Production/Quality Manager,Lead/Head,Manufacturing & Production,,https://www.jobs.cz/rpd/2001387392/,2026-09-11T16:19:22+02:00,Deprioritized,-5,Other,Outside Prague - verify,26,,Leadership/management position; Location requires verification
JB_0869,Business Development Manager – Premium Exhibition Projects,,Milovice,Manager,Project Manager,,Sales & Business Development,,https://www.jobs.cz/rpd/2001388675/,2026-09-11T16:19:02+02:00,Deprioritized,-5,Other,Outside Prague - verify,26,,Leadership/management position; Location requires verification
JB_7247,Head of the New Approach Methodologies (NAM) Module,70 000 – 90 000 Kč,Vestec,Manager,Executive/General Manager,Lead/Head,,,https://www.jobs.cz/rpd/2001336177/,2026-09-11T16:18:49+02:00,Deprioritized,-5,Other,Outside Prague - verify,26,,Leadership/management position; Location requires verification
JB_8342,Konzultant O2 prodejny (m/ž),40 000 – 70 000 Kč,Česká republika,Consultant,Marketing/Sales Consultant,,"Sales & Business Development, Retail & E-commerce",,https://www.jobs.cz/rpd/2000966305/,2026-09-11T16:18:49+02:00,Deprioritized,-5,Other,Czechia - verify Prague/remote,26,,Generic marketing role; Location requires verification
JB_5961,Obchodní manažer/ka pro Českou republiku,,Jihomoravský kraj + 1 další lokalita,Manager,Sales/Account Manager,,Sales & Business Development,,https://www.jobs.cz/rpd/2001384745/,2026-09-11T16:18:49+02:00,Deprioritized,-5,Other,Outside Prague - verify,26,,Leadership/management position; Location requires verification
JB_3537,"VEDOUCÍ ŘIDIČŮ A VOZOVÉHO PARKU, služební auto",,Mladá Boleslav – Mladá Boleslav I,Manager,Supply Chain/Procurement Manager,Lead/Head,,,https://www.jobs.cz/rpd/2001373885/,2026-09-11T16:18:49+02:00,Deprioritized,-5,Other,Outside Prague - verify,26,,Leadership/management position; Location requires verification
JB_9463,»»HSE Manager–Safety & Environment««,,Bystřice – Petrovice,Manager,Production/Quality Manager,,Quality & Safety,,https://www.jobs.cz/rpd/2001379027/,2026-09-11T16:18:49+02:00,Deprioritized,-5,Other,Outside Prague - verify,26,,Leadership/management position; Location requires verification
JB_5732,Senior Legal Counsel F/M,,Nehvizdy,Specialist,Legal Specialist,Senior,Legal,,https://www.jobs.cz/rpd/2001406281/,2026-09-11T16:18:18+02:00,Deprioritized,-5,Other,Outside Prague - verify,26,,Senior-level position; Location requires verification
JB_1505,Manažer technického rozvoje závodu,,Nymburk,Manager,Executive/General Manager,,,,https://www.jobs.cz/rpd/2001394079/,2026-09-11T16:17:54+02:00,Deprioritized,-5,Other,Outside Prague - verify,26,,Leadership/management position; Location requires verification
JB_4778,Senior pro dlouhodobé kapacitní plánování,,Nymburk,Planner,General Planner,Senior,,,https://www.jobs.cz/rpd/2001390028/,2026-09-11T16:17:54+02:00,Deprioritized,-5,Other,Outside Prague - verify,26,,Senior-level position; Location requires verification
JB_6824,Vedoucí oddělení IT ve výrobní společnosti,,Všetaty,Manager,Production/Quality Manager,Lead/Head,"IT & Software, Manufacturing & Production",,https://www.jobs.cz/rpd/2001380786/,2026-09-11T16:17:46+02:00,Deprioritized,-5,Other,Outside Prague - verify,26,,Leadership/management position; Location requires verification
JB_7359,Datawarehouse Operator (Production),,Hlavní město Praha,Operator,Production Operator,,"Data & Analytics, Manufacturing & Production",,https://www.jobs.cz/rpd/2001340448/,2026-09-11T16:17:36+02:00,Deprioritized,-5,Other,Prague,26,SQL/data platform,Non-target root occupation
JB_8644,Vedoucí personálního a mzdového oddělení,,Rakovník,Manager,HR/People Manager,Lead/Head,HR & Recruitment,,https://www.jobs.cz/rpd/2001409978/,2026-09-11T16:11:05+02:00,Deprioritized,-5,Other,Outside Prague - verify,26,,Leadership/management position; Location requires verification
JB_1484,Manažer logistiky,,Nymburk,Manager,Executive/General Manager,,,,https://www.jobs.cz/rpd/2001385390/,2026-09-11T16:10:53+02:00,Deprioritized,-5,Other,Outside Prague - verify,26,,Leadership/management position; Location requires verification
JB_7254,VEDOUCÍ/MANAŽER SKLADU,60 000 – 70 000 Kč,Kněževes,Manager,Supply Chain/Procurement Manager,Lead/Head,Supply Chain & Logistics,,https://www.jobs.cz/rpd/2001400963/,2026-09-11T16:10:53+02:00,Deprioritized,-5,Other,Outside Prague - verify,26,,Leadership/management position; Location requires verification
JB_3418,Vedoucí logistiky,,Čestlice,Manager,Executive/General Manager,Lead/Head,,,https://www.jobs.cz/rpd/2001399378/,2026-09-11T16:10:45+02:00,Deprioritized,-5,Other,Outside Prague - verify,26,,Leadership/management position; Location requires verification
JB_5687,COUNTRY MANAGER FOR THE CZECH REPUBLIC | TRANSPORT & LOGISTICS,,Jeneč,Manager,Supply Chain/Procurement Manager,,Supply Chain & Logistics,,https://www.jobs.cz/rpd/2001405806/,2026-09-11T16:10:33+02:00,Deprioritized,-5,Other,Outside Prague - verify,26,,Leadership/management position; Location requires verification
JB_1483,HR MANAGER | výrobní společnost,,Brandýs nad Labem-Stará Boleslav – Brandýs nad Labem,Manager,Production/Quality Manager,,"HR & Recruitment, Manufacturing & Production",,https://www.jobs.cz/rpd/2001406543/,2026-09-11T16:10:33+02:00,Deprioritized,-5,Other,Outside Prague - verify,26,,Leadership/management position; Location requires verification
JB_3337,Operations Manager (Výroba a Logistika),,Milovice – Mladá,Manager,Production/Quality Manager,,Manufacturing & Production,,https://www.jobs.cz/rpd/2001372069/,2026-09-11T16:10:33+02:00,Deprioritized,-5,Other,Outside Prague - verify,26,,Leadership/management position; Location requires verification
JB_1073,"🎯VEDOUCÍ VÝROBNÍ HALY 🎯| Buďte lídrem, který udává směr výrobě",,Kolín – Kolín IV,Manager,Production/Quality Manager,Lead/Head,Manufacturing & Production,,https://www.jobs.cz/rpd/2001393833/,2026-09-11T16:10:33+02:00,Deprioritized,-5,Other,Outside Prague - verify,26,,Leadership/management position; Location requires verification
JB_1125,Finanční ředitel / CFO výrobního závodu,,okres Benešov,Manager,Production/Quality Manager,Executive,Manufacturing & Production,,https://www.jobs.cz/rpd/2001400464/,2026-09-11T16:10:20+02:00,Deprioritized,-5,Other,Outside Prague - verify,26,,Leadership/management position; Location requires verification
JB_0410,INDUSTRIAL PLANNING MANAGER,,Česká Lípa,Manager,Executive/General Manager,,Manufacturing & Production,,https://www.jobs.cz/rpd/2001403562/,2026-09-11T16:09:49+02:00,Deprioritized,-5,Other,Outside Prague - verify,26,,Leadership/management position; Location requires verification
JB_5214,European Senior Product Designer,,Středočeský kraj,Designer,UX/UI/Product Designer,Senior,,,https://www.jobs.cz/rpd/2001400596/,2026-09-11T16:09:34+02:00,Deprioritized,-5,Other,Outside Prague - verify,26,,Senior-level position; Location requires verification
JB_5373,Junior Brand Manager,,Praha – Smíchov,Manager,Marketing/Brand Manager,Junior/Entry-level,Marketing & Communications,,https://www.jobs.cz/rpd/2001385509/,2026-09-11T16:09:34+02:00,Deprioritized,-5,Other,Prague,26,Junior/entry level,Leadership/management position; Generic marketing role
JB_2217,📦 Vedoucí logistiky a plánování,,Ústecký kraj,Manager,Executive/General Manager,Lead/Head,,,https://www.jobs.cz/rpd/2001380833/,2026-09-11T16:09:34+02:00,Deprioritized,-5,Other,Outside Prague - verify,26,,Leadership/management position; Location requires verification
JB_2597,HEAD OF SALES / OBCHODNÍ ŘEDITEL - LOGISTIKA & SPEDICE,,Chrášťany,Manager,Sales/Account Manager,"Lead/Head, Executive",Sales & Business Development,,https://www.jobs.cz/rpd/2001402822/,2026-09-11T16:09:09+02:00,Deprioritized,-5,Other,Outside Prague - verify,26,,Leadership/management position; Location requires verification
JB_9232,Produktový manažer (non-paint portfolio),,Tuchoměřice,Manager,Product Manager/Product Owner,,Product Management,,https://www.jobs.cz/rpd/2001419082/,2026-09-11T16:08:02+02:00,Deprioritized,-5,Other,Outside Prague - verify,26,,Leadership/management position; Location requires verification
JB_1421,Cross-Brand Partnership & Sharing Specialist (m/f),,Mladá Boleslav – Mladá Boleslav II,Specialist,Marketing/Communications Specialist,,Marketing & Communications,,https://www.jobs.cz/rpd/2001391834/,2026-09-11T15:59:06+02:00,Deprioritized,-5,Other,Outside Prague - verify,26,,Generic marketing role; Location requires verification
JB_5083,Cross-Brand Partnership & Sharing Specialist (m/ž),,Mladá Boleslav – Mladá Boleslav II,Specialist,Marketing/Communications Specialist,,Marketing & Communications,,https://www.jobs.cz/rpd/2001391726/,2026-09-11T15:59:06+02:00,Deprioritized,-5,Other,Outside Prague - verify,26,,Generic marketing role; Location requires verification
JB_1386,E2E & Cross-Brand Adoption Specialist (m/f),,Mladá Boleslav – Mladá Boleslav II,Specialist,Marketing/Communications Specialist,,Marketing & Communications,,https://www.jobs.cz/rpd/2001391698/,2026-09-11T15:59:05+02:00,Deprioritized,-5,Other,Outside Prague - verify,26,,Generic marketing role; Location requires verification
JB_8496,E2E & Cross-Brand Adoption Specialist (m/ž),,Mladá Boleslav – Mladá Boleslav II,Specialist,Marketing/Communications Specialist,,Marketing & Communications,,https://www.jobs.cz/rpd/2001391685/,2026-09-11T15:59:05+02:00,Deprioritized,-5,Other,Outside Prague - verify,26,,Generic marketing role; Location requires verification
JB_3901,Performance Marketing Specialist (m/ž),,Beroun,Specialist,Marketing/Communications Specialist,,Marketing & Communications,,https://www.jobs.cz/rpd/2001415197/,2026-09-11T15:58:49+02:00,Deprioritized,-5,Other,Outside Prague - verify,26,,Generic marketing role; Location requires verification
JB_2288,Specialista vývoje - test management řídící jednotky BCM (m/ž),,Mladá Boleslav,Specialist,General Specialist,,,,https://www.jobs.cz/rpd/2001258338/,2026-09-11T15:58:34+02:00,Deprioritized,-5,Other,Outside Prague - verify,26,,Leadership/management position; Location requires verification
JB_4429,HR Compensation & Benefits Senior Analyst EMEA,,Dobříš,Analyst,HR/People Analyst,Senior,HR & Recruitment,,https://www.jobs.cz/rpd/2001350452/,2026-09-11T15:57:55+02:00,Deprioritized,-5,Other,Outside Prague - verify,26,,Senior-level position; Location requires verification
JB_2718,Digital Change Project Manager 🔄- Food Industry,,Kladno – Kročehlavy,Manager,Project Manager,,Project & Program Management,,https://www.jobs.cz/rpd/2001405667/,2026-09-11T15:57:15+02:00,Deprioritized,-5,Other,Outside Prague - verify,26,,Leadership/management position; Location requires verification
JST_8680,ROZJEĎ SAP ASAP! (AŽ 70 000 KČ/MĚS),až 70 000 Kč / měsíc,Praha,Other,Unclassified,Medior,,SAP,https://www.jobstack.it/it-job/sap/5fbb7f6a554b2,2026-10-07T14:11:59+02:00,Deprioritized,-6,Other,Prague,0,Medior level,Non-target root occupation
JB_2594,Business Expert for Dynamics CRM/Event Management,,Praha – Nové Město,Specialist,IT/Systems Specialist,,,,https://www.jobs.cz/rpd/2001439003/,2026-09-21T17:22:40+02:00,Deprioritized,-6,Adjacent Technical,Prague,16,Adjacent Technical,Senior-level position; Leadership/management position
JB_4257,IT asistent/ka do interního IT a inovačního týmu,40 000 – 45 000 Kč,Praha – Ruzyně,Assistant,General Assistant,,"IT & Software, Engineering & R&D",,https://www.jobs.cz/rpd/2001433009/,2026-09-18T13:19:43+02:00,Deprioritized,-6,Other,Prague,19,R,Non-target root occupation
JST_5601,ROZJEĎ SAP ASAP! (AŽ 70 000 KČ/MĚS),až 70 000 Kč / měsíc,Praha,Other,Unclassified,Medior,,SAP,https://www.jobstack.it/it-job/specialista-erp/5fbb7f6a554b2,2026-09-12T11:34:11+02:00,Deprioritized,-6,Other,Prague,25,Medior level,Non-target root occupation
JST_4135,Akviziční obchodník - sales executive - oblast IT,až 160 000 Kč / měsíc,"Praha, Brno (možnosti HO)",Sales Representative,Field Sales Representative,Medior,"IT & Software, Sales & Business Development",,https://www.jobstack.it/it-job/obchodnik-it/68ca9bb66cb93,2026-09-12T11:33:16+02:00,Deprioritized,-6,Other,Prague,25,Medior level,Non-target root occupation
JST_1935,Business Development Representative,Navrhni si mzdu,"U garáží 1611/1, Praha 7",Sales Representative,Business Development Representative,Medior,Sales & Business Development,,https://www.jobstack.it/it-job/obchodnik-it/674ef2b0f1887,2026-09-12T11:32:53+02:00,Deprioritized,-6,Other,Prague,25,Medior level,Non-target root occupation
SJ_108285,Launcher–výsadkář(ka): Polsko 🇵🇱,,Prague,Other,Unclassified,,,,https://www.startupjobs.cz/nabidka/108285/launcher-vysadkar-ka-polsko,2026-10-07T14:18:14+02:00,Deprioritized,-7,Other,Prague,0,,Non-target root occupation
SJ_638699,PPC / Performance Specialist - Medior/Senior,,Prague,Specialist,Marketing/Communications Specialist,"Medior/Mid-level, Senior",Marketing & Communications,,https://www.startupjobs.cz/nabidka/105327/ppc-performance-specialist-medior-senior,2026-10-07T14:18:14+02:00,Deprioritized,-7,Other,Prague,0,Medior level,Senior-level position; Generic marketing role
SJ_108303,Website Owner s technickým přesahem,,Prague,Other,Unclassified,,,,https://www.startupjobs.cz/nabidka/108303/website-owner-s-technickym-presahem,2026-10-07T14:18:14+02:00,Deprioritized,-7,Other,Prague,0,,Non-target root occupation
SJ_108325,Prodejce autodiagnostiky a zákaznický servis pro diagstore.cz,,Prague,Sales Representative,Field Sales Representative,,"Sales & Business Development, Customer Service",,https://www.startupjobs.cz/nabidka/108325/prodejce-autodiagnostiky-a-zakaznicky-servis-pro-diagstore-cz,2026-10-07T14:17:09+02:00,Deprioritized,-7,Other,Prague,0,,Non-target root occupation
JB_8726,Customer Relations Agent | Gastro/FinTech (Praha-Karlín🔥),,Praha – Karlín,Agent,Customer Service Agent,,Customer Service,,https://www.jobs.cz/rpd/2001464095/,2026-10-07T14:00:09+02:00,Deprioritized,-7,Other,Prague,0,,Non-target root occupation
JB_9369,Výběrové řízení - Tajemník / tajemnice Fakulty architektury,120 000 Kč,Praha – Dejvice,Other,Unclassified,,,,https://www.jobs.cz/rpd/2001463567/,2026-10-07T13:38:30+02:00,Deprioritized,-7,Other,Prague,0,,Non-target root occupation
JB_7632,Portfolio Manager – Real Estate,,Praha,Manager,Finance/Risk Manager,,Real Estate & Construction,,https://www.jobs.cz/rpd/2001465830/,2026-10-07T13:38:19+02:00,Deprioritized,-7,Other,Prague,0,,Leadership/management position; Finance/accounting orientation
JB_3374,Tax manažer se specializací na převodní ceny (A450),,Praha – Holešovice,Manager,Finance/Risk Manager,,Finance & Banking,,https://www.jobs.cz/rpd/2001463316/,2026-10-07T13:38:19+02:00,Deprioritized,-7,Other,Prague,0,,Leadership/management position; Finance/accounting orientation
JB_2498,Fakturant/ka,,Praha – Jinonice,Other,Unclassified,,,,https://www.jobs.cz/rpd/2001463158/,2026-10-07T13:37:45+02:00,Deprioritized,-7,Other,Prague,0,,Non-target root occupation
JB_5330,Operátor/ka Praha – Anděl 🚀,40 000 – 80 000 Kč,Praha – Smíchov,Operator,General Operator,,,,https://www.jobs.cz/rpd/2001462931/,2026-10-07T13:37:08+02:00,Deprioritized,-7,Other,Prague,0,,Non-target root occupation
JB_1697,SENIOR CREDIT RISK ANALYST / TEAM LEADER Mercedes-Benz Financial Services Česká republika,,Praha – Chodov,Manager,Finance/Risk Manager,"Senior, Lead/Head","Finance & Banking, Compliance & Risk",,https://www.jobs.cz/rpd/2001465392/,2026-10-07T13:36:32+02:00,Deprioritized,-7,Other,Prague,0,,Senior-level position; Finance/accounting orientation
JB_3234,Sales specialist,,Praha – Nové Město,Sales Representative,General Sales Representative,,Sales & Business Development,,https://www.jobs.cz/rpd/2001179977/,2026-10-07T13:26:20+02:00,Deprioritized,-7,Other,Prague,0,,Non-target root occupation
JB_3769,Territory Sales Representative - Czech Republic & Slovakia,,Praha,Sales Representative,Field Sales Representative,,Sales & Business Development,,https://www.jobs.cz/rpd/2001466694/,2026-10-07T13:26:20+02:00,Deprioritized,-7,Other,Prague,0,,Non-target root occupation
JB_9613,HR Project Manager - Payroll & Time Attendance,90 000 – 110 000 Kč,Hlavní město Praha,Manager,Project Manager,,"HR & Recruitment, Project & Program Management",,https://www.jobs.cz/rpd/2001464061/,2026-10-07T13:02:56+02:00,Deprioritized,-7,Other,Prague,0,,Leadership/management position; Finance/accounting orientation
JB_9675,BRIGÁDA - ADMINISTRATIVA VE SKLADU,,Praha – Holešovice,Other,Unclassified,,Supply Chain & Logistics,,https://www.jobs.cz/rpd/2001465306/,2026-10-07T12:52:59+02:00,Deprioritized,-7,Other,Prague,0,,Non-target root occupation
JB_8818,Total Rewards Partner,,Praha – Nové Město,Other,Unclassified,,,,https://www.jobs.cz/rpd/2001465245/,2026-10-07T12:52:10+02:00,Deprioritized,-7,Other,Prague,0,,Non-target root occupation
JB_4113,ROZVÍJEJTE SVŮJ POTENCIÁL S NÁMI! Praha,47 000 – 69 000 Kč,Praha – Vinohrady,Other,Unclassified,,,,https://www.jobs.cz/rpd/2001464949/,2026-10-07T12:51:55+02:00,Deprioritized,-7,Other,Prague,0,,Non-target root occupation
JB_3211,Senior Short Term Trader - Prague,,Praha – Nové Město,Specialist,Finance/Banking Specialist,Senior,,,https://www.jobs.cz/rpd/2001465286/,2026-10-07T12:51:47+02:00,Deprioritized,-7,Other,Prague,0,,Senior-level position; Finance/accounting orientation
JB_5672,💚 Customer Service Specialist (B2B),45 000 – 55 000 Kč,Praha – Uhříněves,Customer Service Representative,Client Service Representative,,Customer Service,,https://www.jobs.cz/rpd/2001456121/,2026-10-07T12:51:12+02:00,Deprioritized,-7,Other,Prague,0,,Non-target root occupation
JB_0221,Project Manager – Payroll & Time Transformation | 100.000 CZK,95 000 – 105 000 Kč,Praha – Michle,Manager,Project Manager,,"HR & Recruitment, Project & Program Management",,https://www.jobs.cz/rpd/2001463985/,2026-10-07T12:40:55+02:00,Deprioritized,-7,Other,Prague,0,,Leadership/management position; Finance/accounting orientation
JB_1275,E-COMMERCE BUSINESS DEVELOPMENT SPECIALIST,,Praha – Hostivař,Sales Representative,Business Development Representative,,"Sales & Business Development, Retail & E-commerce",,https://www.jobs.cz/rpd/2001463184/,2026-10-07T12:39:38+02:00,Deprioritized,-7,Other,Prague,0,,Non-target root occupation
SJ_108261,Ambasador optického internetu,,Prague,Other,Unclassified,,,,https://www.startupjobs.cz/nabidka/108261/ambasador-optickeho-internetu,2026-10-03T11:26:11+02:00,Deprioritized,-7,Other,Prague,4,,Non-target root occupation
SJ_108279,FIFA Players na PS5 ⚽ Dámská liga ⚽ Hraj za peníze přímo ve studiu v Praze!,,Prague,Other,Unclassified,,,,https://www.startupjobs.cz/nabidka/108279/fifa-players-na-ps5-damska-liga-hraj-za-penize-primo-ve-studiu-v-praze,2026-10-03T11:26:11+02:00,Deprioritized,-7,Other,Prague,4,,Non-target root occupation
SJ_108271,Technický spoluzakladatel startupu – Node.js & JavaScript Builder,,Prague,Other,Unclassified,,,"JavaScript, Node.js",https://www.startupjobs.cz/nabidka/108271/technicky-spoluzakladatel-startupu-node-js-javascript-builder,2026-10-03T11:26:11+02:00,Deprioritized,-7,Other,Prague,4,,Non-target root occupation
JB_4794,Business Operations Assistent,,Praha – Karlín,Other,Unclassified,,,,https://www.jobs.cz/rpd/2001437799/,2026-10-03T11:00:58+02:00,Deprioritized,-7,Other,Prague,5,,Non-target root occupation
JB_4316,Safety inspektor,,Praha – Ruzyně,Other,Unclassified,,Quality & Safety,,https://www.jobs.cz/rpd/2001459624/,2026-10-03T10:14:04+02:00,Deprioritized,-7,Other,Prague,5,,Non-target root occupation
JB_4010,Validační specialista do laboratoře farmaceutických analýz,,Praha – Hostivař,Healthcare Professional,Pharmacy/Optometry Professional,,Healthcare & Pharma,,https://www.jobs.cz/rpd/2001459928/,2026-10-03T10:13:54+02:00,Deprioritized,-7,Other,Prague,5,,Non-target root occupation
JB_5175,Správa pohledávek fakturačního oddělení,,Praha,Other,Unclassified,,,,https://www.jobs.cz/rpd/2001310670/,2026-10-03T10:04:30+02:00,Deprioritized,-7,Other,Prague,5,,Non-target root occupation
JB_9715,Specialista/ka zákaznické podpory – servis AV/IT techniky,40 000 – 45 000 Kč,Praha – Hostivař,Customer Service Representative,Customer Support Representative,,"IT & Software, Customer Service",,https://www.jobs.cz/rpd/2000409900/,2026-10-03T10:03:08+02:00,Deprioritized,-7,Other,Prague,5,,Non-target root occupation
JB_5252,Konzultant / Senior konzultant – Oceňování,50 000 – 80 000 Kč,Praha – Nové Město,Consultant,Finance/Transactions Consultant,Senior,,,https://www.jobs.cz/rpd/2001460192/,2026-10-03T10:02:45+02:00,Deprioritized,-7,Other,Prague,5,,Senior-level position; Finance/accounting orientation
SJ_108189,Office manager/ka se zaměřením na finance,,Prague,Manager,Finance/Risk Manager,,Finance & Banking,,https://www.startupjobs.cz/nabidka/108189/office-manager-ka-se-zamerenim-na-finance,2026-10-02T12:43:39+02:00,Deprioritized,-7,Other,Prague,5,,Leadership/management position; Finance/accounting orientation
SJ_106145,Administrativní podpora nákupu – poloviční úvazek Praha,,Prague,Assistant,Administrative/Back-Office Assistant,,Procurement,,https://www.startupjobs.cz/nabidka/106145/administrativni-podpora-nakupu-polovicni-uvazek,2026-10-02T12:42:34+02:00,Deprioritized,-7,Other,Prague,5,,Non-target root occupation
SJ_108253,Obchodník pro Shoptet,,Prague,Sales Representative,Field Sales Representative,,Sales & Business Development,,https://www.startupjobs.cz/nabidka/108253/obchodnik-pro-shoptet,2026-10-02T12:42:34+02:00,Deprioritized,-7,Other,Prague,5,,Non-target root occupation
JB_2175,Recepční / administrativa – volné víkendy,40 000 Kč,Praha – Nusle,Assistant,Office/Reception Assistant,,,,https://www.jobs.cz/rpd/2001457161/,2026-10-02T12:35:36+02:00,Deprioritized,-7,Other,Prague,5,,Non-target root occupation
JB_0773,Asistent/-ka prodeje - GANT FLAGSHIP Store - Westfield Chodov,,Praha – Chodov,Assistant,Sales/Business Assistant,,"Sales & Business Development, Retail & E-commerce",,https://www.jobs.cz/rpd/2001456580/,2026-10-02T12:35:05+02:00,Deprioritized,-7,Other,Prague,5,,Non-target root occupation
JB_5674,Specialista/Specialistka prodeje a zákaznické péče – T-Mobile Smíchov,44 200 – 74 200 Kč,Praha – Smíchov,Customer Service Representative,Customer Care Representative,,"Sales & Business Development, Customer Service",,https://www.jobs.cz/rpd/2001456422/,2026-10-02T12:26:17+02:00,Deprioritized,-7,Other,Prague,5,,Non-target root occupation
JB_8773,HLEDÁME ASISTENTKU VÝROBY – SAP,50 000 – 60 000 Kč,Praha – Radotín,Assistant,General Assistant,,Manufacturing & Production,SAP,https://www.jobs.cz/rpd/2001459177/,2026-10-02T12:26:03+02:00,Deprioritized,-7,Other,Prague,5,,Non-target root occupation
JB_4497,Personal Assistant / Business Support - 30 dní volna + top benefity,40 000 – 45 000 Kč,Praha,Assistant,Executive/Personal Assistant,,,,https://www.jobs.cz/rpd/2001456294/,2026-10-02T12:24:53+02:00,Deprioritized,-7,Other,Prague,5,,Non-target root occupation
JB_7596,ZÁKAZNICKÝ SERVIS/DISPEČINK,,Praha – Jinonice,Customer Service Representative,Client Service Representative,,Customer Service,,https://www.jobs.cz/rpd/2001459055/,2026-10-02T12:24:39+02:00,Deprioritized,-7,Other,Prague,5,,Non-target root occupation
JB_0714,Office manager/ka se zaměřením na finance,60 000 – 85 000 Kč,Praha – Braník,Manager,Finance/Risk Manager,,Finance & Banking,,https://www.jobs.cz/rpd/2001456059/,2026-10-02T12:13:22+02:00,Deprioritized,-7,Other,Prague,5,,Leadership/management position; Finance/accounting orientation
JB_4786,Head of Group Controlling,,Praha,Manager,Finance/Risk Manager,Lead/Head,,,https://www.jobs.cz/rpd/2001457736/,2026-10-02T12:04:24+02:00,Deprioritized,-7,Other,Prague,5,,Leadership/management position; Finance/accounting orientation
JB_8587,Librarian (Knihovník),,Praha – Kamýk,Other,Unclassified,,,,https://www.jobs.cz/rpd/2001457676/,2026-10-02T11:54:42+02:00,Deprioritized,-7,Other,Prague,5,,Non-target root occupation
JB_3933,Specialista zákaznické péče - od 35.000-45.000 + neomezené bonusy,,Praha – Nusle,Customer Service Representative,Customer Care Representative,,Customer Service,,https://www.jobs.cz/rpd/2001459196/,2026-10-02T11:54:26+02:00,Deprioritized,-7,Other,Prague,5,,Non-target root occupation
JB_4023,COMPLIANCE MANAGER,,Praha – Nové Město,Manager,Finance/Risk Manager,,Compliance & Risk,,https://www.jobs.cz/rpd/2001457129/,2026-10-02T11:32:47+02:00,Deprioritized,-7,Other,Prague,5,,Leadership/management position; Finance/accounting orientation
JB_4402,Treasury Commodity Manager,,Praha,Manager,Finance/Risk Manager,,Finance & Banking,,https://www.jobs.cz/rpd/2001457427/,2026-10-02T11:24:34+02:00,Deprioritized,-7,Other,Prague,5,,Leadership/management position; Finance/accounting orientation
JB_1168,Operátor/ka technické evidence,,Praha – Žižkov,Operator,General Operator,,,,https://www.jobs.cz/rpd/2001457793/,2026-10-02T11:23:15+02:00,Deprioritized,-7,Other,Prague,5,,Non-target root occupation
JB_1362,🗺️ Pojď si vydělat třeba na cestování - Praha,39 000 – 69 000 Kč,Praha – Vinohrady,Other,Unclassified,,,,https://www.jobs.cz/rpd/2001457391/,2026-10-02T11:22:48+02:00,Deprioritized,-7,Other,Prague,5,,Non-target root occupation
JB_1870,FINANCIAL CONTROLLER junior,,Praha – Hostivař,Controller,Financial Controller,Junior/Entry-level,Finance & Banking,,https://www.jobs.cz/rpd/2001459021/,2026-10-02T11:22:24+02:00,Deprioritized,-7,Other,Prague,5,Junior/entry level,Finance/accounting orientation; Non-target root occupation
JB_3477,Finance Manager - Real Estate,,Praha – Nové Město,Manager,Finance/Risk Manager,,"Finance & Banking, Real Estate & Construction",,https://www.jobs.cz/rpd/2001456124/,2026-10-02T11:11:56+02:00,Deprioritized,-7,Other,Prague,5,,Leadership/management position; Finance/accounting orientation
JB_2930,Administrativní podpora týmu Facility managementu (DPČ),,Praha – Krč,Assistant,Administrative/Back-Office Assistant,,,,https://www.jobs.cz/rpd/2001456227/,2026-10-02T11:11:13+02:00,Deprioritized,-7,Other,Prague,5,,Non-target root occupation
BLT_5582,"Director, Technology & Engineering for Software and Workflows",2M-3M Annually,"Prague, CZE",Manager,IT/Engineering Manager,Expert/Leader,"IT & Software, Engineering & R&D",,https://builtin.com/job/director-technology-engineering-software-and-workflows/11468438,2026-10-02T11:05:53+02:00,Deprioritized,-7,Other,Prague,6,R,Senior-level position; Leadership/management position
SJ_953143,Business Developer for Poland | E-commerce agentic PaaS,,Prague,Sales Representative,General Sales Representative,,"IT & Software, Retail & E-commerce",,https://www.startupjobs.cz/nabidka/107229/business-developer-for-poland-e-commerce-agentic-paas,2026-09-30T12:50:52+02:00,Deprioritized,-7,Other,Prague,7,,Non-target root occupation
SJ_108127,Business Developer for Germany (DACH) | E-commerce agentic PaaS,,Prague,Sales Representative,General Sales Representative,,"IT & Software, Retail & E-commerce",,https://www.startupjobs.cz/nabidka/108127/business-developer-for-germany-dach-e-commerce-agentic-paas,2026-09-30T12:49:47+02:00,Deprioritized,-7,Other,Prague,7,,Non-target root occupation
SJ_69457,Customer Support Specialist - night shifts,,Prague,Customer Service Representative,Customer Support Representative,,Customer Service,,https://www.startupjobs.cz/nabidka/69457/customer-support-specialist-night-shifts,2026-09-30T12:49:47+02:00,Deprioritized,-7,Other,Prague,7,,Non-target root occupation
SJ_108157,Obchodník / obchodnice pro IT řešení (SmartFP),,Prague,Sales Representative,Field Sales Representative,,"IT & Software, Sales & Business Development",,https://www.startupjobs.cz/nabidka/108157/obchodnik-obchodnice-pro-it-reseni-smartfp,2026-09-30T12:47:27+02:00,Deprioritized,-7,Other,Prague,7,,Non-target root occupation
JB_0004,SPECIALISTA ZÁKAZNICKÉ PODPORY | AJ a NJ | až 60 000 Kč,45 000 – 60 000 Kč,Praha,Customer Service Representative,Customer Support Representative,,Customer Service,,https://www.jobs.cz/rpd/2001455429/,2026-09-30T12:40:24+02:00,Deprioritized,-7,Other,Prague,7,,Non-target root occupation
JB_4712,Administrativní podpora společnosti a chodu recepce (m/ž),,Praha – Dolní Chabry,Assistant,Office/Reception Assistant,,,,https://www.jobs.cz/rpd/2001453600/,2026-09-30T12:30:24+02:00,Deprioritized,-7,Other,Prague,7,,Non-target root occupation
JB_5314,PANDORA - eCommerce Operations Assistant,,Praha,Assistant,General Assistant,,Retail & E-commerce,,https://www.jobs.cz/rpd/2001454000/,2026-09-30T12:29:04+02:00,Deprioritized,-7,Other,Prague,7,,Non-target root occupation
JB_0202,Business Operations Assistant,,Praha – Nové Město,Assistant,Sales/Business Assistant,,,,https://www.jobs.cz/rpd/2001455795/,2026-09-30T12:28:57+02:00,Deprioritized,-7,Other,Prague,7,,Non-target root occupation
JB_5939,Senior Konzultant | DPH | Nepřímé daně,,Praha – Vinohrady,Consultant,Finance/Transactions Consultant,Senior,,,https://www.jobs.cz/rpd/2001455675/,2026-09-30T12:19:00+02:00,Deprioritized,-7,Other,Prague,7,,Senior-level position; Finance/accounting orientation
JB_4422,Global Indirect Tax Manager,,Praha – Nusle,Manager,Finance/Risk Manager,,Finance & Banking,,https://www.jobs.cz/rpd/2001455374/,2026-09-30T12:07:53+02:00,Deprioritized,-7,Other,Prague,7,,Leadership/management position; Finance/accounting orientation
JB_7899,Talent Acquisition Specialista/ka (m-ž-d),,Praha – Stodůlky + 1 další lokalita,Recruiter,Talent Acquisition Specialist,,HR & Recruitment,,https://www.jobs.cz/rpd/2001454129/,2026-09-30T11:31:26+02:00,Deprioritized,-7,Other,Prague,7,,Non-target root occupation
JB_4914,Risk manager,100 000 – 110 000 Kč,Praha – Staré Město,Manager,Finance/Risk Manager,,Compliance & Risk,,https://www.jobs.cz/rpd/2001455331/,2026-09-30T11:19:57+02:00,Deprioritized,-7,Other,Prague,7,,Leadership/management position; Finance/accounting orientation
SJ_108139,Receptionist & Back Office assistant,,Prague,Assistant,Administrative/Back-Office Assistant,,,,https://www.startupjobs.cz/nabidka/108139/receptionist-back-office-assistant,2026-09-29T12:32:55+02:00,Deprioritized,-7,Other,Prague,8,,Non-target root occupation
SJ_108133,Komunikativní parťák do kanceláře 🚀,,Prague,Other,Unclassified,,,,https://www.startupjobs.cz/nabidka/108133/komunikativni-partak-do-kancelare,2026-09-29T12:30:40+02:00,Deprioritized,-7,Other,Prague,8,,Non-target root occupation
JB_7241,Asistent/-ka prodeje - GANT - OC FLORA,,Praha – Žižkov,Assistant,Sales/Business Assistant,,Sales & Business Development,,https://www.jobs.cz/rpd/2001449076/,2026-09-29T12:24:43+02:00,Deprioritized,-7,Other,Prague,8,,Non-target root occupation
JB_8354,Digital Medical Advisor,,Praha,Other,Unclassified,,Healthcare & Pharma,,https://www.jobs.cz/rpd/2001453184/,2026-09-29T11:39:32+02:00,Deprioritized,-7,Other,Prague,8,,Non-target root occupation
JB_0778,Oddělení kontroly zemědělství: Kontrolor/ka,,Praha – Holešovice,Other,Unclassified,,,,https://www.jobs.cz/rpd/2001453154/,2026-09-29T11:11:12+02:00,Deprioritized,-7,Other,Prague,8,,Non-target root occupation
JB_7860,Specialist(k)a zákaznické péče a back office v Aromaniac,37 000 – 42 000 Kč,Praha – Nové Město,Customer Service Representative,Customer Care Representative,,Customer Service,,https://www.jobs.cz/rpd/2001430915/,2026-09-29T11:08:34+02:00,Deprioritized,-7,Other,Prague,8,,Non-target root occupation
JB_3768,Start v marketingu | kancelářská práce | bez praxe,33 000 – 50 000 Kč,Praha – Nusle,Other,Unclassified,,,,https://www.jobs.cz/rpd/2001446419/,2026-09-26T10:53:14+02:00,Deprioritized,-7,Other,Prague,12,,Non-target root occupation
JB_1554,"Executive Assistant - fluent English and Czech, remote",,Praha – Karlín,Assistant,Executive/Personal Assistant,,,,https://www.jobs.cz/rpd/2001446678/,2026-09-26T10:41:19+02:00,Deprioritized,-7,Other,Prague,12,,Non-target root occupation
JB_8949,Finance and Accounting Manager,,Praha,Manager,Finance/Risk Manager,,Finance & Banking,,https://www.jobs.cz/rpd/2001447517/,2026-09-26T10:30:14+02:00,Deprioritized,-7,Other,Prague,12,,Leadership/management position; Finance/accounting orientation
JB_7118,Risk manažer – úvěrové riziko,,Praha – Nové Město,Manager,Finance/Risk Manager,,Compliance & Risk,,https://www.jobs.cz/rpd/2001446289/,2026-09-26T10:30:14+02:00,Deprioritized,-7,Other,Prague,12,,Leadership/management position; Finance/accounting orientation
JB_4725,OCEAN EXPORT AGENT,,Praha – Ruzyně,Agent,General Agent,,,,https://www.jobs.cz/rpd/2001446614/,2026-09-26T10:29:03+02:00,Deprioritized,-7,Other,Prague,12,,Non-target root occupation
JB_0271,Marketing Assistant - mezinárodní pneu společnost,,Praha,Assistant,General Assistant,,Marketing & Communications,,https://www.jobs.cz/rpd/2001443112/,2026-09-26T10:28:36+02:00,Deprioritized,-7,Other,Prague,12,,Non-target root occupation
JB_7888,Customer Service Specialist,,Praha – Horní Počernice,Customer Service Representative,Client Service Representative,,Customer Service,,https://www.jobs.cz/rpd/2001446631/,2026-09-26T10:20:45+02:00,Deprioritized,-7,Other,Prague,12,,Non-target root occupation
BLT_3410,Software Engineering Manager,,"Prague, CZE",Manager,IT/Engineering Manager,Senior level,"IT & Software, Engineering & R&D",,https://builtin.com/job/software-engineering-manager/11374754,2026-09-26T10:07:35+02:00,Deprioritized,-7,Other,Prague,12,R,Senior-level position; Leadership/management position
SJ_108095,Customer Support Specialist,,Prague,Customer Service Representative,Customer Support Representative,,Customer Service,,https://www.startupjobs.cz/nabidka/108095/customer-support-specialist,2026-09-25T11:51:01+02:00,Deprioritized,-7,Other,Prague,12,,Non-target root occupation
SJ_108017,Hledáme polsky mluvícího parťáka do zákaznické péče a poradenství v psí výživě 🐾,,Prague,Customer Service Representative,Customer Care Representative,,Customer Service,,https://www.startupjobs.cz/nabidka/108017/hledame-polsky-mluviciho-partaka-do-zakaznicke-pece-a-poradenstvi-v-psi-vyzive,2026-09-25T11:51:01+02:00,Deprioritized,-7,Other,Prague,12,,Non-target root occupation
JB_7070,Financial Controller – Junior - Part-time (20 hours/week),,Praha – Karlín,Controller,Financial Controller,Junior/Entry-level,Finance & Banking,,https://www.jobs.cz/rpd/2001446255/,2026-09-25T11:43:33+02:00,Deprioritized,-7,Other,Prague,12,Junior/entry level,Finance/accounting orientation; Non-target root occupation
JB_1464,Osobní bankéř/ka senior - Future Lab,,Praha,Specialist,Finance/Banking Specialist,Senior,Finance & Banking,,https://www.jobs.cz/rpd/2001444735/,2026-09-25T11:17:12+02:00,Deprioritized,-7,Other,Prague,12,,Senior-level position; Finance/accounting orientation
JB_1417,Pracovník řízení produktů a prodeje (obchodní zástupce e-mobility),,Praha – Vršovice,Sales Representative,Field Sales Representative,,"Sales & Business Development, Automotive & Mobility",,https://www.jobs.cz/rpd/2001444893/,2026-09-25T10:42:00+02:00,Deprioritized,-7,Other,Prague,13,,Non-target root occupation
JB_5492,Herdekbaba - obchodník na telefonu,,Praha – Holešovice,Sales Representative,Inside Sales/Telesales Representative,,Sales & Business Development,,https://www.jobs.cz/rpd/2001445043/,2026-09-25T10:28:18+02:00,Deprioritized,-7,Other,Prague,13,,Non-target root occupation
JB_3302,JUNIOR ÚČETNÍ - Praha 10 (nové kancelářské prostory v blízkosti metra A),,Praha – Malešice,Accountant,General Accountant,Junior/Entry-level,,,https://www.jobs.cz/rpd/2001446144/,2026-09-25T10:19:38+02:00,Deprioritized,-7,Other,Prague,13,Junior/entry level,Finance/accounting orientation; Non-target root occupation
JB_8512,Chyť příležitost za pačesy. Tvoje budoucnost začíná u nás - Praha,47 000 – 69 000 Kč,Praha – Vinohrady,Other,Unclassified,,,,https://www.jobs.cz/rpd/2001444222/,2026-09-25T10:18:09+02:00,Deprioritized,-7,Other,Prague,13,,Non-target root occupation
JB_3094,Back Office Specialist pro konference,36 900 Kč,Praha – Letňany,Assistant,Administrative/Back-Office Assistant,,,,https://www.jobs.cz/rpd/2001444450/,2026-09-25T10:17:41+02:00,Deprioritized,-7,Other,Prague,13,,Non-target root occupation
JB_5512,Customer Service Specialist,,Praha – Vokovice,Customer Service Representative,Client Service Representative,,Customer Service,,https://www.jobs.cz/rpd/2001277275/,2026-09-25T10:17:41+02:00,Deprioritized,-7,Other,Prague,13,,Non-target root occupation
JB_5345,Senior specialista/ka finančního reportingu - Praha,,Praha – Michle,Specialist,Finance/Banking Specialist,Senior,,,https://www.jobs.cz/rpd/2001445953/,2026-09-25T10:17:41+02:00,Deprioritized,-7,Other,Prague,13,,Senior-level position; Finance/accounting orientation
JB_2251,Customer Support Specialist – Esport & Gaming (100% Remote),,Praha – Holešovice,Customer Service Representative,Customer Support Representative,,"Customer Service, Media & Entertainment",,https://www.jobs.cz/rpd/2001445280/,2026-09-25T10:17:29+02:00,Deprioritized,-7,Other,Prague,13,,Non-target root occupation
SJ_658999,Sales Representative Poland with Polish,,Prague,Sales Representative,General Sales Representative,,Sales & Business Development,,https://www.startupjobs.cz/nabidka/107929/sales-representative-poland-with-polish,2026-09-23T21:51:47+02:00,Deprioritized,-7,Other,Prague,14,,Non-target root occupation
SJ_108019,Business Development Representative | Fast-Growing Fintech Startup CZ/SK,,Prague,Sales Representative,Business Development Representative,,Sales & Business Development,,https://www.startupjobs.cz/nabidka/108019/business-development-representative-fast-growing-fintech-startup-cz-sk,2026-09-23T21:49:43+02:00,Deprioritized,-7,Other,Prague,14,,Non-target root occupation
JB_8960,SENIOR ACCOUNTANT / TEAM LEADER (RTR),,Praha,Manager,Executive/General Manager,"Senior, Lead/Head",,,https://www.jobs.cz/rpd/2001443480/,2026-09-23T21:01:16+02:00,Deprioritized,-7,Other,Prague,14,,Senior-level position; Finance/accounting orientation
JB_8873,Asistent/ka produktového a marketingového oddělení,,Praha,Assistant,General Assistant,,,,https://www.jobs.cz/rpd/2001442228/,2026-09-23T20:50:16+02:00,Deprioritized,-7,Other,Prague,14,,Non-target root occupation
JB_5863,VEDOUCÍ ÚČETNICTVÍ SKUPINY / GROUP ACCOUNTING & FINANCE MANAGER,,Praha – Staré Město,Manager,Finance/Risk Manager,Lead/Head,Finance & Banking,,https://www.jobs.cz/rpd/2001442241/,2026-09-23T20:29:18+02:00,Deprioritized,-7,Other,Prague,14,,Leadership/management position; Finance/accounting orientation
SJ_107979,Talent Acquisition Specialist | Laba Czech 💛,,Prague,Recruiter,Talent Acquisition Specialist,,HR & Recruitment,,https://www.startupjobs.cz/nabidka/107979/talent-acquisition-specialist-laba-czech,2026-09-22T20:38:31+02:00,Deprioritized,-7,Other,Prague,15,,Non-target root occupation
JST_7863,VMware Infrastructure Team Lead,Navrhni si mzdu,Praha Vokovice,Manager,IT/Engineering Manager,"Medior, Senior, Expert",Cloud & Infrastructure,,https://www.jobstack.it/it-job/team-leader/6ab295195c19a,2026-09-22T20:29:53+02:00,Deprioritized,-7,Other,Prague,15,Medior level,Senior-level position; Leadership/management position
JB_0745,Linux Service Owner,,Praha – Vinohrady,Other,Unclassified,,,Linux,https://www.jobs.cz/rpd/2001439528/,2026-09-22T19:50:22+02:00,Deprioritized,-7,Other,Prague,15,,Non-target root occupation
JB_9636,Obchodní zástupce – Česká republika,45 000 – 80 000 Kč,Praha – Nusle,Sales Representative,Field Sales Representative,,Sales & Business Development,,https://www.jobs.cz/rpd/2001433694/,2026-09-22T19:40:42+02:00,Deprioritized,-7,Other,Prague,15,,Non-target root occupation
JB_2184,"Provozní energetik m/ž (údržbář, topenář, pracovník kotelny, operátor velínu)",,Praha – Smíchov,Operator,General Operator,,Energy & Utilities,,https://www.jobs.cz/rpd/2001284394/,2026-09-22T19:29:05+02:00,Deprioritized,-7,Other,Prague,15,,Non-target root occupation
JB_4418,Senior Financial Controlling Specialist,60 000 – 80 000 Kč,Praha – Vinohrady,Specialist,Finance/Banking Specialist,Senior,Finance & Banking,,https://www.jobs.cz/rpd/2001441153/,2026-09-22T19:09:22+02:00,Deprioritized,-7,Other,Prague,15,,Senior-level position; Finance/accounting orientation
JB_0485,PPC Specialist (Medior/Senior) pro Nevyhasni,,Praha – Vyšehrad,Specialist,Marketing/Communications Specialist,"Medior/Mid-level, Senior",Marketing & Communications,,https://www.jobs.cz/rpd/2001441304/,2026-09-22T19:02:24+02:00,Deprioritized,-7,Other,Prague,15,Medior level,Senior-level position; Generic marketing role
BLT_8540,Business Intelligence & Analytics Manager,,28 Locations,Manager,Data/AI Manager,Senior level,Data & Analytics,,https://builtin.com/job/business-intelligence-analytics-manager/11300732,2026-09-22T18:53:26+02:00,Deprioritized,-7,Other,Outside Prague - verify,15,ML/AI or modelling,Senior-level position; Leadership/management position; Location requires verification
SJ_755488,Regionální obchodník | Česko & Slovensko| Zážitky.cz 💜,,Prague,Sales Representative,Field Sales Representative,,Sales & Business Development,,https://www.startupjobs.cz/nabidka/107199/regionalni-obchodnik-cesko-and-slovensko-zazitky-cz,2026-09-21T19:14:52+02:00,Deprioritized,-7,Other,Prague,16,,Non-target root occupation
SJ_107929,Sales Representative Poland,,Prague,Sales Representative,General Sales Representative,,Sales & Business Development,,https://www.startupjobs.cz/nabidka/107929/sales-representative-poland,2026-09-21T19:01:07+02:00,Deprioritized,-7,Other,Prague,16,,Non-target root occupation
JB_0335,Asistent/-ka prodeje - WOOLRICH - Westfield Chodov,,Praha – Chodov,Assistant,Sales/Business Assistant,,Sales & Business Development,,https://www.jobs.cz/rpd/2001438809/,2026-09-21T18:45:15+02:00,Deprioritized,-7,Other,Prague,16,,Non-target root occupation
JB_1984,Sales representative (f/m),,Praha,Sales Representative,General Sales Representative,,Sales & Business Development,,https://www.jobs.cz/rpd/2001437960/,2026-09-21T18:44:28+02:00,Deprioritized,-7,Other,Prague,16,,Non-target root occupation
JB_5281,Front Office & Support Assistant - Key Support Role,35 000 Kč,Praha – Holešovice,Assistant,Office/Reception Assistant,,,,https://www.jobs.cz/rpd/2001439150/,2026-09-21T18:35:55+02:00,Deprioritized,-7,Other,Prague,16,,Non-target root occupation
JB_8363,Osobní bankéř/ka senior - Vinohradská,,Praha – Vinohrady,Specialist,Finance/Banking Specialist,Senior,Finance & Banking,,https://www.jobs.cz/rpd/2001438643/,2026-09-21T18:26:54+02:00,Deprioritized,-7,Other,Prague,16,,Senior-level position; Finance/accounting orientation
JB_0839,Accounting Methodology Expert (m/f),,Praha – Nusle,Specialist,Finance/Banking Specialist,,Finance & Banking,,https://www.jobs.cz/rpd/2001438586/,2026-09-21T18:18:13+02:00,Deprioritized,-7,Other,Prague,16,,Senior-level position; Finance/accounting orientation
JB_8790,Senior Audit Analyst/Audit Consultant,55 000 – 80 000 Kč,Praha,Analyst,Risk/Credit Analyst,Senior,Compliance & Risk,,https://www.jobs.cz/rpd/2001439256/,2026-09-21T18:16:58+02:00,Deprioritized,-7,Other,Prague,16,,Senior-level position; Finance/accounting orientation
JB_3502,📊Finance & Operations Manager,,Praha – Strašnice,Manager,Finance/Risk Manager,,Finance & Banking,,https://www.jobs.cz/rpd/2001439125/,2026-09-21T18:16:15+02:00,Deprioritized,-7,Other,Prague,16,,Leadership/management position; Finance/accounting orientation
JB_1601,CONTROLLER / ANALYTIK JUNIOR (M/Ž),40 000 – 50 000 Kč,Praha – Kobylisy,Controller,General Controller,Junior/Entry-level,"Data & Analytics, Finance & Banking",,https://www.jobs.cz/rpd/2001438805/,2026-09-21T18:06:06+02:00,Deprioritized,-7,Other,Prague,16,Junior/entry level,Finance/accounting orientation; Non-target root occupation
JB_6753,Obchodní zástupkyně 🎒 pro velkoobchod Kauppa,44 000 – 60 000 Kč,Praha – Radotín,Sales Representative,Field Sales Representative,,Sales & Business Development,,https://www.jobs.cz/rpd/2001438036/,2026-09-21T18:03:46+02:00,Deprioritized,-7,Other,Prague,16,,Non-target root occupation
JB_7183,HR Asistent/ka,,Praha – Braník,Assistant,General Assistant,,HR & Recruitment,,https://www.jobs.cz/rpd/2001433575/,2026-09-20T09:31:31+02:00,Deprioritized,-7,Other,Prague,18,,Non-target root occupation
JB_7638,Head of Group Finance,,Praha – Staré Město,Manager,Finance/Risk Manager,Lead/Head,Finance & Banking,,https://www.jobs.cz/rpd/2001433600/,2026-09-20T09:30:24+02:00,Deprioritized,-7,Other,Prague,18,,Leadership/management position; Finance/accounting orientation
SJ_107825,Akviziční obchodník - nový business pro softwarové produkty a služby (B2B),,Prague,Sales Representative,Field Sales Representative,,Sales & Business Development,,https://www.startupjobs.cz/nabidka/107825/akvizicni-obchodnik-novy-business-pro-softwarove-produkty-a-sluzby-b2b,2026-09-18T19:01:54+02:00,Deprioritized,-7,Other,Prague,19,,Non-target root occupation
SJ_107913,Talent Acquisition Specialist,,Prague,Recruiter,Talent Acquisition Specialist,,HR & Recruitment,,https://www.startupjobs.cz/nabidka/107913/talent-acquisition-specialist,2026-09-18T19:00:49+02:00,Deprioritized,-7,Other,Prague,19,,Non-target root occupation
SJ_107885,Office Assistant/Recepční,,Prague,Assistant,Office/Reception Assistant,,,,https://www.startupjobs.cz/nabidka/107885/office-assistant-recepcni,2026-09-18T18:59:54+02:00,Deprioritized,-7,Other,Prague,19,,Non-target root occupation
JB_7696,Customer Contact Trainer PC&Vans,,Praha – Hostivař,Teacher/Trainer,General Teacher/Trainer,,Customer Service,,https://www.jobs.cz/rpd/2001430723/,2026-09-18T18:18:50+02:00,Deprioritized,-7,Other,Prague,19,,Non-target root occupation
JB_7702,Osobní bankéř/ka senior - OC Chodov,,Praha – Chodov,Specialist,Finance/Banking Specialist,Senior,Finance & Banking,,https://www.jobs.cz/rpd/2001427199/,2026-09-18T18:18:50+02:00,Deprioritized,-7,Other,Prague,19,,Senior-level position; Finance/accounting orientation
JB_4298,Finance Manager - Real Estate and Hospitality,,Praha,Manager,Finance/Risk Manager,,"Finance & Banking, Real Estate & Construction",,https://www.jobs.cz/rpd/2001433208/,2026-09-18T18:16:19+02:00,Deprioritized,-7,Other,Prague,19,,Leadership/management position; Finance/accounting orientation
JB_0065,Specialista zákaznické podpory,,Praha – Nusle,Customer Service Representative,Customer Support Representative,,Customer Service,,https://www.jobs.cz/rpd/2001431735/,2026-09-18T18:06:49+02:00,Deprioritized,-7,Other,Prague,19,,Non-target root occupation
JB_9037,PROPERTY VALUER 🏢📈,,Praha – Jinonice,Other,Unclassified,,Real Estate & Construction,,https://www.jobs.cz/rpd/2001428937/,2026-09-18T18:06:08+02:00,Deprioritized,-7,Other,Prague,19,,Non-target root occupation
JB_0111,Vedoucí oddělení ekonomických činností,27 030 – 51 500 Kč,Praha – Bubeneč,Manager,Finance/Risk Manager,Lead/Head,,,https://www.jobs.cz/rpd/2001430761/,2026-09-18T18:06:08+02:00,Deprioritized,-7,Other,Prague,19,,Leadership/management position; Finance/accounting orientation
JB_3424,PR Executive do MSL,,Praha – Libeň,Other,Unclassified,,,,https://www.jobs.cz/rpd/2001304579/,2026-09-18T17:55:13+02:00,Deprioritized,-7,Other,Prague,19,,Non-target root occupation
JB_3706,ČLEN/ČLENKA PŘEDSTAVENSTVA s pověřením řízení společnosti,,Praha – Žižkov,Other,Unclassified,,,,https://www.jobs.cz/rpd/2001433703/,2026-09-18T17:53:08+02:00,Deprioritized,-7,Other,Prague,19,,Non-target root occupation
JB_8576,Operátor/ka Praha – Anděl 🚀,40 000 – 80 000 Kč,Praha – Smíchov,Operator,General Operator,,,,https://www.jobs.cz/rpd/2001427075/,2026-09-18T17:52:53+02:00,Deprioritized,-7,Other,Prague,19,,Non-target root occupation
JB_9164,Junior Accountant,,Praha – Michle,Accountant,General Accountant,Junior/Entry-level,,,https://www.jobs.cz/rpd/2001433355/,2026-09-18T17:40:33+02:00,Deprioritized,-7,Other,Prague,19,Junior/entry level,Finance/accounting orientation; Non-target root occupation
JB_8808,"Asistent/ Asistentka se stavebním vzděláním - zaškolení 40 - 45 000,-",40 000 – 45 000 Kč,Praha – Horní Počernice,Assistant,General Assistant,,Real Estate & Construction,,https://www.jobs.cz/rpd/2001405387/,2026-09-18T17:40:10+02:00,Deprioritized,-7,Other,Prague,19,,Non-target root occupation
JB_7377,Pracovník správy sítě - zařízení VVN,,Praha – Smíchov,Clerk,General Clerk,,,,https://www.jobs.cz/rpd/2001427435/,2026-09-18T17:40:03+02:00,Deprioritized,-7,Other,Prague,19,,Non-target root occupation
JB_2353,ADMINISTRATIVNÍ PODPORA (DOPRAVA A LOGISTIKA),,Praha – Nové Město,Assistant,Administrative/Back-Office Assistant,,,,https://www.jobs.cz/rpd/2001432998/,2026-09-18T13:27:23+02:00,Deprioritized,-7,Other,Prague,19,,Non-target root occupation
JB_6326,Pracovník podpůrných služeb - správa majetku,,Praha – Strašnice,Clerk,General Clerk,,,,https://www.jobs.cz/rpd/2001431002/,2026-09-18T13:27:23+02:00,Deprioritized,-7,Other,Prague,19,,Non-target root occupation
JB_5797,⭕Finanční manažer/ka / Hlavní účetní | Karlín | 💰 cca od 70–100.000 Kč,70 000 – 100 000 Kč,Hlavní město Praha,Manager,Executive/General Manager,,,,https://www.jobs.cz/rpd/2001426327/,2026-09-18T13:27:23+02:00,Deprioritized,-7,Other,Prague,19,,Leadership/management position; Finance/accounting orientation
JB_7577,Senior Research Manager,,Praha – Žižkov,Manager,R&D/Innovation Manager,Senior,Education & Research,,https://www.jobs.cz/rpd/2001429077/,2026-09-18T13:26:58+02:00,Deprioritized,-7,Other,Prague,19,R,Senior-level position; Leadership/management position
JB_9365,Project Asistent CATI výzkumů,,Praha – Nové Město,Assistant,Project/Team Assistant,,"Project & Program Management, Education & Research",,https://www.jobs.cz/rpd/2001431324/,2026-09-18T13:20:20+02:00,Deprioritized,-7,Other,Prague,19,,Non-target root occupation
JB_1621,Oddělení obrany a zahraničních věcí: Kontrolor/ka - ZÁSTUP ZA MD/RD,,Praha – Holešovice,Other,Unclassified,,,,https://www.jobs.cz/rpd/2001426800/,2026-09-18T13:20:01+02:00,Deprioritized,-7,Other,Prague,19,,Non-target root occupation
JB_7088,"Hledáš práci, která ti zajistí stabilní a vysoký příjem? - Praha",47 000 – 69 000 Kč,Praha – Vinohrady,Other,Unclassified,,,,https://www.jobs.cz/rpd/2001430736/,2026-09-18T13:18:26+02:00,Deprioritized,-7,Other,Prague,19,,Non-target root occupation
JB_7508,"Pondělní nadšení? Vím, zní to podezřele. Ale fakt se budete těšit. PRAHA",47 000 – 69 000 Kč,Praha – Vinohrady,Other,Unclassified,,,,https://www.jobs.cz/rpd/2001426443/,2026-09-18T13:18:26+02:00,Deprioritized,-7,Other,Prague,19,,Non-target root occupation
JB_4791,Obchodník – péče o partnery a rozvoj sítě,,Praha – Smíchov + 5 dalších lokalit,Sales Representative,Field Sales Representative,,Sales & Business Development,,https://www.jobs.cz/rpd/2001431348/,2026-09-18T13:18:12+02:00,Deprioritized,-7,Other,Prague,19,,Non-target root occupation
JB_6124,Head of Credit Risk (m/ž),,Praha – Michle,Manager,Finance/Risk Manager,Lead/Head,Compliance & Risk,,https://www.jobs.cz/rpd/2001429721/,2026-09-18T13:17:49+02:00,Deprioritized,-7,Other,Prague,19,,Leadership/management position; Finance/accounting orientation
JB_0188,Senior Payroll Specialist,,Praha – Vinohrady,Specialist,HR/People Specialist,Senior,HR & Recruitment,,https://www.jobs.cz/rpd/2001429678/,2026-09-18T13:17:38+02:00,Deprioritized,-7,Other,Prague,19,,Senior-level position; Finance/accounting orientation
JB_4386,Marketplace & Business Development Specialist,44 000 – 67 000 Kč,Praha – Nové Město,Sales Representative,Business Development Representative,,Sales & Business Development,,https://www.jobs.cz/rpd/2001425322/,2026-09-18T13:08:06+02:00,Deprioritized,-7,Other,Prague,19,,Non-target root occupation
JB_1359,Business Development Specialist pro Acquiring (m/ž),,Hlavní město Praha,Sales Representative,Business Development Representative,,Sales & Business Development,,https://www.jobs.cz/rpd/2001431370/,2026-09-18T13:07:43+02:00,Deprioritized,-7,Other,Prague,19,,Non-target root occupation
JB_9729,"MEDIA ASSISTANT / 20 h týdně / rozpočty, data, MS Excel / ČJ + AJ",,Praha,Assistant,General Assistant,,"Data & Analytics, Marketing & Communications, Media & Entertainment",Excel,https://www.jobs.cz/rpd/2001433252/,2026-09-18T13:07:21+02:00,Deprioritized,-7,Other,Prague,19,,Non-target root occupation
BLT_4119,Engineering Manager (100% Remote EMEA) - Cloud Computing,,16 Locations,Manager,IT/Engineering Manager,Senior level,"Cloud & Infrastructure, Engineering & R&D",,https://builtin.com/job/engineering-manager-100-remote-emea-cloud-computing/10022722,2026-09-18T13:03:39+02:00,Deprioritized,-7,Other,Remote/Hybrid,19,R,Senior-level position; Leadership/management position
BLT_3516,"Associate Director, Custom Applications Technology & Engineering Manager",1M-3M Annually,"Prague, CZE",Manager,IT/Engineering Manager,Senior level,Engineering & R&D,,https://builtin.com/job/associate-director-custom-applications-technology-engineering-manager/11227944,2026-09-18T13:01:40+02:00,Deprioritized,-7,Other,Prague,19,R,Senior-level position; Leadership/management position
BLT_1827,Senior Reporting Support,,27 Locations,Support Specialist,General Support Specialist,Senior level,Data & Analytics,,https://builtin.com/job/senior-reporting-support/11248891,2026-09-18T13:00:43+02:00,Deprioritized,-7,Other,Outside Prague - verify,19,,Senior-level position; Primarily BI/reporting; Location requires verification
SJ_210060,"BDR - Obchodní specialista na telefonu | CZ/SK, 100% REMOTE, 60.000+ Kč",,Prague,Sales Representative,Business Development Representative,,Sales & Business Development,,https://www.startupjobs.cz/nabidka/77879/bdr-obchodni-specialista-na-telefonu-cz-sk-100-remote-60-000-kc,2026-09-17T10:57:36+02:00,Deprioritized,-7,Other,Prague,21,,Non-target root occupation
SJ_286569,"BDR SK – Obchodný špecialista na telefóne | 100% Remote, 60 000+ Kč",,Prague,Sales Representative,Business Development Representative,,Sales & Business Development,,https://www.startupjobs.cz/nabidka/100339/bdr-sk-obchodny-specialista-na-telefone-100-remote-60-000-kc,2026-09-17T10:57:36+02:00,Deprioritized,-7,Other,Prague,21,,Non-target root occupation
SJ_107757,Máš přehled o české tvůrčí scéně a baví tě oslovovat nové lidi?,,Prague,Other,Unclassified,,,,https://www.startupjobs.cz/nabidka/107757/mas-prehled-o-ceske-tvurci-scene-a-bavi-te-oslovovat-nove-lidi,2026-09-17T10:45:16+02:00,Deprioritized,-7,Other,Prague,21,,Non-target root occupation
SJ_107821,Business Development Officer for DACH region,,Prague,Officer,General Officer,,Sales & Business Development,,https://www.startupjobs.cz/nabidka/107821/business-development-officer-for-dach-region,2026-09-17T10:44:16+02:00,Deprioritized,-7,Other,Prague,21,,Non-target root occupation
SJ_100921,People Operations Partner,,Prague,Other,Unclassified,,HR & Recruitment,,https://www.startupjobs.cz/nabidka/100921/people-operations-partner,2026-09-17T10:44:16+02:00,Deprioritized,-7,Other,Prague,21,,Non-target root occupation
SJ_107843,Pohřební průvodce: Pojď s námi dělat pohřby jinak.,,Prague,Other,Unclassified,,,,https://www.startupjobs.cz/nabidka/107843/pohrebni-pruvodce-pojd-s-nami-delat-pohrby-jinak,2026-09-17T10:44:16+02:00,Deprioritized,-7,Other,Prague,21,,Non-target root occupation
SJ_34453,"IT HW technik, helpdesk, zákaznická podpora",,Prague,Customer Service Representative,Customer Support Representative,,"IT & Software, Customer Service",,https://www.startupjobs.cz/nabidka/34453/it-hw-technik-helpdesk-zakaznicka-podpora,2026-09-17T10:42:06+02:00,Deprioritized,-7,Other,Prague,21,,Non-target root occupation
SJ_107811,Product Builder / Vibe Coder 🚀,,Prague,Other,Unclassified,,,,https://www.startupjobs.cz/nabidka/107811/product-builder-vibe-coder,2026-09-17T10:42:06+02:00,Deprioritized,-7,Other,Prague,21,,Non-target root occupation
BLT_7647,Power BI Architect,,CZE,Architect,General Architect,Senior level,"Data & Analytics, Energy & Utilities",Power BI,https://builtin.com/job/power-bi-architect/11181933,2026-09-17T10:30:17+02:00,Deprioritized,-7,Other,Outside Prague - verify,21,,Senior-level position; Primarily BI/reporting; Location requires verification
JB_8978,Operátor zákaznického servisu e-shopu,,Praha – Stodůlky,Operator,General Operator,,Customer Service,,https://www.jobs.cz/rpd/2001426833/,2026-09-15T11:05:45+02:00,Deprioritized,-7,Other,Prague,23,,Non-target root occupation
JB_5290,HR Operations Assistant – DACH Region,,Praha – Karlín,Assistant,General Assistant,,HR & Recruitment,,https://www.jobs.cz/rpd/2001340280/,2026-09-15T09:54:54+02:00,Deprioritized,-7,Other,Prague,23,,Non-target root occupation
JB_2656,Account Executive - Energy portfolio,,Praha – Karlín,Sales Representative,Account Executive,,Energy & Utilities,,https://www.jobs.cz/rpd/2001424695/,2026-09-15T09:54:05+02:00,Deprioritized,-7,Other,Prague,23,,Non-target root occupation
JB_3639,Functional Safety Professional (f/m/d),,Praha – Jinonice,Other,Unclassified,,Quality & Safety,,https://www.jobs.cz/rpd/1603091033/,2026-09-15T00:26:41+02:00,Deprioritized,-7,Other,Prague,23,,Non-target root occupation
JB_8031,Obchodní zástupce pro komunální sektor,50 000 – 90 000 Kč,Praha,Sales Representative,Field Sales Representative,,Sales & Business Development,,https://www.jobs.cz/rpd/2001425078/,2026-09-15T00:17:28+02:00,Deprioritized,-7,Other,Prague,23,,Non-target root occupation
JB_3982,asistent/asistentka oddělení rozúčtování tepla,,Praha – Záběhlice,Assistant,General Assistant,,,,https://www.jobs.cz/rpd/2001424386/,2026-09-15T00:17:04+02:00,Deprioritized,-7,Other,Prague,23,,Non-target root occupation
JB_5029,Associate Finance Manager D&T,,Praha,Manager,Finance/Risk Manager,,Finance & Banking,,https://www.jobs.cz/rpd/2001424521/,2026-09-15T00:16:41+02:00,Deprioritized,-7,Other,Prague,23,,Leadership/management position; Finance/accounting orientation
JB_1433,SMB Inside Partner Sales Representative with Czech and English,40 000 – 50 000 Kč,Praha – Michle,Sales Representative,General Sales Representative,,Sales & Business Development,,https://www.jobs.cz/rpd/2001364721/,2026-09-15T00:01:47+02:00,Deprioritized,-7,Other,Prague,23,,Non-target root occupation
JB_8158,Dohled mezinárodní IPTV platformy,,Praha – Libeň,Other,Unclassified,,,,https://www.jobs.cz/rpd/2001228552/,2026-09-15T00:01:14+02:00,Deprioritized,-7,Other,Prague,23,,Non-target root occupation
JB_5416,Šéf(ka) CRM Skupiny Partners a Partners Banky,,Praha – Chodov,Other,Unclassified,,,,https://www.jobs.cz/rpd/2001424281/,2026-09-15T00:00:53+02:00,Deprioritized,-7,Other,Prague,23,,Non-target root occupation
BLT_8038,"Director, Medical Insights Platform Lead",177K-294K Annually,32 Locations,Manager,Data/AI Manager,Senior level,"Cloud & Infrastructure, Healthcare & Pharma",,https://builtin.com/job/director-medical-insights-platform-lead/11110174,2026-09-14T23:26:11+02:00,Deprioritized,-7,Other,Outside Prague - verify,23,ML/AI or modelling,Senior-level position; Leadership/management position; Location requires verification
JST_3800,IT vyučující - VŠ předměty v AJ,až 40 000 Kč / měsíc,"Havlíčkovy Sady 58, Praha 2, 12000",Teacher/Trainer,Technical Trainer,,IT & Software,,https://www.jobstack.it/it-job/lektor-it/6373bc721f494,2026-09-12T11:33:50+02:00,Deprioritized,-7,Other,Prague,25,,Non-target root occupation
JST_7457,"Key Account manager - akvizice ERP #tři minuty, které můžou změnit opravdu hodně",Navrhni si mzdu,"Praha, Brno, Dvůr Králové nad Labem",Manager,Sales/Account Manager,"Medior, Senior",Sales & Business Development,,https://www.jobstack.it/it-job/account-manager-it/63b419e94701c,2026-09-12T11:33:50+02:00,Deprioritized,-7,Other,Prague,25,Medior level,Senior-level position; Leadership/management position
JST_2165,Sales Assistant,až 60 000 Kč / měsíc,"Michelská 18, Praha 4",Assistant,Sales/Business Assistant,,Sales & Business Development,,https://www.jobstack.it/it-job/obchodnik-it/64b7db8148003,2026-09-12T11:33:42+02:00,Deprioritized,-7,Other,Prague,25,,Non-target root occupation
JST_4497,SAP Projektový manažer,Navrhni si mzdu,Praha,Manager,Project Manager,"Medior, Senior",Project & Program Management,SAP,https://www.jobstack.it/it-job/it-project-manager/652ce79fa7eeb,2026-09-12T11:33:42+02:00,Deprioritized,-7,Other,Prague,25,Medior level,Senior-level position; Leadership/management position
JST_5628,Lékař/ka - senior konzultant/ka,Navrhni si mzdu,"Brno, Praha, Ostrava nebo Pardubice",Healthcare Professional,Medical/Clinical Professional,"Junior, Medior, Senior, Expert",,,https://www.jobstack.it/it-job/it-konzultant/61dd4cb9e3d9b,2026-09-12T11:33:28+02:00,Deprioritized,-7,Other,Prague,25,Junior/entry level; Medior level,Senior-level position; Non-target root occupation
JST_6717,SAP Projektový manažer,Navrhni si mzdu,Praha,Manager,Project Manager,"Medior, Senior",Project & Program Management,SAP,https://www.jobstack.it/it-job/it-project-manager/659bb3f58bf96,2026-09-12T11:33:28+02:00,Deprioritized,-7,Other,Prague,25,Medior level,Senior-level position; Leadership/management position
JST_9298,Business Developer - vývoj elektronických systémů,až 65 000 Kč / měsíc,Praha 10,Sales Representative,General Sales Representative,"Junior, Medior, Senior",IT & Software,,https://www.jobstack.it/it-job/sales-manager/680b5d326110a,2026-09-12T11:32:53+02:00,Deprioritized,-7,Other,Prague,25,Junior/entry level; Medior level,Senior-level position; Non-target root occupation
JST_0364,Test Analytik/Test manager,až 100 000 Kč / měsíc,Praha,Manager,Production/Quality Manager,"Medior, Senior",Data & Analytics,,https://www.jobstack.it/it-job/test-analytik/68b7650d4825e,2026-09-12T11:32:53+02:00,Deprioritized,-7,Other,Prague,25,Medior level,Senior-level position; Leadership/management position
JST_8394,Projektový manažer pro vývoj webových aplikací,až 90 000 Kč / měsíc,"Praha, Hrdčanská",Manager,Project Manager,"Medior, Senior","IT & Software, Project & Program Management",,https://www.jobstack.it/it-job/it-project-manager/652169c497c0f,2026-09-12T11:32:42+02:00,Deprioritized,-7,Other,Prague,25,Medior level,Senior-level position; Leadership/management position
JST_9394,Akviziční obchodník pro tech produkt (Junior - Senior) | 70–120k+,až 120 000 Kč / měsíc,Praha 5,Sales Representative,Field Sales Representative,"Junior, Medior, Senior",Sales & Business Development,,https://www.jobstack.it/it-job/sales-manager/69c2950d83d2e,2026-09-12T11:32:36+02:00,Deprioritized,-7,Other,Prague,25,Junior/entry level; Medior level,Senior-level position; Non-target root occupation
SJ_77879,"BDR - Obchodní specialista na telefonu | CZ/SK, 100% REMOTE, 40.000+ Kč",,Prague,Sales Representative,Business Development Representative,,Sales & Business Development,,https://www.startupjobs.cz/nabidka/77879/bdr-obchodni-specialista-na-telefonu-cz-sk-100-remote-40-000-kc,2026-09-12T11:10:13+02:00,Deprioritized,-7,Other,Prague,25,,Non-target root occupation
SJ_100339,"BDR SK – Obchodný špecialista na telefóne |100% Remote, 40 000+ Kč",,Prague,Sales Representative,Business Development Representative,,Sales & Business Development,,https://www.startupjobs.cz/nabidka/100339/bdr-sk-obchodny-specialista-na-telefone-100-remote-40-000-kc,2026-09-12T11:10:13+02:00,Deprioritized,-7,Other,Prague,25,,Non-target root occupation
SJ_98177,Business Development Representative (Akvizice),,Prague,Sales Representative,Business Development Representative,,Sales & Business Development,,https://www.startupjobs.cz/nabidka/98177/business-development-representative-akvizice,2026-09-12T11:10:13+02:00,Deprioritized,-7,Other,Prague,25,,Non-target root occupation
SJ_104055,"Senior PR account manažer/ka – technologie, startupy a inovace",,Prague,Manager,Sales/Account Manager,Senior,Engineering & R&D,,https://www.startupjobs.cz/nabidka/104055/senior-pr-account-manazer-ka-technologie-startupy-a-inovace,2026-09-12T11:09:08+02:00,Deprioritized,-7,Other,Prague,25,R,Senior-level position; Leadership/management position
SJ_106997,"Account Executive, New Business (Prague, On-Site → Europe Travel)",,Prague,Sales Representative,Account Executive,,,,https://www.startupjobs.cz/nabidka/106997/account-executive-new-business-prague-on-site-europe-travel,2026-09-12T11:08:03+02:00,Deprioritized,-7,Other,Prague,26,,Non-target root occupation
SJ_78159,Akviziční obchodník ve zdravotnictví (full-cycle) (CZ/SK),,Prague,Sales Representative,Field Sales Representative,,Sales & Business Development,,https://www.startupjobs.cz/nabidka/78159/akvizicni-obchodnik-ve-zdravotnictvi-full-cycle-cz-sk,2026-09-12T11:08:03+02:00,Deprioritized,-7,Other,Prague,26,,Non-target root occupation
SJ_104331,Hledáme nového Zážitkáře na Zákaznickou Podporu!💜 - částečný úvazek,,Prague,Customer Service Representative,Customer Support Representative,,Customer Service,,https://www.startupjobs.cz/nabidka/104331/hledame-noveho-zazitkare-na-zakaznickou-podporu-castecny-uvazek,2026-09-12T11:08:03+02:00,Deprioritized,-7,Other,Prague,26,,Non-target root occupation
SJ_105457,🚀 Obchodní partner / Business Developer pro startup Betnito.cz | Provizní spolupráce | IČO | Remote | Neomezený růst,,Prague,Sales Representative,General Sales Representative,,"IT & Software, Sales & Business Development",Rust,https://www.startupjobs.cz/nabidka/105457/obchodni-partner-business-developer-pro-startup-betnito-cz-provizni-spoluprace-ico-remote-neomezeny-rust,2026-09-12T11:08:03+02:00,Deprioritized,-7,Other,Prague,26,,Non-target root occupation
SJ_107043,Ambasador sportovní a gamingové komunity pro BETNITO | Affiliate partner | IČO,,Prague,Other,Unclassified,,,,https://www.startupjobs.cz/nabidka/107043/ambasador-sportovni-a-gamingove-komunity-pro-betnito-affiliate-partner-ico,2026-09-12T11:07:03+02:00,Deprioritized,-7,Other,Prague,26,,Non-target root occupation
SJ_107057,IT Recruiter/ka,,Prague,Recruiter,IT/Technical Recruiter,,"IT & Software, HR & Recruitment",,https://www.startupjobs.cz/nabidka/107057/it-recruiter-ka,2026-09-12T11:07:03+02:00,Deprioritized,-7,Other,Prague,26,,Non-target root occupation
SJ_107051,Sales Representative,,Prague,Sales Representative,General Sales Representative,,Sales & Business Development,,https://www.startupjobs.cz/nabidka/107051/sales-representative,2026-09-12T11:07:03+02:00,Deprioritized,-7,Other,Prague,26,,Non-target root occupation
SJ_107069,"Tiskoviny, partnerské balíčky a eventy. Celá produkce na tobě",,Prague,Other,Unclassified,,,,https://www.startupjobs.cz/nabidka/107069/tiskoviny-partnerske-balicky-a-eventy-cela-produkce-na-tobe,2026-09-12T11:07:03+02:00,Deprioritized,-7,Other,Prague,26,,Non-target root occupation
SJ_105147,Zákaznická podpora / Customer care pro nově vznikající značku Provencelia,,Prague,Customer Service Representative,Customer Care Representative,,Customer Service,,https://www.startupjobs.cz/nabidka/105147/zakaznicka-podpora-customer-care-pro-nove-vznikajici-znacku-provencelia,2026-09-12T11:07:03+02:00,Deprioritized,-7,Other,Prague,26,,Non-target root occupation
SJ_107145,Business Development Representative | Fast-Growing Fintech Startup CZ/SK,,Prague,Sales Representative,Business Development Representative,,Sales & Business Development,,https://www.startupjobs.cz/nabidka/107145/business-development-representative-fast-growing-fintech-startup-cz-sk,2026-09-12T11:05:58+02:00,Deprioritized,-7,Other,Prague,26,,Non-target root occupation
SJ_107179,Recepční - srdce našich kanceláří!,,Prague,Assistant,Office/Reception Assistant,,,,https://www.startupjobs.cz/nabidka/107179/recepcni-srdce-nasich-kancelari,2026-09-12T11:05:58+02:00,Deprioritized,-7,Other,Prague,26,,Non-target root occupation
SJ_105317,Sales & Business Development | Vývoj softwaru,,Prague,Sales Representative,Business Development Representative,,Sales & Business Development,,https://www.startupjobs.cz/nabidka/105317/sales-and-business-development-vyvoj-softwaru,2026-09-12T11:05:58+02:00,Deprioritized,-7,Other,Prague,26,,Non-target root occupation
SJ_101453,Sales Development Representative,,Prague,Sales Representative,Sales Development Representative,,Sales & Business Development,,https://www.startupjobs.cz/nabidka/101453/sales-development-representative,2026-09-12T11:05:58+02:00,Deprioritized,-7,Other,Prague,26,,Non-target root occupation
SJ_107153,Sales specialista pro SKVOT | kreativní kurzy 🖤,,Prague,Sales Representative,General Sales Representative,,Sales & Business Development,,https://www.startupjobs.cz/nabidka/107153/sales-specialista-pro-skvot-kreativni-kurzy,2026-09-12T11:05:58+02:00,Deprioritized,-7,Other,Prague,26,,Non-target root occupation
SJ_107229,Business Development Representative for Poland | E-commerce agentic SaaS,,Prague,Sales Representative,Business Development Representative,,"Sales & Business Development, Retail & E-commerce",,https://www.startupjobs.cz/nabidka/107229/business-development-representative-for-poland-e-commerce-agentic-saas,2026-09-12T11:04:53+02:00,Deprioritized,-7,Other,Prague,26,,Non-target root occupation
SJ_103245,Sales Specialist - top marketingové služby pro lovebrandy,,Prague,Sales Representative,General Sales Representative,,Sales & Business Development,,https://www.startupjobs.cz/nabidka/103245/sales-specialist-top-marketingove-sluzby-pro-lovebrandy,2026-09-12T11:04:53+02:00,Deprioritized,-7,Other,Prague,26,,Non-target root occupation
SJ_106267,🏎️ Customer Journey & Growth Officer 🏍️,,Prague,Officer,General Officer,,Customer Service,,https://www.startupjobs.cz/nabidka/106267/customer-journey-and-growth-officer,2026-09-12T11:04:53+02:00,Deprioritized,-7,Other,Prague,26,,Non-target root occupation
SJ_85117,Hledáme parťáka do Postprodukce i do terénu!,,Prague,Other,Unclassified,,,,https://www.startupjobs.cz/nabidka/85117/hledame-partaka-do-postprodukce-i-do-terenu,2026-09-12T11:02:48+02:00,Deprioritized,-7,Other,Prague,26,,Non-target root occupation
SJ_107325,PPC specialist medior/senior v Systedo Marketing 🔥,,Prague,Specialist,Marketing/Communications Specialist,"Medior/Mid-level, Senior",Marketing & Communications,,https://www.startupjobs.cz/nabidka/107325/ppc-specialist-medior-senior-v-systedo-marketing,2026-09-12T11:02:48+02:00,Deprioritized,-7,Other,Prague,26,Medior level,Senior-level position; Generic marketing role
SJ_107435,Asistent/ka v developerské společnosti s přesahem do marketingu,,Prague,Assistant,General Assistant,,,,https://www.startupjobs.cz/nabidka/107435/asistent-ka-v-developerske-spolecnosti-s-presahem-do-marketingu,2026-09-12T11:00:38+02:00,Deprioritized,-7,Other,Prague,26,,Non-target root occupation
SJ_104795,Hledáme brigádníky na kulturní akce Praha,,Prague,Other,Unclassified,,,,https://www.startupjobs.cz/nabidka/104795/hledame-brigadniky-na-kulturni-akce,2026-09-12T11:00:38+02:00,Deprioritized,-7,Other,Prague,26,,Non-target root occupation
SJ_107423,Pricing Expert (F/M),,Prague,Specialist,Finance/Banking Specialist,,Finance & Banking,,https://www.startupjobs.cz/nabidka/107423/pricing-expert-f-m,2026-09-12T11:00:38+02:00,Deprioritized,-7,Other,Prague,26,,Senior-level position; Finance/accounting orientation
SJ_107467,Sales Development Representative at a Mobile Gaming Agency,,Prague,Sales Representative,Sales Development Representative,,"Sales & Business Development, Media & Entertainment",,https://www.startupjobs.cz/nabidka/107467/sales-development-representative-at-a-mobile-gaming-agency,2026-09-12T11:00:38+02:00,Deprioritized,-7,Other,Prague,26,,Non-target root occupation
SJ_21242,Customer Care (chat & mail) EN/CZ – se zájmem o IT a síť,,Prague,Customer Service Representative,Customer Care Representative,,"IT & Software, Customer Service",,https://www.startupjobs.cz/nabidka/21242/customer-care-chat-and-mail-en-cz-se-zajmem-o-it-a-sit,2026-09-12T10:59:33+02:00,Deprioritized,-7,Other,Prague,26,,Non-target root occupation
SJ_104853,Customer Care Specialist - Apple Accessories,,Prague,Customer Service Representative,Customer Care Representative,,Customer Service,,https://www.startupjobs.cz/nabidka/104853/customer-care-specialist-apple-accessories,2026-09-12T10:59:33+02:00,Deprioritized,-7,Other,Prague,26,,Non-target root occupation
SJ_104481,Customer Care v MAGU🌱,,Prague,Customer Service Representative,Customer Care Representative,,Customer Service,,https://www.startupjobs.cz/nabidka/104481/customer-care-v-magu,2026-09-12T10:59:33+02:00,Deprioritized,-7,Other,Prague,26,,Non-target root occupation
SJ_107485,"PPC Specialista (Ads/Meta, medior/senior, FT/PT, Vyšehrad)",,Prague,Specialist,Marketing/Communications Specialist,"Medior/Mid-level, Senior",Marketing & Communications,,https://www.startupjobs.cz/nabidka/107485/ppc-specialista-ads-meta-medior-senior-ft-pt-vysehrad,2026-09-12T10:59:33+02:00,Deprioritized,-7,Other,Prague,26,Medior level,Senior-level position; Generic marketing role
SJ_106601,Zkušený obchodník - Fintech & Acquiring,,Prague,Sales Representative,Field Sales Representative,,Sales & Business Development,,https://www.startupjobs.cz/nabidka/106601/zkuseny-obchodnik-fintech-and-acquiring,2026-09-12T10:59:33+02:00,Deprioritized,-7,Other,Prague,26,,Non-target root occupation
SJ_107567,Junior Accountant,,Prague,Accountant,General Accountant,Junior/Entry-level,,,https://www.startupjobs.cz/nabidka/107567/junior-accountant,2026-09-12T10:58:33+02:00,Deprioritized,-7,Other,Prague,26,Junior/entry level,Finance/accounting orientation; Non-target root occupation
SJ_107607,Business Development Representative,,Prague,Sales Representative,Business Development Representative,,Sales & Business Development,,https://www.startupjobs.cz/nabidka/107607/business-development-representative,2026-09-12T10:57:33+02:00,Deprioritized,-7,Other,Prague,26,,Non-target root occupation
SJ_107627,Head of Accounting,,Prague,Manager,Finance/Risk Manager,Lead/Head,Finance & Banking,,https://www.startupjobs.cz/nabidka/107627/head-of-accounting,2026-09-12T10:57:33+02:00,Deprioritized,-7,Other,Prague,26,,Leadership/management position; Finance/accounting orientation
SJ_107623,"HR generalista/ka — nábor, provoz a kancelář",,Prague,Recruiter,General Recruiter,,HR & Recruitment,,https://www.startupjobs.cz/nabidka/107623/hr-generalista-ka-nabor-provoz-a-kancelar,2026-09-12T10:57:33+02:00,Deprioritized,-7,Other,Prague,26,,Non-target root occupation
SJ_107243,B2B Sales Trader – European IT & Electronics,,Prague,Sales Representative,General Sales Representative,,"IT & Software, Sales & Business Development",,https://www.startupjobs.cz/nabidka/107243/b2b-sales-trader-european-it-and-electronics,2026-09-12T10:55:23+02:00,Deprioritized,-7,Other,Prague,26,,Non-target root occupation
SJ_106559,Ambiciózní kolega do kanceláře 🚀,,Prague,Other,Unclassified,,,,https://www.startupjobs.cz/nabidka/106559/ambiciozni-kolega-do-kancelare,2026-09-12T10:46:32+02:00,Deprioritized,-7,Other,Prague,26,,Non-target root occupation
SJ_107381,Customer Care | 2Bminer,,Prague,Customer Service Representative,Customer Care Representative,,Customer Service,,https://www.startupjobs.cz/nabidka/107381/customer-care-2bminer,2026-09-12T10:46:32+02:00,Deprioritized,-7,Other,Prague,26,,Non-target root occupation
SJ_106389,Junior Controller @PRAGER'S,,Prague,Controller,General Controller,Junior/Entry-level,Finance & Banking,,https://www.startupjobs.cz/nabidka/106389/junior-controller-pragers,2026-09-12T10:46:32+02:00,Deprioritized,-7,Other,Prague,26,Junior/entry level,Finance/accounting orientation; Non-target root occupation
SJ_107385,🚀 Obchodní zástupce | Laba Czech | Bez cold callů,,Prague,Sales Representative,Inside Sales/Telesales Representative,,Sales & Business Development,,https://www.startupjobs.cz/nabidka/107385/obchodni-zastupce-laba-czech-bez-cold-callu,2026-09-12T10:46:32+02:00,Deprioritized,-7,Other,Prague,26,,Non-target root occupation
JB_2130,"ADMINISTRATIVNÍ PODPORA, PRAHA",,Praha – Nové Město,Assistant,Administrative/Back-Office Assistant,,,,https://www.jobs.cz/rpd/2001351955/,2026-09-11T17:33:16+02:00,Deprioritized,-7,Other,Prague,26,,Non-target root occupation
JB_6967,F&B Service,,Praha – Ruzyně,Other,Unclassified,,,,https://www.jobs.cz/rpd/2001335077/,2026-09-11T17:33:16+02:00,Deprioritized,-7,Other,Prague,26,,Non-target root occupation
JB_2734,Receptionist,,Praha – Nové Město,Assistant,General Assistant,,,,https://www.jobs.cz/rpd/2001121504/,2026-09-11T17:33:08+02:00,Deprioritized,-7,Other,Prague,26,,Non-target root occupation
JB_9638,VIP Service Club Continental - Agent VIP služeb,,Praha – Ruzyně,Agent,Customer Service Agent,,,,https://www.jobs.cz/rpd/2001393844/,2026-09-11T17:33:08+02:00,Deprioritized,-7,Other,Prague,26,,Non-target root occupation
JB_4698,"Zajímavá administrativa, práce s dokumenty a drobná organizační činnost",45 000 – 55 000 Kč,Praha – Jinonice,Other,Unclassified,,,,https://www.jobs.cz/rpd/2001397823/,2026-09-11T17:33:08+02:00,Deprioritized,-7,Other,Prague,26,,Non-target root occupation
JB_3020,Recruiter / HR Generalist,60 000 – 70 000 Kč,Praha – Holešovice,Recruiter,General Recruiter,,HR & Recruitment,,https://www.jobs.cz/rpd/2001413586/,2026-09-11T17:32:39+02:00,Deprioritized,-7,Other,Prague,26,,Non-target root occupation
JB_0675,Asistent/-ka prodeje - GANT MAN - Metropole Zličín,,Praha – Třebonice,Assistant,Sales/Business Assistant,,Sales & Business Development,,https://www.jobs.cz/rpd/2001379107/,2026-09-11T17:32:32+02:00,Deprioritized,-7,Other,Prague,26,,Non-target root occupation
JB_1122,Hledáme trenéra / trenérku a kouče / koučku obchodního týmu (telesales),,Praha – Vokovice,Teacher/Trainer,Sales Trainer,,Sales & Business Development,,https://www.jobs.cz/rpd/2001207558/,2026-09-11T17:32:32+02:00,Deprioritized,-7,Other,Prague,26,,Non-target root occupation
JB_8385,Asistent/-ka prodeje - RUNNER - Praha,,Praha,Assistant,Sales/Business Assistant,,Sales & Business Development,,https://www.jobs.cz/rpd/2001415908/,2026-09-11T17:32:25+02:00,Deprioritized,-7,Other,Prague,26,,Non-target root occupation
JB_7013,Posila na prodejnu Vodafone - OC Nový Smíchov,33 000 – 65 000 Kč,Praha – Smíchov,Other,Unclassified,,"Sales & Business Development, Retail & E-commerce",,https://www.jobs.cz/rpd/2001409597/,2026-09-11T17:21:51+02:00,Deprioritized,-7,Other,Prague,26,,Non-target root occupation
JB_3938,Specialista/ka aktivního prodeje a zákaznické péče po telefonu,35 000 – 45 000 Kč,Praha – Michle,Customer Service Representative,Customer Care Representative,,"Sales & Business Development, Customer Service",,https://www.jobs.cz/rpd/2001390437/,2026-09-11T17:21:51+02:00,Deprioritized,-7,Other,Prague,26,,Non-target root occupation
JB_6392,Specialista/Specialistka prodeje a zákaznické péče – T-Mobile Smíchov,44 200 – 74 200 Kč,Praha – Smíchov,Customer Service Representative,Customer Care Representative,,"Sales & Business Development, Customer Service",,https://www.jobs.cz/rpd/2001311179/,2026-09-11T17:21:51+02:00,Deprioritized,-7,Other,Prague,26,,Non-target root occupation
JB_8557,Specialista/Specialistka prodeje a zákaznické péče-poloviční úvazek-T-Mobile OC Smíchov,22 100 – 37 100 Kč,Praha – Smíchov,Customer Service Representative,Customer Care Representative,,"Sales & Business Development, Customer Service",,https://www.jobs.cz/rpd/2001390096/,2026-09-11T17:21:51+02:00,Deprioritized,-7,Other,Prague,26,,Non-target root occupation
JB_1911,Tvoje kariéra. Žádný NPC mode. 🚀,,Praha – Nusle,Other,Unclassified,,,,https://www.jobs.cz/rpd/2001387383/,2026-09-11T17:21:51+02:00,Deprioritized,-7,Other,Prague,26,,Non-target root occupation
JB_7364,Optometrista (m/ž) - GRANDOPTICAL Praha,,Praha – Třebonice,Healthcare Professional,Pharmacy/Optometry Professional,,,,https://www.jobs.cz/rpd/2001360789/,2026-09-11T17:21:39+02:00,Deprioritized,-7,Other,Prague,26,,Non-target root occupation
JB_9046,Specialista zákaznického centra,32 000 – 50 000 Kč,Praha – Nusle,Customer Service Representative,General Customer Service Representative,,Customer Service,,https://www.jobs.cz/rpd/2001384740/,2026-09-11T17:21:39+02:00,Deprioritized,-7,Other,Prague,26,,Non-target root occupation
JB_5726,SPECIALISTA ŘÍZENÍ PROVOZU CALL CENTRA M/Ž,,Praha – Michle,Customer Service Representative,Contact Centre Representative,,,,https://www.jobs.cz/rpd/2001328775/,2026-09-11T17:21:38+02:00,Deprioritized,-7,Other,Prague,26,,Non-target root occupation
JB_9217,Customer Care | 2Bminer,40 000 – 80 000 Kč,Praha – Karlín,Customer Service Representative,Customer Care Representative,,Customer Service,,https://www.jobs.cz/rpd/2001403036/,2026-09-11T17:21:32+02:00,Deprioritized,-7,Other,Prague,26,,Non-target root occupation
JB_6067,Export Customer Care | English and German,,Praha – Karlín,Customer Service Representative,Customer Care Representative,,Customer Service,,https://www.jobs.cz/rpd/2001337906/,2026-09-11T17:21:32+02:00,Deprioritized,-7,Other,Prague,26,,Non-target root occupation
JB_0815,Nejsi NPC? Tak čti dál.,,Praha – Nusle,Other,Unclassified,,,,https://www.jobs.cz/rpd/2001397839/,2026-09-11T17:20:41+02:00,Deprioritized,-7,Other,Prague,26,,Non-target root occupation
JB_8391,Operátor/ka call centra - neomezené bonusy!,40 000 – 60 000 Kč,Praha – Nusle,Customer Service Representative,Contact Centre Representative,,,,https://www.jobs.cz/rpd/2001376232/,2026-09-11T17:20:41+02:00,Deprioritized,-7,Other,Prague,26,,Non-target root occupation
JB_1246,Pracovník zákaznických služeb PRE_stávající klienti,,Praha – Vršovice,Clerk,General Clerk,,Customer Service,,https://www.jobs.cz/rpd/2001400873/,2026-09-11T17:20:41+02:00,Deprioritized,-7,Other,Prague,26,,Non-target root occupation
JB_8580,Recepční / Klientský servis – privátní stomatologická klinika DENT MEDICO,30 000 – 35 000 Kč,Praha – Karlín + 1 další lokalita,Customer Service Representative,Client Service Representative,,Customer Service,,https://www.jobs.cz/rpd/2001288895/,2026-09-11T17:20:41+02:00,Deprioritized,-7,Other,Prague,26,,Non-target root occupation
JB_8210,SPECIALISTA REKLAMACÍ A ZÁKAZNICKÉ PÉČE E-SHOP,,Praha – Stodůlky,Customer Service Representative,Claims/Complaints Representative,,"Customer Service, Retail & E-commerce",,https://www.jobs.cz/rpd/2001403150/,2026-09-11T17:20:41+02:00,Deprioritized,-7,Other,Prague,26,,Non-target root occupation
JB_4855,Specialista/tka zákaznické podpory_stávající klienti_30 h týdně,,Praha – Vršovice,Customer Service Representative,Customer Support Representative,,Customer Service,,https://www.jobs.cz/rpd/2001296864/,2026-09-11T17:20:41+02:00,Deprioritized,-7,Other,Prague,26,,Non-target root occupation
JB_6466,Vodafone – průzkum trhu – stávající zákazníci,25 000 – 35 000 Kč,Praha – Smíchov,Other,Unclassified,,,,https://www.jobs.cz/rpd/2000150168/,2026-09-11T17:20:41+02:00,Deprioritized,-7,Other,Prague,26,,Non-target root occupation
JB_6417,Administrativní podpora / Back Office,25 000 – 35 000 Kč,Praha – Nusle,Assistant,Administrative/Back-Office Assistant,,,,https://www.jobs.cz/rpd/2001414868/,2026-09-11T17:20:16+02:00,Deprioritized,-7,Other,Prague,26,,Non-target root occupation
JB_8994,Customer Service Advisor with Greek | Home Office from the Czechia - start date 17.08.,30 000 – 34 500 Kč,Praha – Michle,Customer Service Representative,Client Service Representative,,Customer Service,,https://www.jobs.cz/rpd/2001381827/,2026-09-11T17:19:06+02:00,Deprioritized,-7,Other,Prague,26,,Non-target root occupation
JB_3380,Master Data Clerk / full-time / part-time/ 6 měsíční projekt,,Praha,Clerk,Master Data Clerk,,"Data & Analytics, Project & Program Management",,https://www.jobs.cz/rpd/2001406400/,2026-09-11T17:18:46+02:00,Deprioritized,-7,Other,Prague,26,,Non-target root occupation
JB_7781,Executive Assistant,,Praha – Krč,Assistant,Executive/Personal Assistant,,,,https://www.jobs.cz/rpd/2001401627/,2026-09-11T17:12:00+02:00,Deprioritized,-7,Other,Prague,26,,Non-target root occupation
JB_8495,Secondary and High School Biology Teacher,50 000 – 70 000 Kč,Praha – Kobylisy,Teacher/Trainer,Academic Teacher,,Education & Research,,https://www.jobs.cz/rpd/2001396128/,2026-09-11T17:11:49+02:00,Deprioritized,-7,Other,Prague,26,,Non-target root occupation
JB_9499,Asistent/ka kvality,,Praha – Motol,Assistant,General Assistant,,Quality & Safety,,https://www.jobs.cz/rpd/2000896440/,2026-09-11T17:11:01+02:00,Deprioritized,-7,Other,Prague,26,,Non-target root occupation
JB_7891,Specialista/ka datové kvality a klientský servis,,Praha – Žižkov,Customer Service Representative,Client Service Representative,,"Customer Service, Quality & Safety",,https://www.jobs.cz/rpd/2001403201/,2026-09-11T17:10:46+02:00,Deprioritized,-7,Other,Prague,26,,Non-target root occupation
JB_4564,Osobní bankéř/ka senior - Jugoslávská,,Praha – Vinohrady,Specialist,Finance/Banking Specialist,Senior,Finance & Banking,,https://www.jobs.cz/rpd/2001329413/,2026-09-11T17:10:20+02:00,Deprioritized,-7,Other,Prague,26,,Senior-level position; Finance/accounting orientation
JB_3667,Osobní bankéř/ka senior - Topolová,,Praha,Specialist,Finance/Banking Specialist,Senior,Finance & Banking,,https://www.jobs.cz/rpd/2001304995/,2026-09-11T17:10:12+02:00,Deprioritized,-7,Other,Prague,26,,Senior-level position; Finance/accounting orientation
JB_1231,PR Account Executive 2x,38 000 – 55 000 Kč,Praha – Staré Město,Sales Representative,Account Executive,,,,https://www.jobs.cz/rpd/2001409514/,2026-09-11T17:10:12+02:00,Deprioritized,-7,Other,Prague,26,,Non-target root occupation
JB_8038,Recruiter at a Mobile Gaming Agency,,Praha – Smíchov,Recruiter,General Recruiter,,"HR & Recruitment, Media & Entertainment",,https://www.jobs.cz/rpd/2001396470/,2026-09-11T17:10:12+02:00,Deprioritized,-7,Other,Prague,26,,Non-target root occupation
JB_9542,Customer care specialista pro e-commerce,,Praha – Vinohrady,Customer Service Representative,Customer Care Representative,,"Customer Service, Retail & E-commerce",,https://www.jobs.cz/rpd/2001361084/,2026-09-11T17:03:31+02:00,Deprioritized,-7,Other,Prague,26,,Non-target root occupation
JB_2765,Ředitel/ka Investic a Treasury (CIO),,Praha – Karlín,Manager,Finance/Risk Manager,Executive,Finance & Banking,,https://www.jobs.cz/rpd/2001389468/,2026-09-11T17:03:31+02:00,Deprioritized,-7,Other,Prague,26,,Leadership/management position; Finance/accounting orientation
JB_0223,Customer Care Specialist (German),,Praha – Karlín,Customer Service Representative,Customer Care Representative,,Customer Service,,https://www.jobs.cz/rpd/2001162122/,2026-09-11T17:03:14+02:00,Deprioritized,-7,Other,Prague,26,,Non-target root occupation
JB_7239,Sales Specialist,,Praha – Karlín,Sales Representative,General Sales Representative,,Sales & Business Development,,https://www.jobs.cz/rpd/2001396549/,2026-09-11T17:03:00+02:00,Deprioritized,-7,Other,Prague,26,,Non-target root occupation
JB_4511,Customer Support Representative Prague,,Praha – Jinonice,Customer Service Representative,Customer Support Representative,,Customer Service,,https://www.jobs.cz/rpd/2001339612/,2026-09-11T17:01:17+02:00,Deprioritized,-7,Other,Prague,26,,Non-target root occupation
JB_6535,Security Operator,,Praha – Holešovice,Operator,General Operator,,Cybersecurity,,https://www.jobs.cz/rpd/2001333291/,2026-09-11T17:01:17+02:00,Deprioritized,-7,Other,Prague,26,,Non-target root occupation
JB_9873,CYBER RISK AND ASSURANCE MANAGER,,Praha – Vršovice,Manager,Finance/Risk Manager,,"Cybersecurity, Compliance & Risk",,https://www.jobs.cz/rpd/2001272832/,2026-09-11T17:00:48+02:00,Deprioritized,-7,Other,Prague,26,,Leadership/management position; Finance/accounting orientation
JB_1477,Science Programmes Officer,,Praha,Officer,General Officer,,Education & Research,,https://www.jobs.cz/rpd/2001348931/,2026-09-11T17:00:48+02:00,Deprioritized,-7,Other,Prague,26,,Non-target root occupation
JB_0365,AML Officer,,Praha – Nové Město,Officer,Compliance/AML Officer,,Compliance & Risk,,https://www.jobs.cz/rpd/2001348703/,2026-09-11T17:00:41+02:00,Deprioritized,-7,Other,Prague,26,,Non-target root occupation
JB_4566,Administrativní podpora s japonštinou – japonská společnost,,Praha,Assistant,Administrative/Back-Office Assistant,,,,https://www.jobs.cz/rpd/2001401392/,2026-09-11T17:00:30+02:00,Deprioritized,-7,Other,Prague,26,,Non-target root occupation
JB_0965,Procesní manažer - oblast AML (m/ž),,Hlavní město Praha,Manager,Finance/Risk Manager,,Compliance & Risk,,https://www.jobs.cz/rpd/2001394804/,2026-09-11T17:00:30+02:00,Deprioritized,-7,Other,Prague,26,,Leadership/management position; Finance/accounting orientation
JB_4191,Manager/Associate Manager - Corporate Finance,,Praha – Karlín,Manager,Finance/Risk Manager,,Finance & Banking,,https://www.jobs.cz/rpd/2001292031/,2026-09-11T16:55:12+02:00,Deprioritized,-7,Other,Prague,26,,Leadership/management position; Finance/accounting orientation
JB_8069,SENIORNÍ EXPERT/KA – FINANCOVÁNÍ RENOVACÍ BUDOV A DEKARBONIZACE,,Praha,Specialist,Finance/Banking Specialist,Senior,,,https://www.jobs.cz/rpd/2001367839/,2026-09-11T16:54:58+02:00,Deprioritized,-7,Other,Prague,26,,Senior-level position; Finance/accounting orientation
JB_0917,Pracovník do controllingu - 202629,55 000 – 60 000 Kč,Praha,Clerk,General Clerk,,,,https://www.jobs.cz/rpd/2001397913/,2026-09-11T16:54:44+02:00,Deprioritized,-7,Other,Prague,26,,Non-target root occupation
JB_9780,Senior Expert pro úvěrová rizika a bankovní regulaci,,Praha – Nové Město,Specialist,Finance/Banking Specialist,Senior,Finance & Banking,,https://www.jobs.cz/rpd/2001410393/,2026-09-11T16:54:44+02:00,Deprioritized,-7,Other,Prague,26,,Senior-level position; Finance/accounting orientation
JB_8883,SENIORNÍ EXPERT/KA – FINANCOVÁNÍ DOPRAVY A MOBILITY,,Praha,Specialist,Finance/Banking Specialist,Senior,Automotive & Mobility,,https://www.jobs.cz/rpd/2001367844/,2026-09-11T16:54:44+02:00,Deprioritized,-7,Other,Prague,26,,Senior-level position; Finance/accounting orientation
JB_7737,Obchodní trenér/ka / Rozvoj obchodního týmu (m/ž/n),,Praha – Chodov,Teacher/Trainer,Sales Trainer,,Sales & Business Development,,https://www.jobs.cz/rpd/2001412174/,2026-09-11T16:54:19+02:00,Deprioritized,-7,Other,Prague,26,,Non-target root occupation
JB_7049,JUNIOR CONTROLLER,,Praha,Controller,General Controller,Junior/Entry-level,Finance & Banking,,https://www.jobs.cz/rpd/2001415275/,2026-09-11T16:53:56+02:00,Deprioritized,-7,Other,Prague,26,Junior/entry level,Finance/accounting orientation; Non-target root occupation
JB_1753,Senior | Tax Specialist,,Praha – Nusle,Specialist,Finance/Banking Specialist,Senior,Finance & Banking,,https://www.jobs.cz/rpd/2001373359/,2026-09-11T16:53:56+02:00,Deprioritized,-7,Other,Prague,26,,Senior-level position; Finance/accounting orientation
JB_8710,Senior Audit Analyst,,Praha – Nusle,Analyst,Risk/Credit Analyst,Senior,Compliance & Risk,,https://www.jobs.cz/rpd/2001210895/,2026-09-11T16:53:41+02:00,Deprioritized,-7,Other,Prague,26,,Senior-level position; Finance/accounting orientation
JB_3300,Senior Audit Analyst/Audit Consultant,55 000 – 70 000 Kč,Praha,Analyst,Risk/Credit Analyst,Senior,Compliance & Risk,,https://www.jobs.cz/rpd/2001376279/,2026-09-11T16:53:41+02:00,Deprioritized,-7,Other,Prague,26,,Senior-level position; Finance/accounting orientation
JB_8564,M&A & Business Development Specialist,,Praha – Strašnice,Sales Representative,Business Development Representative,,Sales & Business Development,,https://www.jobs.cz/rpd/2001419628/,2026-09-11T16:53:22+02:00,Deprioritized,-7,Other,Prague,26,,Non-target root occupation
JB_1316,Junior Controller - poloviční úvazek,25 000 – 35 000 Kč,Praha – Smíchov,Controller,General Controller,Junior/Entry-level,Finance & Banking,,https://www.jobs.cz/rpd/2001412355/,2026-09-11T16:52:55+02:00,Deprioritized,-7,Other,Prague,26,Junior/entry level,Finance/accounting orientation; Non-target root occupation
JB_0264,Compliance Officer,61 000 – 80 000 Kč,Praha – Nové Město,Officer,Compliance/AML Officer,,Compliance & Risk,,https://www.jobs.cz/rpd/2001384681/,2026-09-11T16:44:38+02:00,Deprioritized,-7,Other,Prague,26,,Non-target root occupation
JB_2085,SALES MASTER FOR LUXURIOUS RESIDENTIAL PROJECTS,,Praha,Sales Representative,General Sales Representative,,Sales & Business Development,,https://www.jobs.cz/rpd/2001392316/,2026-09-11T16:44:19+02:00,Deprioritized,-7,Other,Prague,26,,Non-target root occupation
JB_3817,SALES MASTER FOR LUXURIOUS RESIDENTIAL PROJECTS,,Praha,Sales Representative,General Sales Representative,,Sales & Business Development,,https://www.jobs.cz/rpd/2001381557/,2026-09-11T16:44:19+02:00,Deprioritized,-7,Other,Prague,26,,Non-target root occupation
JB_6272,SALES SPECIALISTÉ / BUSINESS DEVELOPMENT,60 000 – 80 000 Kč,Praha – Dejvice,Sales Representative,Business Development Representative,,Sales & Business Development,,https://www.jobs.cz/rpd/2001371711/,2026-09-11T16:44:19+02:00,Deprioritized,-7,Other,Prague,26,,Non-target root occupation
JB_3132,⭕ PŘÍLEŽITOST PRO ABSOVENTY PŘÍRODOVĚDNÝCH OBORŮ,,Hlavní město Praha,Other,Unclassified,,,,https://www.jobs.cz/rpd/2001387013/,2026-09-11T16:44:19+02:00,Deprioritized,-7,Other,Prague,26,,Non-target root occupation
JB_6410,Obchodní zástupce v sektoru ovoce a zeleniny,50 000 – 100 000 Kč,Praha – Lipence,Sales Representative,Field Sales Representative,,Sales & Business Development,,https://www.jobs.cz/rpd/2001352186/,2026-09-11T16:44:13+02:00,Deprioritized,-7,Other,Prague,26,,Non-target root occupation
JB_2650,Price Integrity Officer,,Praha – Stodůlky,Officer,General Officer,,,,https://www.jobs.cz/rpd/2001403025/,2026-09-11T16:44:13+02:00,Deprioritized,-7,Other,Prague,26,,Non-target root occupation
JB_0934,"Senior Trader – Energy Origination (Power, Gas & Energy Commodities)",,Praha – Michle,Specialist,Finance/Banking Specialist,Senior,Energy & Utilities,,https://www.jobs.cz/rpd/2001221611/,2026-09-11T16:44:13+02:00,Deprioritized,-7,Other,Prague,26,,Senior-level position; Finance/accounting orientation
JB_2868,Senior Trader – Environmental Commodities,,Praha – Michle,Specialist,Finance/Banking Specialist,Senior,,,https://www.jobs.cz/rpd/2001390176/,2026-09-11T16:44:13+02:00,Deprioritized,-7,Other,Prague,26,,Senior-level position; Finance/accounting orientation
JB_2026,Specialista zákaznické péče - od 35.000-45.000 + neomezené bonusy,,Praha – Nusle,Customer Service Representative,Customer Care Representative,,Customer Service,,https://www.jobs.cz/rpd/2001387347/,2026-09-11T16:44:13+02:00,Deprioritized,-7,Other,Prague,26,,Non-target root occupation
JB_2561,Zákaznická podpora - BEZ PRAXE/HPP/PRAHA/IHNED,32 000 – 45 000 Kč,Praha – Nusle,Customer Service Representative,Customer Support Representative,,Customer Service,,https://www.jobs.cz/rpd/2001410481/,2026-09-11T16:43:58+02:00,Deprioritized,-7,Other,Prague,26,,Non-target root occupation
JB_3730,Učitel/ka biologie – gymnázium (Biology Teacher) - výuka v AJ,50 000 – 70 000 Kč,Praha – Kobylisy,Teacher/Trainer,Academic Teacher,,Education & Research,,https://www.jobs.cz/rpd/2001396116/,2026-09-11T16:42:55+02:00,Deprioritized,-7,Other,Prague,26,,Non-target root occupation
JB_7894,Sales & Business Development Specialist,50 000 – 70 000 Kč,Praha,Sales Representative,Business Development Representative,,Sales & Business Development,,https://www.jobs.cz/rpd/2001392525/,2026-09-11T16:42:18+02:00,Deprioritized,-7,Other,Prague,26,,Non-target root occupation
JB_6087,Sales Finance,,Praha – Stodůlky + 2 další lokality,Sales Representative,General Sales Representative,,"Finance & Banking, Sales & Business Development",,https://www.jobs.cz/rpd/2001396755/,2026-09-11T16:42:18+02:00,Deprioritized,-7,Other,Prague,26,,Non-target root occupation
JB_3764,"Tvoje IT kariéra začíná už během studia - Salesforce, zkrácený úvazek",,Praha – Radlice,Other,Unclassified,,IT & Software,Salesforce,https://www.jobs.cz/rpd/2001392106/,2026-09-11T16:42:18+02:00,Deprioritized,-7,Other,Prague,26,,Non-target root occupation
JB_7800,⚡️Obchodník po telefonu s duší poradce | neomezené provize | Praha,70 000 – 130 000 Kč,Praha – Nusle,Sales Representative,Inside Sales/Telesales Representative,,Sales & Business Development,,https://www.jobs.cz/rpd/2000461319/,2026-09-11T16:42:18+02:00,Deprioritized,-7,Other,Prague,26,,Non-target root occupation
JB_4199,Projektový manažer IT projektů (Medior/Senior),,Praha,Manager,Project Manager,"Medior/Mid-level, Senior","IT & Software, Project & Program Management",,https://www.jobs.cz/rpd/2001356194/,2026-09-11T16:42:03+02:00,Deprioritized,-7,Other,Prague,26,Medior level,Senior-level position; Leadership/management position
JB_9430,Sales Development Representative at a Mobile Gaming Agency,45 000 – 65 000 Kč,Praha – Smíchov,Sales Representative,Sales Development Representative,,"Sales & Business Development, Media & Entertainment",,https://www.jobs.cz/rpd/2001378888/,2026-09-11T16:31:03+02:00,Deprioritized,-7,Other,Prague,26,,Non-target root occupation
JB_9976,Financial Risk Officer (f/m/d),,Praha – Karlín,Officer,Risk/Finance Officer,,"Finance & Banking, Compliance & Risk",,https://www.jobs.cz/rpd/2001412737/,2026-09-11T16:30:38+02:00,Deprioritized,-7,Other,Prague,26,,Non-target root occupation
JB_1825,Junior Risk Controller,,Praha – Nové Město,Controller,General Controller,Junior/Entry-level,"Finance & Banking, Compliance & Risk",,https://www.jobs.cz/rpd/2001387332/,2026-09-11T16:30:38+02:00,Deprioritized,-7,Other,Prague,26,Junior/entry level,Finance/accounting orientation; Non-target root occupation
JB_8284,Dálkový dohled s Aj a Nj (m/ž),45 000 – 60 000 Kč,Praha – Holešovice,Other,Unclassified,,,,https://www.jobs.cz/rpd/2001390571/,2026-09-11T16:30:25+02:00,Deprioritized,-7,Other,Prague,26,,Non-target root occupation
JB_2158,Investor výstavby sítě (technický dozor investora - elektro),,Praha – Smíchov,Other,Unclassified,,,,https://www.jobs.cz/rpd/2001356855/,2026-09-11T16:29:58+02:00,Deprioritized,-7,Other,Prague,26,,Non-target root occupation
JB_3461,Payroll Vendor Manager,,Praha – Karlín,Manager,HR/People Manager,,HR & Recruitment,,https://www.jobs.cz/rpd/2001357438/,2026-09-11T16:29:50+02:00,Deprioritized,-7,Other,Prague,26,,Leadership/management position; Finance/accounting orientation
JB_4872,Compliance (& Non-Financial Risk) Manager (m/f),,Praha,Manager,Finance/Risk Manager,,"Finance & Banking, Compliance & Risk",,https://www.jobs.cz/rpd/2001407728/,2026-09-11T16:19:30+02:00,Deprioritized,-7,Other,Prague,26,,Leadership/management position; Finance/accounting orientation
JB_1152,Obchodní zástupce /Obchodní zástupkyně (Sales Representative),50 000 – 65 000 Kč,Praha – Radlice,Sales Representative,Field Sales Representative,,Sales & Business Development,,https://www.jobs.cz/rpd/2001414893/,2026-09-11T16:19:22+02:00,Deprioritized,-7,Other,Prague,26,,Non-target root occupation
JB_3883,Pracovník správy pronájmů prodejen (CZ/SK) – s němčinou,,Praha – Jinonice,Clerk,General Clerk,,Sales & Business Development,,https://www.jobs.cz/rpd/2001294554/,2026-09-11T16:19:22+02:00,Deprioritized,-7,Other,Prague,26,,Non-target root occupation
JB_4773,IT recruiter/ka,,Praha – Nusle,Recruiter,IT/Technical Recruiter,,"IT & Software, HR & Recruitment",,https://www.jobs.cz/rpd/2001417171/,2026-09-11T16:19:15+02:00,Deprioritized,-7,Other,Prague,26,,Non-target root occupation
JB_3875,oddělení úhradových mechanismů hledá nové kolegy (2326),,Praha – Nové Město,Other,Unclassified,,,,https://www.jobs.cz/rpd/2001403707/,2026-09-11T16:19:15+02:00,Deprioritized,-7,Other,Prague,26,,Non-target root occupation
JB_0997,Personal & Team Assistant,,Praha – Nusle,Assistant,Executive/Personal Assistant,,,,https://www.jobs.cz/rpd/2001410113/,2026-09-11T16:19:15+02:00,Deprioritized,-7,Other,Prague,26,,Non-target root occupation
JB_4102,Risk Manager,60 000 – 80 000 Kč,Praha – Vinohrady,Manager,Finance/Risk Manager,,Compliance & Risk,,https://www.jobs.cz/rpd/2001412060/,2026-09-11T16:19:15+02:00,Deprioritized,-7,Other,Prague,26,,Leadership/management position; Finance/accounting orientation
JB_7786,Back Office - nové tramvaje Praha,,Praha – Hloubětín,Assistant,Administrative/Back-Office Assistant,,,,https://www.jobs.cz/rpd/2001179563/,2026-09-11T16:19:02+02:00,Deprioritized,-7,Other,Prague,26,,Non-target root occupation
JB_5988,Customer Care Associate with German or Italian - Sensitech,,Praha,Customer Service Representative,Customer Care Representative,,Customer Service,,https://www.jobs.cz/rpd/2001375767/,2026-09-11T16:19:02+02:00,Deprioritized,-7,Other,Prague,26,,Non-target root occupation
JB_0826,Obchodní zástupce pro ERP systém,,Praha,Sales Representative,Field Sales Representative,,"IT & Software, Sales & Business Development",,https://www.jobs.cz/rpd/2001396021/,2026-09-11T16:19:02+02:00,Deprioritized,-7,Other,Prague,26,,Non-target root occupation
JB_4481,Prodejce*kyně prodejny Vodafone - Praha Václavské náměstí,33 000 – 65 000 Kč,Praha – Nové Město,Sales Representative,Field Sales Representative,,"Sales & Business Development, Retail & E-commerce",,https://www.jobs.cz/rpd/2001416639/,2026-09-11T16:19:02+02:00,Deprioritized,-7,Other,Prague,26,,Non-target root occupation
JB_0973,Receptionist - Prague,,Praha – Nové Město,Assistant,General Assistant,,,,https://www.jobs.cz/rpd/2001420593/,2026-09-11T16:19:02+02:00,Deprioritized,-7,Other,Prague,26,,Non-target root occupation
JB_9958,Fakturant / Pracovník back office,35 000 Kč,Praha – Hlubočepy,Assistant,Finance/Accounting Assistant,,,,https://www.jobs.cz/rpd/2001405901/,2026-09-11T16:18:49+02:00,Deprioritized,-7,Other,Prague,26,,Non-target root occupation
JB_2099,Obchodní zástupce – praxe není nutná,70 000 – 100 000 Kč,Praha – Stodůlky,Sales Representative,Field Sales Representative,,Sales & Business Development,,https://www.jobs.cz/rpd/2001405913/,2026-09-11T16:18:49+02:00,Deprioritized,-7,Other,Prague,26,,Non-target root occupation
JB_9815,Customer care representative - Koordinátor zákazníckej podpory,35 000 – 45 000 Kč,Praha – Horní Počernice,Customer Service Representative,Customer Care Representative,,Customer Service,,https://www.jobs.cz/rpd/2001400147/,2026-09-11T16:18:40+02:00,Deprioritized,-7,Other,Prague,26,,Non-target root occupation
JB_4581,Digital Unit Assistant,,Praha – Vinohrady,Assistant,General Assistant,,,,https://www.jobs.cz/rpd/2001362617/,2026-09-11T16:18:40+02:00,Deprioritized,-7,Other,Prague,26,,Non-target root occupation
JB_4159,Trade Compliance Manager EMEA,,Praha – Staré Město,Manager,Finance/Risk Manager,,Compliance & Risk,,https://www.jobs.cz/rpd/2001406989/,2026-09-11T16:18:40+02:00,Deprioritized,-7,Other,Prague,26,,Leadership/management position; Finance/accounting orientation
JB_0357,"Asistent/Asistentka obchodu (real estate, akvizice)",45 000 – 55 000 Kč,Praha – Krč,Assistant,Sales/Business Assistant,,"Sales & Business Development, Real Estate & Construction",,https://www.jobs.cz/rpd/2001391337/,2026-09-11T16:18:26+02:00,Deprioritized,-7,Other,Prague,26,,Non-target root occupation
JB_0559,Audit Manager for Subsidiaries and Retail,,Praha – Krč,Manager,Finance/Risk Manager,,"Compliance & Risk, Retail & E-commerce",,https://www.jobs.cz/rpd/2001382501/,2026-09-11T16:18:26+02:00,Deprioritized,-7,Other,Prague,26,,Leadership/management position; Finance/accounting orientation
JB_6159,HEAD OF ANTI - MONEY LAUNDERING ( AML ),,Hlavní město Praha,Manager,Finance/Risk Manager,Lead/Head,Compliance & Risk,,https://www.jobs.cz/rpd/2001375941/,2026-09-11T16:18:26+02:00,Deprioritized,-7,Other,Prague,26,,Leadership/management position; Finance/accounting orientation
JB_6297,Personal Assistant / Business Support to PwC Partner,,Praha – Nusle,Assistant,Executive/Personal Assistant,,,,https://www.jobs.cz/rpd/2001392225/,2026-09-11T16:18:26+02:00,Deprioritized,-7,Other,Prague,26,,Non-target root occupation
JB_9010,Senior Payroll Administrator – Prague | Pharma | Hybrid,65 000 – 70 000 Kč,Hlavní město Praha,Administrator,HR/Payroll Administrator,Senior,"HR & Recruitment, Healthcare & Pharma",,https://www.jobs.cz/rpd/2001390185/,2026-09-11T16:18:26+02:00,Deprioritized,-7,Other,Prague,26,,Senior-level position; Finance/accounting orientation
JB_8112,SENIOR VALUATION pro realitní investiční fond,80 000 – 110 000 Kč,Praha,Specialist,Finance/Banking Specialist,Senior,Finance & Banking,,https://www.jobs.cz/rpd/2001396476/,2026-09-11T16:18:18+02:00,Deprioritized,-7,Other,Prague,26,,Senior-level position; Finance/accounting orientation
JB_9844,Center of Competence Officer - Legal & DP,,Praha,Officer,Legal/Privacy Officer,,Legal,,https://www.jobs.cz/rpd/2001394218/,2026-09-11T16:18:17+02:00,Deprioritized,-7,Other,Prague,26,,Non-target root occupation
JB_8880,Junior Accountant and Business Support (Czech or Slovak native speaker),50 000 – 65 000 Kč,Praha – Jinonice,Accountant,General Accountant,Junior/Entry-level,,,https://www.jobs.cz/rpd/2001383016/,2026-09-11T16:18:17+02:00,Deprioritized,-7,Other,Prague,26,Junior/entry level,Finance/accounting orientation; Non-target root occupation
JB_5480,Herdekbaba - obchodník na telefonu,,Praha – Holešovice,Sales Representative,Inside Sales/Telesales Representative,,Sales & Business Development,,https://www.jobs.cz/rpd/2001379457/,2026-09-11T16:18:03+02:00,Deprioritized,-7,Other,Prague,26,,Non-target root occupation
JB_4670,Junior Business Controller,,Praha – Dejvice,Controller,Business/Commercial Controller,Junior/Entry-level,Finance & Banking,,https://www.jobs.cz/rpd/2001354150/,2026-09-11T16:17:54+02:00,Deprioritized,-7,Other,Prague,26,Junior/entry level,Finance/accounting orientation; Non-target root occupation
JB_7724,Interní auditor/interní auditorka junior,,Praha – Nové Město,Auditor,Internal Auditor,Junior/Entry-level,,,https://www.jobs.cz/rpd/2001409426/,2026-09-11T16:11:17+02:00,Deprioritized,-7,Other,Prague,26,Junior/entry level,Finance/accounting orientation; Non-target root occupation
JB_5717,Business Operations Assistant,40 000 – 45 000 Kč,Praha,Assistant,Sales/Business Assistant,,,,https://www.jobs.cz/rpd/2001415362/,2026-09-11T16:11:05+02:00,Deprioritized,-7,Other,Prague,26,,Non-target root occupation
JB_1345,Finanční účetní/Junior Controller,,Praha – Libeň,Controller,Financial Controller,Junior/Entry-level,Finance & Banking,,https://www.jobs.cz/rpd/2001415827/,2026-09-11T16:11:05+02:00,Deprioritized,-7,Other,Prague,26,Junior/entry level,Finance/accounting orientation; Non-target root occupation
JB_3491,"Lektor*ka pro školní programy (0,1–0,2)",,Praha – Staré Město,Teacher/Trainer,General Teacher/Trainer,,,,https://www.jobs.cz/rpd/2001384644/,2026-09-11T16:11:05+02:00,Deprioritized,-7,Other,Prague,26,,Non-target root occupation
JB_0724,Deputy Finance Manager,,Praha,Manager,Finance/Risk Manager,,Finance & Banking,,https://www.jobs.cz/rpd/2001401547/,2026-09-11T16:10:53+02:00,Deprioritized,-7,Other,Prague,26,,Leadership/management position; Finance/accounting orientation
JB_9039,DISPEČER / OPERÁTOR FRONT OFFICE (m/f) – Externí spolupráce na IČO,,Praha – Ruzyně,Operator,Logistics/Dispatch Operator,,,,https://www.jobs.cz/rpd/2001387134/,2026-09-11T16:10:53+02:00,Deprioritized,-7,Other,Prague,26,,Non-target root occupation
JB_7788,Fundraiser / fundraiserka pro firemní agendu,,Praha – Holešovice,Sales Representative,General Sales Representative,,,,https://www.jobs.cz/rpd/2001186479/,2026-09-11T16:10:53+02:00,Deprioritized,-7,Other,Prague,26,,Non-target root occupation
JB_9095,Head of Accounting,,Praha – Holešovice,Manager,Finance/Risk Manager,Lead/Head,Finance & Banking,,https://www.jobs.cz/rpd/2001379658/,2026-09-11T16:10:53+02:00,Deprioritized,-7,Other,Prague,26,,Leadership/management position; Finance/accounting orientation
JB_3499,Nabídka dlouhodobé spolupráce na DPČ,,Praha – Libeň,Other,Unclassified,,,,https://www.jobs.cz/rpd/2001272622/,2026-09-11T16:10:53+02:00,Deprioritized,-7,Other,Prague,26,,Non-target root occupation
JB_0395,Group Tax Manager – Real Estate Development,,Praha,Manager,IT/Engineering Manager,,"Finance & Banking, Real Estate & Construction",,https://www.jobs.cz/rpd/2001410029/,2026-09-11T16:10:45+02:00,Deprioritized,-7,Other,Prague,26,,Leadership/management position; Finance/accounting orientation
JB_1186,INTERNATIONAL TAX MANAGER|BIG4 EXPERIENCE WELCOME|CZ+ENG,,Hlavní město Praha,Manager,Finance/Risk Manager,,Finance & Banking,,https://www.jobs.cz/rpd/2001417636/,2026-09-11T16:10:45+02:00,Deprioritized,-7,Other,Prague,26,,Leadership/management position; Finance/accounting orientation
JB_0543,INTERNATIONAL TAX MANAGER|BIG4 EXPERIENCE WELCOME|CZ+ENG,,Hlavní město Praha,Manager,Finance/Risk Manager,,Finance & Banking,,https://www.jobs.cz/rpd/2001391292/,2026-09-11T16:10:45+02:00,Deprioritized,-7,Other,Prague,26,,Leadership/management position; Finance/accounting orientation
JB_5965,Náborář (m/ž),,Praha – Michle,Recruiter,General Recruiter,,,,https://www.jobs.cz/rpd/2001415365/,2026-09-11T16:10:45+02:00,Deprioritized,-7,Other,Prague,26,,Non-target root occupation
JB_5321,Operations Officer,,Praha – Nusle,Officer,Operations Officer,,,,https://www.jobs.cz/rpd/2001394709/,2026-09-11T16:10:45+02:00,Deprioritized,-7,Other,Prague,26,,Non-target root occupation
JB_9176,Treasury manažer/ka,,Praha – Nusle,Manager,Finance/Risk Manager,,Finance & Banking,,https://www.jobs.cz/rpd/2001409367/,2026-09-11T16:10:45+02:00,Deprioritized,-7,Other,Prague,26,,Leadership/management position; Finance/accounting orientation
JB_8824,Group Head of Total Rewards & HR Controlling,,Praha – Karlín,Manager,Finance/Risk Manager,Lead/Head,HR & Recruitment,,https://www.jobs.cz/rpd/2001323929/,2026-09-11T16:10:33+02:00,Deprioritized,-7,Other,Prague,26,,Leadership/management position; Finance/accounting orientation
JB_3498,Podnikejte s DODO (jako franšízant) - Praha,,Praha,Other,Unclassified,,,,https://www.jobs.cz/rpd/2001400551/,2026-09-11T16:10:33+02:00,Deprioritized,-7,Other,Prague,26,,Non-target root occupation
JB_6665,Portfolio Manager OTC,,Praha – Modřany,Manager,Finance/Risk Manager,,,,https://www.jobs.cz/rpd/2001391420/,2026-09-11T16:10:33+02:00,Deprioritized,-7,Other,Prague,26,,Leadership/management position; Finance/accounting orientation
JB_5088,Vedoucí ekonomického oddělení,,Praha – Vinohrady,Manager,Finance/Risk Manager,Lead/Head,,,https://www.jobs.cz/rpd/2001417852/,2026-09-11T16:10:33+02:00,Deprioritized,-7,Other,Prague,26,,Leadership/management position; Finance/accounting orientation
JB_3940,"ADMINISTRATIVNÍ PODPORA, TÝM RENOMIA BENEFIT🌟",,Praha – Nové Město,Assistant,Administrative/Back-Office Assistant,,,,https://www.jobs.cz/rpd/2000509785/,2026-09-11T16:10:04+02:00,Deprioritized,-7,Other,Prague,26,,Non-target root occupation
JB_6708,IT Recruiter s HR přesahem,50 000 – 55 000 Kč,Praha – Smíchov,Recruiter,IT/Technical Recruiter,,"IT & Software, HR & Recruitment",,https://www.jobs.cz/rpd/2001304338/,2026-09-11T16:10:04+02:00,Deprioritized,-7,Other,Prague,26,,Non-target root occupation
JB_9032,Asistent/ka finančního oddělení (20h týdně),,Praha – Křeslice,Assistant,General Assistant,,,,https://www.jobs.cz/rpd/2001381359/,2026-09-11T16:09:49+02:00,Deprioritized,-7,Other,Prague,26,,Non-target root occupation
JB_1994,Digitální zákaznická zkušenost: pojď ji posouvat s námi (m/ž),,Praha – Michle,Other,Unclassified,,Customer Service,,https://www.jobs.cz/rpd/2001325636/,2026-09-11T16:09:34+02:00,Deprioritized,-7,Other,Prague,26,,Non-target root occupation
JB_8942,HLEDÁME LEKTORY Z BANKOVNÍ PRAXE,,Praha – Vysočany,Teacher/Trainer,General Teacher/Trainer,,Finance & Banking,,https://www.jobs.cz/rpd/2001421610/,2026-09-11T16:09:34+02:00,Deprioritized,-7,Other,Prague,26,,Non-target root occupation
JB_1908,Obchodní zástupce pro komunální sektor (středočeský kraj / práce z domu),40 000 – 80 000 Kč,Praha – Nové Město,Sales Representative,Field Sales Representative,,Sales & Business Development,,https://www.jobs.cz/rpd/2001358594/,2026-09-11T16:09:34+02:00,Deprioritized,-7,Other,Prague,26,,Non-target root occupation
JB_6109,Administrativní podpora obchodního týmu,,Praha – Nusle,Assistant,Sales/Business Assistant,,Sales & Business Development,,https://www.jobs.cz/rpd/2001391475/,2026-09-11T16:09:22+02:00,Deprioritized,-7,Other,Prague,26,,Non-target root occupation
JB_2428,Chyť příležitost za pačesy. Tvoje budoucnost začíná u nás - Praha,47 000 – 69 000 Kč,Praha – Vinohrady,Other,Unclassified,,,,https://www.jobs.cz/rpd/2001389295/,2026-09-11T16:09:22+02:00,Deprioritized,-7,Other,Prague,26,,Non-target root occupation
JB_3348,Dispatch Agent,,Praha – Podolí,Agent,General Agent,,Supply Chain & Logistics,,https://www.jobs.cz/rpd/2001352512/,2026-09-11T16:09:22+02:00,Deprioritized,-7,Other,Prague,26,,Non-target root occupation
JB_2300,EXECUTIVE ASSISTANT - ASISTENT/KA ČLENA VEDENÍ,,Praha – Nové Město,Assistant,Executive/Personal Assistant,,,,https://www.jobs.cz/rpd/2001400370/,2026-09-11T16:09:22+02:00,Deprioritized,-7,Other,Prague,26,,Non-target root occupation
JB_6774,"Hledáš práci, která ti zajistí stabilní a vysoký příjem? - Praha",47 000 – 69 000 Kč,Praha – Vinohrady,Other,Unclassified,,,,https://www.jobs.cz/rpd/2001378221/,2026-09-11T16:09:22+02:00,Deprioritized,-7,Other,Prague,26,,Non-target root occupation
JB_5630,"Nová práce bez 1000 pohovorů? Přijď na kafe, domluvíme se. (Praha)",47 000 – 69 000 Kč,Praha – Vinohrady,Other,Unclassified,,,,https://www.jobs.cz/rpd/2001407604/,2026-09-11T16:09:22+02:00,Deprioritized,-7,Other,Prague,26,,Non-target root occupation
JB_3460,Podpora controllingu - 20 h týdně,,Praha – Hostivař,Assistant,General Assistant,,,,https://www.jobs.cz/rpd/2001389575/,2026-09-11T16:09:22+02:00,Deprioritized,-7,Other,Prague,26,,Non-target root occupation
JB_5605,Controlling Manager (15),,Praha – Holešovice,Manager,Finance/Risk Manager,,,,https://www.jobs.cz/rpd/2001398037/,2026-09-11T16:09:03+02:00,Deprioritized,-7,Other,Prague,26,,Leadership/management position; Finance/accounting orientation
JB_6614,IT Security Assistant,,Praha – Karlín,Assistant,General Assistant,,"Cybersecurity, IT & Software",,https://www.jobs.cz/rpd/2001390541/,2026-09-11T16:09:03+02:00,Deprioritized,-7,Other,Prague,26,,Non-target root occupation
JB_4901,Junior Accountant / Finance Support (0.5 úvazek přes agenturu práce) - UniCredit S.p.A. or,,Praha,Accountant,Financial Accountant,Junior/Entry-level,Finance & Banking,,https://www.jobs.cz/rpd/2001371444/,2026-09-11T16:09:03+02:00,Deprioritized,-7,Other,Prague,26,Junior/entry level,Finance/accounting orientation; Non-target root occupation
JB_6992,Pohodový kolega do kanceláře (Bez praxe),32 000 – 55 000 Kč,Praha – Nusle,Other,Unclassified,,,,https://www.jobs.cz/rpd/2001421359/,2026-09-11T16:09:03+02:00,Deprioritized,-7,Other,Prague,26,,Non-target root occupation
JB_9903,SALESMAN – Vydělej si u nás ročně 720 000 Kč / I BEZ PRAXE,30 000 – 60 000 Kč,Praha – Nusle,Sales Representative,General Sales Representative,,,,https://www.jobs.cz/rpd/2001410492/,2026-09-11T16:09:03+02:00,Deprioritized,-7,Other,Prague,26,,Non-target root occupation
JB_0785,Technical Presales - IBM,,Praha,Sales Representative,Presales/Solutions Sales Representative,,,,https://www.jobs.cz/rpd/2001375536/,2026-09-11T16:09:03+02:00,Deprioritized,-7,Other,Prague,26,,Non-target root occupation
JB_3857,Commercial Finance Expert - Discounts & Accruals,,Praha – Michle,Specialist,Finance/Banking Specialist,,"Finance & Banking, Sales & Business Development",,https://www.jobs.cz/rpd/2001380769/,2026-09-11T16:08:47+02:00,Deprioritized,-7,Other,Prague,26,,Senior-level position; Finance/accounting orientation
JB_8863,Controlling - junior (M/Ž),45 000 – 50 000 Kč,okres Praha,Controller,General Controller,Junior/Entry-level,,,https://www.jobs.cz/rpd/2001416943/,2026-09-11T16:08:47+02:00,Deprioritized,-7,Other,Prague,26,Junior/entry level,Finance/accounting orientation; Non-target root occupation
JB_5222,"Finanční controller junior - DPČ, DPP",,Praha – Vysočany,Controller,Financial Controller,Junior/Entry-level,Finance & Banking,,https://www.jobs.cz/rpd/2001390317/,2026-09-11T16:08:36+02:00,Deprioritized,-7,Other,Prague,26,Junior/entry level,Finance/accounting orientation; Non-target root occupation
JB_8236,IT Audit & Licence SW - junior,,Praha – Karlín,Auditor,IT Auditor,Junior/Entry-level,"IT & Software, Compliance & Risk",,https://www.jobs.cz/rpd/2001227090/,2026-09-11T16:08:36+02:00,Deprioritized,-7,Other,Prague,26,Junior/entry level,Finance/accounting orientation; Non-target root occupation
JB_7156,Portfolio Manager - Power,,Praha – Strašnice,Manager,Finance/Risk Manager,,Energy & Utilities,,https://www.jobs.cz/rpd/2001357841/,2026-09-11T16:08:36+02:00,Deprioritized,-7,Other,Prague,26,,Leadership/management position; Finance/accounting orientation
JB_2571,Senior consultant - Financial Due Diligence (M&A),,Praha – Nové Město,Consultant,Finance/Transactions Consultant,Senior,Finance & Banking,,https://www.jobs.cz/rpd/2000612577/,2026-09-11T16:08:36+02:00,Deprioritized,-7,Other,Prague,26,,Senior-level position; Finance/accounting orientation
JB_3899,Senior/Consultant v týmu Oceňování – Top Clients,,Praha – Karlín,Consultant,Finance/Transactions Consultant,Senior,,,https://www.jobs.cz/rpd/2001400357/,2026-09-11T16:08:36+02:00,Deprioritized,-7,Other,Prague,26,,Senior-level position; Finance/accounting orientation
JB_5467,Customer Care Specialist,,Praha – Karlín,Customer Service Representative,Customer Care Representative,,Customer Service,,https://www.jobs.cz/rpd/2001371609/,2026-09-11T16:08:24+02:00,Deprioritized,-7,Other,Prague,26,,Non-target root occupation
JB_8136,Customer Care Specialist (němčina),,Praha – Karlín,Customer Service Representative,Customer Care Representative,,Customer Service,,https://www.jobs.cz/rpd/2001190933/,2026-09-11T16:08:24+02:00,Deprioritized,-7,Other,Prague,26,,Non-target root occupation
JB_9384,Customer Care Specialist (němčina) - (ZKRÁCENÝ úvazek/20hod. týdně),,Praha – Karlín,Customer Service Representative,Customer Care Representative,,Customer Service,,https://www.jobs.cz/rpd/2001383004/,2026-09-11T16:08:24+02:00,Deprioritized,-7,Other,Prague,26,,Non-target root occupation
JB_5447,Customer Service Specialist,,Praha – Vokovice,Customer Service Representative,Client Service Representative,,Customer Service,,https://www.jobs.cz/rpd/2001403058/,2026-09-11T16:08:24+02:00,Deprioritized,-7,Other,Prague,26,,Non-target root occupation
JB_2154,Presales Specialist – Telco pro veřejnou správu,,Praha – Libeň,Sales Representative,Presales/Solutions Sales Representative,,Telecommunications,,https://www.jobs.cz/rpd/2001367315/,2026-09-11T16:08:24+02:00,Deprioritized,-7,Other,Prague,26,,Non-target root occupation
JB_3745,Sales Specialist - top marketingové služby pro lovebrandy,,Praha – Michle,Sales Representative,General Sales Representative,,Sales & Business Development,,https://www.jobs.cz/rpd/2001282294/,2026-09-11T16:08:24+02:00,Deprioritized,-7,Other,Prague,26,,Non-target root occupation
JB_0845,Senior specialista/ka finančního reportingu - Praha,,Praha – Michle,Specialist,Finance/Banking Specialist,Senior,,,https://www.jobs.cz/rpd/2001384531/,2026-09-11T16:08:24+02:00,Deprioritized,-7,Other,Prague,26,,Senior-level position; Finance/accounting orientation
JB_3365,Treasury Expert,,Praha – Smíchov,Specialist,Finance/Banking Specialist,,Finance & Banking,,https://www.jobs.cz/rpd/2001405932/,2026-09-11T16:08:24+02:00,Deprioritized,-7,Other,Prague,26,,Senior-level position; Finance/accounting orientation
JB_4831,Business Development Specialist,,Praha – Nové Město,Sales Representative,Business Development Representative,,Sales & Business Development,,https://www.jobs.cz/rpd/2001378474/,2026-09-11T16:08:10+02:00,Deprioritized,-7,Other,Prague,26,,Non-target root occupation
JB_9177,"Customer Care - Specialist Commercial Customer Care, Orders",40 000 – 50 000 Kč,Praha – Vršovice,Customer Service Representative,Customer Care Representative,,"Sales & Business Development, Customer Service",,https://www.jobs.cz/rpd/2001369250/,2026-09-11T16:08:10+02:00,Deprioritized,-7,Other,Prague,26,,Non-target root occupation
JB_7683,Senior IFRS Consolidation Specialist,100 000 – 125 000 Kč,Praha,Specialist,Finance/Banking Specialist,Senior,,,https://www.jobs.cz/rpd/2001164239/,2026-09-11T16:08:10+02:00,Deprioritized,-7,Other,Prague,26,,Senior-level position; Finance/accounting orientation
JB_7947,HR Specialist - Recruiter,,Praha – Hostivař,Recruiter,General Recruiter,,HR & Recruitment,,https://www.jobs.cz/rpd/2001405407/,2026-09-11T16:08:02+02:00,Deprioritized,-7,Other,Prague,26,,Non-target root occupation
JB_2912,Pricing Expert (f/m),,Praha – Chodov,Specialist,Finance/Banking Specialist,,Finance & Banking,,https://www.jobs.cz/rpd/2001392092/,2026-09-11T16:08:02+02:00,Deprioritized,-7,Other,Prague,26,,Senior-level position; Finance/accounting orientation
JB_1630,Talent Acquisition Specialist,,Praha – Nusle,Recruiter,Talent Acquisition Specialist,,HR & Recruitment,,https://www.jobs.cz/rpd/2001401668/,2026-09-11T15:59:12+02:00,Deprioritized,-7,Other,Prague,26,,Non-target root occupation
JB_2789,Senior Payroll Specialist - Maternity Cover (f/m/d),,Praha – Karlín,Specialist,HR/People Specialist,Senior,HR & Recruitment,,https://www.jobs.cz/rpd/2001398621/,2026-09-11T15:59:06+02:00,Deprioritized,-7,Other,Prague,26,,Senior-level position; Finance/accounting orientation
JB_7954,Senior Risk Analyst,,Praha – Staré Město,Analyst,Risk/Credit Analyst,Senior,Compliance & Risk,,https://www.jobs.cz/rpd/2001391529/,2026-09-11T15:58:59+02:00,Deprioritized,-7,Other,Prague,26,,Senior-level position; Finance/accounting orientation
JB_0562,Product Specialist_Asistent/ka nákupčího,,Praha – Stodůlky,Assistant,General Assistant,,Procurement,,https://www.jobs.cz/rpd/2001353762/,2026-09-11T15:58:34+02:00,Deprioritized,-7,Other,Prague,26,,Non-target root occupation
JB_0797,🤝 Back-Office Specialist | Part-Time,18 000 – 27 000 Kč,Praha – Holešovice,Assistant,Administrative/Back-Office Assistant,,,,https://www.jobs.cz/rpd/2001376595/,2026-09-11T15:58:34+02:00,Deprioritized,-7,Other,Prague,26,,Non-target root occupation
JB_6803,Asistent/ka facility managementu,,Praha – Radlice,Assistant,General Assistant,,,,https://www.jobs.cz/rpd/2001132890/,2026-09-11T15:58:25+02:00,Deprioritized,-7,Other,Prague,26,,Non-target root occupation
JB_6386,Legal Assistant & Office Coordinator,,Praha – Vokovice,Assistant,Office/Reception Assistant,,Legal,,https://www.jobs.cz/rpd/2001398693/,2026-09-11T15:58:25+02:00,Deprioritized,-7,Other,Prague,26,,Non-target root occupation
JB_4840,Customer Care Specialist | Reklamace & Servis,,Praha – Chodov,Customer Service Representative,Claims/Complaints Representative,,Customer Service,,https://www.jobs.cz/rpd/2001380101/,2026-09-11T15:58:19+02:00,Deprioritized,-7,Other,Prague,26,,Non-target root occupation
JB_0958,Finance Operations Manager (m/ž),,Praha – Nusle,Manager,Finance/Risk Manager,,Finance & Banking,,https://www.jobs.cz/rpd/2001385456/,2026-09-11T15:57:55+02:00,Deprioritized,-7,Other,Prague,26,,Leadership/management position; Finance/accounting orientation
JB_9364,Order Management & AR Collection Specialist with Italian,57 000 – 65 000 Kč,Praha,Specialist,Finance/Banking Specialist,,,,https://www.jobs.cz/rpd/2001412433/,2026-09-11T15:57:43+02:00,Deprioritized,-7,Other,Prague,26,,Leadership/management position; Finance/accounting orientation
JB_4299,Senior finanční analytik/analytička — DEK a.s.,60 000 – 100 000 Kč,Praha – Malešice,Analyst,Finance/Investment Analyst,Senior,Data & Analytics,,https://www.jobs.cz/rpd/2001274196/,2026-09-11T15:57:43+02:00,Deprioritized,-7,Other,Prague,26,,Senior-level position; Finance/accounting orientation
JB_0658,Finance Manager/ka s němčinou,100 000 – 130 000 Kč,Praha,Manager,Finance/Risk Manager,,Finance & Banking,,https://www.jobs.cz/rpd/2001399400/,2026-09-11T15:57:28+02:00,Deprioritized,-7,Other,Prague,26,,Leadership/management position; Finance/accounting orientation
JB_0427,Real Estate Analyst | Investment & Asset Management,,Praha,Analyst,Finance/Investment Analyst,,"Finance & Banking, Real Estate & Construction",,https://www.jobs.cz/rpd/2001263852/,2026-09-11T15:57:15+02:00,Deprioritized,-7,Other,Prague,26,,Leadership/management position; Finance/accounting orientation
JB_5490,Senior Analyst Finance Planning & Analysis,,Praha – Karlín,Analyst,Finance/Investment Analyst,Senior,Finance & Banking,,https://www.jobs.cz/rpd/2001385552/,2026-09-11T15:57:03+02:00,Deprioritized,-7,Other,Prague,26,,Senior-level position; Finance/accounting orientation
JB_6040,E-COMMERCE BUSINESS DEVELOPMENT SPECIALIST,,Praha – Hostivař,Sales Representative,Business Development Representative,,"Sales & Business Development, Retail & E-commerce",,https://www.jobs.cz/rpd/2001405338/,2026-09-11T15:56:57+02:00,Deprioritized,-7,Other,Prague,26,,Non-target root occupation
JB_2657,"Ředitel/ka Auditu, řízení rizik a compliance",,Praha – Ruzyně,Manager,Finance/Risk Manager,Executive,Compliance & Risk,,https://www.jobs.cz/rpd/2001364901/,2026-09-11T15:56:22+02:00,Deprioritized,-7,Other,Prague,26,,Leadership/management position; Finance/accounting orientation
BLT_0467,BI Tech Lead with Looker Enterprise and GCP,,27 Locations,Manager,Data/AI Manager,Senior level,Data & Analytics,"Looker, GCP",https://builtin.com/job/bi-fullstack-developer-power-bi-and-looker-enterprise/10098421,,Deprioritized,-7,Other,Outside Prague - verify,,ML/AI or modelling,Senior-level position; Leadership/management position; Location requires verification
BLT_2651,"Manager, People Analytics",,27 Locations,Manager,Data/AI Manager,Senior level,"Data & Analytics, HR & Recruitment",,https://builtin.com/job/manager-people-analytics/10246206,,Deprioritized,-7,Other,Outside Prague - verify,,ML/AI or modelling,Senior-level position; Leadership/management position; Location requires verification
BLT_2899,Senior Reporting Support,,27 Locations,Support Specialist,General Support Specialist,Senior level,Data & Analytics,,https://builtin.com/job/senior-reporting-support/11099761,,Deprioritized,-7,Other,Outside Prague - verify,,,Senior-level position; Primarily BI/reporting; Location requires verification
SJ_108291,🇩🇪 🇨🇿 Country Brand Manager Germany,,Prague,Manager,Marketing/Brand Manager,,Marketing & Communications,,https://www.startupjobs.cz/nabidka/108291/country-brand-manager-germany,2026-10-07T14:18:14+02:00,Deprioritized,-8,Other,Prague,0,,Leadership/management position; Generic marketing role
JST_1682,Senior Project Manager – IAM/Digital Identity,až 170 000 Kč / měsíc,Praha,Manager,Project Manager,"Senior, Expert","Cybersecurity, Project & Program Management",,https://www.jobstack.it/it-job/it-project-manager/6ac4ed648a2e6,2026-10-07T14:10:25+02:00,Deprioritized,-8,Other,Prague,0,,Senior-level position; Leadership/management position
JST_1967,TEST MANAGER - BANKING,až 170 000 Kč / měsíc,Praha,Manager,Production/Quality Manager,"Senior, Expert",Finance & Banking,,https://www.jobstack.it/it-job/test-QA-manager/6968b85801364,2026-10-07T14:10:25+02:00,Deprioritized,-8,Other,Prague,0,,Senior-level position; Leadership/management position
JB_9959,Senior Account Manager / Project Lead - rozvoj klientů v 360° agentuře,,Praha – Michle,Manager,Project Manager,"Senior, Lead/Head","Sales & Business Development, Customer Service, Project & Program Management",,https://www.jobs.cz/rpd/2001463895/,2026-10-07T13:26:20+02:00,Deprioritized,-8,Other,Prague,0,,Senior-level position; Leadership/management position
JB_8313,Farmaceutický/á laborant/ka,45 000 – 50 000 Kč,Zlatníky-Hodkovice – Hodkovice,Healthcare Professional,Pharmacy/Optometry Professional,,Healthcare & Pharma,,https://www.jobs.cz/rpd/2001464732/,2026-10-07T13:25:57+02:00,Deprioritized,-8,Other,Outside Prague - verify,0,,Non-target root occupation; Location requires verification
JB_6621,Marketing Manager,,Praha – Holešovice,Manager,Marketing/Brand Manager,,Marketing & Communications,,https://www.jobs.cz/rpd/2001463716/,2026-10-07T12:53:10+02:00,Deprioritized,-8,Other,Prague,0,,Leadership/management position; Generic marketing role
JB_1668,Senior IP Solution Manager,,Praha – Michle,Manager,Executive/General Manager,Senior,,,https://www.jobs.cz/rpd/2001463968/,2026-10-07T12:52:49+02:00,Deprioritized,-8,Other,Prague,0,,Senior-level position; Leadership/management position
JB_7779,Trade Marketing Manager - On Trade,,Praha – Nové Město,Manager,Marketing/Brand Manager,,Marketing & Communications,,https://www.jobs.cz/rpd/2001463640/,2026-10-07T12:52:10+02:00,Deprioritized,-8,Other,Prague,0,,Leadership/management position; Generic marketing role
JB_9375,Administrativní podpora vedení a finančního oddělení - poloviční úvazek - skvělé benefity,,Kouřim,Assistant,Administrative/Back-Office Assistant,,,,https://www.jobs.cz/rpd/2001466517/,2026-10-07T12:51:55+02:00,Deprioritized,-8,Other,Outside Prague - verify,0,,Non-target root occupation; Location requires verification
JB_4446,MARKETING & COMMUNICATIONS DIRECTOR,,Praha – Letňany,Manager,Marketing/Brand Manager,Executive,Marketing & Communications,,https://www.jobs.cz/rpd/2001465403/,2026-10-07T12:51:55+02:00,Deprioritized,-8,Other,Prague,0,,Leadership/management position; Generic marketing role
JB_6660,E-Commerce Manager Czech Republic,,Praha,Manager,Marketing/Brand Manager,,Retail & E-commerce,,https://www.jobs.cz/rpd/2001465222/,2026-10-07T12:51:21+02:00,Deprioritized,-8,Other,Prague,0,,Leadership/management position; Generic marketing role
JB_1575,Senior Secret Management Solution Specialist,,Praha – Chodov,Specialist,General Specialist,Senior,,,https://www.jobs.cz/rpd/2001463659/,2026-10-07T12:40:36+02:00,Deprioritized,-8,Other,Prague,0,,Senior-level position; Leadership/management position
JB_6101,Order Management Expert,,Praha – Stodůlky,Specialist,General Specialist,,,,https://www.jobs.cz/rpd/2001462634/,2026-10-07T12:40:12+02:00,Deprioritized,-8,Other,Prague,0,,Senior-level position; Leadership/management position
JB_9440,Senior Environmental Specialist - End-of-Life Battery Management,,Praha – Smíchov,Specialist,General Specialist,Senior,,,https://www.jobs.cz/rpd/2001467833/,2026-10-07T12:40:05+02:00,Deprioritized,-8,Other,Prague,0,,Senior-level position; Leadership/management position
BLT_3840,Engineering Manager (Distributed P2P Systems),,20 Locations,Manager,IT/Engineering Manager,Senior level,"IT & Software, Engineering & R&D",,https://builtin.com/job/engineering-manager-distributed-p2p-systems/11512793,2026-10-07T12:36:12+02:00,Deprioritized,-8,Other,Outside Prague - verify,0,R,Senior-level position; Leadership/management position; Location requires verification
BLT_2039,"Tech Lead, Android Core Product - Prague, Czech Republic",30K-100K Annually,"Prague, CZE",Manager,IT/Engineering Manager,Senior level,,,https://builtin.com/job/tech-lead-android-core-product-prague-czech-republic/11506708,2026-10-07T12:34:58+02:00,Deprioritized,-8,Other,Prague,0,,Senior-level position; Leadership/management position
SJ_108281,Account Director (Digital marketing),,Prague,Manager,Sales/Account Manager,Executive,Marketing & Communications,,https://www.startupjobs.cz/nabidka/108281/account-director-digital-marketing,2026-10-03T11:26:11+02:00,Deprioritized,-8,Other,Prague,4,,Leadership/management position; Generic marketing role
SJ_108209,Head of Brand,,Prague,Manager,Marketing/Brand Manager,Lead/Head,Marketing & Communications,,https://www.startupjobs.cz/nabidka/108209/head-of-brand,2026-10-02T12:43:39+02:00,Deprioritized,-8,Other,Prague,5,,Leadership/management position; Generic marketing role
SJ_108199,Head of Performance Marketing,,Prague,Manager,Marketing/Brand Manager,Lead/Head,Marketing & Communications,,https://www.startupjobs.cz/nabidka/108199/head-of-performance-marketing,2026-10-02T12:43:39+02:00,Deprioritized,-8,Other,Prague,5,,Leadership/management position; Generic marketing role
JB_1110,JEDNATEL/JEDNATELKA SPOLEČNOSTI,,Středočeský kraj + 1 další lokalita,Other,Unclassified,,,,https://www.jobs.cz/rpd/2001457917/,2026-10-02T11:54:14+02:00,Deprioritized,-8,Other,Outside Prague - verify,5,,Non-target root occupation; Location requires verification
JB_8795,Obchodní zástupce – praxe není nutná,50 000 – 70 000 Kč,Kladno – Kročehlavy,Sales Representative,Field Sales Representative,,Sales & Business Development,,https://www.jobs.cz/rpd/2000560215/,2026-10-02T11:32:24+02:00,Deprioritized,-8,Other,Outside Prague - verify,5,,Non-target root occupation; Location requires verification
JB_4243,Obchodní zástupce – praxe není nutná,72 500 – 102 300 Kč,Louny,Sales Representative,Field Sales Representative,,Sales & Business Development,,https://www.jobs.cz/rpd/2001455681/,2026-10-02T11:32:24+02:00,Deprioritized,-8,Other,Outside Prague - verify,5,,Non-target root occupation; Location requires verification
JB_2209,Expedient/ka,,Poříčany,Other,Unclassified,,,,https://www.jobs.cz/rpd/2001457626/,2026-10-02T11:24:03+02:00,Deprioritized,-8,Other,Outside Prague - verify,5,,Non-target root occupation; Location requires verification
JB_8267,Senior PR Manager – CEE Markets,,Praha – Libeň,Manager,Executive/General Manager,Senior,,,https://www.jobs.cz/rpd/2001457499/,2026-10-02T11:24:03+02:00,Deprioritized,-8,Other,Prague,5,,Senior-level position; Leadership/management position
JB_3847,Produktový školitel/TRENÉR,,Říčany,Teacher/Trainer,General Teacher/Trainer,,,,https://www.jobs.cz/rpd/2001338410/,2026-10-02T11:23:21+02:00,Deprioritized,-8,Other,Outside Prague - verify,5,,Non-target root occupation; Location requires verification
JB_8853,Specialista zákaznické péče,45 000 – 60 000 Kč,Úžice,Customer Service Representative,Customer Care Representative,,Customer Service,,https://www.jobs.cz/rpd/2001454308/,2026-09-30T12:40:37+02:00,Deprioritized,-8,Other,Outside Prague - verify,7,,Non-target root occupation; Location requires verification
JB_4428,Marketing Manager,,Praha – Karlín,Manager,Marketing/Brand Manager,,Marketing & Communications,,https://www.jobs.cz/rpd/2001454556/,2026-09-30T12:18:39+02:00,Deprioritized,-8,Other,Prague,7,,Leadership/management position; Generic marketing role
JB_3735,Private Brand Manager,,Praha,Manager,Marketing/Brand Manager,,Marketing & Communications,,https://www.jobs.cz/rpd/2001453763/,2026-09-30T11:31:46+02:00,Deprioritized,-8,Other,Prague,7,,Leadership/management position; Generic marketing role
SJ_108125,Senior Account Manager / Project Lead - rozvoj klientů v 360° agentuře,,Prague,Manager,Project Manager,"Senior, Lead/Head","Sales & Business Development, Customer Service, Project & Program Management",,https://www.startupjobs.cz/nabidka/108125/senior-account-manager-project-lead-rozvoj-klientu-v-360-agenture,2026-09-29T12:32:55+02:00,Deprioritized,-8,Other,Prague,8,,Senior-level position; Leadership/management position
JST_8941,Product Rollout & Adoption Manager (Global),až 170 000 Kč / měsíc,Praha,Manager,Product Manager/Product Owner,"Senior, Expert",,,https://www.jobstack.it/it-job/it-project-manager/6abb83d6e57b4,2026-09-29T12:25:33+02:00,Deprioritized,-8,Other,Prague,8,,Senior-level position; Leadership/management position
JB_4183,"Online Growth, Affiliates & Partnerships Manager for CE",,Praha – Vršovice,Manager,Marketing/Brand Manager,,,,https://www.jobs.cz/rpd/2001453459/,2026-09-29T11:18:58+02:00,Deprioritized,-8,Other,Prague,8,,Leadership/management position; Generic marketing role
JB_6882,E-commerce & Digital Media Manager,,Praha – Karlín,Manager,Marketing/Brand Manager,,"Marketing & Communications, Retail & E-commerce, Media & Entertainment",,https://www.jobs.cz/rpd/2001453215/,2026-09-29T11:10:06+02:00,Deprioritized,-8,Other,Prague,8,,Leadership/management position; Generic marketing role
BLT_8267,"Senior Engineering Manager, Agents Platform",180K-180K Annually,27 Locations,Manager,IT/Engineering Manager,Senior level,"Cloud & Infrastructure, Engineering & R&D",,https://builtin.com/job/senior-engineering-manager-agents-platform/11393623,2026-09-29T10:54:36+02:00,Deprioritized,-8,Other,Outside Prague - verify,9,R,Senior-level position; Leadership/management position; Location requires verification
JB_0204,Brand Manager (CHC Portfolio),,Praha – Stodůlky,Manager,Marketing/Brand Manager,,Marketing & Communications,,https://www.jobs.cz/rpd/2001446582/,2026-09-26T10:30:14+02:00,Deprioritized,-8,Other,Prague,12,,Leadership/management position; Generic marketing role
JB_9399,Director of Admissions & Marketing,,Praha – Kamýk,Manager,Marketing/Brand Manager,Executive,Marketing & Communications,,https://www.jobs.cz/rpd/2001446704/,2026-09-26T10:30:00+02:00,Deprioritized,-8,Other,Prague,12,,Leadership/management position; Generic marketing role
JB_4683,Marketing Procurement Senior Specialist,80 000 – 95 000 Kč,Hlavní město Praha,Specialist,Marketing/Communications Specialist,Senior,"Marketing & Communications, Procurement",,https://www.jobs.cz/rpd/2001444289/,2026-09-25T10:07:46+02:00,Deprioritized,-8,Other,Prague,13,,Senior-level position; Generic marketing role
BLT_0081,Principal Software Engineering Manager (.NET Preferred),2M-4M Annually,CZ,Manager,IT/Engineering Manager,Senior level,"IT & Software, Engineering & R&D",.NET,https://builtin.com/job/principal-software-engineering-manager-net-preferred/10418848,2026-09-25T10:02:38+02:00,Deprioritized,-8,Other,Czechia - verify Prague/remote,13,R,Senior-level position; Leadership/management position; Location requires verification
SJ_108047,Retail Media Activation Manager,,Prague,Manager,Marketing/Brand Manager,,"Marketing & Communications, Retail & E-commerce, Media & Entertainment",,https://www.startupjobs.cz/nabidka/108047/retail-media-activation-manager,2026-09-23T21:48:38+02:00,Deprioritized,-8,Other,Prague,14,,Leadership/management position; Generic marketing role
JB_4339,​Brand Manager - Jack Daniel's Tennessee Whiskey,,Praha – Nové Město,Manager,Marketing/Brand Manager,,Marketing & Communications,,https://www.jobs.cz/rpd/2001442700/,2026-09-23T20:28:53+02:00,Deprioritized,-8,Other,Prague,14,,Leadership/management position; Generic marketing role
JB_0518,Retail Media Activation Manager,,Praha – Libeň,Manager,Marketing/Brand Manager,,"Marketing & Communications, Retail & E-commerce, Media & Entertainment",,https://www.jobs.cz/rpd/2001443375/,2026-09-23T20:28:35+02:00,Deprioritized,-8,Other,Prague,14,,Leadership/management position; Generic marketing role
JB_7528,Sr. Account Manager - CRM team,,Praha – Karlín,Manager,Sales/Account Manager,Senior,Sales & Business Development,,https://www.jobs.cz/rpd/2001442988/,2026-09-23T20:28:17+02:00,Deprioritized,-8,Other,Prague,14,,Senior-level position; Leadership/management position
JB_1087,CRM & Customer Care Manager,,Praha – Staré Město,Manager,Marketing/Brand Manager,,Customer Service,,https://www.jobs.cz/rpd/2001442921/,2026-09-23T20:17:18+02:00,Deprioritized,-8,Other,Prague,14,,Leadership/management position; Generic marketing role
JB_4415,Finanční controller/ka junior – výrobní společnost,55 000 – 65 000 Kč,Beroun,Controller,Financial Controller,Junior/Entry-level,"Finance & Banking, Manufacturing & Production",,https://www.jobs.cz/rpd/2001443205/,2026-09-23T20:16:20+02:00,Deprioritized,-8,Other,Outside Prague - verify,14,Junior/entry level,Finance/accounting orientation; Non-target root occupation; Location requires verification
JB_4371,Expert oddělení Category Management - nákupčí (m/ž),,Praha – Michle,Specialist,Procurement Specialist,,Procurement,,https://www.jobs.cz/rpd/2001443081/,2026-09-23T20:07:22+02:00,Deprioritized,-8,Other,Prague,14,,Senior-level position; Leadership/management position
JB_1808,Senior M&A Analyst/Advisor,,Slaný,Analyst,Finance/Investment Analyst,Senior,,,https://www.jobs.cz/rpd/2001443159/,2026-09-23T20:06:05+02:00,Deprioritized,-8,Other,Outside Prague - verify,14,,Senior-level position; Finance/accounting orientation; Location requires verification
SJ_930523,Senior Digital Account manager,,Prague,Manager,Sales/Account Manager,Senior,Sales & Business Development,,https://www.startupjobs.cz/nabidka/107725/senior-digital-account-manager,2026-09-22T20:47:26+02:00,Deprioritized,-8,Other,Prague,15,,Senior-level position; Leadership/management position
JB_6792,🔧 Seřizovač | Přesnost je tvoje vizitka,,Odolena Voda – Dolínek,Other,Unclassified,,,,https://www.jobs.cz/rpd/2001356527/,2026-09-22T19:29:31+02:00,Deprioritized,-8,Other,Outside Prague - verify,15,,Non-target root occupation; Location requires verification
JB_3190,Asistent/ka zákaznické podpory skladu DATART,40 000 – 45 000 Kč,Jirny,Customer Service Representative,Customer Support Representative,,"Customer Service, Supply Chain & Logistics",,https://www.jobs.cz/rpd/2001441201/,2026-09-22T19:11:41+02:00,Deprioritized,-8,Other,Outside Prague - verify,15,,Non-target root occupation; Location requires verification
JB_7056,Head of eCommerce (f/m/d),,Praha,Manager,Marketing/Brand Manager,Lead/Head,Retail & E-commerce,,https://www.jobs.cz/rpd/2001440799/,2026-09-22T19:11:01+02:00,Deprioritized,-8,Other,Prague,15,,Leadership/management position; Generic marketing role
JB_7749,Internal Sales Specialist zakázkového oddělení,70 000 Kč,Lety,Sales Representative,General Sales Representative,,Sales & Business Development,,https://www.jobs.cz/rpd/2001441429/,2026-09-22T19:09:28+02:00,Deprioritized,-8,Other,Outside Prague - verify,15,,Non-target root occupation; Location requires verification
JB_3668,Head of Growth & Marketing,,Praha – Vysočany,Manager,Marketing/Brand Manager,Lead/Head,Marketing & Communications,,https://www.jobs.cz/rpd/2001441274/,2026-09-22T19:01:44+02:00,Deprioritized,-8,Other,Prague,15,,Leadership/management position; Generic marketing role
SJ_107953,Senior Manager - Business Development & Delivery | Česká republika,,Prague,Manager,Sales/Account Manager,Senior,Sales & Business Development,,https://www.startupjobs.cz/nabidka/107953/senior-manager-business-development-and-delivery-ceska-republika,2026-09-21T19:00:02+02:00,Deprioritized,-8,Other,Prague,16,,Senior-level position; Leadership/management position
JB_4798,Supervizor týmu zákaznické linky ČEZ ⚡,30 000 – 40 000 Kč,Česká republika,Customer Service Representative,Contact Centre Representative,,Customer Service,,https://www.jobs.cz/rpd/2001340027/,2026-09-21T18:43:59+02:00,Deprioritized,-8,Other,Czechia - verify Prague/remote,16,,Non-target root occupation; Location requires verification
JB_0292,Brand Manager / Brand Managerka – FINI (FMCG),60 000 – 100 000 Kč,Hlavní město Praha + 2 další lokality,Manager,Marketing/Brand Manager,,Marketing & Communications,,https://www.jobs.cz/rpd/2001432866/,2026-09-21T18:04:21+02:00,Deprioritized,-8,Other,Prague,16,,Leadership/management position; Generic marketing role
JB_7181,"Marketingový manažer (Part-time) – web, brand a VIP waiting list",,Praha – Vinohrady,Manager,Marketing/Brand Manager,,Marketing & Communications,,https://www.jobs.cz/rpd/2001342039/,2026-09-21T18:03:46+02:00,Deprioritized,-8,Other,Prague,16,,Leadership/management position; Generic marketing role
JB_9044,Influencer & Community Manager,,Praha – Karlín,Manager,Marketing/Brand Manager,,,,https://www.jobs.cz/rpd/2001439074/,2026-09-21T17:45:23+02:00,Deprioritized,-8,Other,Prague,16,,Leadership/management position; Generic marketing role
JB_1395,🚀 Growth & Marketing Manager,,Praha – Holešovice,Manager,Marketing/Brand Manager,,Marketing & Communications,,https://www.jobs.cz/rpd/2001438991/,2026-09-21T17:34:06+02:00,Deprioritized,-8,Other,Prague,16,,Leadership/management position; Generic marketing role
JB_2614,Brand manažer/ka pro značku Café Snack,,Praha – Hloubětín,Manager,Marketing/Brand Manager,,Marketing & Communications,,https://www.jobs.cz/rpd/2001433679/,2026-09-20T09:41:51+02:00,Deprioritized,-8,Other,Prague,18,,Leadership/management position; Generic marketing role
SJ_107877,Growth manager pro NICEBOY 💛,,Prague,Manager,Marketing/Brand Manager,,,,https://www.startupjobs.cz/nabidka/107877/growth-manager-pro-niceboy,2026-09-18T19:01:54+02:00,Deprioritized,-8,Other,Prague,19,,Leadership/management position; Generic marketing role
JB_3573,Prodejce partnerské prodejny - Benešov,,Benešov,Sales Representative,Field Sales Representative,,"Sales & Business Development, Retail & E-commerce",,https://www.jobs.cz/rpd/2001433802/,2026-09-18T18:53:23+02:00,Deprioritized,-8,Other,Outside Prague - verify,19,,Non-target root occupation; Location requires verification
JB_0274,Junior účetní (poloviční úvazek) - TRATON Financial Services,,Chrášťany,Accountant,Financial Accountant,Junior/Entry-level,Finance & Banking,,https://www.jobs.cz/rpd/2001433320/,2026-09-18T18:04:48+02:00,Deprioritized,-8,Other,Outside Prague - verify,19,Junior/entry level,Finance/accounting orientation; Non-target root occupation; Location requires verification
JB_0108,Senior Business Development Manager,,Praha – Hostivař,Manager,Sales/Account Manager,Senior,Sales & Business Development,,https://www.jobs.cz/rpd/2001430781/,2026-09-18T17:55:07+02:00,Deprioritized,-8,Other,Prague,19,,Senior-level position; Leadership/management position
JB_5279,Sales Representative - Karlovarský / Ústecký kraj / Liberecký kraj,36 000 – 46 000 Kč,Ústecký kraj,Sales Representative,General Sales Representative,,Sales & Business Development,,https://www.jobs.cz/rpd/2001433716/,2026-09-18T17:52:31+02:00,Deprioritized,-8,Other,Outside Prague - verify,19,,Non-target root occupation; Location requires verification
JB_2624,Key account back office,,Nepřevázka,Assistant,Administrative/Back-Office Assistant,,,,https://www.jobs.cz/rpd/2001428672/,2026-09-18T13:26:04+02:00,Deprioritized,-8,Other,Outside Prague - verify,19,,Non-target root occupation; Location requires verification
JB_4931,Brand Manager Executive,,Praha – Modřany,Manager,Marketing/Brand Manager,,Marketing & Communications,,https://www.jobs.cz/rpd/2001427706/,2026-09-18T13:18:12+02:00,Deprioritized,-8,Other,Prague,19,,Leadership/management position; Generic marketing role
BLT_2998,"Director, Build Engineer",177K-294K Annually,30 Locations,Manager,Executive/General Manager,Senior level,Engineering & R&D,,https://builtin.com/job/director-build-engineer/11231928,2026-09-18T13:01:40+02:00,Deprioritized,-8,Other,Outside Prague - verify,19,R,Senior-level position; Leadership/management position; Location requires verification
SJ_104627,Senior PPC Specialista,,Prague,Specialist,Marketing/Communications Specialist,Senior,Marketing & Communications,,https://www.startupjobs.cz/nabidka/104627/senior-ppc-specialista,2026-09-17T10:45:16+02:00,Deprioritized,-8,Other,Prague,21,,Senior-level position; Generic marketing role
SJ_107847,Digital Marketing & Content Manager,,Prague,Manager,Marketing/Brand Manager,,Marketing & Communications,,https://www.startupjobs.cz/nabidka/107847/digital-marketing-and-content-manager,2026-09-17T10:42:06+02:00,Deprioritized,-8,Other,Prague,21,,Leadership/management position; Generic marketing role
JB_8585,Senior Sales Manager,,Praha – Dejvice,Manager,Sales/Account Manager,Senior,Sales & Business Development,,https://www.jobs.cz/rpd/2001126461/,2026-09-17T10:35:37+02:00,Deprioritized,-8,Other,Prague,21,,Senior-level position; Leadership/management position
JB_5158,"Partner Marketing Manager, Global Strategic Partners (f/m/d)",,Praha – Stodůlky,Manager,Marketing/Brand Manager,,Marketing & Communications,,https://www.jobs.cz/rpd/2001425698/,2026-09-15T10:54:45+02:00,Deprioritized,-8,Other,Prague,23,,Leadership/management position; Generic marketing role
JB_4409,Business & Marketing Manager pro síť restaurací a bister,35 000 – 70 000 Kč,Hlavní město Praha,Manager,Marketing/Brand Manager,,Marketing & Communications,,https://www.jobs.cz/rpd/2001424283/,2026-09-15T00:26:02+02:00,Deprioritized,-8,Other,Prague,23,,Leadership/management position; Generic marketing role
JB_1288,Senior Product Manager - Identity Security,,Praha – Holešovice,Manager,IT/Engineering Manager,Senior,"Cybersecurity, Product Management",,https://www.jobs.cz/rpd/2001424260/,2026-09-15T00:26:02+02:00,Deprioritized,-8,Other,Prague,23,,Senior-level position; Leadership/management position
JB_7712,Senior Brand Specialist | Praha,,Praha – Karlín,Specialist,Marketing/Communications Specialist,Senior,Marketing & Communications,,https://www.jobs.cz/rpd/2001425417/,2026-09-14T23:50:22+02:00,Deprioritized,-8,Other,Prague,23,,Senior-level position; Generic marketing role
JB_3096,Senior PPC Specialist,,Praha – Libeň,Specialist,Marketing/Communications Specialist,Senior,Marketing & Communications,,https://www.jobs.cz/rpd/2001367516/,2026-09-14T23:50:00+02:00,Deprioritized,-8,Other,Prague,23,,Senior-level position; Generic marketing role
BLT_7895,Engineering Tech Lead (vNode),138K-220K Annually,28 Locations,Manager,IT/Engineering Manager,Senior level,Engineering & R&D,,https://builtin.com/job/engineering-tech-lead-vnode/10474801,2026-09-14T23:29:42+02:00,Deprioritized,-8,Other,Outside Prague - verify,23,R,Senior-level position; Leadership/management position; Location requires verification
BLT_6880,Director of Product & Engineering - Operations (m/f/d),2M-3M Annually,6 Locations,Manager,IT/Engineering Manager,Senior level,Engineering & R&D,,https://builtin.com/job/director-engineering/9843889,2026-09-14T23:29:04+02:00,Deprioritized,-8,Other,Outside Prague - verify,23,R,Senior-level position; Leadership/management position; Location requires verification
BLT_0417,"Senior Engineering Manager, Growth",160K-160K Annually,27 Locations,Manager,IT/Engineering Manager,Senior level,Engineering & R&D,,https://builtin.com/job/senior-engineering-manager-growth/9646104,2026-09-14T23:29:04+02:00,Deprioritized,-8,Other,Outside Prague - verify,23,R,Senior-level position; Leadership/management position; Location requires verification
BLT_4935,Engineering Manager: Offsite Discovery,100K-130K Annually,26 Locations,Manager,IT/Engineering Manager,Senior level,Engineering & R&D,,https://builtin.com/job/engineering-manager-offsite-discovery/9895771,2026-09-14T23:28:55+02:00,Deprioritized,-8,Other,Outside Prague - verify,23,R,Senior-level position; Leadership/management position; Location requires verification
BLT_8900,"Engineering Manager, Cloud Platform (Czech Republic)",,Czechia,Manager,IT/Engineering Manager,Senior level,"Cloud & Infrastructure, Engineering & R&D",,https://builtin.com/job/engineering-manager-cloud-platform-czech-republic/9300312,2026-09-14T23:28:36+02:00,Deprioritized,-8,Other,Czechia - verify Prague/remote,23,R,Senior-level position; Leadership/management position; Location requires verification
BLT_4573,"Senior Engineering Manager, Dev Tools",,41 Locations,Manager,IT/Engineering Manager,Senior level,Engineering & R&D,,https://builtin.com/job/senior-engineering-manager-dev-tools/9647895,2026-09-14T23:28:11+02:00,Deprioritized,-8,Other,Outside Prague - verify,23,R,Senior-level position; Leadership/management position; Location requires verification
BLT_2183,Engineering Manager,,27 Locations,Manager,IT/Engineering Manager,Senior level,Engineering & R&D,,https://builtin.com/job/engineering-manager/10969137,2026-09-14T23:27:44+02:00,Deprioritized,-8,Other,Outside Prague - verify,23,R,Senior-level position; Leadership/management position; Location requires verification
BLT_6544,Senior Engineering Manager,,27 Locations,Manager,IT/Engineering Manager,Senior level,Engineering & R&D,,https://builtin.com/job/senior-engineering-manager/11129573,2026-09-14T23:27:30+02:00,Deprioritized,-8,Other,Outside Prague - verify,23,R,Senior-level position; Leadership/management position; Location requires verification
JB_5402,Senior Risk Management Consultant,,Praha – Nové Město,Consultant,Management/Strategy Consultant,Senior,Compliance & Risk,,https://www.jobs.cz/rpd/2001424821/,2026-09-14T22:22:32+02:00,Deprioritized,-8,Other,Prague,23,,Senior-level position; Leadership/management position
JST_0011,Projektový*á manažer*ka digitálních projektů,Navrhni si mzdu,Praha,Manager,Project Manager,Senior,Project & Program Management,,https://www.jobstack.it/it-job/it-project-manager/5a54d6bc65074,2026-09-12T11:33:16+02:00,Deprioritized,-8,Other,Prague,25,,Senior-level position; Leadership/management position
JST_7412,Business Development Manager – IT / Custom Software,Navrhni si mzdu,Praha,Manager,Sales/Account Manager,Senior,"IT & Software, Sales & Business Development",,https://www.jobstack.it/it-job/obchodnik-it/6a84134813902,2026-09-12T11:32:42+02:00,Deprioritized,-8,Other,Prague,25,,Senior-level position; Leadership/management position
JST_1653,Team lead - webdeveloper,až 140 000 Kč / měsíc,"Praha, Hradčanská",Manager,Executive/General Manager,"Senior, Expert",,,https://www.jobstack.it/it-job/python-developer/62fca781173af,2026-09-12T11:32:42+02:00,Deprioritized,-8,Other,Prague,25,,Senior-level position; Leadership/management position
JST_1906,IT Cloud Security Specialist - Vulnerability Management (f/m/d),Nadstandardní,"Sokolovska 662/136b, 18600 Praha 8, Praha, Česká republika",Specialist,Cybersecurity Specialist,Senior,"Cybersecurity, Cloud & Infrastructure, IT & Software",,https://www.jobstack.it/it-job/specialista-it-securita/66742334559e3,2026-09-12T11:32:21+02:00,Deprioritized,-8,Other,Prague,25,,Senior-level position; Leadership/management position
SJ_106977,Head of Brand Design - Sportovní výživa,,Prague,Manager,Marketing/Brand Manager,Lead/Head,Marketing & Communications,,https://www.startupjobs.cz/nabidka/106977/head-of-brand-design-sportovni-vyziva,2026-09-12T11:08:03+02:00,Deprioritized,-8,Other,Prague,26,,Leadership/management position; Generic marketing role
SJ_107041,Sr. Product Manager - Pharmacy Care,,Prague,Manager,Product Manager/Product Owner,Senior,"Product Management, Healthcare & Pharma",,https://www.startupjobs.cz/nabidka/107041/sr-product-manager-pharmacy-care,2026-09-12T11:08:03+02:00,Deprioritized,-8,Other,Prague,26,,Senior-level position; Leadership/management position
SJ_102677,Senior Business Developer s francouzštinou Praha,,Prague,Sales Representative,General Sales Representative,Senior,IT & Software,,https://www.startupjobs.cz/nabidka/102677/senior-business-developer-s-francouzstinou,2026-09-12T11:05:58+02:00,Deprioritized,-8,Other,Prague,26,French-language advantage,Senior-level position; Non-target root occupation
SJ_107157,Senior Communication Specialist,,Prague,Specialist,Marketing/Communications Specialist,Senior,Marketing & Communications,,https://www.startupjobs.cz/nabidka/107157/senior-communication-specialist,2026-09-12T11:05:58+02:00,Deprioritized,-8,Other,Prague,26,,Senior-level position; Generic marketing role
SJ_107169,Art Director,,Prague,Manager,Marketing/Brand Manager,Executive,,,https://www.startupjobs.cz/nabidka/107169/art-director,2026-09-12T11:04:53+02:00,Deprioritized,-8,Other,Prague,26,,Leadership/management position; Generic marketing role
SJ_107303,Head of Brand,,Prague,Manager,Marketing/Brand Manager,Lead/Head,Marketing & Communications,,https://www.startupjobs.cz/nabidka/107303/head-of-brand,2026-09-12T11:02:48+02:00,Deprioritized,-8,Other,Prague,26,,Leadership/management position; Generic marketing role
SJ_107319,Social media manager,,Prague,Manager,Marketing/Brand Manager,,"Marketing & Communications, Media & Entertainment",,https://www.startupjobs.cz/nabidka/107319/social-media-manager,2026-09-12T11:02:48+02:00,Deprioritized,-8,Other,Prague,26,,Leadership/management position; Generic marketing role
SJ_107441,Senior Project Manager high-end webů do webového studia,,Prague,Manager,Project Manager,Senior,Project & Program Management,,https://www.startupjobs.cz/nabidka/107441/senior-project-manager-high-end-webu-do-weboveho-studia,2026-09-12T11:00:38+02:00,Deprioritized,-8,Other,Prague,26,,Senior-level position; Leadership/management position
SJ_98933,Project manager (Digital marketing),,Prague,Manager,Project Manager,,"Marketing & Communications, Project & Program Management",,https://www.startupjobs.cz/nabidka/98933/project-manager-digital-marketing,2026-09-12T10:59:33+02:00,Deprioritized,-8,Other,Prague,26,,Leadership/management position; Generic marketing role
SJ_104329,Senior B2B Sales Consultant pro Česko a Slovensko,,Prague,Consultant,Marketing/Sales Consultant,Senior,Sales & Business Development,,https://www.startupjobs.cz/nabidka/104329/senior-b2b-sales-consultant-pro-cesko-a-slovensko,2026-09-12T10:58:33+02:00,Deprioritized,-8,Other,Prague,26,,Senior-level position; Generic marketing role
SJ_107635,Senior Account Manager,,Prague,Manager,Sales/Account Manager,Senior,Sales & Business Development,,https://www.startupjobs.cz/nabidka/107635/senior-account-manager,2026-09-12T10:57:33+02:00,Deprioritized,-8,Other,Prague,26,,Senior-level position; Leadership/management position
SJ_107609,Senior Sales Account Manager – e-commerce | CZ/SK | SaaS,,Prague,Manager,Sales/Account Manager,Senior,"Sales & Business Development, Retail & E-commerce",,https://www.startupjobs.cz/nabidka/107609/senior-sales-account-manager-e-commerce-cz-sk-saas,2026-09-12T10:57:33+02:00,Deprioritized,-8,Other,Prague,26,,Senior-level position; Leadership/management position
SJ_107673,Marketing & Brand Manager,,Prague,Manager,Marketing/Brand Manager,,Marketing & Communications,,https://www.startupjobs.cz/nabidka/107673/marketing-and-brand-manager,2026-09-12T10:56:33+02:00,Deprioritized,-8,Other,Prague,26,,Leadership/management position; Generic marketing role
SJ_106847,Marketing manager / specialist pro e-learning,,Prague,Manager,Marketing/Brand Manager,,Marketing & Communications,,https://www.startupjobs.cz/nabidka/106847/marketing-manager-specialist-pro-e-learning,2026-09-12T10:55:23+02:00,Deprioritized,-8,Other,Prague,26,,Leadership/management position; Generic marketing role
JB_3497,OFFICE ASSISTANT,35 000 – 45 000 Kč,Kamenice – Olešovice,Assistant,Office/Reception Assistant,,,,https://www.jobs.cz/rpd/2001373909/,2026-09-11T17:32:52+02:00,Deprioritized,-8,Other,Outside Prague - verify,26,,Non-target root occupation; Location requires verification
JB_9764,Konzultant zákaznické linky – příchozí hovory (m/ž),35 000 – 65 000 Kč,Ostrava – Moravská Ostrava + 6 dalších lokalit,Customer Service Representative,Contact Centre Representative,,Customer Service,,https://www.jobs.cz/rpd/2001293326/,2026-09-11T17:21:51+02:00,Deprioritized,-8,Other,Outside Prague - verify,26,,Non-target root occupation; Location requires verification
JB_4202,Nastartuj svoji kariéru v PRE_Nymburk,,Nymburk,Other,Unclassified,,,,https://www.jobs.cz/rpd/2001396633/,2026-09-11T17:20:41+02:00,Deprioritized,-8,Other,Outside Prague - verify,26,,Non-target root occupation; Location requires verification
JB_7691,Specialista/tka zákaznické linky PRE_stávající klienti,,Nymburk,Customer Service Representative,Contact Centre Representative,,Customer Service,,https://www.jobs.cz/rpd/2001409719/,2026-09-11T17:20:41+02:00,Deprioritized,-8,Other,Outside Prague - verify,26,,Non-target root occupation; Location requires verification
JB_0145,Telefonická péče o stávající zákazníky PRE,,Nymburk,Customer Service Representative,General Customer Service Representative,,Customer Service,,https://www.jobs.cz/rpd/2001375314/,2026-09-11T17:20:41+02:00,Deprioritized,-8,Other,Outside Prague - verify,26,,Non-target root occupation; Location requires verification
JB_0062,🎙️Kontrola hudební kvality gramofonové desky (náborový příspěvek 40.000 Kč)🎙️,,Loděnice,Recruiter,General Recruiter,,Quality & Safety,,https://www.jobs.cz/rpd/2000906021/,2026-09-11T17:11:01+02:00,Deprioritized,-8,Other,Outside Prague - verify,26,,Non-target root occupation; Location requires verification
JB_0132,Osobní bankéř/ka senior - Kladno,,Kladno,Specialist,Finance/Banking Specialist,Senior,Finance & Banking,,https://www.jobs.cz/rpd/2001360684/,2026-09-11T17:10:20+02:00,Deprioritized,-8,Other,Outside Prague - verify,26,,Senior-level position; Finance/accounting orientation; Location requires verification
JB_1715,Art Director / Designer se zaměřením na Social,,Praha – Chodov,Manager,Marketing/Brand Manager,Executive,,,https://www.jobs.cz/rpd/2001405421/,2026-09-11T17:03:31+02:00,Deprioritized,-8,Other,Prague,26,,Leadership/management position; Generic marketing role
JB_9488,Social Media Manager v digitální agentuře,40 000 – 60 000 Kč,Praha – Nusle,Manager,Marketing/Brand Manager,,"Marketing & Communications, Media & Entertainment",,https://www.jobs.cz/rpd/2001371510/,2026-09-11T17:03:20+02:00,Deprioritized,-8,Other,Prague,26,,Leadership/management position; Generic marketing role
JB_5291,Manager/Senior Manager v týmu Mergers & Acquisition,,Praha – Karlín,Manager,Sales/Account Manager,Senior,,,https://www.jobs.cz/rpd/2000936168/,2026-09-11T16:54:58+02:00,Deprioritized,-8,Other,Prague,26,,Senior-level position; Leadership/management position
JB_8761,Mergers & Acquisitions – Senior/Associate Manager,,Praha – Karlín,Manager,Executive/General Manager,Senior,,,https://www.jobs.cz/rpd/2001150826/,2026-09-11T16:54:58+02:00,Deprioritized,-8,Other,Prague,26,,Senior-level position; Leadership/management position
JB_1681,Senior ICT projektový manažer/ka pro podporu výstavby nového jaderného zdroje,,Praha – Michle + 2 další lokality,Manager,Project Manager,Senior,"IT & Software, Project & Program Management",,https://www.jobs.cz/rpd/2001374496/,2026-09-11T16:53:22+02:00,Deprioritized,-8,Other,Prague,26,,Senior-level position; Leadership/management position
JB_5353,finanční controller - junior,,okres Beroun,Controller,Financial Controller,Junior/Entry-level,Finance & Banking,,https://www.jobs.cz/rpd/2001400890/,2026-09-11T16:52:55+02:00,Deprioritized,-8,Other,Outside Prague - verify,26,Junior/entry level,Finance/accounting orientation; Non-target root occupation; Location requires verification
JB_5493,Senior Business Analytik / Project Manager (Digitalizace účetnictví),,Praha – Malá Strana,Manager,Project Manager,Senior,"Data & Analytics, Project & Program Management",,https://www.jobs.cz/rpd/2001358909/,2026-09-11T16:52:36+02:00,Deprioritized,-8,Other,Prague,26,,Senior-level position; Leadership/management position
JB_6241,Key Account Manager / Key Account Manager Senior Retail,,Praha – Zbraslav,Manager,Sales/Account Manager,Senior,"Sales & Business Development, Retail & E-commerce",,https://www.jobs.cz/rpd/2001415601/,2026-09-11T16:44:38+02:00,Deprioritized,-8,Other,Prague,26,,Senior-level position; Leadership/management position
JB_9081,Group Brand Manager,,Praha – Vinohrady,Manager,Marketing/Brand Manager,,Marketing & Communications,,https://www.jobs.cz/rpd/2001362239/,2026-09-11T16:44:29+02:00,Deprioritized,-8,Other,Prague,26,,Leadership/management position; Generic marketing role
JB_1478,Manažer/ka Public Affairs,,Praha – Nové Město,Manager,Marketing/Brand Manager,,,,https://www.jobs.cz/rpd/2001417371/,2026-09-11T16:44:13+02:00,Deprioritized,-8,Other,Prague,26,,Leadership/management position; Generic marketing role
JB_7080,Manažer/ka Public Affairs,,Praha – Nové Město,Manager,Marketing/Brand Manager,,,,https://www.jobs.cz/rpd/2001373651/,2026-09-11T16:44:13+02:00,Deprioritized,-8,Other,Prague,26,,Leadership/management position; Generic marketing role
JB_3135,Obchodní zástupce Průmyslu - Automotive,,Tuchoměřice,Sales Representative,Field Sales Representative,,"Sales & Business Development, Automotive & Mobility",,https://www.jobs.cz/rpd/2001419084/,2026-09-11T16:44:13+02:00,Deprioritized,-8,Other,Outside Prague - verify,26,,Non-target root occupation; Location requires verification
JB_6804,"Senior IT Project Manager, 2-3 dny v týdnu HO možné",,Praha,Manager,Project Manager,Senior,"IT & Software, Project & Program Management",,https://www.jobs.cz/rpd/2001413192/,2026-09-11T16:43:48+02:00,Deprioritized,-8,Other,Prague,26,,Senior-level position; Leadership/management position
JB_6767,Senior Account Manager pro digitální marketing,60 000 – 100 000 Kč,Praha – Libeň,Manager,Sales/Account Manager,Senior,"Sales & Business Development, Marketing & Communications",,https://www.jobs.cz/rpd/2001388682/,2026-09-11T16:43:26+02:00,Deprioritized,-8,Other,Prague,26,,Senior-level position; Leadership/management position
JB_8380,☀️⚡ Obchodně-technický zástupce | Firemní fotovoltaika & energetická řešení,75 000 – 150 000 Kč,Lysá nad Labem,Sales Representative,General Sales Representative,,"Sales & Business Development, Energy & Utilities",,https://www.jobs.cz/rpd/2001371660/,2026-09-11T16:42:42+02:00,Deprioritized,-8,Other,Outside Prague - verify,26,,Non-target root occupation; Location requires verification
JB_0172,Manažer Customer Life Cycle managementu senior (m/ž),,Praha + 1 další lokalita,Manager,Executive/General Manager,Senior,Customer Service,,https://www.jobs.cz/rpd/2001381612/,2026-09-11T16:42:03+02:00,Deprioritized,-8,Other,Prague,26,,Senior-level position; Leadership/management position
JB_8760,Asistent/ka stavbyvedoucího,,Hořovice,Assistant,General Assistant,,,,https://www.jobs.cz/rpd/2001373581/,2026-09-11T16:30:10+02:00,Deprioritized,-8,Other,Outside Prague - verify,26,,Non-target root occupation; Location requires verification
JB_9142,Konstrukce palivových systémů v Motorsportu,,Mladá Boleslav – Mladá Boleslav IV,Other,Unclassified,,,,https://www.jobs.cz/rpd/2001297797/,2026-09-11T16:30:10+02:00,Deprioritized,-8,Other,Outside Prague - verify,26,,Non-target root occupation; Location requires verification
JB_1405,Senior DevOps Manager,,Praha – Chodov,Manager,IT/Engineering Manager,Senior,Cloud & Infrastructure,,https://www.jobs.cz/rpd/2001408272/,2026-09-11T16:29:50+02:00,Deprioritized,-8,Other,Prague,26,,Senior-level position; Leadership/management position
JB_9306,Tech Lead / Senior Web Developer,,Praha – Smíchov,Manager,IT/Engineering Manager,"Senior, Lead/Head",IT & Software,,https://www.jobs.cz/rpd/2001407907/,2026-09-11T16:29:17+02:00,Deprioritized,-8,Other,Prague,26,,Senior-level position; Leadership/management position
JB_6618,Finance Manager / Finanční manažer,90 000 – 130 000 Kč,Kunice,Manager,Finance/Risk Manager,,Finance & Banking,,https://www.jobs.cz/rpd/2001376355/,2026-09-11T16:19:30+02:00,Deprioritized,-8,Other,Outside Prague - verify,26,,Leadership/management position; Finance/accounting orientation; Location requires verification
JB_9558,Senior Manager Fixed Network Deployment,,Praha – Stodůlky,Manager,IT/Engineering Manager,Senior,Cloud & Infrastructure,,https://www.jobs.cz/rpd/2001247099/,2026-09-11T16:19:30+02:00,Deprioritized,-8,Other,Prague,26,,Senior-level position; Leadership/management position
JB_8556,Senior Product Manager Fresh & Frozen,,Praha – Stodůlky,Manager,Product Manager/Product Owner,Senior,Product Management,,https://www.jobs.cz/rpd/2001232159/,2026-09-11T16:19:30+02:00,Deprioritized,-8,Other,Prague,26,,Senior-level position; Leadership/management position
JB_3601,OBCHODNÍ ZÁSTUPCE/KYNĚ - Nymbursko,,Nymburk,Sales Representative,Field Sales Representative,,Sales & Business Development,,https://www.jobs.cz/rpd/2001412916/,2026-09-11T16:19:22+02:00,Deprioritized,-8,Other,Outside Prague - verify,26,,Non-target root occupation; Location requires verification
JB_4019,SENIOR KEY ACCOUNT MANAGER FMCG,,Praha – Libeň,Manager,Sales/Account Manager,Senior,Sales & Business Development,,https://www.jobs.cz/rpd/2001367588/,2026-09-11T16:19:22+02:00,Deprioritized,-8,Other,Prague,26,,Senior-level position; Leadership/management position
JB_6144,Brand design manažer,,Praha – Nové Město,Manager,Marketing/Brand Manager,,Marketing & Communications,,https://www.jobs.cz/rpd/2001400776/,2026-09-11T16:19:15+02:00,Deprioritized,-8,Other,Prague,26,,Leadership/management position; Generic marketing role
JB_5642,Brand Manager (m/f),,Praha – Stodůlky,Manager,Marketing/Brand Manager,,Marketing & Communications,,https://www.jobs.cz/rpd/2001418500/,2026-09-11T16:19:15+02:00,Deprioritized,-8,Other,Prague,26,,Leadership/management position; Generic marketing role
JB_1135,"Brand Manager, OTC + Rx portfolio",,Praha – Smíchov,Manager,Marketing/Brand Manager,,Marketing & Communications,,https://www.jobs.cz/rpd/2001316468/,2026-09-11T16:19:15+02:00,Deprioritized,-8,Other,Prague,26,,Leadership/management position; Generic marketing role
JB_7937,E-commerce Manager,,Hlavní město Praha,Manager,Marketing/Brand Manager,,Retail & E-commerce,,https://www.jobs.cz/rpd/2001390534/,2026-09-11T16:19:02+02:00,Deprioritized,-8,Other,Prague,26,,Leadership/management position; Generic marketing role
JB_1175,Seniorní projektový manažer – přímý report majiteli,,Praha – Nusle,Manager,Project Manager,Senior,Project & Program Management,,https://www.jobs.cz/rpd/2001193580/,2026-09-11T16:19:02+02:00,Deprioritized,-8,Other,Prague,26,,Senior-level position; Leadership/management position
JB_2176,Business development manažer – senior pro segment komerční development,,Praha,Manager,Sales/Account Manager,Senior,Sales & Business Development,,https://www.jobs.cz/rpd/2001365765/,2026-09-11T16:18:49+02:00,Deprioritized,-8,Other,Prague,26,,Senior-level position; Leadership/management position
JB_2852,E-commerce Manažer / Vedoucí e-shopu (Shoptet),,Praha – Letňany,Manager,Marketing/Brand Manager,Lead/Head,Retail & E-commerce,,https://www.jobs.cz/rpd/2001385992/,2026-09-11T16:18:49+02:00,Deprioritized,-8,Other,Prague,26,,Leadership/management position; Generic marketing role
JB_7028,Obchodní zástupce - praxe není nutná,50 000 – 70 000 Kč,Kolín – Kolín IV,Sales Representative,Field Sales Representative,,Sales & Business Development,,https://www.jobs.cz/rpd/2000184569/,2026-09-11T16:18:49+02:00,Deprioritized,-8,Other,Outside Prague - verify,26,,Non-target root occupation; Location requires verification
JB_4820,Změňte obor a staňte se Obchodním zástupcem – vše Vás naučíme,50 000 – 70 000 Kč,Králův Dvůr,Sales Representative,General Sales Representative,,Sales & Business Development,,https://www.jobs.cz/rpd/2000305247/,2026-09-11T16:18:49+02:00,Deprioritized,-8,Other,Outside Prague - verify,26,,Non-target root occupation; Location requires verification
JB_8998,Marketing Manager – General Machine Building (f/m/d),,Praha – Stodůlky + 1 další lokalita,Manager,Marketing/Brand Manager,,"Marketing & Communications, Real Estate & Construction",,https://www.jobs.cz/rpd/2001412081/,2026-09-11T16:18:40+02:00,Deprioritized,-8,Other,Prague,26,,Leadership/management position; Generic marketing role
JB_7931,Medical Representative,,Středočeský kraj + 1 další lokalita,Sales Representative,General Sales Representative,,Healthcare & Pharma,,https://www.jobs.cz/rpd/2001417271/,2026-09-11T16:18:40+02:00,Deprioritized,-8,Other,Outside Prague - verify,26,,Non-target root occupation; Location requires verification
JB_3528,Senior Business Development Manager | Private Healthcare,,Praha,Manager,Sales/Account Manager,Senior,"Sales & Business Development, Healthcare & Pharma",,https://www.jobs.cz/rpd/2001391558/,2026-09-11T16:18:40+02:00,Deprioritized,-8,Other,Prague,26,,Senior-level position; Leadership/management position
JB_6977,"Senior Programming Manager, CEE & MENAT",91 000 – 133 000 Kč,Hlavní město Praha,Manager,Executive/General Manager,Senior,,,https://www.jobs.cz/rpd/2001403017/,2026-09-11T16:18:40+02:00,Deprioritized,-8,Other,Prague,26,,Senior-level position; Leadership/management position
JB_3162,Influencer & Community Manager,,Praha – Karlín,Manager,Marketing/Brand Manager,,,,https://www.jobs.cz/rpd/2001372155/,2026-09-11T16:18:26+02:00,Deprioritized,-8,Other,Prague,26,,Leadership/management position; Generic marketing role
JB_0380,"Marketing Director, Sports & Fashion CEE",,Praha,Manager,Marketing/Brand Manager,Executive,Marketing & Communications,,https://www.jobs.cz/rpd/2001418940/,2026-09-11T16:18:18+02:00,Deprioritized,-8,Other,Prague,26,,Leadership/management position; Generic marketing role
JB_6716,SENIOR SALES MANAGER | CZ & SK,,Praha,Manager,Sales/Account Manager,Senior,Sales & Business Development,,https://www.jobs.cz/rpd/2001379682/,2026-09-11T16:18:17+02:00,Deprioritized,-8,Other,Prague,26,,Senior-level position; Leadership/management position
JB_3385,Senior IP Solution Manager,,Praha,Manager,Executive/General Manager,Senior,,,https://www.jobs.cz/rpd/2001393984/,2026-09-11T16:18:03+02:00,Deprioritized,-8,Other,Prague,26,,Senior-level position; Leadership/management position
JB_2098,Product Manager Senior - Oblast firemních úvěrů,,Praha – Michle,Manager,Product Manager/Product Owner,Senior,Product Management,,https://www.jobs.cz/rpd/2001413051/,2026-09-11T16:17:46+02:00,Deprioritized,-8,Other,Prague,26,,Senior-level position; Leadership/management position
JB_2468,Segmentový marketing – Senior specialista pro O2 Internet (m/ž),,Praha – Michle,Specialist,Marketing/Communications Specialist,Senior,Marketing & Communications,,https://www.jobs.cz/rpd/2001396729/,2026-09-11T16:17:46+02:00,Deprioritized,-8,Other,Prague,26,,Senior-level position; Generic marketing role
JB_9093,Pracovník koordinace zásob skladu (ž/m),,Modletice,Clerk,General Clerk,,Supply Chain & Logistics,,https://www.jobs.cz/rpd/2001123654/,2026-09-11T16:11:17+02:00,Deprioritized,-8,Other,Outside Prague - verify,26,,Non-target root occupation; Location requires verification
JB_5086,Growth Manager,70 000 – 90 000 Kč,Praha – Nové Město,Manager,Marketing/Brand Manager,,,,https://www.jobs.cz/rpd/2001400618/,2026-09-11T16:11:05+02:00,Deprioritized,-8,Other,Prague,26,,Leadership/management position; Generic marketing role
JB_1872,"HR SPECIALISTA | nábor, HR agenda & employer branding",,Brandýs nad Labem-Stará Boleslav – Stará Boleslav,Recruiter,General Recruiter,,HR & Recruitment,,https://www.jobs.cz/rpd/2001406548/,2026-09-11T16:11:05+02:00,Deprioritized,-8,Other,Outside Prague - verify,26,,Non-target root occupation; Location requires verification
JB_6857,Marketing manažer,70 000 – 110 000 Kč,Praha,Manager,Marketing/Brand Manager,,Marketing & Communications,,https://www.jobs.cz/rpd/2001396691/,2026-09-11T16:11:05+02:00,Deprioritized,-8,Other,Prague,26,,Leadership/management position; Generic marketing role
JB_5999,Head of Opavia Brand (f/m/x),,Praha – Karlín,Manager,Marketing/Brand Manager,Lead/Head,Marketing & Communications,,https://www.jobs.cz/rpd/2001419201/,2026-09-11T16:10:45+02:00,Deprioritized,-8,Other,Prague,26,,Leadership/management position; Generic marketing role
JB_1957,"HR manažer (nábor, HR marketing, péče)",,Praha – Nové Město,Manager,Marketing/Brand Manager,,"Marketing & Communications, HR & Recruitment",,https://www.jobs.cz/rpd/2001100499/,2026-09-11T16:10:45+02:00,Deprioritized,-8,Other,Prague,26,,Leadership/management position; Generic marketing role
JB_3636,Marketing Manager,,Praha,Manager,Marketing/Brand Manager,,Marketing & Communications,,https://www.jobs.cz/rpd/2001396265/,2026-09-11T16:10:45+02:00,Deprioritized,-8,Other,Prague,26,,Leadership/management position; Generic marketing role
JB_0541,Brand Manager Starbucks,,Praha – Jinonice,Manager,Marketing/Brand Manager,,Marketing & Communications,,https://www.jobs.cz/rpd/2001334443/,2026-09-11T16:10:33+02:00,Deprioritized,-8,Other,Prague,26,,Leadership/management position; Generic marketing role
JB_7557,Podnikejte s DODO (jako franšízant) - Kladno,,Kladno,Other,Unclassified,,,,https://www.jobs.cz/rpd/2001400547/,2026-09-11T16:10:33+02:00,Deprioritized,-8,Other,Outside Prague - verify,26,,Non-target root occupation; Location requires verification
JB_3628,Seniorní projektový manažer |m/ž|,,Praha,Manager,Project Manager,Senior,Project & Program Management,,https://www.jobs.cz/rpd/2001420722/,2026-09-11T16:10:33+02:00,Deprioritized,-8,Other,Prague,26,,Senior-level position; Leadership/management position
JB_3484,🚀 Growth & Marketing Manager,,Praha – Holešovice,Manager,Marketing/Brand Manager,,Marketing & Communications,,https://www.jobs.cz/rpd/2001376261/,2026-09-11T16:10:33+02:00,Deprioritized,-8,Other,Prague,26,,Leadership/management position; Generic marketing role
JB_2453,E-commerce & Digital Media Manager,,Praha – Karlín,Manager,Marketing/Brand Manager,,"Marketing & Communications, Retail & E-commerce, Media & Entertainment",,https://www.jobs.cz/rpd/2001343654/,2026-09-11T16:10:20+02:00,Deprioritized,-8,Other,Prague,26,,Leadership/management position; Generic marketing role
JB_4342,"CRM & Customer Lifecycle Manager – automatizace, konverze a růst",120 000 – 150 000 Kč,Praha – Vysočany + 1 další lokalita,Manager,Marketing/Brand Manager,,Customer Service,Rust,https://www.jobs.cz/rpd/2001372005/,2026-09-11T16:10:04+02:00,Deprioritized,-8,Other,Prague,26,,Leadership/management position; Generic marketing role
JB_7401,Head of Social Media,,Praha – Strašnice,Manager,Marketing/Brand Manager,Lead/Head,"Marketing & Communications, Media & Entertainment",,https://www.jobs.cz/rpd/2001421058/,2026-09-11T16:10:04+02:00,Deprioritized,-8,Other,Prague,26,,Leadership/management position; Generic marketing role
JB_7213,Loyalty/Brand Manager - GANT/Vermont Holding,,Praha – Hradčany,Manager,Marketing/Brand Manager,,Marketing & Communications,,https://www.jobs.cz/rpd/2001408026/,2026-09-11T16:10:04+02:00,Deprioritized,-8,Other,Prague,26,,Leadership/management position; Generic marketing role
JB_2346,Senior Manager /-ka controllingu a reportingu,,okres Praha,Manager,Executive/General Manager,Senior,,,https://www.jobs.cz/rpd/2001417415/,2026-09-11T16:10:04+02:00,Deprioritized,-8,Other,Prague,26,,Senior-level position; Leadership/management position
JB_4235,Senior PPC Specialista,,Praha – Libeň,Specialist,Marketing/Communications Specialist,Senior,Marketing & Communications,,https://www.jobs.cz/rpd/2001387365/,2026-09-11T16:10:04+02:00,Deprioritized,-8,Other,Prague,26,,Senior-level position; Generic marketing role
JB_1644,✨MARKETING MANAGER - REZIDENČNÍ REAL ESTATE DEVELOPER🏢,90 000 – 110 000 Kč,Praha,Manager,Marketing/Brand Manager,,"IT & Software, Marketing & Communications, Real Estate & Construction",,https://www.jobs.cz/rpd/2001382813/,2026-09-11T16:10:04+02:00,Deprioritized,-8,Other,Prague,26,,Leadership/management position; Generic marketing role
JB_5180,PR and Communications Manager pro ESET,,Praha – Holešovice,Manager,Marketing/Brand Manager,,,,https://www.jobs.cz/rpd/2001319469/,2026-09-11T16:09:49+02:00,Deprioritized,-8,Other,Prague,26,,Leadership/management position; Generic marketing role
JB_2580,Trade Marketing Manager / On Trade,,Praha – Nové Město,Manager,Marketing/Brand Manager,,Marketing & Communications,,https://www.jobs.cz/rpd/2001408570/,2026-09-11T16:09:49+02:00,Deprioritized,-8,Other,Prague,26,,Leadership/management position; Generic marketing role
JB_3799,"Brand and Marketing Manager | Fly Vista | restaurace, bar & nightlife",,Praha – Nové Město + 1 další lokalita,Manager,Marketing/Brand Manager,,Marketing & Communications,,https://www.jobs.cz/rpd/2000305051/,2026-09-11T16:09:34+02:00,Deprioritized,-8,Other,Prague,26,,Leadership/management position; Generic marketing role
JB_9366,GROWTH MANAGER pro NICEBOY 💛,,Praha – Nusle,Manager,Marketing/Brand Manager,,,,https://www.jobs.cz/rpd/2001408620/,2026-09-11T16:09:34+02:00,Deprioritized,-8,Other,Prague,26,,Leadership/management position; Generic marketing role
JB_7582,Information Security Manager Senior (m/ž),,Praha + 2 další lokality,Manager,IT/Engineering Manager,Senior,Cybersecurity,,https://www.jobs.cz/rpd/2001324381/,2026-09-11T16:09:34+02:00,Deprioritized,-8,Other,Prague,26,,Senior-level position; Leadership/management position
JB_4587,Zpracování reklamací ve Zdibech u Prahy až 36 000 Kč (JPO02508),33 500 – 36 000 Kč,Klecany – Zdibsko,Customer Service Representative,Claims/Complaints Representative,,Customer Service,,https://www.jobs.cz/rpd/2001179550/,2026-09-11T16:09:22+02:00,Deprioritized,-8,Other,Outside Prague - verify,26,,Non-target root occupation; Location requires verification
JB_8740,BRAND MANAGER privátních značek,,Praha – Hostivař,Manager,Marketing/Brand Manager,,Marketing & Communications,,https://www.jobs.cz/rpd/2001379146/,2026-09-11T16:09:03+02:00,Deprioritized,-8,Other,Prague,26,,Leadership/management position; Generic marketing role
JB_0726,DIGITAL & E-COMMERCE MANAGER pro UGO,,Praha,Manager,Marketing/Brand Manager,,Retail & E-commerce,,https://www.jobs.cz/rpd/2001378603/,2026-09-11T16:09:03+02:00,Deprioritized,-8,Other,Prague,26,,Leadership/management position; Generic marketing role
JB_2638,Back office specialista,,Říčany,Assistant,Administrative/Back-Office Assistant,,,,https://www.jobs.cz/rpd/2001324308/,2026-09-11T16:08:36+02:00,Deprioritized,-8,Other,Outside Prague - verify,26,,Non-target root occupation; Location requires verification
JB_7797,"Finanční specialista senior (účetnictví, daně, controlling) - služební automobil",,Nymburk,Specialist,Finance/Banking Specialist,Senior,,,https://www.jobs.cz/rpd/2001405999/,2026-09-11T16:08:36+02:00,Deprioritized,-8,Other,Outside Prague - verify,26,,Senior-level position; Finance/accounting orientation; Location requires verification
JB_5608,SAP Senior Consultant / Project Manager / Architekt,,Praha – Karlín,Manager,Project Manager,Senior,Project & Program Management,SAP,https://www.jobs.cz/rpd/2000817494/,2026-09-11T16:08:36+02:00,Deprioritized,-8,Other,Prague,26,,Senior-level position; Leadership/management position
JB_5505,Senior obchodní manažer realitních projektů (fix 80 - 100 000 + bonus 20%),85 000 – 100 000 Kč,Praha – Smíchov,Manager,Project Manager,Senior,"Sales & Business Development, Project & Program Management",,https://www.jobs.cz/rpd/2000626201/,2026-09-11T16:08:36+02:00,Deprioritized,-8,Other,Prague,26,,Senior-level position; Leadership/management position
JB_5436,Customer Service Specialist B2B CZ/SK & CEE,45 000 – 50 000 Kč,Pavlov,Customer Service Representative,Client Service Representative,,Customer Service,,https://www.jobs.cz/rpd/2001376213/,2026-09-11T16:08:24+02:00,Deprioritized,-8,Other,Outside Prague - verify,26,,Non-target root occupation; Location requires verification
JB_7500,Group Senior SEO Specialist,,Praha – Vinohrady,Specialist,Marketing/Communications Specialist,Senior,Marketing & Communications,,https://www.jobs.cz/rpd/2001387428/,2026-09-11T16:08:10+02:00,Deprioritized,-8,Other,Prague,26,,Senior-level position; Generic marketing role
JB_1323,B2B Marketing Specialist/ Marketing Manager,50 000 – 80 000 Kč,Praha – Holešovice,Manager,Marketing/Brand Manager,,Marketing & Communications,,https://www.jobs.cz/rpd/2001398115/,2026-09-11T16:08:02+02:00,Deprioritized,-8,Other,Prague,26,,Leadership/management position; Generic marketing role
JB_1357,Senior Marketing Specialist,,Praha – Karlín,Specialist,Marketing/Communications Specialist,Senior,Marketing & Communications,,https://www.jobs.cz/rpd/2001392213/,2026-09-11T15:59:06+02:00,Deprioritized,-8,Other,Prague,26,,Senior-level position; Generic marketing role
JB_3098,Senior Social Media Specialist pro Samsung,,Praha – Chodov,Specialist,Marketing/Communications Specialist,Senior,"Marketing & Communications, Media & Entertainment",,https://www.jobs.cz/rpd/2001381519/,2026-09-11T15:59:06+02:00,Deprioritized,-8,Other,Prague,26,,Senior-level position; Generic marketing role
JB_5203,⋙🚀 E-Commerce Specialist/Manager - European market launch⋘,,Praha,Manager,Marketing/Brand Manager,,Retail & E-commerce,,https://www.jobs.cz/rpd/2001389225/,2026-09-11T15:59:06+02:00,Deprioritized,-8,Other,Prague,26,,Leadership/management position; Generic marketing role
JB_0732,Senior Performance Marketing Specialist,70 000 – 90 000 Kč,Praha – Libeň,Specialist,Marketing/Communications Specialist,Senior,Marketing & Communications,,https://www.jobs.cz/rpd/2001333985/,2026-09-11T15:58:34+02:00,Deprioritized,-8,Other,Prague,26,,Senior-level position; Generic marketing role
JB_8629,Produktový manažer / manažerka– senior (internetové a mobilní bankovnictví),,Praha – Dejvice,Manager,Product Manager/Product Owner,Senior,Product Management,,https://www.jobs.cz/rpd/2001228367/,2026-09-11T15:58:19+02:00,Deprioritized,-8,Other,Prague,26,,Senior-level position; Leadership/management position
JB_6495,(Senior) ICT Risk Management Specialist,,Praha – Vinohrady,Specialist,Compliance/AML Specialist,Senior,"IT & Software, Compliance & Risk",,https://www.jobs.cz/rpd/2001405953/,2026-09-11T15:57:15+02:00,Deprioritized,-8,Other,Prague,26,,Senior-level position; Leadership/management position
JB_6711,Senior M&A Analyst/Advisor,,Slaný,Analyst,Finance/Investment Analyst,Senior,,,https://www.jobs.cz/rpd/2001380736/,2026-09-11T15:56:57+02:00,Deprioritized,-8,Other,Outside Prague - verify,26,,Senior-level position; Finance/accounting orientation; Location requires verification
BLT_1476,Senior / Tech Lead Mobile App Developer (Injective Labs),,40 Locations,Manager,IT/Engineering Manager,Senior level,IT & Software,,https://builtin.com/job/senior-tech-lead-mobile-app-developer-injective-labs/11513551,2026-10-07T12:36:12+02:00,Deprioritized,-9,Other,Outside Prague - verify,0,,Senior-level position; Leadership/management position; Location requires verification
BLT_6344,Senior / Tech Lead Mobile App Developer,,40 Locations,Manager,IT/Engineering Manager,Senior level,IT & Software,,https://builtin.com/job/senior-tech-lead-mobile-app-developer/11515071,2026-10-07T12:36:02+02:00,Deprioritized,-9,Other,Outside Prague - verify,0,,Senior-level position; Leadership/management position; Location requires verification
JB_4932,Senior Product Manager - Pricing & Promo,,Česká republika,Manager,Product Manager/Product Owner,Senior,"Finance & Banking, Product Management",,https://www.jobs.cz/rpd/2001456400/,2026-10-02T11:25:19+02:00,Deprioritized,-9,Other,Czechia - verify Prague/remote,5,,Senior-level position; Leadership/management position; Location requires verification
JB_8322,Údržbář lakovacích robotů junior i senior | s řadou benefitů,40 000 – 55 000 Kč,Nymburk,Other,Unclassified,"Junior/Entry-level, Senior",,,https://www.jobs.cz/rpd/2001310245/,2026-09-25T10:30:54+02:00,Deprioritized,-9,Other,Outside Prague - verify,13,Junior/entry level,Senior-level position; Non-target root occupation; Location requires verification
JB_7963,Digital Marketing Account Manager,,Česká republika,Manager,Sales/Account Manager,,"Sales & Business Development, Marketing & Communications",,https://www.jobs.cz/rpd/2001441480/,2026-09-22T19:38:25+02:00,Deprioritized,-9,Other,Czechia - verify Prague/remote,15,,Leadership/management position; Generic marketing role; Location requires verification
JB_1037,Senior Vedoucí Výroby - Line Lead,,Kutná Hora – Sedlec,Manager,Production/Quality Manager,"Senior, Lead/Head",Manufacturing & Production,,https://www.jobs.cz/rpd/2001310872/,2026-09-21T18:43:52+02:00,Deprioritized,-9,Other,Outside Prague - verify,16,,Senior-level position; Leadership/management position; Location requires verification
JB_4361,Group Brand Manager (A4527),,Poděbrady – Poděbrady III,Manager,Marketing/Brand Manager,,Marketing & Communications,,https://www.jobs.cz/rpd/2001432903/,2026-09-18T13:27:23+02:00,Deprioritized,-9,Other,Outside Prague - verify,19,,Leadership/management position; Generic marketing role; Location requires verification
BLT_8717,Tech Lead,,27 Locations,Manager,IT/Engineering Manager,Senior level,,,https://builtin.com/job/tech-lead/11204167,2026-09-17T10:32:22+02:00,Deprioritized,-9,Other,Outside Prague - verify,21,,Senior-level position; Leadership/management position; Location requires verification
BLT_4665,"Tech Lead, Backend - GraphAware Hume",,26 Locations,Manager,IT/Engineering Manager,Senior level,,,https://builtin.com/job/tech-lead-backend-graphaware-hume/10867137,2026-09-14T23:28:00+02:00,Deprioritized,-9,Other,Outside Prague - verify,23,,Senior-level position; Leadership/management position; Location requires verification
BLT_9839,Director of ERP Integrations,,27 Locations,Manager,Executive/General Manager,Senior level,,,https://builtin.com/job/director-erp-integrations/10950115,2026-09-14T23:27:53+02:00,Deprioritized,-9,Other,Outside Prague - verify,23,,Senior-level position; Leadership/management position; Location requires verification
BLT_6064,Tech Lead,,40 Locations,Manager,IT/Engineering Manager,Senior level,,,https://builtin.com/job/tech-lead/10916468,2026-09-14T23:27:53+02:00,Deprioritized,-9,Other,Outside Prague - verify,23,,Senior-level position; Leadership/management position; Location requires verification
JB_1193,E-commerce Manager – Yoggies,,Zlonice,Manager,Marketing/Brand Manager,,Retail & E-commerce,,https://www.jobs.cz/rpd/2001420736/,2026-09-11T17:21:32+02:00,Deprioritized,-9,Other,Outside Prague - verify,26,,Leadership/management position; Generic marketing role; Location requires verification
JB_8027,BACK OFFICE AND MARKETING MANAGER / KA,40 000 Kč,Mladá Boleslav – Mladá Boleslav III,Manager,Marketing/Brand Manager,,Marketing & Communications,,https://www.jobs.cz/rpd/2001380543/,2026-09-11T16:43:26+02:00,Deprioritized,-9,Other,Outside Prague - verify,26,,Leadership/management position; Generic marketing role; Location requires verification
JB_6186,Marketing Manager / kreativní marketér,60 000 – 70 000 Kč,Všechlapy,Manager,Marketing/Brand Manager,,Marketing & Communications,,https://www.jobs.cz/rpd/2001394404/,2026-09-11T16:43:19+02:00,Deprioritized,-9,Other,Outside Prague - verify,26,,Leadership/management position; Generic marketing role; Location requires verification
JB_7042,Head of marketing (CZ/SK),,Nehvizdy,Manager,Marketing/Brand Manager,Lead/Head,Marketing & Communications,,https://www.jobs.cz/rpd/2001413469/,2026-09-11T16:42:55+02:00,Deprioritized,-9,Other,Outside Prague - verify,26,,Leadership/management position; Generic marketing role; Location requires verification
JB_7440,Senior Business Development Manager,70 000 – 90 000 Kč,Kolín – Sendražice,Manager,Sales/Account Manager,Senior,Sales & Business Development,,https://www.jobs.cz/rpd/2001401317/,2026-09-11T16:31:10+02:00,Deprioritized,-9,Other,Outside Prague - verify,26,,Senior-level position; Leadership/management position; Location requires verification
JB_2433,Business Unit Manager CA – veterinární segment | ČR & SR,,Česká republika,Manager,Executive/General Manager,Senior,,,https://www.jobs.cz/rpd/2001409553/,2026-09-11T16:19:22+02:00,Deprioritized,-9,Other,Czechia - verify Prague/remote,26,,Senior-level position; Leadership/management position; Location requires verification
JB_9847,Senior Key Account Manager,,Chrášťany,Manager,Sales/Account Manager,Senior,Sales & Business Development,,https://www.jobs.cz/rpd/2001381828/,2026-09-11T16:19:15+02:00,Deprioritized,-9,Other,Outside Prague - verify,26,,Senior-level position; Leadership/management position; Location requires verification
JB_2304,Senior Category Manager (Kralupy nad Vltavou),,Kralupy nad Vltavou – Mikovice,Manager,Product Manager/Product Owner,Senior,,,https://www.jobs.cz/rpd/2000378024/,2026-09-11T16:19:02+02:00,Deprioritized,-9,Other,Outside Prague - verify,26,,Senior-level position; Leadership/management position; Location requires verification
JB_6486,Retail & B2B Sales Controller - OMV Česká republika s.r.o.,80 000 – 90 000 Kč,Praha,Controller,Business/Commercial Controller,,"Finance & Banking, Sales & Business Development, Retail & E-commerce",,https://www.jobs.cz/rpd/2001385544/,2026-09-11T16:18:49+02:00,Deprioritized,-9,Other,Prague,26,R,Finance/accounting orientation; Non-target root occupation
JB_8132,Senior Product Manager - Pricing & Promo,,Česká republika,Manager,Product Manager/Product Owner,Senior,"Finance & Banking, Product Management",,https://www.jobs.cz/rpd/2001398477/,2026-09-11T16:18:18+02:00,Deprioritized,-9,Other,Czechia - verify Prague/remote,26,,Senior-level position; Leadership/management position; Location requires verification
JB_3569,Production Manager (Senior),,Černíky,Manager,Production/Quality Manager,Senior,Manufacturing & Production,,https://www.jobs.cz/rpd/2001411657/,2026-09-11T16:10:33+02:00,Deprioritized,-9,Other,Outside Prague - verify,26,,Senior-level position; Leadership/management position; Location requires verification
JB_1442,"R2R ACCOUNTING FOR EMEA| UP TO 70,000 CZK+BONUS",65 000 – 70 000 Kč,Hlavní město Praha,Accountant,General Accountant,,Finance & Banking,,https://www.jobs.cz/rpd/2001421275/,2026-09-11T16:09:49+02:00,Deprioritized,-9,Other,Prague,26,R,Finance/accounting orientation; Non-target root occupation
JB_0050,"R2R ACCOUNTING FOR EMEA| UP TO 70,000 CZK+BONUS",65 000 – 70 000 Kč,Hlavní město Praha,Accountant,General Accountant,,Finance & Banking,,https://www.jobs.cz/rpd/2001387131/,2026-09-11T16:09:49+02:00,Deprioritized,-9,Other,Prague,26,R,Finance/accounting orientation; Non-target root occupation
JB_2797,CRM Manager,,Chrášťany,Manager,Marketing/Brand Manager,,,,https://www.jobs.cz/rpd/2001338149/,2026-09-11T16:09:09+02:00,Deprioritized,-9,Other,Outside Prague - verify,26,,Leadership/management position; Generic marketing role; Location requires verification
JB_8265,Senior Strategic Marketing Specialist,,Rudná,Specialist,Marketing/Communications Specialist,Senior,Marketing & Communications,,https://www.jobs.cz/rpd/2001406232/,2026-09-11T16:08:10+02:00,Deprioritized,-9,Other,Outside Prague - verify,26,,Senior-level position; Generic marketing role; Location requires verification
JB_8256,⋙ Business Controller | Finance Business Partner ⋘,,Praha,Controller,Financial Controller,,Finance & Banking,,https://www.jobs.cz/rpd/2001463694/,2026-10-07T13:36:03+02:00,Deprioritized,-10,Other,Prague,0,,Finance/accounting orientation; Non-target root occupation
JB_2794,SAMOSTATNÁ ÚČETNÍ,,Praha – Vinohrady,Accountant,General Accountant,,,,https://www.jobs.cz/rpd/2001461406/,2026-10-07T13:03:34+02:00,Deprioritized,-10,Other,Prague,0,,Finance/accounting orientation; Non-target root occupation
JB_1402,FINANCIAL CONTROLLER,,Praha – Hostivař,Controller,Financial Controller,,Finance & Banking,,https://www.jobs.cz/rpd/2001459756/,2026-10-03T10:47:28+02:00,Deprioritized,-10,Other,Prague,5,,Finance/accounting orientation; Non-target root occupation
JB_9961,Cost Controller / Specialista nákladů,,Praha – Vinohrady,Controller,Cost/Project Controller,,Finance & Banking,,https://www.jobs.cz/rpd/2001459089/,2026-10-02T11:23:21+02:00,Deprioritized,-10,Other,Prague,5,,Finance/accounting orientation; Non-target root occupation
SJ_98951,Financial Controller,,Prague,Controller,Financial Controller,,Finance & Banking,,https://www.startupjobs.cz/nabidka/98951/financial-controller,2026-09-30T12:49:47+02:00,Deprioritized,-10,Other,Prague,7,,Finance/accounting orientation; Non-target root occupation
JB_4345,Accountant/Účetní,,Praha – Třebonice,Accountant,General Accountant,,,,https://www.jobs.cz/rpd/2001455484/,2026-09-30T12:07:25+02:00,Deprioritized,-10,Other,Prague,7,,Finance/accounting orientation; Non-target root occupation
JB_3457,Účetní,,Praha – Krč,Accountant,General Accountant,,,,https://www.jobs.cz/rpd/2001454346/,2026-09-30T11:21:36+02:00,Deprioritized,-10,Other,Prague,7,,Finance/accounting orientation; Non-target root occupation
JB_2745,Finanční kontrolor,100 000 – 130 000 Kč,Praha – Modřany,Controller,Financial Controller,,,,https://www.jobs.cz/rpd/2001454263/,2026-09-30T11:19:57+02:00,Deprioritized,-10,Other,Prague,7,,Finance/accounting orientation; Non-target root occupation
JB_4519,Controller,,Praha – Strašnice,Controller,General Controller,,Finance & Banking,,https://www.jobs.cz/rpd/2001455433/,2026-09-30T11:19:47+02:00,Deprioritized,-10,Other,Prague,7,,Finance/accounting orientation; Non-target root occupation
JB_9296,ÚČETNÍ METODIK / METODIČKA,,Praha,Accountant,General Accountant,,,,https://www.jobs.cz/rpd/2001452468/,2026-09-29T11:52:20+02:00,Deprioritized,-10,Other,Prague,8,,Finance/accounting orientation; Non-target root occupation
JB_0725,⭕ Finanční controller s přesahem do datové analytiky - Praha,60 000 – 75 000 Kč,Hlavní město Praha,Controller,Financial Controller,,"Data & Analytics, Finance & Banking",,https://www.jobs.cz/rpd/2001446560/,2026-09-29T10:58:21+02:00,Deprioritized,-10,Other,Prague,9,,Finance/accounting orientation; Non-target root occupation
JB_8958,Interní auditorka / interní auditor,,Praha – Libeň,Auditor,Internal Auditor,,,,https://www.jobs.cz/rpd/2001443932/,2026-09-25T10:29:23+02:00,Deprioritized,-10,Other,Prague,13,,Finance/accounting orientation; Non-target root occupation
JB_1889,SAMOSTATNÁ/NÝ ÚČETNÍ - Praha 10 bez AJ (nové kancelářské prostory v blízkosti metra A),,Praha – Malešice,Accountant,General Accountant,,,,https://www.jobs.cz/rpd/2001446133/,2026-09-25T10:19:38+02:00,Deprioritized,-10,Other,Prague,13,,Finance/accounting orientation; Non-target root occupation
JB_0513,"Financial Controller | Finance, Data & Business",,Praha,Controller,Financial Controller,,"Data & Analytics, Finance & Banking",,https://www.jobs.cz/rpd/2001445103/,2026-09-25T10:07:34+02:00,Deprioritized,-10,Other,Prague,13,,Finance/accounting orientation; Non-target root occupation
JB_6623,⋙ Business Controller | Finance Business Partner ⋘,,Praha,Controller,Financial Controller,,Finance & Banking,,https://www.jobs.cz/rpd/2001429443/,2026-09-23T20:59:42+02:00,Deprioritized,-10,Other,Prague,14,,Finance/accounting orientation; Non-target root occupation
JB_9578,Hlavní účetní do výrobní společnosti,55 000 – 70 000 Kč,Praha – Modřany + 1 další lokalita,Accountant,Chief/General Ledger Accountant,,Manufacturing & Production,,https://www.jobs.cz/rpd/2001441037/,2026-09-22T19:19:03+02:00,Deprioritized,-10,Other,Prague,15,,Finance/accounting orientation; Non-target root occupation
SJ_107939,Samostatný/á účetní pro technologickou firmu 🖥️,,Prague,Accountant,General Accountant,,,,https://www.startupjobs.cz/nabidka/107939/samostatny-a-ucetni-pro-technologickou-firmu,2026-09-21T19:01:07+02:00,Deprioritized,-10,Other,Prague,16,,Finance/accounting orientation; Non-target root occupation
JB_1772,Specialista controllingu / Financial Controller,,Praha – Ruzyně,Controller,Financial Controller,,Finance & Banking,,https://www.jobs.cz/rpd/2001438112/,2026-09-21T18:17:46+02:00,Deprioritized,-10,Other,Prague,16,,Finance/accounting orientation; Non-target root occupation
JB_8475,Hlavní účetní,,Praha – Kunratice,Accountant,Chief/General Ledger Accountant,,,,https://www.jobs.cz/rpd/2001435242/,2026-09-20T09:31:44+02:00,Deprioritized,-10,Other,Prague,18,,Finance/accounting orientation; Non-target root occupation
JB_7282,P2P ACCOUNTANT FOR EMEA IN REAL ESTATE| CZECH+ENGLISH| 65 000 CZK+BONUS,55 000 – 65 000 Kč,Hlavní město Praha,Accountant,General Accountant,,Real Estate & Construction,,https://www.jobs.cz/rpd/2001429687/,2026-09-18T18:06:43+02:00,Deprioritized,-10,Other,Prague,19,,Finance/accounting orientation; Non-target root occupation
JB_1079,RTR Accountant | CZ+ENG | Global Finance Team | Prague | 7-month contract,,Praha,Accountant,Financial Accountant,,Finance & Banking,,https://www.jobs.cz/rpd/2001431938/,2026-09-18T17:41:14+02:00,Deprioritized,-10,Other,Prague,19,,Finance/accounting orientation; Non-target root occupation
JB_9016,Zástupce hlavní účetní (Praha 2),,Praha – Vinohrady,Accountant,Chief/General Ledger Accountant,,,,https://www.jobs.cz/rpd/2001429424/,2026-09-18T13:19:50+02:00,Deprioritized,-10,Other,Prague,19,,Finance/accounting orientation; Non-target root occupation
JB_3378,AP Accountant in a friendly team,,Praha – Nusle,Accountant,Accounts Payable Accountant,,,,https://www.jobs.cz/rpd/2001337473/,2026-09-18T13:19:43+02:00,Deprioritized,-10,Other,Prague,19,,Finance/accounting orientation; Non-target root occupation
JB_1006,Business Controller,,Praha – Braník,Controller,Business/Commercial Controller,,Finance & Banking,,https://www.jobs.cz/rpd/2001427415/,2026-09-18T13:06:32+02:00,Deprioritized,-10,Other,Prague,19,,Finance/accounting orientation; Non-target root occupation
JB_6543,Project Controller,,Praha – Smíchov,Controller,Cost/Project Controller,,"Finance & Banking, Project & Program Management",,https://www.jobs.cz/rpd/2001426193/,2026-09-15T09:54:41+02:00,Deprioritized,-10,Other,Prague,23,,Finance/accounting orientation; Non-target root occupation
JB_7738,Asistent auditora – Praha – Karlín,,Praha – Karlín,Auditor,General Auditor,,,,https://www.jobs.cz/rpd/2001367424/,2026-09-15T09:54:14+02:00,Deprioritized,-10,Other,Prague,23,,Finance/accounting orientation; Non-target root occupation
JB_6026,Hlavní účetní,60 000 – 80 000 Kč,Praha – Karlín,Accountant,Chief/General Ledger Accountant,,,,https://www.jobs.cz/rpd/2001424759/,2026-09-15T09:54:14+02:00,Deprioritized,-10,Other,Prague,23,,Finance/accounting orientation; Non-target root occupation
JB_5946,Financial Controller CZ,68 000 – 78 000 Kč,Praha – Karlín,Controller,Financial Controller,,Finance & Banking,,https://www.jobs.cz/rpd/2001425257/,2026-09-15T00:26:17+02:00,Deprioritized,-10,Other,Prague,23,,Finance/accounting orientation; Non-target root occupation
JST_3330,Obchodník se zkušenostmi v IT,až 85 000 Kč / měsíc,Praha,Sales Representative,Field Sales Representative,"Medior, Senior, Expert","IT & Software, Sales & Business Development",,https://www.jobstack.it/it-job/obchodnik-it/67f50d90da538,2026-09-12T11:33:02+02:00,Deprioritized,-10,Other,Prague,25,Medior level,Senior-level position; Non-target root occupation
JST_1978,"Consultant (Customer care, Onboarding, Implementation)",Navrhni si mzdu,"Vinohradská 2828/151, Praha, Žižkov",Customer Service Representative,Customer Onboarding Representative,"Medior, Senior",Customer Service,,https://www.jobstack.it/it-job/it-podpora/692577586a49f,2026-09-12T11:32:42+02:00,Deprioritized,-10,Other,Prague,25,Medior level,Senior-level position; Non-target root occupation
SJ_106921,Samostatný/á účetní pro technologickou firmu 🖥️,,Prague,Accountant,General Accountant,,,,https://www.startupjobs.cz/nabidka/106921/samostatny-a-ucetni-pro-technologickou-firmu,2026-09-12T11:09:08+02:00,Deprioritized,-10,Other,Prague,25,,Finance/accounting orientation; Non-target root occupation
SJ_107095,Samostatná/ý účetní pro Amazing Places a další projekty,,Prague,Accountant,General Accountant,,Project & Program Management,,https://www.startupjobs.cz/nabidka/107095/samostatna-y-ucetni-pro-amazing-places-a-dalsi-projekty,2026-09-12T11:07:03+02:00,Deprioritized,-10,Other,Prague,26,,Finance/accounting orientation; Non-target root occupation
SJ_107575,Účetní,,Prague,Accountant,General Accountant,,,,https://www.startupjobs.cz/nabidka/107575/ucetni,2026-09-12T10:58:33+02:00,Deprioritized,-10,Other,Prague,26,,Finance/accounting orientation; Non-target root occupation
SJ_107615,Finance & Tax Controller,,Prague,Controller,Financial Controller,,Finance & Banking,,https://www.startupjobs.cz/nabidka/107615/finance-and-tax-controller,2026-09-12T10:57:33+02:00,Deprioritized,-10,Other,Prague,26,,Finance/accounting orientation; Non-target root occupation
SJ_107629,"Revenue & Payments Accountant – e-commerce, B2B & retail",,Prague,Accountant,Revenue/Intercompany Accountant,,Retail & E-commerce,,https://www.startupjobs.cz/nabidka/107629/revenue-and-payments-accountant-e-commerce-b2b-and-retail,2026-09-12T10:57:33+02:00,Deprioritized,-10,Other,Prague,26,,Finance/accounting orientation; Non-target root occupation
JB_4811,Revenue & Claims Accountant,,Praha – Nové Město,Accountant,Revenue/Intercompany Accountant,,,,https://www.jobs.cz/rpd/2001337886/,2026-09-11T17:33:08+02:00,Deprioritized,-10,Other,Prague,26,,Finance/accounting orientation; Non-target root occupation
JB_3927,GMP Auditor,,Praha – Dolní Měcholupy,Auditor,General Auditor,,,,https://www.jobs.cz/rpd/2001393740/,2026-09-11T17:01:17+02:00,Deprioritized,-10,Other,Prague,26,,Finance/accounting orientation; Non-target root occupation
JB_6713,Payroll Accountant,,Praha – Michle,Accountant,Payroll Accountant,,HR & Recruitment,,https://www.jobs.cz/rpd/2001375706/,2026-09-11T17:01:17+02:00,Deprioritized,-10,Other,Prague,26,,Finance/accounting orientation; Non-target root occupation
JB_9469,GL / RTR Accountant,,Praha – Karlín,Accountant,General Accountant,,,,https://www.jobs.cz/rpd/2001401175/,2026-09-11T17:00:48+02:00,Deprioritized,-10,Other,Prague,26,,Finance/accounting orientation; Non-target root occupation
JB_3415,ÚČETNÍ,,Praha – Holešovice,Accountant,General Accountant,,,,https://www.jobs.cz/rpd/2000853196/,2026-09-11T17:00:48+02:00,Deprioritized,-10,Other,Prague,26,,Finance/accounting orientation; Non-target root occupation
JB_6244,"ÚČETNÍ PROGRAMU ERASMUS+ (O,5)",22 000 – 24 000 Kč,Praha – Staré Město,Accountant,General Accountant,,,,https://www.jobs.cz/rpd/2001396990/,2026-09-11T17:00:48+02:00,Deprioritized,-10,Other,Prague,26,,Finance/accounting orientation; Non-target root occupation
JB_2653,Daňový a účetní specialista – pestrá práce a skutečný prostor pro vaše nápady,55 000 – 70 000 Kč,Praha – Strašnice,Accountant,Tax Accountant,,Finance & Banking,,https://www.jobs.cz/rpd/2001398003/,2026-09-11T17:00:41+02:00,Deprioritized,-10,Other,Prague,26,,Finance/accounting orientation; Non-target root occupation
JB_9241,CONTROLLER,,Praha – Štěrboholy,Controller,General Controller,,Finance & Banking,,https://www.jobs.cz/rpd/2001412628/,2026-09-11T16:54:58+02:00,Deprioritized,-10,Other,Prague,26,,Finance/accounting orientation; Non-target root occupation
JB_0076,FINANCIAL CONTROLLER,,Praha – Malešice,Controller,Financial Controller,,Finance & Banking,,https://www.jobs.cz/rpd/2001240516/,2026-09-11T16:54:58+02:00,Deprioritized,-10,Other,Prague,26,,Finance/accounting orientation; Non-target root occupation
JB_5597,Controller - 202628,55 000 – 60 000 Kč,Praha,Controller,General Controller,,Finance & Banking,,https://www.jobs.cz/rpd/2001384616/,2026-09-11T16:54:44+02:00,Deprioritized,-10,Other,Prague,26,,Finance/accounting orientation; Non-target root occupation
JB_8743,Controller/odborný pracovník do controllingu s AJ nebo NJ - 202627,50 000 – 60 000 Kč,Praha,Controller,General Controller,,Finance & Banking,,https://www.jobs.cz/rpd/2001378249/,2026-09-11T16:54:44+02:00,Deprioritized,-10,Other,Prague,26,,Finance/accounting orientation; Non-target root occupation
JB_2612,Cost Controller,,Praha – Vokovice,Controller,Cost/Project Controller,,Finance & Banking,,https://www.jobs.cz/rpd/2001319067/,2026-09-11T16:54:44+02:00,Deprioritized,-10,Other,Prague,26,,Finance/accounting orientation; Non-target root occupation
JB_9153,Financial Controller,,Praha – Karlín,Controller,Financial Controller,,Finance & Banking,,https://www.jobs.cz/rpd/2000790239/,2026-09-11T16:54:44+02:00,Deprioritized,-10,Other,Prague,26,,Finance/accounting orientation; Non-target root occupation
JB_3416,Security / Cyber Auditor (SECURITY CLEARANCE),,Praha – Stodůlky,Auditor,IT Auditor,,Cybersecurity,,https://www.jobs.cz/rpd/2000588382/,2026-09-11T16:54:19+02:00,Deprioritized,-10,Other,Prague,26,,Finance/accounting orientation; Non-target root occupation
JB_5746,Business Processes – Interní auditor/ka,,Praha – Stodůlky,Auditor,Internal Auditor,,,,https://www.jobs.cz/rpd/2001176038/,2026-09-11T16:53:41+02:00,Deprioritized,-10,Other,Prague,26,,Finance/accounting orientation; Non-target root occupation
JB_9001,COMMERCIAL CONTROLLER,,Praha – Michle,Controller,Business/Commercial Controller,,"Finance & Banking, Sales & Business Development",,https://www.jobs.cz/rpd/2001398474/,2026-09-11T16:44:13+02:00,Deprioritized,-10,Other,Prague,26,,Finance/accounting orientation; Non-target root occupation
JB_0604,Finance Controller (Czech/Slovak Speaker),,Praha,Controller,Financial Controller,,Finance & Banking,,https://www.jobs.cz/rpd/2001398695/,2026-09-11T16:43:58+02:00,Deprioritized,-10,Other,Prague,26,,Finance/accounting orientation; Non-target root occupation
JB_9718,Finanční Controller / Účetní (možnost pravidelné práce z domu),,Praha – Žižkov,Controller,Financial Controller,,Finance & Banking,,https://www.jobs.cz/rpd/2001380730/,2026-09-11T16:19:22+02:00,Deprioritized,-10,Other,Prague,26,,Finance/accounting orientation; Non-target root occupation
JB_8538,🧮 Finanční Controller/ka,,Praha – Vysočany,Controller,Financial Controller,,Finance & Banking,,https://www.jobs.cz/rpd/2001413298/,2026-09-11T16:19:22+02:00,Deprioritized,-10,Other,Prague,26,,Finance/accounting orientation; Non-target root occupation
JB_6591,🧮 HLAVNÍ ÚČETNÍ pro ODIEN GROUP| Praha 9 – Letňany,,Praha – Letňany,Accountant,Chief/General Ledger Accountant,,,,https://www.jobs.cz/rpd/2001418690/,2026-09-11T16:19:22+02:00,Deprioritized,-10,Other,Prague,26,,Finance/accounting orientation; Non-target root occupation
JB_0854,Financial Accountant & Controller,70 000 – 90 000 Kč,Praha – Nové Město,Controller,Financial Controller,,Finance & Banking,,https://www.jobs.cz/rpd/2001370231/,2026-09-11T16:19:15+02:00,Deprioritized,-10,Other,Prague,26,,Finance/accounting orientation; Non-target root occupation
JB_2286,ADMINISTRATIVNÍ ÚČETNÍ / ÚČETNÍ ASISTENTKA,,Praha – Uhříněves,Accountant,General Accountant,,,,https://www.jobs.cz/rpd/2001370491/,2026-09-11T16:18:49+02:00,Deprioritized,-10,Other,Prague,26,,Finance/accounting orientation; Non-target root occupation
JB_2200,Interní Auditor/Interní Auditorka,,Praha – Nové Město,Auditor,Internal Auditor,,,,https://www.jobs.cz/rpd/2001420358/,2026-09-11T16:18:40+02:00,Deprioritized,-10,Other,Prague,26,,Finance/accounting orientation; Non-target root occupation
JB_6737,Účetní závazků a zákaznických bonusů | SAP | Praha,45 000 – 55 000 Kč,Praha,Accountant,General Accountant,,Customer Service,SAP,https://www.jobs.cz/rpd/2001394753/,2026-09-11T16:11:23+02:00,Deprioritized,-10,Other,Prague,26,,Finance/accounting orientation; Non-target root occupation
JB_0979,Accountant,,Praha – Karlín + 1 další lokalita,Accountant,General Accountant,,,,https://www.jobs.cz/rpd/2001151945/,2026-09-11T16:11:17+02:00,Deprioritized,-10,Other,Prague,26,,Finance/accounting orientation; Non-target root occupation
JB_7045,Finanční controller (m/ž),,Praha – Michle,Controller,Financial Controller,,Finance & Banking,,https://www.jobs.cz/rpd/2001379080/,2026-09-11T16:11:17+02:00,Deprioritized,-10,Other,Prague,26,,Finance/accounting orientation; Non-target root occupation
JB_6213,Group FP&A Controller – Real Estate Development,70 000 – 85 000 Kč,Praha,Controller,Financial Controller,,"Finance & Banking, Real Estate & Construction",,https://www.jobs.cz/rpd/2001383545/,2026-09-11T16:11:17+02:00,Deprioritized,-10,Other,Prague,26,,Finance/accounting orientation; Non-target root occupation
JB_1034,Účetní (m/ž),,Praha – Chodov,Accountant,General Accountant,,,,https://www.jobs.cz/rpd/2001193191/,2026-09-11T16:11:17+02:00,Deprioritized,-10,Other,Prague,26,,Finance/accounting orientation; Non-target root occupation
JB_4599,FINANČNÍ ÚČETNÍ,45 000 – 65 000 Kč,Praha – Stodůlky,Accountant,General Accountant,,,,https://www.jobs.cz/rpd/2001413543/,2026-09-11T16:11:05+02:00,Deprioritized,-10,Other,Prague,26,,Finance/accounting orientation; Non-target root occupation
JB_4504,MZDOVÁ ÚČETNÍ / PERSONALISTA,,Praha – Holešovice,Accountant,Payroll Accountant,,HR & Recruitment,,https://www.jobs.cz/rpd/2001398233/,2026-09-11T16:11:05+02:00,Deprioritized,-10,Other,Prague,26,,Finance/accounting orientation; Non-target root occupation
JB_4153,Účetní,,Praha – Krč,Accountant,General Accountant,,,,https://www.jobs.cz/rpd/2001384743/,2026-09-11T16:11:05+02:00,Deprioritized,-10,Other,Prague,26,,Finance/accounting orientation; Non-target root occupation
JB_7906,Tribe Controller (m/ž),,Praha + 1 další lokalita,Controller,General Controller,,Finance & Banking,,https://www.jobs.cz/rpd/2001412817/,2026-09-11T16:10:20+02:00,Deprioritized,-10,Other,Prague,26,,Finance/accounting orientation; Non-target root occupation
JB_6506,Accountant Accounts Payable (all genders),,Praha,Accountant,Accounts Payable Accountant,,,,https://www.jobs.cz/rpd/2001418719/,2026-09-11T16:10:04+02:00,Deprioritized,-10,Other,Prague,26,,Finance/accounting orientation; Non-target root occupation
JB_9516,Interní auditor/ka,,Praha – Krč,Auditor,Internal Auditor,,,,https://www.jobs.cz/rpd/2001125773/,2026-09-11T16:09:03+02:00,Deprioritized,-10,Other,Prague,26,,Finance/accounting orientation; Non-target root occupation
JB_0548,"Controller/ka – Retail, PEREX a projekty",,Praha – Zličín,Controller,Business/Commercial Controller,,"Finance & Banking, Project & Program Management, Retail & E-commerce",,https://www.jobs.cz/rpd/2001416724/,2026-09-11T16:08:47+02:00,Deprioritized,-10,Other,Prague,26,,Finance/accounting orientation; Non-target root occupation
JB_2023,Finanční Controller*ka,,Praha – Nusle,Controller,Financial Controller,,Finance & Banking,,https://www.jobs.cz/rpd/2001406520/,2026-09-11T16:08:47+02:00,Deprioritized,-10,Other,Prague,26,,Finance/accounting orientation; Non-target root occupation
JB_8546,Finanční kontroler/ka (možnost zkráceného úvazku),,Praha – Nové Město,Controller,Financial Controller,,,,https://www.jobs.cz/rpd/2001339514/,2026-09-11T16:08:36+02:00,Deprioritized,-10,Other,Prague,26,,Finance/accounting orientation; Non-target root occupation
JB_7542,Sales/Business Controller,90 000 – 110 000 Kč,Praha,Controller,Business/Commercial Controller,,"Finance & Banking, Sales & Business Development",,https://www.jobs.cz/rpd/2001329484/,2026-09-11T16:08:36+02:00,Deprioritized,-10,Other,Prague,26,,Finance/accounting orientation; Non-target root occupation
JB_2880,Interní auditor/ka,,Praha – Motol,Auditor,Internal Auditor,,,,https://www.jobs.cz/rpd/2001414369/,2026-09-11T15:58:59+02:00,Deprioritized,-10,Other,Prague,26,,Finance/accounting orientation; Non-target root occupation
JB_8722,Credit Controller with German,,Praha – Nusle,Controller,General Controller,,"Finance & Banking, Compliance & Risk",,https://www.jobs.cz/rpd/2001417303/,2026-09-11T15:58:50+02:00,Deprioritized,-10,Other,Prague,26,,Finance/accounting orientation; Non-target root occupation
JB_4222,Administrativní asistent/ka pro daňové oddělení (CAT),40 000 Kč,Praha – Nové Město,Assistant,Finance/Accounting Assistant,,Finance & Banking,,https://www.jobs.cz/rpd/2001396545/,2026-09-11T15:58:19+02:00,Deprioritized,-10,Other,Prague,26,,Finance/accounting orientation; Non-target root occupation
JB_3525,Business Controller,,Praha – Braník,Controller,Business/Commercial Controller,,Finance & Banking,,https://www.jobs.cz/rpd/2001372097/,2026-09-11T15:58:06+02:00,Deprioritized,-10,Other,Prague,26,,Finance/accounting orientation; Non-target root occupation
JB_3398,Business Controller / Retail & B2B Sales / CZ+ENG,,Praha,Controller,Business/Commercial Controller,,"Finance & Banking, Sales & Business Development, Retail & E-commerce",,https://www.jobs.cz/rpd/2001402991/,2026-09-11T15:58:06+02:00,Deprioritized,-10,Other,Prague,26,,Finance/accounting orientation; Non-target root occupation
JB_5985,Cyber Security Auditor,,Praha – Břevnov,Auditor,IT Auditor,,Cybersecurity,,https://www.jobs.cz/rpd/2001380652/,2026-09-11T15:57:55+02:00,Deprioritized,-10,Other,Prague,26,,Finance/accounting orientation; Non-target root occupation
JB_7016,⭕ Finanční controller s přesahem do datové analytiky - Praha,60 000 – 75 000 Kč,Hlavní město Praha,Controller,Financial Controller,,"Data & Analytics, Finance & Banking",,https://www.jobs.cz/rpd/2001380482/,2026-09-11T15:57:55+02:00,Deprioritized,-10,Other,Prague,26,,Finance/accounting orientation; Non-target root occupation
JB_4111,Finanční analytik / kontroler,,Praha – Chodov,Controller,Financial Controller,,Data & Analytics,,https://www.jobs.cz/rpd/2001382725/,2026-09-11T15:57:43+02:00,Deprioritized,-10,Other,Prague,26,,Finance/accounting orientation; Non-target root occupation
JB_2207,Hlavní účetní,60 000 – 80 000 Kč,Příbram – Příbram VII,Accountant,Chief/General Ledger Accountant,,,,https://www.jobs.cz/rpd/2001464728/,2026-10-07T13:03:56+02:00,Deprioritized,-11,Other,Outside Prague - verify,0,,Finance/accounting orientation; Non-target root occupation; Location requires verification
JB_5335,Seniorní HRBP,,Praha – Michle,Other,Unclassified,Senior,,,https://www.jobs.cz/rpd/2001465207/,2026-10-07T13:03:46+02:00,Deprioritized,-11,Other,Prague,0,,Senior-level position; Non-target root occupation
JB_8823,Senior Ethical Hacker (f/m),,Praha – Chodov,Other,Unclassified,Senior,,,https://www.jobs.cz/rpd/2001179911/,2026-10-07T12:53:47+02:00,Deprioritized,-11,Other,Prague,0,,Senior-level position; Non-target root occupation
JB_1943,TRANSACTION ADVISORY (DUE DILIGENCE) Senior konzultant/manažer (A473),,Praha – Holešovice,Manager,Finance/Risk Manager,Senior,,,https://www.jobs.cz/rpd/2001457376/,2026-10-02T12:03:23+02:00,Deprioritized,-11,Other,Prague,5,,Senior-level position; Leadership/management position; Finance/accounting orientation
JB_6079,Hlavní účetní,,Vlašim – Domašín,Accountant,Chief/General Ledger Accountant,,,,https://www.jobs.cz/rpd/2001444152/,2026-09-25T10:19:30+02:00,Deprioritized,-11,Other,Outside Prague - verify,13,,Finance/accounting orientation; Non-target root occupation; Location requires verification
JB_4262,FINANCIAL CONTROLLER,,Středočeský kraj,Controller,Financial Controller,,Finance & Banking,,https://www.jobs.cz/rpd/2001445157/,2026-09-25T10:19:00+02:00,Deprioritized,-11,Other,Outside Prague - verify,13,,Finance/accounting orientation; Non-target root occupation; Location requires verification
JB_7414,Sales Support Administrator (Order Management & Customer Support) - částečný úvazek (m/ž),,Praha – Braník,Customer Service Representative,Customer Support Representative,,"Sales & Business Development, Customer Service",,https://www.jobs.cz/rpd/2001444804/,2026-09-25T10:07:24+02:00,Deprioritized,-11,Other,Prague,13,,Leadership/management position; Non-target root occupation
JB_7498,Senior Sales Executive m/ž,100 000 – 120 000 Kč,Praha,Sales Representative,General Sales Representative,Senior,Sales & Business Development,,https://www.jobs.cz/rpd/2001437826/,2026-09-21T17:45:54+02:00,Deprioritized,-11,Other,Prague,16,,Senior-level position; Non-target root occupation
JB_7164,Hlavní účetní – Real Estate,,Česká republika,Accountant,Chief/General Ledger Accountant,,Real Estate & Construction,,https://www.jobs.cz/rpd/2001427728/,2026-09-18T18:06:49+02:00,Deprioritized,-11,Other,Czechia - verify Prague/remote,19,,Finance/accounting orientation; Non-target root occupation; Location requires verification
JB_0498,Finanční controller/ka,45 000 – 60 000 Kč,Mladá Boleslav,Controller,Financial Controller,,Finance & Banking,,https://www.jobs.cz/rpd/2001433135/,2026-09-18T18:06:08+02:00,Deprioritized,-11,Other,Outside Prague - verify,19,,Finance/accounting orientation; Non-target root occupation; Location requires verification
BLT_5247,Staff Software Enginer (Remote),,11 Locations,Other,Unclassified,Senior level,IT & Software,,https://builtin.com/job/staff-software-enginer-remote/11062582,2026-09-14T23:27:38+02:00,Deprioritized,-11,Other,Remote/Hybrid,23,,Senior-level position; Non-target root occupation
JST_4084,IT Sales Executive,až 100 000 Kč / měsíc,"Brno, Praha",Sales Representative,General Sales Representative,Senior,"IT & Software, Sales & Business Development",,https://www.jobstack.it/it-job/sales-manager/61bc86a5704bb,2026-09-12T11:33:57+02:00,Deprioritized,-11,Other,Prague,25,,Senior-level position; Non-target root occupation
SJ_107007,Hľadáme Senior Sales reprezentanta pre český trh (B2B),,Prague,Sales Representative,General Sales Representative,Senior,Sales & Business Development,,https://www.startupjobs.cz/nabidka/107007/hladame-senior-sales-reprezentanta-pre-cesky-trh-b2b,2026-09-12T11:08:03+02:00,Deprioritized,-11,Other,Prague,26,,Senior-level position; Non-target root occupation
SJ_107525,Senior Enterprise BDR pro zdravotnictví | CZ/SK,,Prague,Sales Representative,Business Development Representative,Senior,,,https://www.startupjobs.cz/nabidka/107525/senior-enterprise-bdr-pro-zdravotnictvi-cz-sk,2026-09-12T10:58:33+02:00,Deprioritized,-11,Other,Prague,26,,Senior-level position; Non-target root occupation
SJ_86761,Performance marketing manažer/ka (Senior/Medior) pro Mixit Praha,,Prague,Manager,Marketing/Brand Manager,"Medior/Mid-level, Senior",Marketing & Communications,,https://www.startupjobs.cz/nabidka/86761/performance-marketing-manazer-ka-senior-medior-pro-mixit,2026-09-12T10:57:33+02:00,Deprioritized,-11,Other,Prague,26,Medior level,Senior-level position; Leadership/management position; Generic marketing role
JB_9354,Finanční účetní v ekonomickém týmu,45 000 – 50 000 Kč,Husinec – Řež,Accountant,General Accountant,,,,https://www.jobs.cz/rpd/2001385146/,2026-09-11T16:54:58+02:00,Deprioritized,-11,Other,Outside Prague - verify,26,,Finance/accounting orientation; Non-target root occupation; Location requires verification
JB_3244,SENIOR CONTROLLER → FINANCE MANAGER | REAL ESTATE INVESTMENTS | AŽ 100 TIS,90 000 – 110 000 Kč,Hlavní město Praha,Manager,Finance/Risk Manager,Senior,"Finance & Banking, Real Estate & Construction",,https://www.jobs.cz/rpd/2001381580/,2026-09-11T16:54:44+02:00,Deprioritized,-11,Other,Prague,26,,Senior-level position; Leadership/management position; Finance/accounting orientation
JB_6696,Senior portfolio manažer/ka investiční společnosti,,Praha – Nové Město,Manager,Finance/Risk Manager,Senior,Finance & Banking,,https://www.jobs.cz/rpd/2001394116/,2026-09-11T16:54:44+02:00,Deprioritized,-11,Other,Prague,26,,Senior-level position; Leadership/management position; Finance/accounting orientation
JB_4136,Senior portfolio manažer/ka investiční společnosti,,Praha – Karlín,Manager,Finance/Risk Manager,Senior,Finance & Banking,,https://www.jobs.cz/rpd/2001398677/,2026-09-11T16:54:31+02:00,Deprioritized,-11,Other,Prague,26,,Senior-level position; Leadership/management position; Finance/accounting orientation
JB_1966,"Hlavní účetní, referent majetkové správy",40 000 – 45 000 Kč,Litoměřice – Litoměřice-Město,Accountant,Chief/General Ledger Accountant,,,,https://www.jobs.cz/rpd/2001394399/,2026-09-11T16:42:55+02:00,Deprioritized,-11,Other,Outside Prague - verify,26,,Finance/accounting orientation; Non-target root occupation; Location requires verification
JB_7762,Hlavní účetní,60 000 – 80 000 Kč,Příbram – Příbram VII,Accountant,Chief/General Ledger Accountant,,,,https://www.jobs.cz/rpd/2001215367/,2026-09-11T16:19:30+02:00,Deprioritized,-11,Other,Outside Prague - verify,26,,Finance/accounting orientation; Non-target root occupation; Location requires verification
JB_4912,Finance Controller,60 000 – 80 000 Kč,Krušovice,Controller,Financial Controller,,Finance & Banking,,https://www.jobs.cz/rpd/2001401746/,2026-09-11T16:11:17+02:00,Deprioritized,-11,Other,Outside Prague - verify,26,,Finance/accounting orientation; Non-target root occupation; Location requires verification
JB_1024,SPECIALISTA BACK OFFICE - SENIOR,,Praha – Karlín,Assistant,Administrative/Back-Office Assistant,Senior,,,https://www.jobs.cz/rpd/2001252067/,2026-09-11T16:10:53+02:00,Deprioritized,-11,Other,Prague,26,,Senior-level position; Non-target root occupation
JB_2508,Finanční kontrolor/ka,,Úžice,Controller,Financial Controller,,,,https://www.jobs.cz/rpd/2001418594/,2026-09-11T16:08:47+02:00,Deprioritized,-11,Other,Outside Prague - verify,26,,Finance/accounting orientation; Non-target root occupation; Location requires verification
JB_3085,FINANČNÍ CONTROLLER,,Rakovník – Rakovník II,Controller,Financial Controller,,Finance & Banking,,https://www.jobs.cz/rpd/2001380497/,2026-09-11T16:08:36+02:00,Deprioritized,-11,Other,Outside Prague - verify,26,,Finance/accounting orientation; Non-target root occupation; Location requires verification
JB_9379,Asistant to Management,,Praha – Michle,Assistant,Executive/Personal Assistant,,,,https://www.jobs.cz/rpd/2001393532/,2026-09-11T15:58:34+02:00,Deprioritized,-11,Other,Prague,26,,Leadership/management position; Non-target root occupation
JB_1342,Sales Representatives/Consultant - Energy Management System,,Praha – Chodov,Sales Representative,General Sales Representative,,"IT & Software, Sales & Business Development, Energy & Utilities",,https://www.jobs.cz/rpd/2001413069/,2026-09-11T15:58:34+02:00,Deprioritized,-11,Other,Prague,26,,Leadership/management position; Non-target root occupation
JB_0106,Executive Management Assistant,,Praha – Nusle,Assistant,Executive/Personal Assistant,,,,https://www.jobs.cz/rpd/2001402951/,2026-09-11T15:58:25+02:00,Deprioritized,-11,Other,Prague,26,,Leadership/management position; Non-target root occupation
JB_4334,Výrobní controller,,Hořovice,Controller,General Controller,,"Finance & Banking, Manufacturing & Production",,https://www.jobs.cz/rpd/2001408914/,2026-09-11T15:58:25+02:00,Deprioritized,-11,Other,Outside Prague - verify,26,,Finance/accounting orientation; Non-target root occupation; Location requires verification
JB_2385,Mzdová účetní/HR specialista,,Husinec – Řež,Accountant,Payroll Accountant,,HR & Recruitment,,https://www.jobs.cz/rpd/2001319401/,2026-09-11T15:56:22+02:00,Deprioritized,-11,Other,Outside Prague - verify,26,,Finance/accounting orientation; Non-target root occupation; Location requires verification
SJ_841870,Performance marketing manažer/ka (Senior) pro Mixit Praha,,Prague,Manager,Marketing/Brand Manager,Senior,Marketing & Communications,,https://www.startupjobs.cz/nabidka/86761/performance-marketing-manazer-ka-senior-pro-mixit,2026-09-23T22:02:58+02:00,Deprioritized,-12,Other,Prague,14,,Senior-level position; Leadership/management position; Generic marketing role
JB_7767,Senior Brand Media Manager,,Praha – Libeň,Manager,Marketing/Brand Manager,Senior,"Marketing & Communications, Media & Entertainment",,https://www.jobs.cz/rpd/2001440089/,2026-09-22T20:29:30+02:00,Deprioritized,-12,Other,Prague,15,,Senior-level position; Leadership/management position; Generic marketing role
SJ_107869,Senior Marketing Director,,Prague,Manager,Marketing/Brand Manager,"Senior, Executive",Marketing & Communications,,https://www.startupjobs.cz/nabidka/107869/senior-marketing-director,2026-09-18T18:59:54+02:00,Deprioritized,-12,Other,Prague,19,,Senior-level position; Leadership/management position; Generic marketing role
SJ_107849,Senior Influencer Marketing Manager,,Prague,Manager,Marketing/Brand Manager,Senior,Marketing & Communications,,https://www.startupjobs.cz/nabidka/107849/senior-influencer-marketing-manager,2026-09-17T10:44:16+02:00,Deprioritized,-12,Other,Prague,21,,Senior-level position; Leadership/management position; Generic marketing role
JB_8713,SENIOR GROUP BRAND MANAGER - TOP FMCG SPOLEČNOST - BRATISLAVA (hybrid) a PRAHA (2 pozice),90 000 – 140 000 Kč,Praha,Manager,Marketing/Brand Manager,Senior,Marketing & Communications,,https://www.jobs.cz/rpd/2001422500/,2026-09-15T00:01:24+02:00,Deprioritized,-12,Other,Prague,23,,Senior-level position; Leadership/management position; Generic marketing role
BLT_4351,Open Application – Ex-Founder,,5 Locations,Other,Unclassified,Senior level,IT & Software,,https://builtin.com/job/open-application-ex-founder/9863584,2026-09-14T23:28:55+02:00,Deprioritized,-12,Other,Outside Prague - verify,23,,Senior-level position; Non-target root occupation; Location requires verification
SJ_106763,Senior Influencer Marketing Manager,,Prague,Manager,Marketing/Brand Manager,Senior,Marketing & Communications,,https://www.startupjobs.cz/nabidka/106763/senior-influencer-marketing-manager,2026-09-12T11:09:08+02:00,Deprioritized,-12,Other,Prague,25,,Senior-level position; Leadership/management position; Generic marketing role
JB_4934,SENIOR GROUP BRAND MANAGER - TOP FMCG SPOLEČNOST - BRATISLAVA (hybrid) a PRAHA (2 pozice),90 000 – 140 000 Kč,Praha + 1 další lokalita,Manager,Marketing/Brand Manager,Senior,Marketing & Communications,,https://www.jobs.cz/rpd/2001381189/,2026-09-11T16:11:17+02:00,Deprioritized,-12,Other,Prague,26,,Senior-level position; Leadership/management position; Generic marketing role
JST_3918,⋙ Zajímavá výzva pro Seniorní IT auditory v oblasti finančnictví! ⋘,až 105 000 Kč / měsíc,Praha,Auditor,IT Auditor,"Medior, Senior, Expert",IT & Software,,https://www.jobstack.it/it-job/procesni-analytik/65e837bd50473,2026-09-12T11:33:28+02:00,Deprioritized,-13,Other,Prague,25,Medior level,Senior-level position; Finance/accounting orientation; Non-target root occupation
SJ_396896,Senior Accountant | E-commerce & Inventory,,Prague,Accountant,General Accountant,Senior,Retail & E-commerce,,https://www.startupjobs.cz/nabidka/107569/senior-accountant-e-commerce-inventory,2026-10-07T14:30:39+02:00,Deprioritized,-14,Other,Prague,0,,Senior-level position; Finance/accounting orientation; Non-target root occupation
JB_6222,Senior Internal Auditor ICT,,Praha – Krč,Auditor,IT Auditor,Senior,IT & Software,,https://www.jobs.cz/rpd/2001467367/,2026-10-07T14:08:41+02:00,Deprioritized,-14,Other,Prague,0,,Senior-level position; Finance/accounting orientation; Non-target root occupation
JB_4970,Interní auditor / auditorka v pojišťovnictví - senior,,Praha – Karlín,Auditor,Internal Auditor,Senior,Insurance,,https://www.jobs.cz/rpd/2001459999/,2026-10-03T10:47:28+02:00,Deprioritized,-14,Other,Prague,5,,Senior-level position; Finance/accounting orientation; Non-target root occupation
JB_8573,Senior Accountant,,Praha – Nové Město,Accountant,General Accountant,Senior,,,https://www.jobs.cz/rpd/2001444359/,2026-09-25T10:29:37+02:00,Deprioritized,-14,Other,Prague,13,,Senior-level position; Finance/accounting orientation; Non-target root occupation
JB_8165,Senior účetní s přesahem do controllingu,,Praha – Vokovice,Accountant,General Accountant,Senior,,,https://www.jobs.cz/rpd/2001442536/,2026-09-23T20:16:13+02:00,Deprioritized,-14,Other,Prague,14,,Senior-level position; Finance/accounting orientation; Non-target root occupation
JB_3434,Senior Accountant | E-commerce & Inventory,70 000 – 80 000 Kč,Praha – Holešovice,Accountant,General Accountant,Senior,Retail & E-commerce,,https://www.jobs.cz/rpd/2001439259/,2026-09-21T18:45:15+02:00,Deprioritized,-14,Other,Prague,16,,Senior-level position; Finance/accounting orientation; Non-target root occupation
JB_5987,Senior Financial Controller,,okres Praha,Controller,Financial Controller,Senior,Finance & Banking,,https://www.jobs.cz/rpd/2001427364/,2026-09-18T18:06:08+02:00,Deprioritized,-14,Other,Prague,19,,Senior-level position; Finance/accounting orientation; Non-target root occupation
JB_6216,SENIOR FINANCIAL CONTROLLER,,Praha – Smíchov,Controller,Financial Controller,Senior,Finance & Banking,,https://www.jobs.cz/rpd/2001429666/,2026-09-18T13:17:49+02:00,Deprioritized,-14,Other,Prague,19,,Senior-level position; Finance/accounting orientation; Non-target root occupation
JB_5866,Senior Accountant,70 000 – 80 000 Kč,Praha,Accountant,General Accountant,Senior,,,https://www.jobs.cz/rpd/2001410073/,2026-09-18T13:17:38+02:00,Deprioritized,-14,Other,Prague,19,,Senior-level position; Finance/accounting orientation; Non-target root occupation
JB_6173,Senior Internal Auditor,,Praha – Stodůlky,Auditor,Internal Auditor,Senior,,,https://www.jobs.cz/rpd/2001420811/,2026-09-15T09:54:54+02:00,Deprioritized,-14,Other,Prague,23,,Senior-level position; Finance/accounting orientation; Non-target root occupation
SJ_105605,Senior Accountant (with Controlling Responsibilities),,Prague,Accountant,General Accountant,Senior,,,https://www.startupjobs.cz/nabidka/105605/senior-accountant-with-controlling-responsibilities,2026-09-12T11:03:48+02:00,Deprioritized,-14,Other,Prague,26,,Senior-level position; Finance/accounting orientation; Non-target root occupation
SJ_107569,Senior Accountant | E-commerce & Inventory,,Prague,Accountant,General Accountant,Senior,Retail & E-commerce,,https://www.startupjobs.cz/nabidka/107569/senior-accountant-e-commerce-and-inventory,2026-09-12T10:58:33+02:00,Deprioritized,-14,Other,Prague,26,,Senior-level position; Finance/accounting orientation; Non-target root occupation
SJ_107531,Seniorní účetní | digitální účetnictví s přesahem do byznysu,,Prague,Accountant,General Accountant,Senior,,,https://www.startupjobs.cz/nabidka/107531/seniorni-ucetni-digitalni-ucetnictvi-s-presahem-do-byznysu,2026-09-12T10:58:33+02:00,Deprioritized,-14,Other,Prague,26,,Senior-level position; Finance/accounting orientation; Non-target root occupation
SJ_107687,Seniorní účetní,,Prague,Accountant,General Accountant,Senior,,,https://www.startupjobs.cz/nabidka/107687/seniorni-ucetni,2026-09-12T10:56:33+02:00,Deprioritized,-14,Other,Prague,26,,Senior-level position; Finance/accounting orientation; Non-target root occupation
JB_1001,Senior Interní Auditor,,Praha – Ruzyně,Auditor,Internal Auditor,Senior,,,https://www.jobs.cz/rpd/2001166203/,2026-09-11T17:11:14+02:00,Deprioritized,-14,Other,Prague,26,,Senior-level position; Finance/accounting orientation; Non-target root occupation
JB_8718,Senior Finanční/Účetní Specialista,50 000 – 60 000 Kč,Praha – Smíchov,Accountant,Financial Accountant,Senior,,,https://www.jobs.cz/rpd/2001420970/,2026-09-11T16:54:58+02:00,Deprioritized,-14,Other,Prague,26,,Senior-level position; Finance/accounting orientation; Non-target root occupation
JB_5030,Group Senior Finance Accountant,,Praha – Karlín,Accountant,Financial Accountant,Senior,Finance & Banking,,https://www.jobs.cz/rpd/2001308586/,2026-09-11T16:29:50+02:00,Deprioritized,-14,Other,Prague,26,,Senior-level position; Finance/accounting orientation; Non-target root occupation
JB_4731,SENIOR FINANCE CONTROLLER/KA,,Praha – Modřany,Controller,Financial Controller,Senior,Finance & Banking,,https://www.jobs.cz/rpd/2001382615/,2026-09-11T16:19:30+02:00,Deprioritized,-14,Other,Prague,26,,Senior-level position; Finance/accounting orientation; Non-target root occupation
JB_5208,Senior finanční účetní,,Praha,Accountant,General Accountant,Senior,,,https://www.jobs.cz/rpd/2001397983/,2026-09-11T16:19:22+02:00,Deprioritized,-14,Other,Prague,26,,Senior-level position; Finance/accounting orientation; Non-target root occupation
JB_8400,SENIOR INTERNÍ AUDITOR,,Praha – Libeň,Auditor,Internal Auditor,Senior,,,https://www.jobs.cz/rpd/2001100008/,2026-09-11T16:19:02+02:00,Deprioritized,-14,Other,Prague,26,,Senior-level position; Finance/accounting orientation; Non-target root occupation
JB_3548,Senior Accountant,65 000 – 100 000 Kč,Praha – Karlín,Accountant,General Accountant,Senior,,,https://www.jobs.cz/rpd/2001394067/,2026-09-11T16:18:40+02:00,Deprioritized,-14,Other,Prague,26,,Senior-level position; Finance/accounting orientation; Non-target root occupation
JB_9464,Senior Controller / FP&A,70 000 – 100 000 Kč,Praha – Holešovice,Controller,Financial Controller,Senior,Finance & Banking,,https://www.jobs.cz/rpd/2001392349/,2026-09-11T16:18:40+02:00,Deprioritized,-14,Other,Prague,26,,Senior-level position; Finance/accounting orientation; Non-target root occupation
JB_4746,Finance Controller senior,,Hlavní město Praha,Controller,Financial Controller,Senior,Finance & Banking,,https://www.jobs.cz/rpd/2001385752/,2026-09-11T16:11:17+02:00,Deprioritized,-14,Other,Prague,26,,Senior-level position; Finance/accounting orientation; Non-target root occupation
JB_8279,Senior Účetní,,Praha – Nové Město,Accountant,General Accountant,Senior,,,https://www.jobs.cz/rpd/2001390184/,2026-09-11T16:11:05+02:00,Deprioritized,-14,Other,Prague,26,,Senior-level position; Finance/accounting orientation; Non-target root occupation
JB_0555,Senior Accountant pro Alza.HU (JPO31754),,Praha – Holešovice,Accountant,General Accountant,Senior,,,https://www.jobs.cz/rpd/2001396624/,2026-09-11T16:10:53+02:00,Deprioritized,-14,Other,Prague,26,,Senior-level position; Finance/accounting orientation; Non-target root occupation
JB_8763,Hlavní / senior účetní v herním studiu 🐎,,Praha – Libeň,Accountant,General Accountant,Senior,,,https://www.jobs.cz/rpd/2001385296/,2026-09-11T16:10:04+02:00,Deprioritized,-14,Other,Prague,26,,Senior-level position; Finance/accounting orientation; Non-target root occupation
JB_6345,Accounting Expert,,Praha – Dejvice,Accountant,General Accountant,,Finance & Banking,,https://www.jobs.cz/rpd/2001299277/,2026-09-11T16:08:47+02:00,Deprioritized,-14,Other,Prague,26,,Senior-level position; Finance/accounting orientation; Non-target root occupation
JB_1639,Interní auditor / auditorka - senior,55 000 – 110 000 Kč,Praha – Dejvice,Auditor,Internal Auditor,Senior,,,https://www.jobs.cz/rpd/2001385042/,2026-09-11T16:08:47+02:00,Deprioritized,-14,Other,Prague,26,,Senior-level position; Finance/accounting orientation; Non-target root occupation
JB_7073,Senior Finance Controller,80 000 – 110 000 Kč,Praha,Controller,Financial Controller,Senior,Finance & Banking,,https://www.jobs.cz/rpd/2001419077/,2026-09-11T16:08:47+02:00,Deprioritized,-14,Other,Prague,26,,Senior-level position; Finance/accounting orientation; Non-target root occupation
JB_7520,⋙ Senior účetní | 63 000 Kč | Praha 4 | Home office | Flexibilní pracovní doba ⋘,60 000 – 63 000 Kč,Praha – Kunratice,Accountant,General Accountant,Senior,,,https://www.jobs.cz/rpd/2001405296/,2026-09-11T16:08:47+02:00,Deprioritized,-14,Other,Prague,26,,Senior-level position; Finance/accounting orientation; Non-target root occupation
JB_4151,SENIOR FINANCIAL CONTROLLING,,Praha – Smíchov,Controller,Financial Controller,Senior,Finance & Banking,,https://www.jobs.cz/rpd/2001374206/,2026-09-11T16:08:36+02:00,Deprioritized,-14,Other,Prague,26,,Senior-level position; Finance/accounting orientation; Non-target root occupation
JB_3104,SENIOR FINANČNÍ CONTROLLER/KA,,Praha – Kunratice,Controller,Financial Controller,Senior,Finance & Banking,,https://www.jobs.cz/rpd/2001387206/,2026-09-11T16:08:36+02:00,Deprioritized,-14,Other,Prague,26,,Senior-level position; Finance/accounting orientation; Non-target root occupation
JB_1552,Senior Personnel Administration Specialist / Payroll Accountant,,Hlavní město Praha,Accountant,Payroll Accountant,Senior,HR & Recruitment,,https://www.jobs.cz/rpd/2001382924/,2026-09-11T15:59:12+02:00,Deprioritized,-14,Other,Prague,26,,Senior-level position; Finance/accounting orientation; Non-target root occupation
JB_0049,Senior Procurement Controller,,Praha – Stodůlky + 1 další lokalita,Controller,General Controller,Senior,"Finance & Banking, Procurement",,https://www.jobs.cz/rpd/2001284339/,2026-09-11T15:58:19+02:00,Deprioritized,-14,Other,Prague,26,,Senior-level position; Finance/accounting orientation; Non-target root occupation
JB_5934,Senior Operations Controller,,Praha – Libeň,Controller,Operations Controller,Senior,Finance & Banking,,https://www.jobs.cz/rpd/2001373623/,2026-09-11T15:57:55+02:00,Deprioritized,-14,Other,Prague,26,,Senior-level position; Finance/accounting orientation; Non-target root occupation
JB_1285,Senior IT Auditor (m/f),,Praha – Stodůlky,Auditor,IT Auditor,Senior,IT & Software,,https://www.jobs.cz/rpd/2000978899/,2026-09-11T15:56:57+02:00,Deprioritized,-14,Other,Prague,26,,Senior-level position; Finance/accounting orientation; Non-target root occupation
JB_0103,SENIOR CONTROLLER – VÝROBNÍ CONTROLLING (70–80.000 Kč),70 000 – 80 000 Kč,Mladá Boleslav,Controller,General Controller,Senior,"Finance & Banking, Manufacturing & Production",,https://www.jobs.cz/rpd/2001453613/,2026-09-29T11:51:50+02:00,Deprioritized,-15,Other,Outside Prague - verify,8,,Senior-level position; Finance/accounting orientation; Non-target root occupation; Location requires verification
JB_7887,"Senior Controller (90-100 000,-Kč)",90 000 – 100 000 Kč,Mělník,Controller,General Controller,Senior,Finance & Banking,,https://www.jobs.cz/rpd/2001427616/,2026-09-25T10:28:50+02:00,Deprioritized,-15,Other,Outside Prague - verify,13,,Senior-level position; Finance/accounting orientation; Non-target root occupation; Location requires verification
JB_3075,SENIOR účetní s AJ - zahraniční agenda,,Benátky nad Jizerou – Benátky nad Jizerou II,Accountant,General Accountant,Senior,,,https://www.jobs.cz/rpd/2001440571/,2026-09-22T19:11:30+02:00,Deprioritized,-15,Other,Outside Prague - verify,15,,Senior-level position; Finance/accounting orientation; Non-target root occupation; Location requires verification
JB_8339,Senior Accountant,,Úžice,Accountant,General Accountant,Senior,,,https://www.jobs.cz/rpd/2001441253/,2026-09-22T19:11:15+02:00,Deprioritized,-15,Other,Outside Prague - verify,15,,Senior-level position; Finance/accounting orientation; Non-target root occupation; Location requires verification
JB_8128,ÚČETNÍ HLAVNÍ/SENIOR – doprava a logistika | Kozomín u Prahy,,Kozomín,Accountant,General Accountant,Senior,,,https://www.jobs.cz/rpd/2001278392/,2026-09-11T16:11:17+02:00,Deprioritized,-15,Other,Outside Prague - verify,26,,Senior-level position; Finance/accounting orientation; Non-target root occupation; Location requires verification
JB_5318,💣 Senior Financial Controller & Business Partner,110 000 – 130 000 Kč,Žebrák,Controller,Financial Controller,Senior,Finance & Banking,,https://www.jobs.cz/rpd/2001400649/,2026-09-11T15:58:19+02:00,Deprioritized,-15,Other,Outside Prague - verify,26,,Senior-level position; Finance/accounting orientation; Non-target root occupation; Location requires verification
JB_4156,Senior Group Controller,80 000 – 120 000 Kč,Praha – Smíchov,Controller,Group/Reporting Controller,Senior,Finance & Banking,,https://www.jobs.cz/rpd/2001374216/,2026-09-11T16:08:36+02:00,Deprioritized,-16,Other,Prague,26,,Senior-level position; Finance/accounting orientation; Primarily BI/reporting; Non-target root occupation
JB_0721,Regional HR Strategy & Operations Manager with native Czech/Slovak,,Hlavní město Praha,Manager,HR/People Manager,,HR & Recruitment,,https://www.jobs.cz/rpd/2001403295/,2026-09-11T16:10:04+02:00,Exclude,-14,Other,Prague,26,,Leadership/management position; Explicit Czech-language requirement
