ID,Job.Title,Company,Salary,Location,Position.Type,Position.Subtype,Secondary Subtype,Seniority,Seniority_Source,Seniority_Inferred,Seniority_Conflict,Tags,Technology,URL,Mining_Date,First_Seen_At,Last_Seen_At,Published_At,Published_Lower_Bound,Published_Upper_Bound,Publication_Method,Publication_Confidence,Valid_Through,Review.Priority,Fit.Score,Provisional.Shortlisting.Score,Role_Family,Primary.Track,Location.Fit,Mining.Age.Days,Fit.Reasons,Caution.Flags,Scoring.Version,Publication.Age.Days,Publication.Minimum.Age.Days,Publication.Age.Basis,Last.Observed.Age.Days,Availability.Status,Availability.Checked.At,Freshness.Band,Freshness.Rank,Queue.Status,Queue.Reasons,Queue.Version,Entry.Level.Status,Entry.Level.Rank,Entry.Level.Evidence,Latest.Review.Grade
BLT_9561,Business Intelligence Executive,TD SYNNEX,,2 Locations,Specialist,Data Governance/Quality Specialist,,Entry level,Entry level,,NO,Data & Analytics,,https://builtin.com/job/business-intelligence-executive/10912669,,,,,,,,,,High,75,75,ANALYTICS_INSIGHTS,"Analytics, Research & Insights",Verify Prague eligibility,,"Analytics, Research & Insights; Entry-level signal",Advertisement requirements not yet verified; Prague eligibility unresolved; Publication and observation dates unknown; Latest saved review rejects or deprioritizes this vacancy,2026-10-04-v3.0,,,Unknown,,UNKNOWN,,PREVIOUS_REJECTION,8,REJECTED,Publication and observation dates unknown; Latest saved review rejects or deprioritizes this vacancy,2026-10-04-v3.0,ENTRY_LEVEL_SIGNAL,0,Seniority: Entry level,4
BLT_4452,Data Analyst I,Parker Hannifin,90K-120K Annually,27 Locations,Analyst,Data/BI Analyst,,Entry level,Entry level,,NO,Data & Analytics,,https://builtin.com/job/data-analyst-i/9919143,,,,,,,,,,High,75,75,ANALYTICS_INSIGHTS,"Analytics, Research & Insights",Verify Prague eligibility,,"Analytics, Research & Insights; Entry-level signal",Advertisement requirements not yet verified; Prague eligibility unresolved; Publication and observation dates unknown; Latest saved review rejects or deprioritizes this vacancy,2026-10-04-v3.0,,,Unknown,,UNKNOWN,,PREVIOUS_REJECTION,8,REJECTED,Publication and observation dates unknown; Latest saved review rejects or deprioritizes this vacancy,2026-10-04-v3.0,ENTRY_LEVEL_SIGNAL,0,Seniority: Entry level,3
BLT_1131,IT Business Intelligence Analyst,Bristow Group,,27 Locations,Analyst,Data/BI Analyst,,Entry level,Entry level,,NO,"Data & Analytics, IT & Software",,https://builtin.com/job/it-business-intelligence-analyst/10978112,,,,,,,,,,High,75,75,ANALYTICS_INSIGHTS,"Analytics, Research & Insights",Verify Prague eligibility,,"Analytics, Research & Insights; Entry-level signal",Advertisement requirements not yet verified; Prague eligibility unresolved; Publication and observation dates unknown; Latest saved review rejects or deprioritizes this vacancy,2026-10-04-v3.0,,,Unknown,,UNKNOWN,,PREVIOUS_REJECTION,8,REJECTED,Publication and observation dates unknown; Latest saved review rejects or deprioritizes this vacancy,2026-10-04-v3.0,ENTRY_LEVEL_SIGNAL,0,Seniority: Entry level,4
JB_0909,Analytics and PowerBI Development Intern,Sanofi,,Praha – Dejvice,Intern/Trainee,Data/Analytics Internship,,Intern/Trainee,,Intern/Trainee,NO,Data & Analytics,,https://www.jobs.cz/rpd/2001443223,2026-09-23T20:17:36+02:00,2026-09-23T20:17:36+02:00,2026-09-23T20:17:36+02:00,,,,,,,High,72,72,BUSINESS_PROCESS,"Business, Operations & Process Analysis",Prague,13,"Business, Operations & Process Analysis; Entry-level signal",Advertisement requirements not yet verified; Publication date unknown; first observation is only a lower bound on age; Latest saved review rejects or deprioritizes this vacancy,2026-10-04-v3.0,,14,First observation: minimum age only,14,UNKNOWN,,PREVIOUS_REJECTION,8,REJECTED,Publication date unknown; first observation is only a lower bound on age; Latest saved review rejects or deprioritizes this vacancy,2026-10-04-v3.0,ENTRY_LEVEL_SIGNAL,0,Seniority: Intern/Trainee; Job title: Analytics and PowerBI Development Intern,4
BLT_2375,Analytics Intern,Second Foundation,,"Prague, CZE",Intern/Trainee,Data/Analytics Internship,,Internship,Internship,Intern/Trainee,YES,Data & Analytics,,https://builtin.com/job/analytics-intern/11252034,2026-09-18T17:34:00+02:00,2026-09-18T17:34:00+02:00,2026-09-18T17:34:00+02:00,,,,,,,High,72,72,BUSINESS_PROCESS,"Business, Operations & Process Analysis",Prague,18,"Business, Operations & Process Analysis; Entry-level signal",Advertisement requirements not yet verified; Source/title seniority conflict; Publication date unknown; first observation is only a lower bound on age; Latest saved review rejects or deprioritizes this vacancy,2026-10-04-v3.0,,19,First observation: minimum age only,19,UNKNOWN,,PREVIOUS_REJECTION,8,REJECTED,Publication date unknown; first observation is only a lower bound on age; Latest saved review rejects or deprioritizes this vacancy,2026-10-04-v3.0,ENTRY_LEVEL_SIGNAL,0,Seniority: Internship; Job title: Analytics Intern,3
JB_7518,Datový analytik junior,Fakultní nemocnice Bulovka,,Praha – Libeň,Analyst,Data/BI Analyst,,Junior/Entry-level,,Junior/Entry-level,NO,Data & Analytics,,https://www.jobs.cz/rpd/2001415391,2026-09-11T15:58:19+02:00,2026-09-11T15:58:19+02:00,2026-09-11T15:58:19+02:00,,,,,,,High,72,72,ANALYTICS_INSIGHTS,"Analytics, Research & Insights",Prague,25,"Analytics, Research & Insights; Entry-level signal",Advertisement requirements not yet verified; Czech-language title: workplace language needs verification; Publication date unknown; first observation is only a lower bound on age; Latest saved review rejects or deprioritizes this vacancy,2026-10-04-v3.0,,26,First observation: minimum age only,26,UNKNOWN,,PREVIOUS_REJECTION,8,REJECTED,Publication date unknown; first observation is only a lower bound on age; Latest saved review rejects or deprioritizes this vacancy,2026-10-04-v3.0,ENTRY_LEVEL_SIGNAL,0,Seniority: Junior/Entry-level; Job title: Datový analytik junior,3
JB_7922,Branch JUNIOR Operations Analyst (f/m/x),"Deutsche Bank Aktiengesellschaft Filiale Prag, organizační složka",,Praha – Nové Město,Analyst,Operations/Supply Chain Analyst,,Junior/Entry-level,,Junior/Entry-level,NO,,,https://www.jobs.cz/rpd/2001383418,2026-09-11T15:57:15+02:00,2026-09-11T15:57:15+02:00,2026-09-11T15:57:15+02:00,,,,,,,High,72,72,BUSINESS_PROCESS,"Business, Operations & Process Analysis",Prague,25,"Business, Operations & Process Analysis; Entry-level signal",Advertisement requirements not yet verified; Publication date unknown; first observation is only a lower bound on age; Latest saved review rejects or deprioritizes this vacancy,2026-10-04-v3.0,,26,First observation: minimum age only,26,UNKNOWN,,PREVIOUS_REJECTION,8,REJECTED,Publication date unknown; first observation is only a lower bound on age; Latest saved review rejects or deprioritizes this vacancy,2026-10-04-v3.0,ENTRY_LEVEL_SIGNAL,0,Seniority: Junior/Entry-level; Job title: Branch JUNIOR Operations Analyst (f/m/x),4
JB_0035,Intern in the Cloud & Data Analytics Department (f/m/d),"Porsche Engineering Services, s.r.o.",,Praha – Jinonice + 1 další lokalita,Intern/Trainee,Data/Analytics Internship,,Intern/Trainee,,Intern/Trainee,NO,"Data & Analytics, Cloud & Infrastructure",,https://www.jobs.cz/rpd/2001414351,2026-09-11T15:56:42+02:00,2026-09-11T15:56:42+02:00,2026-09-11T15:56:42+02:00,,,,,,,High,72,72,BUSINESS_PROCESS,"Business, Operations & Process Analysis",Prague,25,"Business, Operations & Process Analysis; Entry-level signal",Advertisement requirements not yet verified; Publication date unknown; first observation is only a lower bound on age; Latest saved review rejects or deprioritizes this vacancy,2026-10-04-v3.0,,26,First observation: minimum age only,26,UNKNOWN,,PREVIOUS_REJECTION,8,REJECTED,Publication date unknown; first observation is only a lower bound on age; Latest saved review rejects or deprioritizes this vacancy,2026-10-04-v3.0,ENTRY_LEVEL_SIGNAL,0,Seniority: Intern/Trainee; Job title: Intern in the Cloud & Data Analytics Department (f/m/d),3
JB_0167,Junior Procurement COE Analyst,Personna International CZ s.r.o.,,Středočeský kraj + 1 další lokalita,Analyst,Operations/Supply Chain Analyst,,Junior/Entry-level,,Junior/Entry-level,NO,Procurement,,https://www.jobs.cz/rpd/2001306346,2026-09-18T13:06:19+02:00,2026-09-18T13:06:19+02:00,2026-09-18T13:06:19+02:00,,,,,,,Good,67,67,BUSINESS_PROCESS,"Business, Operations & Process Analysis",Verify Prague eligibility,19,"Business, Operations & Process Analysis; Entry-level signal",Advertisement requirements not yet verified; Prague eligibility unresolved; Publication date unknown; first observation is only a lower bound on age; Latest saved review rejects or deprioritizes this vacancy,2026-10-04-v3.0,,19,First observation: minimum age only,19,UNKNOWN,,PREVIOUS_REJECTION,8,REJECTED,Publication date unknown; first observation is only a lower bound on age; Latest saved review rejects or deprioritizes this vacancy,2026-10-04-v3.0,ENTRY_LEVEL_SIGNAL,0,Seniority: Junior/Entry-level; Job title: Junior Procurement COE Analyst,4
JB_2170,JUNIORNÍ DATOVÝ ANALYTIK,Linet spol. s r.o.,,Slaný,Analyst,Data/BI Analyst,,Junior/Entry-level,,Junior/Entry-level,NO,Data & Analytics,,https://www.jobs.cz/rpd/2001401252,2026-09-11T15:58:06+02:00,2026-09-11T15:58:06+02:00,2026-09-11T15:58:06+02:00,,,,,,,Good,67,67,ANALYTICS_INSIGHTS,"Analytics, Research & Insights",Verify Prague eligibility,25,"Analytics, Research & Insights; Entry-level signal",Advertisement requirements not yet verified; Czech-language title: workplace language needs verification; Prague eligibility unresolved; Publication date unknown; first observation is only a lower bound on age; Latest saved review rejects or deprioritizes this vacancy,2026-10-04-v3.0,,26,First observation: minimum age only,26,UNKNOWN,,PREVIOUS_REJECTION,8,REJECTED,Publication date unknown; first observation is only a lower bound on age; Latest saved review rejects or deprioritizes this vacancy,2026-10-04-v3.0,ENTRY_LEVEL_SIGNAL,0,Seniority: Junior/Entry-level; Job title: JUNIORNÍ DATOVÝ ANALYTIK,4
BLT_1014,Junior Business Analyst (Full Remote - Europe),EverAI,,27 Locations,Analyst,Business/Process Analyst,,Junior,Junior,Junior/Entry-level,YES,,,https://builtin.com/job/junior-business-analyst-full-remote-europe/10800476,,,,,,,,,,Good,67,67,BUSINESS_PROCESS,"Business, Operations & Process Analysis",Verify Prague eligibility,,"Business, Operations & Process Analysis; Entry-level signal",Advertisement requirements not yet verified; Prague eligibility unresolved; Source/title seniority conflict; Publication and observation dates unknown; Latest saved review rejects or deprioritizes this vacancy,2026-10-04-v3.0,,,Unknown,,UNKNOWN,,PREVIOUS_REJECTION,8,REJECTED,Publication and observation dates unknown; Latest saved review rejects or deprioritizes this vacancy,2026-10-04-v3.0,ENTRY_LEVEL_SIGNAL,0,Seniority: Junior; Job title: Junior Business Analyst (Full Remote - Europe),4
JB_8653,Junior business analytik ICT,Ředitelství silnic a dálnic s. p.,,Praha – Krč,Analyst,Business/Process Analyst,,Junior/Entry-level,,Junior/Entry-level,NO,"Data & Analytics, IT & Software",,https://www.jobs.cz/rpd/2001415649,2026-09-11T15:57:15+02:00,2026-09-11T15:57:15+02:00,2026-09-11T15:57:15+02:00,,,,,,,Good,64,64,BUSINESS_PROCESS,"Business, Operations & Process Analysis",Prague,25,"Business, Operations & Process Analysis; Entry-level signal",Advertisement requirements not yet verified; Czech-language title: workplace language needs verification; Publication date unknown; first observation is only a lower bound on age; Latest saved review rejects or deprioritizes this vacancy,2026-10-04-v3.0,,26,First observation: minimum age only,26,UNKNOWN,,PREVIOUS_REJECTION,8,REJECTED,Publication date unknown; first observation is only a lower bound on age; Latest saved review rejects or deprioritizes this vacancy,2026-10-04-v3.0,ENTRY_LEVEL_SIGNAL,0,Seniority: Junior/Entry-level; Job title: Junior business analytik ICT,4
JB_2347,PROCESNÍ ANALYTIK - vhodné pro absolventy,"PHOENIX lékárenský velkoobchod, s.r.o.",,Praha – Hostivař,Analyst,Business/Process Analyst,,Junior/Entry-level,,Junior/Entry-level,NO,Data & Analytics,,https://www.jobs.cz/rpd/2001405355,2026-09-11T15:57:03+02:00,2026-09-11T15:57:03+02:00,2026-09-11T15:57:03+02:00,,,,,,,Good,64,64,BUSINESS_PROCESS,"Business, Operations & Process Analysis",Prague,25,"Business, Operations & Process Analysis; Entry-level signal",Advertisement requirements not yet verified; Czech-language title: workplace language needs verification; Publication date unknown; first observation is only a lower bound on age; Latest saved review rejects or deprioritizes this vacancy,2026-10-04-v3.0,,26,First observation: minimum age only,26,UNKNOWN,,PREVIOUS_REJECTION,8,REJECTED,Publication date unknown; first observation is only a lower bound on age; Latest saved review rejects or deprioritizes this vacancy,2026-10-04-v3.0,ENTRY_LEVEL_SIGNAL,0,Seniority: Junior/Entry-level; Job title: PROCESNÍ ANALYTIK - vhodné pro absolventy,4
JB_3084,Power BI konzultant / analytik (junior/medior),ARTEX informační systémy spol. s r.o.,,Praha – Smíchov + 1 další lokalita,Consultant,Data/Analytics Consultant,,"Junior/Entry-level, Medior/Mid-level",,"Junior/Entry-level, Medior/Mid-level",NO,"Data & Analytics, Energy & Utilities",Power BI,https://www.jobs.cz/rpd/2000977772,2026-09-11T15:57:43+02:00,2026-09-11T15:57:43+02:00,2026-09-11T15:57:43+02:00,,,,,,,Good,62,62,ANALYTICS_INSIGHTS,"Analytics, Research & Insights",Prague,25,"Analytics, Research & Insights; Entry-level signal",Advertisement requirements not yet verified; Mid-level experience needs verification; Czech-language title: workplace language needs verification; Publication date unknown; first observation is only a lower bound on age; Latest saved review rejects or deprioritizes this vacancy,2026-10-04-v3.0,,26,First observation: minimum age only,26,UNKNOWN,,PREVIOUS_REJECTION,8,REJECTED,Publication date unknown; first observation is only a lower bound on age; Latest saved review rejects or deprioritizes this vacancy,2026-10-04-v3.0,MIXED_LEVEL_SIGNAL,2,"Seniority: Junior/Entry-level, Medior/Mid-level; Job title: Power BI konzultant / analytik (junior/medior)",4
JB_7424,HR Data Analyst / HR Analytik – Praha (junior/senior),NO77 s.r.o.,,Praha – Nové Město,Analyst,Data/BI Analyst,,"Junior/Entry-level, Senior",,"Junior/Entry-level, Senior",NO,"Data & Analytics, HR & Recruitment",,https://www.jobs.cz/rpd/2000739085,2026-09-11T15:56:36+02:00,2026-09-11T15:56:36+02:00,2026-09-11T15:56:36+02:00,,,,,,,Good,62,62,ANALYTICS_INSIGHTS,"Analytics, Research & Insights",Prague,25,"Analytics, Research & Insights; Entry-level signal",Advertisement requirements not yet verified; Mixed seniority needs verification; Czech-language title: workplace language needs verification; Publication date unknown; first observation is only a lower bound on age; Latest saved review rejects or deprioritizes this vacancy,2026-10-04-v3.0,,26,First observation: minimum age only,26,UNKNOWN,,PREVIOUS_REJECTION,8,REJECTED,Publication date unknown; first observation is only a lower bound on age; Latest saved review rejects or deprioritizes this vacancy,2026-10-04-v3.0,MIXED_LEVEL_SIGNAL,2,"Seniority: Junior/Entry-level, Senior; Job title: HR Data Analyst / HR Analytik – Praha (junior/senior)",4
BLT_5079,Fullstack Data Scientist (Remote),HTT​Pie,,"Prague, CZE",Scientist,Data Scientist,,Entry level,Entry level,,NO,Data & Analytics,,https://builtin.com/job/fullstack-data-scientist-remote/4455981,,,,,,,,,,Good,62,62,DATA_SCIENCE_MODELLING,Data Science & Modelling,Prague,,Data Science & Modelling; Entry-level signal,Advertisement requirements not yet verified; Publication and observation dates unknown; Latest saved review rejects or deprioritizes this vacancy,2026-10-04-v3.0,,,Unknown,,UNKNOWN,,PREVIOUS_REJECTION,8,REJECTED,Publication and observation dates unknown; Latest saved review rejects or deprioritizes this vacancy,2026-10-04-v3.0,ENTRY_LEVEL_SIGNAL,0,Seniority: Entry level,3
BLT_3913,AI Augmented Software Engineer [gn] Data Intelligence Platform,Actian,,27 Locations,Engineer,AI/ML Engineer,,Entry level,Entry level,,NO,"Data & Analytics, AI & Machine Learning, Cloud & Infrastructure, IT & Software, Engineering & R&D",,https://builtin.com/job/ai-augmented-software-engineer-gn-data-intelligence-platform/10889666,2026-09-14T23:28:00+02:00,2026-09-14T23:28:00+02:00,2026-09-14T23:28:00+02:00,,,,,,,Good,57,57,DATA_SCIENCE_MODELLING,Data Science & Modelling,Verify Prague eligibility,22,Data Science & Modelling; Entry-level signal,Advertisement requirements not yet verified; Prague eligibility unresolved; Publication date unknown; first observation is only a lower bound on age; Latest saved review rejects or deprioritizes this vacancy,2026-10-04-v3.0,,23,First observation: minimum age only,23,UNKNOWN,,PREVIOUS_REJECTION,8,REJECTED,Publication date unknown; first observation is only a lower bound on age; Latest saved review rejects or deprioritizes this vacancy,2026-10-04-v3.0,ENTRY_LEVEL_SIGNAL,0,Seniority: Entry level,3
JB_9996,Data Analyst with Python,R4U s.r.o.,,Praha,Analyst,Data/BI Analyst,,,,,NO,Data & Analytics,Python,https://www.jobs.cz/rpd/2001407706,2026-09-11T15:56:42+02:00,2026-09-11T15:56:42+02:00,2026-09-11T15:56:42+02:00,,,,,,,Good,51,51,ANALYTICS_INSIGHTS,"Analytics, Research & Insights",Prague,25,"Analytics, Research & Insights; python",Advertisement requirements not yet verified; Entry-level accessibility unconfirmed; Publication date unknown; first observation is only a lower bound on age; Latest saved review rejects or deprioritizes this vacancy,2026-10-04-v3.0,,26,First observation: minimum age only,26,UNKNOWN,,PREVIOUS_REJECTION,8,REJECTED,Publication date unknown; first observation is only a lower bound on age; Latest saved review rejects or deprioritizes this vacancy,2026-10-04-v3.0,SENIORITY_UNCONFIRMED,1,No explicit entry-level or experience-level signal in title/source seniority,4
JB_7652,DATA ANALYST | Power BI | Python | B2C | Praha / Hybrid,DRILL Business Services,70 000 – 85 000 Kč,Praha,Analyst,Data/BI Analyst,,,,,NO,"Data & Analytics, Energy & Utilities","Python, Power BI",https://www.jobs.cz/rpd/2001405780,2026-09-11T15:56:22+02:00,2026-09-11T15:56:22+02:00,2026-09-11T15:56:22+02:00,,,,,,,Good,51,51,ANALYTICS_INSIGHTS,"Analytics, Research & Insights",Prague,25,"Analytics, Research & Insights; python",Advertisement requirements not yet verified; Entry-level accessibility unconfirmed; Publication date unknown; first observation is only a lower bound on age; Latest saved review rejects or deprioritizes this vacancy,2026-10-04-v3.0,,26,First observation: minimum age only,26,UNKNOWN,,PREVIOUS_REJECTION,8,REJECTED,Publication date unknown; first observation is only a lower bound on age; Latest saved review rejects or deprioritizes this vacancy,2026-10-04-v3.0,SENIORITY_UNCONFIRMED,1,No explicit entry-level or experience-level signal in title/source seniority,4
JB_1723,DATA ANALYST | Power BI | Python | B2C | Praha / Hybrid,DRILL Business Services,70 000 – 85 000 Kč,Praha,Analyst,Data/BI Analyst,,,,,NO,"Data & Analytics, Energy & Utilities","Python, Power BI",https://www.jobs.cz/rpd/2001391805,2026-09-11T15:56:22+02:00,2026-09-11T15:56:22+02:00,2026-09-11T15:56:22+02:00,,,,,,,Good,51,51,ANALYTICS_INSIGHTS,"Analytics, Research & Insights",Prague,25,"Analytics, Research & Insights; python",Advertisement requirements not yet verified; Entry-level accessibility unconfirmed; Publication date unknown; first observation is only a lower bound on age; Latest saved review rejects or deprioritizes this vacancy,2026-10-04-v3.0,,26,First observation: minimum age only,26,UNKNOWN,,PREVIOUS_REJECTION,8,REJECTED,Publication date unknown; first observation is only a lower bound on age; Latest saved review rejects or deprioritizes this vacancy,2026-10-04-v3.0,SENIORITY_UNCONFIRMED,1,No explicit entry-level or experience-level signal in title/source seniority,4
SJ_108259,Data Analyst (CRM & Campaigns),Future Journey Agency,,Prague,Analyst,Data/BI Analyst,,,,,NO,Data & Analytics,,https://www.startupjobs.cz/nabidka/108259/data-analyst-crm-campaigns,2026-10-02T12:39:24+02:00,2026-10-02T12:39:24+02:00,2026-10-02T12:39:24+02:00,,,,,,,Good,50,50,ANALYTICS_INSIGHTS,"Analytics, Research & Insights",Prague,5,"Analytics, Research & Insights",Advertisement requirements not yet verified; Entry-level accessibility unconfirmed; Publication date unknown; first observation is only a lower bound on age; Latest saved review rejects or deprioritizes this vacancy,2026-10-04-v3.0,,5,First observation: minimum age only,5,UNKNOWN,,PREVIOUS_REJECTION,8,REJECTED,Publication date unknown; first observation is only a lower bound on age; Latest saved review rejects or deprioritizes this vacancy,2026-10-04-v3.0,SENIORITY_UNCONFIRMED,1,No explicit entry-level or experience-level signal in title/source seniority,4
JB_9087,Business Intelligence Analyst - PART TIME,"Innomotics, s.r.o.",,Praha – Stodůlky,Analyst,Data/BI Analyst,,,,,NO,Data & Analytics,,https://www.jobs.cz/rpd/2001459385,2026-10-02T11:33:55+02:00,2026-10-02T11:33:55+02:00,2026-10-02T11:33:55+02:00,,,,,,,Good,50,50,ANALYTICS_INSIGHTS,"Analytics, Research & Insights",Prague,5,"Analytics, Research & Insights",Advertisement requirements not yet verified; Entry-level accessibility unconfirmed; Publication date unknown; first observation is only a lower bound on age; Latest saved review rejects or deprioritizes this vacancy,2026-10-04-v3.0,,5,First observation: minimum age only,5,UNKNOWN,,PREVIOUS_REJECTION,8,REJECTED,Publication date unknown; first observation is only a lower bound on age; Latest saved review rejects or deprioritizes this vacancy,2026-10-04-v3.0,SENIORITY_UNCONFIRMED,1,No explicit entry-level or experience-level signal in title/source seniority,4
JB_3436,Compliance Technology & Data Specialist (JPO31953),Alza.cz a.s.,,Praha – Holešovice,Specialist,Data/Analytics Specialist,,,,,NO,"Data & Analytics, Compliance & Risk",,https://www.jobs.cz/rpd/2001440749,2026-09-22T18:59:24+02:00,2026-09-22T18:59:24+02:00,2026-09-22T18:59:24+02:00,,,,,,,Good,50,50,ANALYTICS_INSIGHTS,"Analytics, Research & Insights",Prague,14,"Analytics, Research & Insights",Advertisement requirements not yet verified; Entry-level accessibility unconfirmed; Publication date unknown; first observation is only a lower bound on age; Latest saved review rejects or deprioritizes this vacancy,2026-10-04-v3.0,,15,First observation: minimum age only,15,UNKNOWN,,PREVIOUS_REJECTION,8,REJECTED,Publication date unknown; first observation is only a lower bound on age; Latest saved review rejects or deprioritizes this vacancy,2026-10-04-v3.0,SENIORITY_UNCONFIRMED,1,No explicit entry-level or experience-level signal in title/source seniority,3
JB_8838,Insurance & Risk Analytics Specialist,"Energetický a průmyslový holding, a.s.",,Praha – Josefov,Specialist,Data/Analytics Specialist,,,,,NO,"Data & Analytics, Insurance, Compliance & Risk",,https://www.jobs.cz/rpd/2001433555,2026-09-21T17:24:51+02:00,2026-09-21T17:24:51+02:00,2026-09-21T17:24:51+02:00,,,,,,,Good,50,50,ANALYTICS_INSIGHTS,"Analytics, Research & Insights",Prague,15,"Analytics, Research & Insights",Advertisement requirements not yet verified; Entry-level accessibility unconfirmed; Publication date unknown; first observation is only a lower bound on age; Latest saved review rejects or deprioritizes this vacancy,2026-10-04-v3.0,,16,First observation: minimum age only,16,UNKNOWN,,PREVIOUS_REJECTION,8,REJECTED,Publication date unknown; first observation is only a lower bound on age; Latest saved review rejects or deprioritizes this vacancy,2026-10-04-v3.0,SENIORITY_UNCONFIRMED,1,No explicit entry-level or experience-level signal in title/source seniority,4
JB_4203,Database Specialist (Informix),Deckard & Penfield s.r.o.,,Praha – Holešovice,Specialist,Data/Analytics Specialist,,,,,NO,,,https://www.jobs.cz/rpd/2001438825,2026-09-21T17:24:19+02:00,2026-09-21T17:24:19+02:00,2026-09-21T17:24:19+02:00,,,,,,,Good,50,50,ANALYTICS_INSIGHTS,"Analytics, Research & Insights",Prague,15,"Analytics, Research & Insights",Advertisement requirements not yet verified; Entry-level accessibility unconfirmed; Publication date unknown; first observation is only a lower bound on age; Latest saved review rejects or deprioritizes this vacancy,2026-10-04-v3.0,,16,First observation: minimum age only,16,UNKNOWN,,PREVIOUS_REJECTION,8,REJECTED,Publication date unknown; first observation is only a lower bound on age; Latest saved review rejects or deprioritizes this vacancy,2026-10-04-v3.0,SENIORITY_UNCONFIRMED,1,No explicit entry-level or experience-level signal in title/source seniority,3
JB_2879,Group Reporting Specialist,"Penta Hospitals CZ, s.r.o.",,Praha – Radlice,Specialist,Data/Analytics Specialist,,,,,NO,Data & Analytics,,https://www.jobs.cz/rpd/2001431065,2026-09-18T13:08:06+02:00,2026-09-18T13:08:06+02:00,2026-09-18T13:08:06+02:00,,,,,,,Good,50,50,ANALYTICS_INSIGHTS,"Analytics, Research & Insights",Prague,19,"Analytics, Research & Insights",Advertisement requirements not yet verified; Entry-level accessibility unconfirmed; Publication date unknown; first observation is only a lower bound on age; Latest saved review rejects or deprioritizes this vacancy,2026-10-04-v3.0,,19,First observation: minimum age only,19,UNKNOWN,,PREVIOUS_REJECTION,8,REJECTED,Publication date unknown; first observation is only a lower bound on age; Latest saved review rejects or deprioritizes this vacancy,2026-10-04-v3.0,SENIORITY_UNCONFIRMED,1,No explicit entry-level or experience-level signal in title/source seniority,3
JB_4507,Growth Analyst / Performance & Insights Analyst,fabini brand s.r.o.,,Praha – Holešovice,Analyst,Marketing/Customer Insights Analyst,,,,,NO,,,https://www.jobs.cz/rpd/2001348863,2026-09-18T13:07:43+02:00,2026-09-18T13:07:43+02:00,2026-09-18T13:07:43+02:00,,,,,,,Good,50,50,ANALYTICS_INSIGHTS,"Analytics, Research & Insights",Prague,19,"Analytics, Research & Insights",Advertisement requirements not yet verified; Entry-level accessibility unconfirmed; Publication date unknown; first observation is only a lower bound on age; Latest saved review rejects or deprioritizes this vacancy,2026-10-04-v3.0,,19,First observation: minimum age only,19,UNKNOWN,,PREVIOUS_REJECTION,8,REJECTED,Publication date unknown; first observation is only a lower bound on age; Latest saved review rejects or deprioritizes this vacancy,2026-10-04-v3.0,SENIORITY_UNCONFIRMED,1,No explicit entry-level or experience-level signal in title/source seniority,4
BLT_3958,Data Editor (TV & Streaming) - German&English (RO/MD),Simply.TV,10K-10K Annually,6 Locations,Specialist,Data/Analytics Specialist,,Entry level,Entry level,,NO,Data & Analytics,,https://builtin.com/job/data-editor-tv-streaming-german-english-ro-md/10087743,2026-09-18T13:00:43+02:00,2026-09-18T13:00:43+02:00,2026-09-18T13:00:43+02:00,,,,,,,Good,50,50,ANALYTICS_INSIGHTS,"Analytics, Research & Insights",Verify Prague eligibility,19,"Analytics, Research & Insights; Entry-level signal",Advertisement requirements not yet verified; Title names a language outside the profile; requirement needs verification; Prague eligibility unresolved; Publication date unknown; first observation is only a lower bound on age; Latest saved review rejects or deprioritizes this vacancy,2026-10-04-v3.0,,19,First observation: minimum age only,19,UNKNOWN,,PREVIOUS_REJECTION,8,REJECTED,Publication date unknown; first observation is only a lower bound on age; Latest saved review rejects or deprioritizes this vacancy,2026-10-04-v3.0,ENTRY_LEVEL_SIGNAL,0,Seniority: Entry level,3
JB_3998,Group Financial Reporting & Consolidation Specialist,Dr.Max,50 000 – 90 000 Kč,Praha – Nové Město,Specialist,Data/Analytics Specialist,,,,,NO,"Data & Analytics, Finance & Banking",,https://www.jobs.cz/rpd/2001429654,2026-09-17T10:35:22+02:00,2026-09-17T10:35:22+02:00,2026-09-17T10:35:22+02:00,,,,,,,Good,50,50,ANALYTICS_INSIGHTS,"Analytics, Research & Insights",Prague,20,"Analytics, Research & Insights",Advertisement requirements not yet verified; Entry-level accessibility unconfirmed; Publication date unknown; first observation is only a lower bound on age; Latest saved review rejects or deprioritizes this vacancy,2026-10-04-v3.0,,20,First observation: minimum age only,20,UNKNOWN,,PREVIOUS_REJECTION,8,REJECTED,Publication date unknown; first observation is only a lower bound on age; Latest saved review rejects or deprioritizes this vacancy,2026-10-04-v3.0,SENIORITY_UNCONFIRMED,1,No explicit entry-level or experience-level signal in title/source seniority,4
JST_9157,L2 Database Specialist,Creditinfo CEE s.r.o.,až 90 000 Kč / měsíc,"Rohanské nábřeží 19., Praha - Karlín",Specialist,Data/Analytics Specialist,,Medior,Medior,,NO,,,https://www.jobstack.it/it-job/database-admin/6a9562c024ddc,2026-09-12T11:32:36+02:00,2026-09-12T11:32:36+02:00,2026-09-12T11:32:36+02:00,,,,,,,Good,50,50,ANALYTICS_INSIGHTS,"Analytics, Research & Insights",Prague,25,"Analytics, Research & Insights",Advertisement requirements not yet verified; Mid-level experience needs verification; Publication date unknown; first observation is only a lower bound on age; Latest saved review rejects or deprioritizes this vacancy,2026-10-04-v3.0,,25,First observation: minimum age only,25,UNKNOWN,,PREVIOUS_REJECTION,8,REJECTED,Publication date unknown; first observation is only a lower bound on age; Latest saved review rejects or deprioritizes this vacancy,2026-10-04-v3.0,EXPERIENCED_LEVEL_SIGNAL,3,Seniority: Medior,4
SJ_107291,Marketing Data Analyst,Alza.cz,,Prague,Analyst,Data/BI Analyst,,,,,NO,"Data & Analytics, Marketing & Communications",,https://www.startupjobs.cz/nabidka/107291/marketing-data-analyst,2026-09-12T11:03:48+02:00,2026-09-12T11:03:48+02:00,2026-09-12T11:03:48+02:00,,,,,,,Good,50,50,ANALYTICS_INSIGHTS,"Analytics, Research & Insights",Prague,25,"Analytics, Research & Insights",Advertisement requirements not yet verified; Entry-level accessibility unconfirmed; Publication date unknown; first observation is only a lower bound on age; Latest saved review rejects or deprioritizes this vacancy,2026-10-04-v3.0,,25,First observation: minimum age only,25,UNKNOWN,,PREVIOUS_REJECTION,8,REJECTED,Publication date unknown; first observation is only a lower bound on age; Latest saved review rejects or deprioritizes this vacancy,2026-10-04-v3.0,SENIORITY_UNCONFIRMED,1,No explicit entry-level or experience-level signal in title/source seniority,3
SJ_106443,Data Governance Consultant pro rostoucí scale-up 🚀,Dawiso,,Prague,Consultant,Data/Analytics Consultant,,,,,NO,Data & Analytics,,https://www.startupjobs.cz/nabidka/106443/data-governance-consultant-pro-rostouci-scale-up,2026-09-12T11:02:48+02:00,2026-09-12T11:02:48+02:00,2026-09-12T11:02:48+02:00,,,,,,,Good,50,50,ANALYTICS_INSIGHTS,"Analytics, Research & Insights",Prague,25,"Analytics, Research & Insights",Advertisement requirements not yet verified; Entry-level accessibility unconfirmed; Publication date unknown; first observation is only a lower bound on age; Latest saved review rejects or deprioritizes this vacancy,2026-10-04-v3.0,,25,First observation: minimum age only,25,UNKNOWN,,PREVIOUS_REJECTION,8,REJECTED,Publication date unknown; first observation is only a lower bound on age; Latest saved review rejects or deprioritizes this vacancy,2026-10-04-v3.0,SENIORITY_UNCONFIRMED,1,No explicit entry-level or experience-level signal in title/source seniority,4
SJ_106613,Web & Analytics Specialist,BTL Medical,,Prague,Specialist,Data/Analytics Specialist,,,,,NO,Data & Analytics,,https://www.startupjobs.cz/nabidka/106613/web-and-analytics-specialist,2026-09-12T10:58:33+02:00,2026-09-12T10:58:33+02:00,2026-09-12T10:58:33+02:00,,,,,,,Good,50,50,ANALYTICS_INSIGHTS,"Analytics, Research & Insights",Prague,25,"Analytics, Research & Insights",Advertisement requirements not yet verified; Entry-level accessibility unconfirmed; Publication date unknown; first observation is only a lower bound on age; Latest saved review rejects or deprioritizes this vacancy,2026-10-04-v3.0,,25,First observation: minimum age only,25,UNKNOWN,,PREVIOUS_REJECTION,8,REJECTED,Publication date unknown; first observation is only a lower bound on age; Latest saved review rejects or deprioritizes this vacancy,2026-10-04-v3.0,SENIORITY_UNCONFIRMED,1,No explicit entry-level or experience-level signal in title/source seniority,4
JB_9362,Group Reporting Specialist,P3 Logistic Parks s.r.o.,,Praha – Nové Město,Specialist,Data/Analytics Specialist,,,,,NO,Data & Analytics,,https://www.jobs.cz/rpd/2001415679,2026-09-11T15:59:12+02:00,2026-09-11T15:59:12+02:00,2026-09-11T15:59:12+02:00,,,,,,,Good,50,50,ANALYTICS_INSIGHTS,"Analytics, Research & Insights",Prague,25,"Analytics, Research & Insights",Advertisement requirements not yet verified; Entry-level accessibility unconfirmed; Publication date unknown; first observation is only a lower bound on age; Latest saved review rejects or deprioritizes this vacancy,2026-10-04-v3.0,,26,First observation: minimum age only,26,UNKNOWN,,PREVIOUS_REJECTION,8,REJECTED,Publication date unknown; first observation is only a lower bound on age; Latest saved review rejects or deprioritizes this vacancy,2026-10-04-v3.0,SENIORITY_UNCONFIRMED,1,No explicit entry-level or experience-level signal in title/source seniority,3
JB_0688,ESG Specialist (Green Finance & Reporting),"Accolade, s.r.o.",,Praha – Karlín,Specialist,Data/Analytics Specialist,,,,,NO,"Data & Analytics, Finance & Banking",,https://www.jobs.cz/rpd/2001415470,2026-09-11T15:58:59+02:00,2026-09-11T15:58:59+02:00,2026-09-11T15:58:59+02:00,,,,,,,Good,50,50,ANALYTICS_INSIGHTS,"Analytics, Research & Insights",Prague,25,"Analytics, Research & Insights",Advertisement requirements not yet verified; Entry-level accessibility unconfirmed; Publication date unknown; first observation is only a lower bound on age; Latest saved review rejects or deprioritizes this vacancy,2026-10-04-v3.0,,26,First observation: minimum age only,26,UNKNOWN,,PREVIOUS_REJECTION,8,REJECTED,Publication date unknown; first observation is only a lower bound on age; Latest saved review rejects or deprioritizes this vacancy,2026-10-04-v3.0,SENIORITY_UNCONFIRMED,1,No explicit entry-level or experience-level signal in title/source seniority,3
JB_1763,Customer Master Data Specialist,MAKRO Cash & Carry ČR s.r.o.,,Praha – Stodůlky,Specialist,Data Governance/Quality Specialist,,,,,NO,"Data & Analytics, Customer Service",,https://www.jobs.cz/rpd/2001396001,2026-09-11T15:57:55+02:00,2026-09-11T15:57:55+02:00,2026-09-11T15:57:55+02:00,,,,,,,Good,50,50,ANALYTICS_INSIGHTS,"Analytics, Research & Insights",Prague,25,"Analytics, Research & Insights",Advertisement requirements not yet verified; Entry-level accessibility unconfirmed; Publication date unknown; first observation is only a lower bound on age; Latest saved review rejects or deprioritizes this vacancy,2026-10-04-v3.0,,26,First observation: minimum age only,26,UNKNOWN,,PREVIOUS_REJECTION,8,REJECTED,Publication date unknown; first observation is only a lower bound on age; Latest saved review rejects or deprioritizes this vacancy,2026-10-04-v3.0,SENIORITY_UNCONFIRMED,1,No explicit entry-level or experience-level signal in title/source seniority,3
JB_7489,Data Protection Specialist (m/f),Raiffeisenbank a.s.,,Praha,Specialist,Data/Analytics Specialist,,,,,NO,Data & Analytics,,https://www.jobs.cz/rpd/2001390469,2026-09-11T15:57:55+02:00,2026-09-11T15:57:55+02:00,2026-09-11T15:57:55+02:00,,,,,,,Good,50,50,ANALYTICS_INSIGHTS,"Analytics, Research & Insights",Prague,25,"Analytics, Research & Insights",Advertisement requirements not yet verified; Entry-level accessibility unconfirmed; Publication date unknown; first observation is only a lower bound on age; Latest saved review rejects or deprioritizes this vacancy,2026-10-04-v3.0,,26,First observation: minimum age only,26,UNKNOWN,,PREVIOUS_REJECTION,8,REJECTED,Publication date unknown; first observation is only a lower bound on age; Latest saved review rejects or deprioritizes this vacancy,2026-10-04-v3.0,SENIORITY_UNCONFIRMED,1,No explicit entry-level or experience-level signal in title/source seniority,4
JB_4565,GDPR Specialist/Data Protection Lawyer,TV Nova s.r.o.,,Praha – Hlubočepy,Specialist,Data/Analytics Specialist,,,,,NO,"Data & Analytics, Legal",,https://www.jobs.cz/rpd/2001396786,2026-09-11T15:57:55+02:00,2026-09-11T15:57:55+02:00,2026-09-11T15:57:55+02:00,,,,,,,Good,50,50,ANALYTICS_INSIGHTS,"Analytics, Research & Insights",Prague,25,"Analytics, Research & Insights",Advertisement requirements not yet verified; Entry-level accessibility unconfirmed; Publication date unknown; first observation is only a lower bound on age; Latest saved review rejects or deprioritizes this vacancy,2026-10-04-v3.0,,26,First observation: minimum age only,26,UNKNOWN,,PREVIOUS_REJECTION,8,REJECTED,Publication date unknown; first observation is only a lower bound on age; Latest saved review rejects or deprioritizes this vacancy,2026-10-04-v3.0,SENIORITY_UNCONFIRMED,1,No explicit entry-level or experience-level signal in title/source seniority,3
JB_3658,Customer Sales Analyst,Notino s.r.o.,,Praha – Karlín + 1 další lokalita,Analyst,Marketing/Customer Insights Analyst,,,,,NO,"Sales & Business Development, Customer Service",,https://www.jobs.cz/rpd/2001346369,2026-09-11T15:57:43+02:00,2026-09-11T15:57:43+02:00,2026-09-11T15:57:43+02:00,,,,,,,Good,50,50,ANALYTICS_INSIGHTS,"Analytics, Research & Insights",Prague,25,"Analytics, Research & Insights",Advertisement requirements not yet verified; Entry-level accessibility unconfirmed; Publication date unknown; first observation is only a lower bound on age; Latest saved review rejects or deprioritizes this vacancy,2026-10-04-v3.0,,26,First observation: minimum age only,26,UNKNOWN,,PREVIOUS_REJECTION,8,REJECTED,Publication date unknown; first observation is only a lower bound on age; Latest saved review rejects or deprioritizes this vacancy,2026-10-04-v3.0,SENIORITY_UNCONFIRMED,1,No explicit entry-level or experience-level signal in title/source seniority,4
JB_4869,BI Analyst & Business Partner,TV Nova s.r.o.,,Praha – Hlubočepy,Analyst,Data/BI Analyst,,,,,NO,Data & Analytics,,https://www.jobs.cz/rpd/2001325017,2026-09-11T15:57:15+02:00,2026-09-11T15:57:15+02:00,2026-09-11T15:57:15+02:00,,,,,,,Good,50,50,ANALYTICS_INSIGHTS,"Analytics, Research & Insights",Prague,25,"Analytics, Research & Insights",Advertisement requirements not yet verified; Entry-level accessibility unconfirmed; Publication date unknown; first observation is only a lower bound on age; Latest saved review rejects or deprioritizes this vacancy,2026-10-04-v3.0,,26,First observation: minimum age only,26,UNKNOWN,,PREVIOUS_REJECTION,8,REJECTED,Publication date unknown; first observation is only a lower bound on age; Latest saved review rejects or deprioritizes this vacancy,2026-10-04-v3.0,SENIORITY_UNCONFIRMED,1,No explicit entry-level or experience-level signal in title/source seniority,3
JB_2958,Business Intelligence Analyst,"Zentiva, k.s.",,Praha – Dolní Měcholupy,Analyst,Data/BI Analyst,,,,,NO,Data & Analytics,,https://www.jobs.cz/rpd/2001396502,2026-09-11T15:57:15+02:00,2026-09-11T15:57:15+02:00,2026-09-11T15:57:15+02:00,,,,,,,Good,50,50,ANALYTICS_INSIGHTS,"Analytics, Research & Insights",Prague,25,"Analytics, Research & Insights",Advertisement requirements not yet verified; Entry-level accessibility unconfirmed; Publication date unknown; first observation is only a lower bound on age; Latest saved review rejects or deprioritizes this vacancy,2026-10-04-v3.0,,26,First observation: minimum age only,26,UNKNOWN,,PREVIOUS_REJECTION,8,REJECTED,Publication date unknown; first observation is only a lower bound on age; Latest saved review rejects or deprioritizes this vacancy,2026-10-04-v3.0,SENIORITY_UNCONFIRMED,1,No explicit entry-level or experience-level signal in title/source seniority,3
JB_8892,Hydrological Modelling and GIS Analyst,Aon Central and Eastern Europe a.s.,,Praha – Nové Město,Analyst,Quantitative/Statistical Analyst,,,,,NO,,,https://www.jobs.cz/rpd/2001381248,2026-09-11T15:57:15+02:00,2026-09-11T15:57:15+02:00,2026-09-11T15:57:15+02:00,,,,,,,Good,50,50,ANALYTICS_INSIGHTS,"Analytics, Research & Insights",Prague,25,"Analytics, Research & Insights",Advertisement requirements not yet verified; Entry-level accessibility unconfirmed; Publication date unknown; first observation is only a lower bound on age; Latest saved review rejects or deprioritizes this vacancy,2026-10-04-v3.0,,26,First observation: minimum age only,26,UNKNOWN,,PREVIOUS_REJECTION,8,REJECTED,Publication date unknown; first observation is only a lower bound on age; Latest saved review rejects or deprioritizes this vacancy,2026-10-04-v3.0,SENIORITY_UNCONFIRMED,1,No explicit entry-level or experience-level signal in title/source seniority,4
JB_9381,Master-Data & Compliance Specialist,Bath Deluxe s.r.o.,50 000 – 70 000 Kč,Praha – Michle,Specialist,Data Governance/Quality Specialist,,,,,NO,"Data & Analytics, Compliance & Risk",,https://www.jobs.cz/rpd/2001417805,2026-09-11T15:57:15+02:00,2026-09-11T15:57:15+02:00,2026-09-11T15:57:15+02:00,,,,,,,Good,50,50,ANALYTICS_INSIGHTS,"Analytics, Research & Insights",Prague,25,"Analytics, Research & Insights",Advertisement requirements not yet verified; Entry-level accessibility unconfirmed; Publication date unknown; first observation is only a lower bound on age; Latest saved review rejects or deprioritizes this vacancy,2026-10-04-v3.0,,26,First observation: minimum age only,26,UNKNOWN,,PREVIOUS_REJECTION,8,REJECTED,Publication date unknown; first observation is only a lower bound on age; Latest saved review rejects or deprioritizes this vacancy,2026-10-04-v3.0,SENIORITY_UNCONFIRMED,1,No explicit entry-level or experience-level signal in title/source seniority,3
JB_0249,Quantitative Analyst - Prague,"EP Commodities, a.s.",,Praha – Nové Město,Analyst,Quantitative/Statistical Analyst,,,,,NO,,,https://www.jobs.cz/rpd/2001415440,2026-09-11T15:57:15+02:00,2026-09-11T15:57:15+02:00,2026-09-11T15:57:15+02:00,,,,,,,Good,50,50,ANALYTICS_INSIGHTS,"Analytics, Research & Insights",Prague,25,"Analytics, Research & Insights",Advertisement requirements not yet verified; Entry-level accessibility unconfirmed; Publication date unknown; first observation is only a lower bound on age; Latest saved review rejects or deprioritizes this vacancy,2026-10-04-v3.0,,26,First observation: minimum age only,26,UNKNOWN,,PREVIOUS_REJECTION,8,REJECTED,Publication date unknown; first observation is only a lower bound on age; Latest saved review rejects or deprioritizes this vacancy,2026-10-04-v3.0,SENIORITY_UNCONFIRMED,1,No explicit entry-level or experience-level signal in title/source seniority,4
JB_5361,Customer Data and Digital Campaign Analyst,NN,,Praha – Smíchov,Analyst,Marketing/Customer Insights Analyst,,,,,NO,"Data & Analytics, Marketing & Communications, Customer Service",,https://www.jobs.cz/rpd/2001396566,2026-09-11T15:56:42+02:00,2026-09-11T15:56:42+02:00,2026-09-11T15:56:42+02:00,,,,,,,Good,50,50,ANALYTICS_INSIGHTS,"Analytics, Research & Insights",Prague,25,"Analytics, Research & Insights",Advertisement requirements not yet verified; Entry-level accessibility unconfirmed; Publication date unknown; first observation is only a lower bound on age; Latest saved review rejects or deprioritizes this vacancy,2026-10-04-v3.0,,26,First observation: minimum age only,26,UNKNOWN,,PREVIOUS_REJECTION,8,REJECTED,Publication date unknown; first observation is only a lower bound on age; Latest saved review rejects or deprioritizes this vacancy,2026-10-04-v3.0,SENIORITY_UNCONFIRMED,1,No explicit entry-level or experience-level signal in title/source seniority,4
JB_9547,Sales Data Analyst (Route-to-Market Planner),Coca-Cola,,Praha – Kyje,Analyst,Data/BI Analyst,,,,,NO,"Data & Analytics, Sales & Business Development",,https://www.jobs.cz/rpd/2001385285,2026-09-11T15:56:42+02:00,2026-09-11T15:56:42+02:00,2026-09-11T15:56:42+02:00,,,,,,,Good,50,50,ANALYTICS_INSIGHTS,"Analytics, Research & Insights",Prague,25,"Analytics, Research & Insights",Advertisement requirements not yet verified; Entry-level accessibility unconfirmed; Publication date unknown; first observation is only a lower bound on age; Latest saved review rejects or deprioritizes this vacancy,2026-10-04-v3.0,,26,First observation: minimum age only,26,UNKNOWN,,PREVIOUS_REJECTION,8,REJECTED,Publication date unknown; first observation is only a lower bound on age; Latest saved review rejects or deprioritizes this vacancy,2026-10-04-v3.0,SENIORITY_UNCONFIRMED,1,No explicit entry-level or experience-level signal in title/source seniority,3
JB_8885,Data Analyst,"W.A.G. payment solutions, a.s.",,Praha – Nusle,Analyst,Data/BI Analyst,,,,,NO,Data & Analytics,,https://www.jobs.cz/rpd/2001419533,2026-09-11T15:56:36+02:00,2026-09-11T15:56:36+02:00,2026-09-11T15:56:36+02:00,,,,,,,Good,50,50,ANALYTICS_INSIGHTS,"Analytics, Research & Insights",Prague,25,"Analytics, Research & Insights",Advertisement requirements not yet verified; Entry-level accessibility unconfirmed; Publication date unknown; first observation is only a lower bound on age; Latest saved review rejects or deprioritizes this vacancy,2026-10-04-v3.0,,26,First observation: minimum age only,26,UNKNOWN,,PREVIOUS_REJECTION,8,REJECTED,Publication date unknown; first observation is only a lower bound on age; Latest saved review rejects or deprioritizes this vacancy,2026-10-04-v3.0,SENIORITY_UNCONFIRMED,1,No explicit entry-level or experience-level signal in title/source seniority,4
JB_5860,Data Analyst | Data with Impact,Pluxee,,Praha – Smíchov,Analyst,Data/BI Analyst,,,,,NO,Data & Analytics,,https://www.jobs.cz/rpd/2001381187,2026-09-11T15:56:36+02:00,2026-09-11T15:56:36+02:00,2026-09-11T15:56:36+02:00,,,,,,,Good,50,50,ANALYTICS_INSIGHTS,"Analytics, Research & Insights",Prague,25,"Analytics, Research & Insights",Advertisement requirements not yet verified; Entry-level accessibility unconfirmed; Publication date unknown; first observation is only a lower bound on age; Latest saved review rejects or deprioritizes this vacancy,2026-10-04-v3.0,,26,First observation: minimum age only,26,UNKNOWN,,PREVIOUS_REJECTION,8,REJECTED,Publication date unknown; first observation is only a lower bound on age; Latest saved review rejects or deprioritizes this vacancy,2026-10-04-v3.0,SENIORITY_UNCONFIRMED,1,No explicit entry-level or experience-level signal in title/source seniority,4
JB_1910,Business data analyst,Skupina ČEZ,,Praha – Michle,Analyst,Data/BI Analyst,,,,,NO,Data & Analytics,,https://www.jobs.cz/rpd/2001253997,2026-09-11T15:56:22+02:00,2026-09-11T15:56:22+02:00,2026-09-11T15:56:22+02:00,,,,,,,Good,50,50,ANALYTICS_INSIGHTS,"Analytics, Research & Insights",Prague,25,"Analytics, Research & Insights",Advertisement requirements not yet verified; Entry-level accessibility unconfirmed; Publication date unknown; first observation is only a lower bound on age; Latest saved review rejects or deprioritizes this vacancy,2026-10-04-v3.0,,26,First observation: minimum age only,26,UNKNOWN,,PREVIOUS_REJECTION,8,REJECTED,Publication date unknown; first observation is only a lower bound on age; Latest saved review rejects or deprioritizes this vacancy,2026-10-04-v3.0,SENIORITY_UNCONFIRMED,1,No explicit entry-level or experience-level signal in title/source seniority,3
JB_5431,Business Performance & Data Intelligence Specialist,Mercedes-Benz Česká republika s.r.o.,,Praha – Chodov,Specialist,Data Governance/Quality Specialist,,,,,NO,Data & Analytics,,https://www.jobs.cz/rpd/2001381341,2026-09-11T15:56:22+02:00,2026-09-11T15:56:22+02:00,2026-09-11T15:56:22+02:00,,,,,,,Good,50,50,ANALYTICS_INSIGHTS,"Analytics, Research & Insights",Prague,25,"Analytics, Research & Insights",Advertisement requirements not yet verified; Entry-level accessibility unconfirmed; Publication date unknown; first observation is only a lower bound on age; Latest saved review rejects or deprioritizes this vacancy,2026-10-04-v3.0,,26,First observation: minimum age only,26,UNKNOWN,,PREVIOUS_REJECTION,8,REJECTED,Publication date unknown; first observation is only a lower bound on age; Latest saved review rejects or deprioritizes this vacancy,2026-10-04-v3.0,SENIORITY_UNCONFIRMED,1,No explicit entry-level or experience-level signal in title/source seniority,3
JB_2791,CAD Data Specialist,"VOLKSWAGEN GROUP SERVICES, s.r.o.",,Praha – Michle,Specialist,Data/Analytics Specialist,,,,,NO,Data & Analytics,,https://www.jobs.cz/rpd/2001304834,2026-09-11T15:56:22+02:00,2026-09-11T15:56:22+02:00,2026-09-11T15:56:22+02:00,,,,,,,Good,50,50,ANALYTICS_INSIGHTS,"Analytics, Research & Insights",Prague,25,"Analytics, Research & Insights",Advertisement requirements not yet verified; Entry-level accessibility unconfirmed; Publication date unknown; first observation is only a lower bound on age; Latest saved review rejects or deprioritizes this vacancy,2026-10-04-v3.0,,26,First observation: minimum age only,26,UNKNOWN,,PREVIOUS_REJECTION,8,REJECTED,Publication date unknown; first observation is only a lower bound on age; Latest saved review rejects or deprioritizes this vacancy,2026-10-04-v3.0,SENIORITY_UNCONFIRMED,1,No explicit entry-level or experience-level signal in title/source seniority,4
JB_3961,Data Analyst - Imaging and Printing Research team,"IDC Central Europe, the Middle East & Africa",,Praha – Staré Město,Analyst,Data/BI Analyst,,,,,NO,"Data & Analytics, Education & Research",,https://www.jobs.cz/rpd/2001396645,2026-09-11T15:56:22+02:00,2026-09-11T15:56:22+02:00,2026-09-11T15:56:22+02:00,,,,,,,Good,50,50,ANALYTICS_INSIGHTS,"Analytics, Research & Insights",Prague,25,"Analytics, Research & Insights",Advertisement requirements not yet verified; Entry-level accessibility unconfirmed; Publication date unknown; first observation is only a lower bound on age; Latest saved review rejects or deprioritizes this vacancy,2026-10-04-v3.0,,26,First observation: minimum age only,26,UNKNOWN,,PREVIOUS_REJECTION,8,REJECTED,Publication date unknown; first observation is only a lower bound on age; Latest saved review rejects or deprioritizes this vacancy,2026-10-04-v3.0,SENIORITY_UNCONFIRMED,1,No explicit entry-level or experience-level signal in title/source seniority,3
JB_5179,Data Quality & Governance Specialist (f/m/d),Deutsche Börse Group,,Praha – Karlín,Specialist,Data Governance/Quality Specialist,,,,,NO,"Data & Analytics, Quality & Safety",,https://www.jobs.cz/rpd/2001384725,2026-09-11T15:56:22+02:00,2026-09-11T15:56:22+02:00,2026-09-11T15:56:22+02:00,,,,,,,Good,50,50,ANALYTICS_INSIGHTS,"Analytics, Research & Insights",Prague,25,"Analytics, Research & Insights",Advertisement requirements not yet verified; Entry-level accessibility unconfirmed; Publication date unknown; first observation is only a lower bound on age; Latest saved review rejects or deprioritizes this vacancy,2026-10-04-v3.0,,26,First observation: minimum age only,26,UNKNOWN,,PREVIOUS_REJECTION,8,REJECTED,Publication date unknown; first observation is only a lower bound on age; Latest saved review rejects or deprioritizes this vacancy,2026-10-04-v3.0,SENIORITY_UNCONFIRMED,1,No explicit entry-level or experience-level signal in title/source seniority,4
JB_4152,Data Quality Specialist,"VIG RE zajišťovna, a.s.",,Praha – Michle,Specialist,Data Governance/Quality Specialist,,,,,NO,"Data & Analytics, Quality & Safety",,https://www.jobs.cz/rpd/2001389566,2026-09-11T15:56:22+02:00,2026-09-11T15:56:22+02:00,2026-09-11T15:56:22+02:00,,,,,,,Good,50,50,ANALYTICS_INSIGHTS,"Analytics, Research & Insights",Prague,25,"Analytics, Research & Insights",Advertisement requirements not yet verified; Entry-level accessibility unconfirmed; Publication date unknown; first observation is only a lower bound on age; Latest saved review rejects or deprioritizes this vacancy,2026-10-04-v3.0,,26,First observation: minimum age only,26,UNKNOWN,,PREVIOUS_REJECTION,8,REJECTED,Publication date unknown; first observation is only a lower bound on age; Latest saved review rejects or deprioritizes this vacancy,2026-10-04-v3.0,SENIORITY_UNCONFIRMED,1,No explicit entry-level or experience-level signal in title/source seniority,3
JB_5862,Power BI & Data Governance Specialist,Skanska,,okres Praha,Specialist,Data Governance/Quality Specialist,,,,,NO,"Data & Analytics, Energy & Utilities",Power BI,https://www.jobs.cz/rpd/2001419392,2026-09-11T15:56:22+02:00,2026-09-11T15:56:22+02:00,2026-09-11T15:56:22+02:00,,,,,,,Good,50,50,ANALYTICS_INSIGHTS,"Analytics, Research & Insights",Prague,25,"Analytics, Research & Insights",Advertisement requirements not yet verified; Entry-level accessibility unconfirmed; Publication date unknown; first observation is only a lower bound on age; Latest saved review rejects or deprioritizes this vacancy,2026-10-04-v3.0,,26,First observation: minimum age only,26,UNKNOWN,,PREVIOUS_REJECTION,8,REJECTED,Publication date unknown; first observation is only a lower bound on age; Latest saved review rejects or deprioritizes this vacancy,2026-10-04-v3.0,SENIORITY_UNCONFIRMED,1,No explicit entry-level or experience-level signal in title/source seniority,4
BLT_2773,Customer Insights Analyst,Corpay,583K-840K Annually,"Prague, CZE",Analyst,Market/Consumer Intelligence Analyst,,Mid level,Mid level,,NO,Customer Service,,https://builtin.com/job/customer-insights-analyst/10434722,,,,,,,,,,Good,50,50,ANALYTICS_INSIGHTS,"Analytics, Research & Insights",Prague,,"Analytics, Research & Insights",Advertisement requirements not yet verified; Mid-level experience needs verification; Publication and observation dates unknown; Latest saved review rejects or deprioritizes this vacancy,2026-10-04-v3.0,,,Unknown,,UNKNOWN,,PREVIOUS_REJECTION,8,REJECTED,Publication and observation dates unknown; Latest saved review rejects or deprioritizes this vacancy,2026-10-04-v3.0,EXPERIENCED_LEVEL_SIGNAL,3,Seniority: Mid level,3
BLT_7014,Data Analyst (Slovak),Lightcast,,3 Locations,Analyst,Data/BI Analyst,,Entry level,Entry level,,NO,Data & Analytics,,https://builtin.com/job/data-analyst-slovak/10646288,,,,,,,,,,Good,50,50,ANALYTICS_INSIGHTS,"Analytics, Research & Insights",Verify Prague eligibility,,"Analytics, Research & Insights; Entry-level signal",Advertisement requirements not yet verified; Title names a language outside the profile; requirement needs verification; Prague eligibility unresolved; Publication and observation dates unknown; Latest saved review rejects or deprioritizes this vacancy,2026-10-04-v3.0,,,Unknown,,UNKNOWN,,PREVIOUS_REJECTION,8,REJECTED,Publication and observation dates unknown; Latest saved review rejects or deprioritizes this vacancy,2026-10-04-v3.0,ENTRY_LEVEL_SIGNAL,0,Seniority: Entry level,4
BLT_3754,Data Analyst (SQL & dbt),saas.group,,27 Locations,Analyst,Data/BI Analyst,,Mid level,Mid level,,NO,Data & Analytics,"SQL, dbt",https://builtin.com/job/data-analyst-sql-dbt/11225932,2026-09-18T13:00:43+02:00,2026-09-18T13:00:43+02:00,2026-09-18T13:00:43+02:00,,,,,,,Exploratory,46,46,ANALYTICS_INSIGHTS,"Analytics, Research & Insights",Verify Prague eligibility,19,"Analytics, Research & Insights; sql",Advertisement requirements not yet verified; Mid-level experience needs verification; Prague eligibility unresolved; Publication date unknown; first observation is only a lower bound on age; Latest saved review rejects or deprioritizes this vacancy,2026-10-04-v3.0,,19,First observation: minimum age only,19,UNKNOWN,,PREVIOUS_REJECTION,8,REJECTED,Publication date unknown; first observation is only a lower bound on age; Latest saved review rejects or deprioritizes this vacancy,2026-10-04-v3.0,EXPERIENCED_LEVEL_SIGNAL,3,Seniority: Mid level,3
JB_4777,Master Data Specialist,SAINT-GOBAIN,,Hořovice,Specialist,Data Governance/Quality Specialist,,,,,NO,Data & Analytics,,https://www.jobs.cz/rpd/2001457607,2026-10-02T11:09:47+02:00,2026-10-02T11:09:47+02:00,2026-10-02T11:09:47+02:00,,,,,,,Exploratory,45,45,ANALYTICS_INSIGHTS,"Analytics, Research & Insights",Verify Prague eligibility,5,"Analytics, Research & Insights",Advertisement requirements not yet verified; Entry-level accessibility unconfirmed; Prague eligibility unresolved; Publication date unknown; first observation is only a lower bound on age; Latest saved review rejects or deprioritizes this vacancy,2026-10-04-v3.0,,5,First observation: minimum age only,5,UNKNOWN,,PREVIOUS_REJECTION,8,REJECTED,Publication date unknown; first observation is only a lower bound on age; Latest saved review rejects or deprioritizes this vacancy,2026-10-04-v3.0,SENIORITY_UNCONFIRMED,1,No explicit entry-level or experience-level signal in title/source seniority,4
BLT_5674,Marketing Analyst,Growe Talents,,28 Locations,Analyst,Marketing/Customer Insights Analyst,,Mid level,Mid level,,NO,Marketing & Communications,,https://builtin.com/job/marketing-analyst/11369241,2026-09-26T10:06:23+02:00,2026-09-26T10:06:23+02:00,2026-09-26T10:06:23+02:00,,,,,,,Exploratory,45,45,ANALYTICS_INSIGHTS,"Analytics, Research & Insights",Verify Prague eligibility,11,"Analytics, Research & Insights",Advertisement requirements not yet verified; Mid-level experience needs verification; Prague eligibility unresolved; Publication date unknown; first observation is only a lower bound on age; Latest saved review rejects or deprioritizes this vacancy,2026-10-04-v3.0,,11,First observation: minimum age only,11,UNKNOWN,,PREVIOUS_REJECTION,8,REJECTED,Publication date unknown; first observation is only a lower bound on age; Latest saved review rejects or deprioritizes this vacancy,2026-10-04-v3.0,EXPERIENCED_LEVEL_SIGNAL,3,Seniority: Mid level,4
JB_1654,Tender & Transport Data Analyst,FM LOGISTIC,,Tuchoměřice,Analyst,Data/BI Analyst,,,,,NO,"Data & Analytics, Supply Chain & Logistics",,https://www.jobs.cz/rpd/2001440614,2026-09-22T18:59:24+02:00,2026-09-22T18:59:24+02:00,2026-09-22T18:59:24+02:00,,,,,,,Exploratory,45,45,ANALYTICS_INSIGHTS,"Analytics, Research & Insights",Verify Prague eligibility,14,"Analytics, Research & Insights",Advertisement requirements not yet verified; Entry-level accessibility unconfirmed; Prague eligibility unresolved; Publication date unknown; first observation is only a lower bound on age; Latest saved review rejects or deprioritizes this vacancy,2026-10-04-v3.0,,15,First observation: minimum age only,15,UNKNOWN,,PREVIOUS_REJECTION,8,REJECTED,Publication date unknown; first observation is only a lower bound on age; Latest saved review rejects or deprioritizes this vacancy,2026-10-04-v3.0,SENIORITY_UNCONFIRMED,1,No explicit entry-level or experience-level signal in title/source seniority,3
JB_3255,Product Data & Systems Specialist,VAFO PRODUCTION,,Chrášťany,Specialist,Data/Analytics Specialist,,,,,NO,"Data & Analytics, IT & Software",,https://www.jobs.cz/rpd/2001364143,2026-09-11T15:57:15+02:00,2026-09-11T15:57:15+02:00,2026-09-11T15:57:15+02:00,,,,,,,Exploratory,45,45,ANALYTICS_INSIGHTS,"Analytics, Research & Insights",Verify Prague eligibility,25,"Analytics, Research & Insights",Advertisement requirements not yet verified; Entry-level accessibility unconfirmed; Prague eligibility unresolved; Publication date unknown; first observation is only a lower bound on age; Latest saved review rejects or deprioritizes this vacancy,2026-10-04-v3.0,,26,First observation: minimum age only,26,UNKNOWN,,PREVIOUS_REJECTION,8,REJECTED,Publication date unknown; first observation is only a lower bound on age; Latest saved review rejects or deprioritizes this vacancy,2026-10-04-v3.0,SENIORITY_UNCONFIRMED,1,No explicit entry-level or experience-level signal in title/source seniority,4
JB_8875,Master Data Specialist,"PFANNER, spol. s r.o.",,Hostivice,Specialist,Data Governance/Quality Specialist,,,,,NO,Data & Analytics,,https://www.jobs.cz/rpd/2001421273,2026-09-11T15:56:57+02:00,2026-09-11T15:56:57+02:00,2026-09-11T15:56:57+02:00,,,,,,,Exploratory,45,45,ANALYTICS_INSIGHTS,"Analytics, Research & Insights",Verify Prague eligibility,25,"Analytics, Research & Insights",Advertisement requirements not yet verified; Entry-level accessibility unconfirmed; Prague eligibility unresolved; Publication date unknown; first observation is only a lower bound on age; Latest saved review rejects or deprioritizes this vacancy,2026-10-04-v3.0,,26,First observation: minimum age only,26,UNKNOWN,,PREVIOUS_REJECTION,8,REJECTED,Publication date unknown; first observation is only a lower bound on age; Latest saved review rejects or deprioritizes this vacancy,2026-10-04-v3.0,SENIORITY_UNCONFIRMED,1,No explicit entry-level or experience-level signal in title/source seniority,3
JB_9202,AI Data & Systems Readiness Specialist (m/f),Škoda Auto a.s.,,Mladá Boleslav – Mladá Boleslav II,Specialist,Data/Analytics Specialist,,,,,NO,"Data & Analytics, AI & Machine Learning, IT & Software",,https://www.jobs.cz/rpd/2001391651,2026-09-11T15:56:22+02:00,2026-09-11T15:56:22+02:00,2026-09-11T15:56:22+02:00,,,,,,,Exploratory,45,45,ANALYTICS_INSIGHTS,"Analytics, Research & Insights",Verify Prague eligibility,25,"Analytics, Research & Insights",Advertisement requirements not yet verified; Entry-level accessibility unconfirmed; Prague eligibility unresolved; Publication date unknown; first observation is only a lower bound on age; Latest saved review rejects or deprioritizes this vacancy,2026-10-04-v3.0,,26,First observation: minimum age only,26,UNKNOWN,,PREVIOUS_REJECTION,8,REJECTED,Publication date unknown; first observation is only a lower bound on age; Latest saved review rejects or deprioritizes this vacancy,2026-10-04-v3.0,SENIORITY_UNCONFIRMED,1,No explicit entry-level or experience-level signal in title/source seniority,4
BLT_3253,Analytics Implementation Consultant,Sporty Group,,27 Locations,Consultant,Data/Analytics Consultant,,Mid level,Mid level,,NO,Data & Analytics,,https://builtin.com/job/analytics-implementation-consultant/10304889,,,,,,,,,,Exploratory,45,45,ANALYTICS_INSIGHTS,"Analytics, Research & Insights",Verify Prague eligibility,,"Analytics, Research & Insights",Advertisement requirements not yet verified; Mid-level experience needs verification; Prague eligibility unresolved; Publication and observation dates unknown; Latest saved review rejects or deprioritizes this vacancy,2026-10-04-v3.0,,,Unknown,,UNKNOWN,,PREVIOUS_REJECTION,8,REJECTED,Publication and observation dates unknown; Latest saved review rejects or deprioritizes this vacancy,2026-10-04-v3.0,EXPERIENCED_LEVEL_SIGNAL,3,Seniority: Mid level,4
BLT_9263,Data Analyst,RevenueCat,,41 Locations,Analyst,Data/BI Analyst,,Mid level,Mid level,,NO,Data & Analytics,,https://builtin.com/job/data-analyst/10521222,,,,,,,,,,Exploratory,45,45,ANALYTICS_INSIGHTS,"Analytics, Research & Insights",Verify Prague eligibility,,"Analytics, Research & Insights",Advertisement requirements not yet verified; Mid-level experience needs verification; Prague eligibility unresolved; Publication and observation dates unknown; Latest saved review rejects or deprioritizes this vacancy,2026-10-04-v3.0,,,Unknown,,UNKNOWN,,PREVIOUS_REJECTION,8,REJECTED,Publication and observation dates unknown; Latest saved review rejects or deprioritizes this vacancy,2026-10-04-v3.0,EXPERIENCED_LEVEL_SIGNAL,3,Seniority: Mid level,4
BLT_0416,Data Analyst with spectroscopy background,D-ploy,,Czechia,Analyst,Data/BI Analyst,,Mid level,Mid level,,NO,Data & Analytics,,https://builtin.com/job/data-analyst-spectroscopy-background/9700058,,,,,,,,,,Exploratory,45,45,ANALYTICS_INSIGHTS,"Analytics, Research & Insights",Verify Prague eligibility,,"Analytics, Research & Insights",Advertisement requirements not yet verified; Mid-level experience needs verification; Prague eligibility unresolved; Publication and observation dates unknown; Latest saved review rejects or deprioritizes this vacancy,2026-10-04-v3.0,,,Unknown,,UNKNOWN,,PREVIOUS_REJECTION,8,REJECTED,Publication and observation dates unknown; Latest saved review rejects or deprioritizes this vacancy,2026-10-04-v3.0,EXPERIENCED_LEVEL_SIGNAL,3,Seniority: Mid level,4
JB_1027,Databázový specialista – ERP i6 / MS SQL (Praha),PŘEDVÝBĚR.CZ a.s.,,Praha – Štěrboholy,Specialist,Data/Analytics Specialist,,,,,NO,,"SQL, MS SQL Server",https://www.jobs.cz/rpd/2001405811,2026-09-11T16:20:20+02:00,2026-09-11T16:20:20+02:00,2026-09-11T16:20:20+02:00,,,,,,,Exploratory,43,43,ANALYTICS_INSIGHTS,"Analytics, Research & Insights",Prague,25,"Analytics, Research & Insights; sql",Advertisement requirements not yet verified; Entry-level accessibility unconfirmed; Czech-language title: workplace language needs verification; Publication date unknown; first observation is only a lower bound on age; Latest saved review rejects or deprioritizes this vacancy,2026-10-04-v3.0,,26,First observation: minimum age only,26,UNKNOWN,,PREVIOUS_REJECTION,8,REJECTED,Publication date unknown; first observation is only a lower bound on age; Latest saved review rejects or deprioritizes this vacancy,2026-10-04-v3.0,SENIORITY_UNCONFIRMED,1,No explicit entry-level or experience-level signal in title/source seniority,4
JB_9948,Business Analyst / SQL / Remote / Full-time,Manpower IT,,Praha + 2 další lokality,Analyst,Business/Process Analyst,,,,,NO,,SQL,https://www.jobs.cz/rpd/2001293507,2026-09-11T15:57:15+02:00,2026-09-11T15:57:15+02:00,2026-09-11T15:57:15+02:00,,,,,,,Exploratory,43,43,BUSINESS_PROCESS,"Business, Operations & Process Analysis",Prague,25,"Business, Operations & Process Analysis; sql",Advertisement requirements not yet verified; Entry-level accessibility unconfirmed; Publication date unknown; first observation is only a lower bound on age; Latest saved review rejects or deprioritizes this vacancy,2026-10-04-v3.0,,26,First observation: minimum age only,26,UNKNOWN,,PREVIOUS_REJECTION,8,REJECTED,Publication date unknown; first observation is only a lower bound on age; Latest saved review rejects or deprioritizes this vacancy,2026-10-04-v3.0,SENIORITY_UNCONFIRMED,1,No explicit entry-level or experience-level signal in title/source seniority,3
JB_7562,Zkušený SQL / databázový specialista,"Medor Solutions, s.r.o.",60 000 – 80 000 Kč,Praha – Libeň,Specialist,Data/Analytics Specialist,,,,,NO,,SQL,https://www.jobs.cz/rpd/2001400970,2026-09-11T15:56:42+02:00,2026-09-11T15:56:42+02:00,2026-09-11T15:56:42+02:00,,,,,,,Exploratory,43,43,ANALYTICS_INSIGHTS,"Analytics, Research & Insights",Prague,25,"Analytics, Research & Insights; sql",Advertisement requirements not yet verified; Entry-level accessibility unconfirmed; Czech-language title: workplace language needs verification; Publication date unknown; first observation is only a lower bound on age; Latest saved review rejects or deprioritizes this vacancy,2026-10-04-v3.0,,26,First observation: minimum age only,26,UNKNOWN,,PREVIOUS_REJECTION,8,REJECTED,Publication date unknown; first observation is only a lower bound on age; Latest saved review rejects or deprioritizes this vacancy,2026-10-04-v3.0,SENIORITY_UNCONFIRMED,1,No explicit entry-level or experience-level signal in title/source seniority,4
JB_9051,Voice of Customer Analyst – BI (m/ž),Kaufland Česká republika v.o.s.,,Praha – Břevnov,Analyst,Marketing/Customer Insights Analyst,,,,,NO,"Data & Analytics, Customer Service",,https://www.jobs.cz/rpd/2001458648,2026-10-02T11:11:36+02:00,2026-10-02T11:11:36+02:00,2026-10-02T11:11:36+02:00,,,,,,,Exploratory,42,42,ANALYTICS_INSIGHTS,"Analytics, Research & Insights",Prague,5,"Analytics, Research & Insights",Advertisement requirements not yet verified; Entry-level accessibility unconfirmed; Czech-language title: workplace language needs verification; Publication date unknown; first observation is only a lower bound on age; Latest saved review rejects or deprioritizes this vacancy,2026-10-04-v3.0,,5,First observation: minimum age only,5,UNKNOWN,,PREVIOUS_REJECTION,8,REJECTED,Publication date unknown; first observation is only a lower bound on age; Latest saved review rejects or deprioritizes this vacancy,2026-10-04-v3.0,SENIORITY_UNCONFIRMED,1,No explicit entry-level or experience-level signal in title/source seniority,3
JB_0185,Ekonom - analytik,EKOSPOL a.s.,70 000 – 92 000 Kč,Praha – Holešovice,Analyst,Economic/Policy Analyst,,,,,NO,Data & Analytics,,https://www.jobs.cz/rpd/2001457103,2026-10-02T11:10:44+02:00,2026-10-02T11:10:44+02:00,2026-10-02T11:10:44+02:00,,,,,,,Exploratory,42,42,ANALYTICS_INSIGHTS,"Analytics, Research & Insights",Prague,5,"Analytics, Research & Insights",Advertisement requirements not yet verified; Entry-level accessibility unconfirmed; Czech-language title: workplace language needs verification; Publication date unknown; first observation is only a lower bound on age; Latest saved review rejects or deprioritizes this vacancy,2026-10-04-v3.0,,5,First observation: minimum age only,5,UNKNOWN,,PREVIOUS_REJECTION,8,REJECTED,Publication date unknown; first observation is only a lower bound on age; Latest saved review rejects or deprioritizes this vacancy,2026-10-04-v3.0,SENIORITY_UNCONFIRMED,1,No explicit entry-level or experience-level signal in title/source seniority,4
JB_7904,BI konzultant,"Asseco Solutions, a.s.",,Praha – Braník,Consultant,Data/Analytics Consultant,,,,,NO,Data & Analytics,,https://www.jobs.cz/rpd/2001457561,2026-10-02T11:10:17+02:00,2026-10-02T11:10:17+02:00,2026-10-02T11:10:17+02:00,,,,,,,Exploratory,42,42,ANALYTICS_INSIGHTS,"Analytics, Research & Insights",Prague,5,"Analytics, Research & Insights",Advertisement requirements not yet verified; Entry-level accessibility unconfirmed; Czech-language title: workplace language needs verification; Publication date unknown; first observation is only a lower bound on age; Latest saved review rejects or deprioritizes this vacancy,2026-10-04-v3.0,,5,First observation: minimum age only,5,UNKNOWN,,PREVIOUS_REJECTION,8,REJECTED,Publication date unknown; first observation is only a lower bound on age; Latest saved review rejects or deprioritizes this vacancy,2026-10-04-v3.0,SENIORITY_UNCONFIRMED,1,No explicit entry-level or experience-level signal in title/source seniority,3
JB_8278,Webový/á analytik/čka,"Člověk v tísni, o.p.s.",45 000 – 50 000 Kč,Praha – Vinohrady,Analyst,Marketing/Customer Insights Analyst,,,,,NO,Data & Analytics,,https://www.jobs.cz/rpd/2001441487,2026-09-23T20:06:53+02:00,2026-09-23T20:06:53+02:00,2026-09-23T20:06:53+02:00,,,,,,,Exploratory,42,42,ANALYTICS_INSIGHTS,"Analytics, Research & Insights",Prague,13,"Analytics, Research & Insights",Advertisement requirements not yet verified; Entry-level accessibility unconfirmed; Czech-language title: workplace language needs verification; Publication date unknown; first observation is only a lower bound on age; Latest saved review rejects or deprioritizes this vacancy,2026-10-04-v3.0,,14,First observation: minimum age only,14,UNKNOWN,,PREVIOUS_REJECTION,8,REJECTED,Publication date unknown; first observation is only a lower bound on age; Latest saved review rejects or deprioritizes this vacancy,2026-10-04-v3.0,SENIORITY_UNCONFIRMED,1,No explicit entry-level or experience-level signal in title/source seniority,3
JB_3215,Datový analytik / analytička cross-mediálního výzkumu,"MEDIAN, s.r.o.",,Praha – Dolní Počernice,Analyst,Data/BI Analyst,,,,,NO,"Data & Analytics, Education & Research",,https://www.jobs.cz/rpd/2001432791,2026-09-18T13:06:02+02:00,2026-09-18T13:06:02+02:00,2026-09-18T13:06:02+02:00,,,,,,,Exploratory,42,42,ANALYTICS_INSIGHTS,"Analytics, Research & Insights",Prague,19,"Analytics, Research & Insights",Advertisement requirements not yet verified; Entry-level accessibility unconfirmed; Czech-language title: workplace language needs verification; Publication date unknown; first observation is only a lower bound on age; Latest saved review rejects or deprioritizes this vacancy,2026-10-04-v3.0,,19,First observation: minimum age only,19,UNKNOWN,,PREVIOUS_REJECTION,8,REJECTED,Publication date unknown; first observation is only a lower bound on age; Latest saved review rejects or deprioritizes this vacancy,2026-10-04-v3.0,SENIORITY_UNCONFIRMED,1,No explicit entry-level or experience-level signal in title/source seniority,3
SJ_107771,Specialista / specialistka datově-inovačních projektů,Digital First Marketing Group s.r.o.,,Prague,Specialist,Data/Analytics Specialist,,,,,NO,"Project & Program Management, Engineering & R&D",,https://www.startupjobs.cz/nabidka/107771/specialista-specialistka-datove-inovacnich-projektu,2026-09-14T22:28:07+02:00,2026-09-14T22:28:07+02:00,2026-09-14T22:28:07+02:00,,,,,,,Exploratory,42,42,ANALYTICS_INSIGHTS,"Analytics, Research & Insights",Prague,22,"Analytics, Research & Insights",Advertisement requirements not yet verified; Entry-level accessibility unconfirmed; Czech-language title: workplace language needs verification; Publication date unknown; first observation is only a lower bound on age; Latest saved review rejects or deprioritizes this vacancy,2026-10-04-v3.0,,23,First observation: minimum age only,23,UNKNOWN,,PREVIOUS_REJECTION,8,REJECTED,Publication date unknown; first observation is only a lower bound on age; Latest saved review rejects or deprioritizes this vacancy,2026-10-04-v3.0,SENIORITY_UNCONFIRMED,1,No explicit entry-level or experience-level signal in title/source seniority,4
JB_3258,DC Operations Specialist – příležitost i pro elektrotechniky bez praxe v datových centrech,České Radiokomunikace a.s.,,Praha – Žižkov,Specialist,Data/Analytics Specialist,,,,,NO,,,https://www.jobs.cz/rpd/2001312553,2026-09-11T17:03:14+02:00,2026-09-11T17:03:14+02:00,2026-09-11T17:03:14+02:00,,,,,,,Exploratory,42,42,ANALYTICS_INSIGHTS,"Analytics, Research & Insights",Prague,25,"Analytics, Research & Insights",Advertisement requirements not yet verified; Entry-level accessibility unconfirmed; Czech-language title: workplace language needs verification; Publication date unknown; first observation is only a lower bound on age; Latest saved review rejects or deprioritizes this vacancy,2026-10-04-v3.0,,26,First observation: minimum age only,26,UNKNOWN,,PREVIOUS_REJECTION,8,REJECTED,Publication date unknown; first observation is only a lower bound on age; Latest saved review rejects or deprioritizes this vacancy,2026-10-04-v3.0,SENIORITY_UNCONFIRMED,1,No explicit entry-level or experience-level signal in title/source seniority,4
JB_4755,Právník*právnička pro datovou regulaci a AI,Raiffeisenbank a.s.,,Praha,Specialist,Data/Analytics Specialist,,,,,NO,"AI & Machine Learning, Legal",,https://www.jobs.cz/rpd/2001390544,2026-09-11T16:18:17+02:00,2026-09-11T16:18:17+02:00,2026-09-11T16:18:17+02:00,,,,,,,Exploratory,42,42,ANALYTICS_INSIGHTS,"Analytics, Research & Insights",Prague,25,"Analytics, Research & Insights",Advertisement requirements not yet verified; Entry-level accessibility unconfirmed; Czech-language title: workplace language needs verification; Publication date unknown; first observation is only a lower bound on age; Latest saved review rejects or deprioritizes this vacancy,2026-10-04-v3.0,,26,First observation: minimum age only,26,UNKNOWN,,PREVIOUS_REJECTION,8,REJECTED,Publication date unknown; first observation is only a lower bound on age; Latest saved review rejects or deprioritizes this vacancy,2026-10-04-v3.0,SENIORITY_UNCONFIRMED,1,No explicit entry-level or experience-level signal in title/source seniority,3
JB_7373,DATOVÝ ANALYTIK / STATISTIK,Centrum pro zjišťování výsledků vzdělávání,,Praha – Holešovice,Analyst,Data/BI Analyst,,,,,NO,Data & Analytics,,https://www.jobs.cz/rpd/2001385247,2026-09-11T15:58:59+02:00,2026-09-11T15:58:59+02:00,2026-09-11T15:58:59+02:00,,,,,,,Exploratory,42,42,ANALYTICS_INSIGHTS,"Analytics, Research & Insights",Prague,25,"Analytics, Research & Insights",Advertisement requirements not yet verified; Entry-level accessibility unconfirmed; Czech-language title: workplace language needs verification; Publication date unknown; first observation is only a lower bound on age; Latest saved review rejects or deprioritizes this vacancy,2026-10-04-v3.0,,26,First observation: minimum age only,26,UNKNOWN,,PREVIOUS_REJECTION,8,REJECTED,Publication date unknown; first observation is only a lower bound on age; Latest saved review rejects or deprioritizes this vacancy,2026-10-04-v3.0,SENIORITY_UNCONFIRMED,1,No explicit entry-level or experience-level signal in title/source seniority,4
JB_2029,Webový analytik a SEO specialista,Ušetřeno.cz s.r.o.,,Praha – Nusle,Analyst,Marketing/Customer Insights Analyst,,,,,NO,"Data & Analytics, Marketing & Communications",,https://www.jobs.cz/rpd/2001395953,2026-09-11T15:58:50+02:00,2026-09-11T15:58:50+02:00,2026-09-11T15:58:50+02:00,,,,,,,Exploratory,42,42,ANALYTICS_INSIGHTS,"Analytics, Research & Insights",Prague,25,"Analytics, Research & Insights",Advertisement requirements not yet verified; Entry-level accessibility unconfirmed; Czech-language title: workplace language needs verification; Publication date unknown; first observation is only a lower bound on age; Latest saved review rejects or deprioritizes this vacancy,2026-10-04-v3.0,,26,First observation: minimum age only,26,UNKNOWN,,PREVIOUS_REJECTION,8,REJECTED,Publication date unknown; first observation is only a lower bound on age; Latest saved review rejects or deprioritizes this vacancy,2026-10-04-v3.0,SENIORITY_UNCONFIRMED,1,No explicit entry-level or experience-level signal in title/source seniority,4
JB_9030,SPECIALISTA/KA FINANČNÍCH DAT,Acredité,,Praha – Michle,Specialist,Data/Analytics Specialist,,,,,NO,,,https://www.jobs.cz/rpd/2001415570,2026-09-11T15:58:25+02:00,2026-09-11T15:58:25+02:00,2026-09-11T15:58:25+02:00,,,,,,,Exploratory,42,42,ANALYTICS_INSIGHTS,"Analytics, Research & Insights",Prague,25,"Analytics, Research & Insights",Advertisement requirements not yet verified; Entry-level accessibility unconfirmed; Czech-language title: workplace language needs verification; Publication date unknown; first observation is only a lower bound on age; Latest saved review rejects or deprioritizes this vacancy,2026-10-04-v3.0,,26,First observation: minimum age only,26,UNKNOWN,,PREVIOUS_REJECTION,8,REJECTED,Publication date unknown; first observation is only a lower bound on age; Latest saved review rejects or deprioritizes this vacancy,2026-10-04-v3.0,SENIORITY_UNCONFIRMED,1,No explicit entry-level or experience-level signal in title/source seniority,4
JB_2818,Specialista/ka v oblasti datové infrastruktury a služeb (Life Sciences),"Ústav molekulární genetiky AV ČR, v.v.i.",,Praha – Krč,Specialist,Data/Analytics Specialist,,,,,NO,,,https://www.jobs.cz/rpd/2001345737,2026-09-11T15:58:25+02:00,2026-09-11T15:58:25+02:00,2026-09-11T15:58:25+02:00,,,,,,,Exploratory,42,42,ANALYTICS_INSIGHTS,"Analytics, Research & Insights",Prague,25,"Analytics, Research & Insights",Advertisement requirements not yet verified; Entry-level accessibility unconfirmed; Czech-language title: workplace language needs verification; Publication date unknown; first observation is only a lower bound on age; Latest saved review rejects or deprioritizes this vacancy,2026-10-04-v3.0,,26,First observation: minimum age only,26,UNKNOWN,,PREVIOUS_REJECTION,8,REJECTED,Publication date unknown; first observation is only a lower bound on age; Latest saved review rejects or deprioritizes this vacancy,2026-10-04-v3.0,SENIORITY_UNCONFIRMED,1,No explicit entry-level or experience-level signal in title/source seniority,4
JB_4555,"BI datový analytik (Oracle, MSSQL, BI) -Praha",Banka CREDITAS a.s.,,Praha – Karlín,Analyst,Data/BI Analyst,,,,,NO,Data & Analytics,"Oracle, MS SQL Server",https://www.jobs.cz/rpd/2001210635,2026-09-11T15:57:55+02:00,2026-09-11T15:57:55+02:00,2026-09-11T15:57:55+02:00,,,,,,,Exploratory,42,42,ANALYTICS_INSIGHTS,"Analytics, Research & Insights",Prague,25,"Analytics, Research & Insights",Advertisement requirements not yet verified; Entry-level accessibility unconfirmed; Czech-language title: workplace language needs verification; Publication date unknown; first observation is only a lower bound on age; Latest saved review rejects or deprioritizes this vacancy,2026-10-04-v3.0,,26,First observation: minimum age only,26,UNKNOWN,,PREVIOUS_REJECTION,8,REJECTED,Publication date unknown; first observation is only a lower bound on age; Latest saved review rejects or deprioritizes this vacancy,2026-10-04-v3.0,SENIORITY_UNCONFIRMED,1,No explicit entry-level or experience-level signal in title/source seniority,3
JB_4636,PRICING ANALYST - ANALYTIK PŘEPRAV,Expeditors International ČR s.r.o.,,Praha – Ruzyně,Analyst,Commercial/Pricing Analyst,,,,,NO,"Data & Analytics, Finance & Banking",,https://www.jobs.cz/rpd/2001381020,2026-09-11T15:57:55+02:00,2026-09-11T15:57:55+02:00,2026-09-11T15:57:55+02:00,,,,,,,Exploratory,42,42,ANALYTICS_INSIGHTS,"Analytics, Research & Insights",Prague,25,"Analytics, Research & Insights",Advertisement requirements not yet verified; Entry-level accessibility unconfirmed; Czech-language title: workplace language needs verification; Publication date unknown; first observation is only a lower bound on age; Latest saved review rejects or deprioritizes this vacancy,2026-10-04-v3.0,,26,First observation: minimum age only,26,UNKNOWN,,PREVIOUS_REJECTION,8,REJECTED,Publication date unknown; first observation is only a lower bound on age; Latest saved review rejects or deprioritizes this vacancy,2026-10-04-v3.0,SENIORITY_UNCONFIRMED,1,No explicit entry-level or experience-level signal in title/source seniority,4
JB_5246,"Business analyst | Reporting, forecast & supply chain | International environmen",Grafton Recruitment s.r.o.,40 000 – 60 000 Kč,Praha,Analyst,Business/Process Analyst,,,,,NO,"Data & Analytics, Supply Chain & Logistics",,https://www.jobs.cz/rpd/2001379409,2026-09-11T15:57:15+02:00,2026-09-11T15:57:15+02:00,2026-09-11T15:57:15+02:00,,,,,,,Exploratory,42,42,BUSINESS_PROCESS,"Business, Operations & Process Analysis",Prague,25,"Business, Operations & Process Analysis",Advertisement requirements not yet verified; Entry-level accessibility unconfirmed; Publication date unknown; first observation is only a lower bound on age; Latest saved review rejects or deprioritizes this vacancy,2026-10-04-v3.0,,26,First observation: minimum age only,26,UNKNOWN,,PREVIOUS_REJECTION,8,REJECTED,Publication date unknown; first observation is only a lower bound on age; Latest saved review rejects or deprioritizes this vacancy,2026-10-04-v3.0,SENIORITY_UNCONFIRMED,1,No explicit entry-level or experience-level signal in title/source seniority,4
JB_3587,Datový analytik / datová analytička,Středočeský kraj,,Praha – Smíchov,Analyst,Data/BI Analyst,,,,,NO,Data & Analytics,,https://www.jobs.cz/rpd/2001299090,2026-09-11T15:57:15+02:00,2026-09-11T15:57:15+02:00,2026-09-11T15:57:15+02:00,,,,,,,Exploratory,42,42,ANALYTICS_INSIGHTS,"Analytics, Research & Insights",Prague,25,"Analytics, Research & Insights",Advertisement requirements not yet verified; Entry-level accessibility unconfirmed; Czech-language title: workplace language needs verification; Publication date unknown; first observation is only a lower bound on age; Latest saved review rejects or deprioritizes this vacancy,2026-10-04-v3.0,,26,First observation: minimum age only,26,UNKNOWN,,PREVIOUS_REJECTION,8,REJECTED,Publication date unknown; first observation is only a lower bound on age; Latest saved review rejects or deprioritizes this vacancy,2026-10-04-v3.0,SENIORITY_UNCONFIRMED,1,No explicit entry-level or experience-level signal in title/source seniority,4
JB_8315,Datový analytik - Retailová obchodní podpora (m/ž),"ČSOB Československá obchodní banka, a. s.",,Praha – Radlice,Analyst,Data/BI Analyst,,,,,NO,"Data & Analytics, Sales & Business Development",,https://www.jobs.cz/rpd/2001396093,2026-09-11T15:57:03+02:00,2026-09-11T15:57:03+02:00,2026-09-11T15:57:03+02:00,,,,,,,Exploratory,42,42,ANALYTICS_INSIGHTS,"Analytics, Research & Insights",Prague,25,"Analytics, Research & Insights",Advertisement requirements not yet verified; Entry-level accessibility unconfirmed; Czech-language title: workplace language needs verification; Publication date unknown; first observation is only a lower bound on age; Latest saved review rejects or deprioritizes this vacancy,2026-10-04-v3.0,,26,First observation: minimum age only,26,UNKNOWN,,PREVIOUS_REJECTION,8,REJECTED,Publication date unknown; first observation is only a lower bound on age; Latest saved review rejects or deprioritizes this vacancy,2026-10-04-v3.0,SENIORITY_UNCONFIRMED,1,No explicit entry-level or experience-level signal in title/source seniority,3
JB_3296,Datový analytik-statistik,CEEOR spol. s r.o.,,Praha – Smíchov,Analyst,Data/BI Analyst,,,,,NO,Data & Analytics,,https://www.jobs.cz/rpd/2001190770,2026-09-11T15:57:03+02:00,2026-09-11T15:57:03+02:00,2026-09-11T15:57:03+02:00,,,,,,,Exploratory,42,42,ANALYTICS_INSIGHTS,"Analytics, Research & Insights",Prague,25,"Analytics, Research & Insights",Advertisement requirements not yet verified; Entry-level accessibility unconfirmed; Czech-language title: workplace language needs verification; Publication date unknown; first observation is only a lower bound on age; Latest saved review rejects or deprioritizes this vacancy,2026-10-04-v3.0,,26,First observation: minimum age only,26,UNKNOWN,,PREVIOUS_REJECTION,8,REJECTED,Publication date unknown; first observation is only a lower bound on age; Latest saved review rejects or deprioritizes this vacancy,2026-10-04-v3.0,SENIORITY_UNCONFIRMED,1,No explicit entry-level or experience-level signal in title/source seniority,4
JB_4879,PR specialista/ka a Data Steward,"Etnologický ústav AV ČR, v. v. i.",49 000 Kč,Praha – Nové Město,Specialist,Data Governance/Quality Specialist,,,,,NO,Data & Analytics,,https://www.jobs.cz/rpd/2001381004,2026-09-11T15:57:03+02:00,2026-09-11T15:57:03+02:00,2026-09-11T15:57:03+02:00,,,,,,,Exploratory,42,42,ANALYTICS_INSIGHTS,"Analytics, Research & Insights",Prague,25,"Analytics, Research & Insights",Advertisement requirements not yet verified; Entry-level accessibility unconfirmed; Czech-language title: workplace language needs verification; Publication date unknown; first observation is only a lower bound on age; Latest saved review rejects or deprioritizes this vacancy,2026-10-04-v3.0,,26,First observation: minimum age only,26,UNKNOWN,,PREVIOUS_REJECTION,8,REJECTED,Publication date unknown; first observation is only a lower bound on age; Latest saved review rejects or deprioritizes this vacancy,2026-10-04-v3.0,SENIORITY_UNCONFIRMED,1,No explicit entry-level or experience-level signal in title/source seniority,4
JB_4195,Datový analytik,TRAFICON TOBACCO RETAIL s.r.o.,,Praha – Karlín,Analyst,Data/BI Analyst,,,,,NO,Data & Analytics,,https://www.jobs.cz/rpd/2001320839,2026-09-11T15:56:57+02:00,2026-09-11T15:56:57+02:00,2026-09-11T15:56:57+02:00,,,,,,,Exploratory,42,42,ANALYTICS_INSIGHTS,"Analytics, Research & Insights",Prague,25,"Analytics, Research & Insights",Advertisement requirements not yet verified; Entry-level accessibility unconfirmed; Czech-language title: workplace language needs verification; Publication date unknown; first observation is only a lower bound on age; Latest saved review rejects or deprioritizes this vacancy,2026-10-04-v3.0,,26,First observation: minimum age only,26,UNKNOWN,,PREVIOUS_REJECTION,8,REJECTED,Publication date unknown; first observation is only a lower bound on age; Latest saved review rejects or deprioritizes this vacancy,2026-10-04-v3.0,SENIORITY_UNCONFIRMED,1,No explicit entry-level or experience-level signal in title/source seniority,3
JB_2045,Datový analytik (m/ž),"ČSOB Československá obchodní banka, a. s.",,Praha – Radlice,Analyst,Data/BI Analyst,,,,,NO,Data & Analytics,,https://www.jobs.cz/rpd/2001392233,2026-09-11T15:56:57+02:00,2026-09-11T15:56:57+02:00,2026-09-11T15:56:57+02:00,,,,,,,Exploratory,42,42,ANALYTICS_INSIGHTS,"Analytics, Research & Insights",Prague,25,"Analytics, Research & Insights",Advertisement requirements not yet verified; Entry-level accessibility unconfirmed; Czech-language title: workplace language needs verification; Publication date unknown; first observation is only a lower bound on age; Latest saved review rejects or deprioritizes this vacancy,2026-10-04-v3.0,,26,First observation: minimum age only,26,UNKNOWN,,PREVIOUS_REJECTION,8,REJECTED,Publication date unknown; first observation is only a lower bound on age; Latest saved review rejects or deprioritizes this vacancy,2026-10-04-v3.0,SENIORITY_UNCONFIRMED,1,No explicit entry-level or experience-level signal in title/source seniority,3
JB_9596,DATOVÝ ANALYTIK – DATA WAREHOUSE & REPORTING,"RENOMIA, a. s.",,Praha – Nové Město + 1 další lokalita,Analyst,Data/BI Analyst,,,,,NO,"Data & Analytics, Supply Chain & Logistics",,https://www.jobs.cz/rpd/2001381502,2026-09-11T15:56:42+02:00,2026-09-11T15:56:42+02:00,2026-09-11T15:56:42+02:00,,,,,,,Exploratory,42,42,ANALYTICS_INSIGHTS,"Analytics, Research & Insights",Prague,25,"Analytics, Research & Insights",Advertisement requirements not yet verified; Entry-level accessibility unconfirmed; Czech-language title: workplace language needs verification; Publication date unknown; first observation is only a lower bound on age; Latest saved review rejects or deprioritizes this vacancy,2026-10-04-v3.0,,26,First observation: minimum age only,26,UNKNOWN,,PREVIOUS_REJECTION,8,REJECTED,Publication date unknown; first observation is only a lower bound on age; Latest saved review rejects or deprioritizes this vacancy,2026-10-04-v3.0,SENIORITY_UNCONFIRMED,1,No explicit entry-level or experience-level signal in title/source seniority,3
JB_1988,Webový Analytik - Online Marketing (m/ž),O2 Czech Republic a.s.,,Praha – Michle,Analyst,Marketing/Customer Insights Analyst,,,,,NO,"Data & Analytics, Marketing & Communications",,https://www.jobs.cz/rpd/2001313015,2026-09-11T15:56:42+02:00,2026-09-11T15:56:42+02:00,2026-09-11T15:56:42+02:00,,,,,,,Exploratory,42,42,ANALYTICS_INSIGHTS,"Analytics, Research & Insights",Prague,25,"Analytics, Research & Insights",Advertisement requirements not yet verified; Entry-level accessibility unconfirmed; Czech-language title: workplace language needs verification; Publication date unknown; first observation is only a lower bound on age; Latest saved review rejects or deprioritizes this vacancy,2026-10-04-v3.0,,26,First observation: minimum age only,26,UNKNOWN,,PREVIOUS_REJECTION,8,REJECTED,Publication date unknown; first observation is only a lower bound on age; Latest saved review rejects or deprioritizes this vacancy,2026-10-04-v3.0,SENIORITY_UNCONFIRMED,1,No explicit entry-level or experience-level signal in title/source seniority,4
JB_6151,Data & Trading Support Specialist - Prague,"EP Commodities, a.s.",,Praha – Nové Město,Support Specialist,Data/Analytics Support,,,,,NO,Data & Analytics,,https://www.jobs.cz/rpd/2001418730,2026-09-11T15:56:36+02:00,2026-09-11T15:56:36+02:00,2026-09-11T15:56:36+02:00,,,,,,,Exploratory,42,42,ANALYTICAL_SUPPORT,Research & Analytical Support,Prague,25,Research & Analytical Support,Advertisement requirements not yet verified; Entry-level accessibility unconfirmed; Publication date unknown; first observation is only a lower bound on age; Latest saved review rejects or deprioritizes this vacancy,2026-10-04-v3.0,,26,First observation: minimum age only,26,UNKNOWN,,PREVIOUS_REJECTION,8,REJECTED,Publication date unknown; first observation is only a lower bound on age; Latest saved review rejects or deprioritizes this vacancy,2026-10-04-v3.0,SENIORITY_UNCONFIRMED,1,No explicit entry-level or experience-level signal in title/source seniority,3
JB_9676,Specialista/ka Data Governance se zaměřením na referenční data,Skupina ČEZ,,Praha – Michle,Specialist,Data Governance/Quality Specialist,,,,,NO,Data & Analytics,,https://www.jobs.cz/rpd/2001283419,2026-09-11T15:56:22+02:00,2026-09-11T15:56:22+02:00,2026-09-11T15:56:22+02:00,,,,,,,Exploratory,42,42,ANALYTICS_INSIGHTS,"Analytics, Research & Insights",Prague,25,"Analytics, Research & Insights",Advertisement requirements not yet verified; Entry-level accessibility unconfirmed; Czech-language title: workplace language needs verification; Publication date unknown; first observation is only a lower bound on age; Latest saved review rejects or deprioritizes this vacancy,2026-10-04-v3.0,,26,First observation: minimum age only,26,UNKNOWN,,PREVIOUS_REJECTION,8,REJECTED,Publication date unknown; first observation is only a lower bound on age; Latest saved review rejects or deprioritizes this vacancy,2026-10-04-v3.0,SENIORITY_UNCONFIRMED,1,No explicit entry-level or experience-level signal in title/source seniority,4
JB_9299,Specialista/ka datové kvality (Data Quality),Skupina ČEZ,,Praha – Michle,Specialist,Data Governance/Quality Specialist,,,,,NO,"Data & Analytics, Quality & Safety",,https://www.jobs.cz/rpd/2001283488,2026-09-11T15:56:22+02:00,2026-09-11T15:56:22+02:00,2026-09-11T15:56:22+02:00,,,,,,,Exploratory,42,42,ANALYTICS_INSIGHTS,"Analytics, Research & Insights",Prague,25,"Analytics, Research & Insights",Advertisement requirements not yet verified; Entry-level accessibility unconfirmed; Czech-language title: workplace language needs verification; Publication date unknown; first observation is only a lower bound on age; Latest saved review rejects or deprioritizes this vacancy,2026-10-04-v3.0,,26,First observation: minimum age only,26,UNKNOWN,,PREVIOUS_REJECTION,8,REJECTED,Publication date unknown; first observation is only a lower bound on age; Latest saved review rejects or deprioritizes this vacancy,2026-10-04-v3.0,SENIORITY_UNCONFIRMED,1,No explicit entry-level or experience-level signal in title/source seniority,4
BLT_0670,Data Engineer Intern,Accenture,,"Prague, CZE",Engineer,Data Engineer,,Internship,Internship,Intern/Trainee,YES,"Data & Analytics, Engineering & R&D",,https://builtin.com/job/data-engineer-intern/10752568,,,,,,,,,,Exploratory,42,42,DATA_ENGINEERING_DWH,Data Engineering & Automation,Prague,,Data Engineering & Automation; Entry-level signal,Advertisement requirements not yet verified; Source/title seniority conflict; Publication and observation dates unknown; Latest saved review rejects or deprioritizes this vacancy,2026-10-04-v3.0,,,Unknown,,UNKNOWN,,PREVIOUS_REJECTION,8,REJECTED,Publication and observation dates unknown; Latest saved review rejects or deprioritizes this vacancy,2026-10-04-v3.0,ENTRY_LEVEL_SIGNAL,0,Seniority: Internship; Job title: Data Engineer Intern,4
BLT_6148,"SW Design Engineer - Python, Linux",Valeo US,,"Prague, CZE",Engineer,Software Engineer,,Entry level,Entry level,,NO,Engineering & R&D,"Python, Linux",https://builtin.com/job/sw-design-engineer-python-linux/11330052,2026-09-23T20:01:43+02:00,2026-09-23T20:01:43+02:00,2026-09-23T20:01:43+02:00,,,,,,,Exploratory,39,39,SOFTWARE_BACKEND_FULLSTACK,Software Development,Prague,13,Software Development; Entry-level signal; python,Advertisement requirements not yet verified; Publication date unknown; first observation is only a lower bound on age; Latest saved review rejects or deprioritizes this vacancy,2026-10-04-v3.0,,14,First observation: minimum age only,14,UNKNOWN,,PREVIOUS_REJECTION,8,REJECTED,Publication date unknown; first observation is only a lower bound on age; Latest saved review rejects or deprioritizes this vacancy,2026-10-04-v3.0,ENTRY_LEVEL_SIGNAL,0,Seniority: Entry level,3
JB_0403,Internship – Forward Deployed Software Engineer,EY,,Praha – Nové Město,Engineer,Software Engineer,,Intern/Trainee,,Intern/Trainee,NO,"IT & Software, Engineering & R&D",,https://www.jobs.cz/rpd/2001433466,2026-09-18T18:06:02+02:00,2026-09-18T18:06:02+02:00,2026-09-18T18:06:02+02:00,,,,,,,Exploratory,38,38,SOFTWARE_BACKEND_FULLSTACK,Software Development,Prague,18,Software Development; Entry-level signal,Advertisement requirements not yet verified; Publication date unknown; first observation is only a lower bound on age; Latest saved review rejects or deprioritizes this vacancy,2026-10-04-v3.0,,19,First observation: minimum age only,19,UNKNOWN,,PREVIOUS_REJECTION,8,REJECTED,Publication date unknown; first observation is only a lower bound on age; Latest saved review rejects or deprioritizes this vacancy,2026-10-04-v3.0,ENTRY_LEVEL_SIGNAL,0,Seniority: Intern/Trainee; Job title: Internship – Forward Deployed Software Engineer,3
JB_4407,Junior Forward Deployed Software Engineer,EY,50 000 Kč,Praha – Nové Město,Engineer,Software Engineer,,Junior/Entry-level,,Junior/Entry-level,NO,"IT & Software, Engineering & R&D",,https://www.jobs.cz/rpd/2001433469,2026-09-18T18:04:40+02:00,2026-09-18T18:04:40+02:00,2026-09-18T18:04:40+02:00,,,,,,,Exploratory,38,38,SOFTWARE_BACKEND_FULLSTACK,Software Development,Prague,18,Software Development; Entry-level signal,Advertisement requirements not yet verified; Publication date unknown; first observation is only a lower bound on age; Latest saved review rejects or deprioritizes this vacancy,2026-10-04-v3.0,,19,First observation: minimum age only,19,UNKNOWN,,PREVIOUS_REJECTION,8,REJECTED,Publication date unknown; first observation is only a lower bound on age; Latest saved review rejects or deprioritizes this vacancy,2026-10-04-v3.0,ENTRY_LEVEL_SIGNAL,0,Seniority: Junior/Entry-level; Job title: Junior Forward Deployed Software Engineer,4
BLT_2327,Kotlin Developer,Oddin.gg,,"Prague, CZE",Developer,General Software Developer,,Junior,Junior,,NO,IT & Software,Kotlin,https://builtin.com/job/kotlin-developer/10292005,2026-09-14T23:26:44+02:00,2026-09-14T23:26:44+02:00,2026-09-14T23:26:44+02:00,,,,,,,Exploratory,38,38,SOFTWARE_BACKEND_FULLSTACK,Software Development,Prague,22,Software Development; Entry-level signal,Advertisement requirements not yet verified; Publication date unknown; first observation is only a lower bound on age; Latest saved review rejects or deprioritizes this vacancy,2026-10-04-v3.0,,23,First observation: minimum age only,23,UNKNOWN,,PREVIOUS_REJECTION,8,REJECTED,Publication date unknown; first observation is only a lower bound on age; Latest saved review rejects or deprioritizes this vacancy,2026-10-04-v3.0,ENTRY_LEVEL_SIGNAL,0,Seniority: Junior,4
BLT_8346,Crypto Backend Engineer,SatoshiLabs,,"Prague, CZE",Engineer,Software Engineer,,Entry level,Entry level,,NO,Engineering & R&D,,https://builtin.com/job/crypto-backend-engineer/11133452,2026-09-14T23:26:27+02:00,2026-09-14T23:26:27+02:00,2026-09-14T23:26:27+02:00,,,,,,,Exploratory,38,38,SOFTWARE_BACKEND_FULLSTACK,Software Development,Prague,22,Software Development; Entry-level signal,Advertisement requirements not yet verified; Publication date unknown; first observation is only a lower bound on age; Latest saved review rejects or deprioritizes this vacancy,2026-10-04-v3.0,,23,First observation: minimum age only,23,UNKNOWN,,PREVIOUS_REJECTION,8,REJECTED,Publication date unknown; first observation is only a lower bound on age; Latest saved review rejects or deprioritizes this vacancy,2026-10-04-v3.0,ENTRY_LEVEL_SIGNAL,0,Seniority: Entry level,3
BLT_7425,Experienced SAP ABAP Developer,Accenture,,"Prague, CZE",Developer,Enterprise Applications Developer,,Entry level,Entry level,,NO,IT & Software,"ABAP, SAP",https://builtin.com/job/experienced-sap-abap-developer/11130923,2026-09-14T23:26:27+02:00,2026-09-14T23:26:27+02:00,2026-09-14T23:26:27+02:00,,,,,,,Exploratory,38,38,SOFTWARE_BACKEND_FULLSTACK,Software Development,Prague,22,Software Development; Entry-level signal,Advertisement requirements not yet verified; Publication date unknown; first observation is only a lower bound on age; Latest saved review rejects or deprioritizes this vacancy,2026-10-04-v3.0,,23,First observation: minimum age only,23,UNKNOWN,,PREVIOUS_REJECTION,8,REJECTED,Publication date unknown; first observation is only a lower bound on age; Latest saved review rejects or deprioritizes this vacancy,2026-10-04-v3.0,MIXED_LEVEL_SIGNAL,2,Seniority: Entry level; Job title: Experienced SAP ABAP Developer,4
JST_0548,Programátor,"Tritium Systems, s.r.o.",až 50 000 Kč / měsíc,Praha,Developer,General Software Developer,,Junior,Junior,,NO,IT & Software,,https://www.jobstack.it/it-job/trainee/5ca6fa90bd909,2026-09-12T11:34:05+02:00,2026-09-12T11:34:05+02:00,2026-09-12T11:34:05+02:00,,,,,,,Exploratory,38,38,SOFTWARE_BACKEND_FULLSTACK,Software Development,Prague,25,Software Development; Entry-level signal,Advertisement requirements not yet verified; Publication date unknown; first observation is only a lower bound on age; Latest saved review rejects or deprioritizes this vacancy,2026-10-04-v3.0,,25,First observation: minimum age only,25,UNKNOWN,,PREVIOUS_REJECTION,8,REJECTED,Publication date unknown; first observation is only a lower bound on age; Latest saved review rejects or deprioritizes this vacancy,2026-10-04-v3.0,ENTRY_LEVEL_SIGNAL,0,Seniority: Junior,4
JST_9544,Junior PHP Full-Stack Developer,Rentsoft GmbH,až 60 000 Kč / měsíc,"Praha, Jinonice",Developer,Full-Stack Developer,,Junior,Junior,Junior/Entry-level,YES,IT & Software,PHP,https://www.jobstack.it/it-job/php-developer/61b888951559d,2026-09-12T11:33:57+02:00,2026-09-12T11:33:57+02:00,2026-09-12T11:33:57+02:00,,,,,,,Exploratory,38,38,SOFTWARE_BACKEND_FULLSTACK,Software Development,Prague,25,Software Development; Entry-level signal,Advertisement requirements not yet verified; Source/title seniority conflict; Publication date unknown; first observation is only a lower bound on age; Latest saved review rejects or deprioritizes this vacancy,2026-10-04-v3.0,,25,First observation: minimum age only,25,UNKNOWN,,PREVIOUS_REJECTION,8,REJECTED,Publication date unknown; first observation is only a lower bound on age; Latest saved review rejects or deprioritizes this vacancy,2026-10-04-v3.0,ENTRY_LEVEL_SIGNAL,0,Seniority: Junior; Job title: Junior PHP Full-Stack Developer,4
JST_8068,ABAP Developer,EFFIIS s.r.o.,Navrhni si mzdu,Praha,Developer,Enterprise Applications Developer,,Junior,Junior,,NO,IT & Software,ABAP,https://www.jobstack.it/it-job/javascript-developer/659e74727558b,2026-09-12T11:33:28+02:00,2026-09-12T11:33:28+02:00,2026-09-12T11:33:28+02:00,,,,,,,Exploratory,38,38,SOFTWARE_BACKEND_FULLSTACK,Software Development,Prague,25,Software Development; Entry-level signal,Advertisement requirements not yet verified; Publication date unknown; first observation is only a lower bound on age; Latest saved review rejects or deprioritizes this vacancy,2026-10-04-v3.0,,25,First observation: minimum age only,25,UNKNOWN,,PREVIOUS_REJECTION,8,REJECTED,Publication date unknown; first observation is only a lower bound on age; Latest saved review rejects or deprioritizes this vacancy,2026-10-04-v3.0,ENTRY_LEVEL_SIGNAL,0,Seniority: Junior,3
SJ_107161,Junior AI Developer,EVOMOTIV s.r.o.,,Prague,Developer,General Software Developer,,Junior/Entry-level,,Junior/Entry-level,NO,"AI & Machine Learning, IT & Software",,https://www.startupjobs.cz/nabidka/107161/junior-ai-developer,2026-09-12T11:05:58+02:00,2026-09-12T11:05:58+02:00,2026-09-12T11:05:58+02:00,,,,,,,Exploratory,38,38,SOFTWARE_BACKEND_FULLSTACK,Software Development,Prague,25,Software Development; Entry-level signal,Advertisement requirements not yet verified; Publication date unknown; first observation is only a lower bound on age; Latest saved review rejects or deprioritizes this vacancy,2026-10-04-v3.0,,25,First observation: minimum age only,25,UNKNOWN,,PREVIOUS_REJECTION,8,REJECTED,Publication date unknown; first observation is only a lower bound on age; Latest saved review rejects or deprioritizes this vacancy,2026-10-04-v3.0,ENTRY_LEVEL_SIGNAL,0,Seniority: Junior/Entry-level; Job title: Junior AI Developer,4
SJ_99861,Junior Salesforce Developer,Enehano Solutions s.r.o.,,Prague,Developer,Enterprise Applications Developer,,Junior/Entry-level,,Junior/Entry-level,NO,IT & Software,Salesforce,https://www.startupjobs.cz/nabidka/99861/junior-salesforce-developer,2026-09-12T10:46:32+02:00,2026-09-12T10:46:32+02:00,2026-09-12T10:46:32+02:00,,,,,,,Exploratory,38,38,SOFTWARE_BACKEND_FULLSTACK,Software Development,Prague,25,Software Development; Entry-level signal,Advertisement requirements not yet verified; Publication date unknown; first observation is only a lower bound on age; Latest saved review rejects or deprioritizes this vacancy,2026-10-04-v3.0,,25,First observation: minimum age only,25,UNKNOWN,,PREVIOUS_REJECTION,8,REJECTED,Publication date unknown; first observation is only a lower bound on age; Latest saved review rejects or deprioritizes this vacancy,2026-10-04-v3.0,ENTRY_LEVEL_SIGNAL,0,Seniority: Junior/Entry-level; Job title: Junior Salesforce Developer,4
JB_3445,Junior programátor/ka,VIAGEM a.s.,20 000 – 40 000 Kč,Praha – Karlín,Developer,General Software Developer,,Junior/Entry-level,,Junior/Entry-level,NO,IT & Software,,https://www.jobs.cz/rpd/2001385301,2026-09-11T16:29:17+02:00,2026-09-11T16:29:17+02:00,2026-09-11T16:29:17+02:00,,,,,,,Exploratory,38,38,SOFTWARE_BACKEND_FULLSTACK,Software Development,Prague,25,Software Development; Entry-level signal,Advertisement requirements not yet verified; Publication date unknown; first observation is only a lower bound on age; Latest saved review rejects or deprioritizes this vacancy,2026-10-04-v3.0,,26,First observation: minimum age only,26,UNKNOWN,,PREVIOUS_REJECTION,8,REJECTED,Publication date unknown; first observation is only a lower bound on age; Latest saved review rejects or deprioritizes this vacancy,2026-10-04-v3.0,ENTRY_LEVEL_SIGNAL,0,Seniority: Junior/Entry-level; Job title: Junior programátor/ka,4
JB_8862,Programátor IS junior,DEK a.s.,40 000 – 65 000 Kč,Praha – Malešice,Developer,General Software Developer,,Junior/Entry-level,,Junior/Entry-level,NO,IT & Software,,https://www.jobs.cz/rpd/2001360201,2026-09-11T16:29:17+02:00,2026-09-11T16:29:17+02:00,2026-09-11T16:29:17+02:00,,,,,,,Exploratory,38,38,SOFTWARE_BACKEND_FULLSTACK,Software Development,Prague,25,Software Development; Entry-level signal,Advertisement requirements not yet verified; Publication date unknown; first observation is only a lower bound on age; Latest saved review rejects or deprioritizes this vacancy,2026-10-04-v3.0,,26,First observation: minimum age only,26,UNKNOWN,,PREVIOUS_REJECTION,8,REJECTED,Publication date unknown; first observation is only a lower bound on age; Latest saved review rejects or deprioritizes this vacancy,2026-10-04-v3.0,ENTRY_LEVEL_SIGNAL,0,Seniority: Junior/Entry-level; Job title: Programátor IS junior,4
JB_4961,SCADA Programátor / Junior SCADA programátor,Skupina ČEZ,,Praha – Malešice,Developer,General Software Developer,,Junior/Entry-level,,Junior/Entry-level,NO,IT & Software,,https://www.jobs.cz/rpd/2001335771,2026-09-11T16:29:17+02:00,2026-09-11T16:29:17+02:00,2026-09-11T16:29:17+02:00,,,,,,,Exploratory,38,38,SOFTWARE_BACKEND_FULLSTACK,Software Development,Prague,25,Software Development; Entry-level signal,Advertisement requirements not yet verified; Publication date unknown; first observation is only a lower bound on age; Latest saved review rejects or deprioritizes this vacancy,2026-10-04-v3.0,,26,First observation: minimum age only,26,UNKNOWN,,PREVIOUS_REJECTION,8,REJECTED,Publication date unknown; first observation is only a lower bound on age; Latest saved review rejects or deprioritizes this vacancy,2026-10-04-v3.0,ENTRY_LEVEL_SIGNAL,0,Seniority: Junior/Entry-level; Job title: SCADA Programátor / Junior SCADA programátor,4
JB_8142,Datový analytik | BI (m/ž),TIPSPORT,,Beroun,Analyst,Data/BI Analyst,,,,,NO,Data & Analytics,,https://www.jobs.cz/rpd/2001419424,2026-09-11T15:56:57+02:00,2026-09-11T15:56:57+02:00,2026-09-11T15:56:57+02:00,,,,,,,Exploratory,37,37,ANALYTICS_INSIGHTS,"Analytics, Research & Insights",Verify Prague eligibility,25,"Analytics, Research & Insights",Advertisement requirements not yet verified; Entry-level accessibility unconfirmed; Czech-language title: workplace language needs verification; Prague eligibility unresolved; Publication date unknown; first observation is only a lower bound on age; Latest saved review rejects or deprioritizes this vacancy,2026-10-04-v3.0,,26,First observation: minimum age only,26,UNKNOWN,,PREVIOUS_REJECTION,8,REJECTED,Publication date unknown; first observation is only a lower bound on age; Latest saved review rejects or deprioritizes this vacancy,2026-10-04-v3.0,SENIORITY_UNCONFIRMED,1,No explicit entry-level or experience-level signal in title/source seniority,4
JB_6769,AI Data & Systems Readiness Specialist (m/ž),Škoda Auto a.s.,,Mladá Boleslav – Mladá Boleslav II,Specialist,Data/Analytics Specialist,,,,,NO,"Data & Analytics, AI & Machine Learning, IT & Software",,https://www.jobs.cz/rpd/2001391631,2026-09-11T15:56:36+02:00,2026-09-11T15:56:36+02:00,2026-09-11T15:56:36+02:00,,,,,,,Exploratory,37,37,ANALYTICS_INSIGHTS,"Analytics, Research & Insights",Verify Prague eligibility,25,"Analytics, Research & Insights",Advertisement requirements not yet verified; Entry-level accessibility unconfirmed; Czech-language title: workplace language needs verification; Prague eligibility unresolved; Publication date unknown; first observation is only a lower bound on age; Latest saved review rejects or deprioritizes this vacancy,2026-10-04-v3.0,,26,First observation: minimum age only,26,UNKNOWN,,PREVIOUS_REJECTION,8,REJECTED,Publication date unknown; first observation is only a lower bound on age; Latest saved review rejects or deprioritizes this vacancy,2026-10-04-v3.0,SENIORITY_UNCONFIRMED,1,No explicit entry-level or experience-level signal in title/source seniority,3
SJ_107585,Junior QA Engineer,Applifting,,Prague,Engineer,QA/Test Engineer,,Junior/Entry-level,,Junior/Entry-level,NO,"Engineering & R&D, Quality & Safety",,https://www.startupjobs.cz/nabidka/107585/junior-qa-engineer,2026-09-12T10:58:33+02:00,2026-09-12T10:58:33+02:00,2026-09-12T10:58:33+02:00,,,,,,,Exploratory,35,35,ADJACENT_TECHNICAL,Adjacent Technical,Prague,25,Adjacent Technical; Entry-level signal,Advertisement requirements not yet verified; Publication date unknown; first observation is only a lower bound on age; Latest saved review rejects or deprioritizes this vacancy,2026-10-04-v3.0,,25,First observation: minimum age only,25,UNKNOWN,,PREVIOUS_REJECTION,8,REJECTED,Publication date unknown; first observation is only a lower bound on age; Latest saved review rejects or deprioritizes this vacancy,2026-10-04-v3.0,ENTRY_LEVEL_SIGNAL,0,Seniority: Junior/Entry-level; Job title: Junior QA Engineer,4
JB_8065,Trainee Tester/ka – tým ZPS,Trainee program v KB,,Praha – Stodůlky,Tester,General Tester,,Intern/Trainee,,Intern/Trainee,NO,,,https://www.jobs.cz/rpd/2001266647,2026-09-11T16:17:54+02:00,2026-09-11T16:17:54+02:00,2026-09-11T16:17:54+02:00,,,,,,,Exploratory,35,35,ADJACENT_TECHNICAL,Adjacent Technical,Prague,25,Adjacent Technical; Entry-level signal,Advertisement requirements not yet verified; Publication date unknown; first observation is only a lower bound on age; Latest saved review rejects or deprioritizes this vacancy,2026-10-04-v3.0,,26,First observation: minimum age only,26,UNKNOWN,,PREVIOUS_REJECTION,8,REJECTED,Publication date unknown; first observation is only a lower bound on age; Latest saved review rejects or deprioritizes this vacancy,2026-10-04-v3.0,ENTRY_LEVEL_SIGNAL,0,Seniority: Intern/Trainee; Job title: Trainee Tester/ka – tým ZPS,4
JST_5313,Business Analytik / Konzultant,Digitalizace s významným dopadem na celé Česko,Navrhni si mzdu,"Praha - Lazarská 15/7, 117 22 Nové Město",Analyst,Business/Process Analyst,,,,,NO,Data & Analytics,,https://www.jobstack.it/it-job/analytik/63d27a6318692,2026-09-12T11:33:50+02:00,2026-09-12T11:33:50+02:00,2026-09-12T11:33:50+02:00,,,,,,,Exploratory,34,34,BUSINESS_PROCESS,"Business, Operations & Process Analysis",Prague,25,"Business, Operations & Process Analysis",Advertisement requirements not yet verified; Entry-level accessibility unconfirmed; Czech-language title: workplace language needs verification; Publication date unknown; first observation is only a lower bound on age; Latest saved review rejects or deprioritizes this vacancy,2026-10-04-v3.0,,25,First observation: minimum age only,25,UNKNOWN,,PREVIOUS_REJECTION,8,REJECTED,Publication date unknown; first observation is only a lower bound on age; Latest saved review rejects or deprioritizes this vacancy,2026-10-04-v3.0,SENIORITY_UNCONFIRMED,1,No explicit entry-level or experience-level signal in title/source seniority,3
JB_4859,Business Analytik,Skupina ČEZ,,Praha – Michle,Analyst,Business/Process Analyst,,,,,NO,Data & Analytics,,https://www.jobs.cz/rpd/2001352208,2026-09-11T16:52:36+02:00,2026-09-11T16:52:36+02:00,2026-09-11T16:52:36+02:00,,,,,,,Exploratory,34,34,BUSINESS_PROCESS,"Business, Operations & Process Analysis",Prague,25,"Business, Operations & Process Analysis",Advertisement requirements not yet verified; Entry-level accessibility unconfirmed; Czech-language title: workplace language needs verification; Publication date unknown; first observation is only a lower bound on age; Latest saved review rejects or deprioritizes this vacancy,2026-10-04-v3.0,,26,First observation: minimum age only,26,UNKNOWN,,PREVIOUS_REJECTION,8,REJECTED,Publication date unknown; first observation is only a lower bound on age; Latest saved review rejects or deprioritizes this vacancy,2026-10-04-v3.0,SENIORITY_UNCONFIRMED,1,No explicit entry-level or experience-level signal in title/source seniority,4
JB_8690,Business analytik/projektový koordinátor - (m/ž/n) -PRAHA,"Česká podnikatelská pojišťovna, a.s., VIG",,Praha – Karlín,Analyst,Business/Process Analyst,,,,,NO,"Data & Analytics, Project & Program Management",,https://www.jobs.cz/rpd/2000528977,2026-09-11T16:52:36+02:00,2026-09-11T16:52:36+02:00,2026-09-11T16:52:36+02:00,,,,,,,Exploratory,34,34,BUSINESS_PROCESS,"Business, Operations & Process Analysis",Prague,25,"Business, Operations & Process Analysis",Advertisement requirements not yet verified; Entry-level accessibility unconfirmed; Czech-language title: workplace language needs verification; Publication date unknown; first observation is only a lower bound on age; Latest saved review rejects or deprioritizes this vacancy,2026-10-04-v3.0,,26,First observation: minimum age only,26,UNKNOWN,,PREVIOUS_REJECTION,8,REJECTED,Publication date unknown; first observation is only a lower bound on age; Latest saved review rejects or deprioritizes this vacancy,2026-10-04-v3.0,SENIORITY_UNCONFIRMED,1,No explicit entry-level or experience-level signal in title/source seniority,4
JB_2681,Business/Procesní analytik/analytička,"ČEPS, a.s.",,Praha – Michle,Analyst,Business/Process Analyst,,,,,NO,Data & Analytics,,https://www.jobs.cz/rpd/2001385530,2026-09-11T16:52:36+02:00,2026-09-11T16:52:36+02:00,2026-09-11T16:52:36+02:00,,,,,,,Exploratory,34,34,BUSINESS_PROCESS,"Business, Operations & Process Analysis",Prague,25,"Business, Operations & Process Analysis",Advertisement requirements not yet verified; Entry-level accessibility unconfirmed; Czech-language title: workplace language needs verification; Publication date unknown; first observation is only a lower bound on age; Latest saved review rejects or deprioritizes this vacancy,2026-10-04-v3.0,,26,First observation: minimum age only,26,UNKNOWN,,PREVIOUS_REJECTION,8,REJECTED,Publication date unknown; first observation is only a lower bound on age; Latest saved review rejects or deprioritizes this vacancy,2026-10-04-v3.0,SENIORITY_UNCONFIRMED,1,No explicit entry-level or experience-level signal in title/source seniority,4
JB_5625,Business analytik,Ušetřeno.cz s.r.o.,,Praha – Nusle,Analyst,Business/Process Analyst,,,,,NO,Data & Analytics,,https://www.jobs.cz/rpd/2001395849,2026-09-11T16:52:27+02:00,2026-09-11T16:52:27+02:00,2026-09-11T16:52:27+02:00,,,,,,,Exploratory,34,34,BUSINESS_PROCESS,"Business, Operations & Process Analysis",Prague,25,"Business, Operations & Process Analysis",Advertisement requirements not yet verified; Entry-level accessibility unconfirmed; Czech-language title: workplace language needs verification; Publication date unknown; first observation is only a lower bound on age; Latest saved review rejects or deprioritizes this vacancy,2026-10-04-v3.0,,26,First observation: minimum age only,26,UNKNOWN,,PREVIOUS_REJECTION,8,REJECTED,Publication date unknown; first observation is only a lower bound on age; Latest saved review rejects or deprioritizes this vacancy,2026-10-04-v3.0,SENIORITY_UNCONFIRMED,1,No explicit entry-level or experience-level signal in title/source seniority,4
BLT_1133,"Software Engineer (Enterprise Experience, Backend)",Coder,,27 Locations,Engineer,Software Engineer,,Junior,Junior,,NO,"IT & Software, Engineering & R&D",,https://builtin.com/job/software-engineer-enterprise-experience-backend/11198746,2026-09-17T10:32:37+02:00,2026-09-17T10:32:37+02:00,2026-09-17T10:32:37+02:00,,,,,,,Exploratory,33,33,SOFTWARE_BACKEND_FULLSTACK,Software Development,Verify Prague eligibility,20,Software Development; Entry-level signal,Advertisement requirements not yet verified; Prague eligibility unresolved; Publication date unknown; first observation is only a lower bound on age; Latest saved review rejects or deprioritizes this vacancy,2026-10-04-v3.0,,20,First observation: minimum age only,20,UNKNOWN,,PREVIOUS_REJECTION,8,REJECTED,Publication date unknown; first observation is only a lower bound on age; Latest saved review rejects or deprioritizes this vacancy,2026-10-04-v3.0,ENTRY_LEVEL_SIGNAL,0,Seniority: Junior,3
BLT_7589,Software Development Engineer III,Emergence Software,,21 Locations,Engineer,Software Engineer,,Junior,Junior,,NO,"IT & Software, Engineering & R&D",,https://builtin.com/job/sde-i/9570935,2026-09-14T23:29:34+02:00,2026-09-14T23:29:34+02:00,2026-09-14T23:29:34+02:00,,,,,,,Exploratory,33,33,SOFTWARE_BACKEND_FULLSTACK,Software Development,Verify Prague eligibility,22,Software Development; Entry-level signal,Advertisement requirements not yet verified; Prague eligibility unresolved; Publication date unknown; first observation is only a lower bound on age; Latest saved review rejects or deprioritizes this vacancy,2026-10-04-v3.0,,23,First observation: minimum age only,23,UNKNOWN,,PREVIOUS_REJECTION,8,REJECTED,Publication date unknown; first observation is only a lower bound on age; Latest saved review rejects or deprioritizes this vacancy,2026-10-04-v3.0,ENTRY_LEVEL_SIGNAL,0,Seniority: Junior,4
BLT_6905,Frontend Software Engineer,QuantCo,,27 Locations,Engineer,Software Engineer,,Junior,Junior,,NO,"IT & Software, Engineering & R&D",,https://builtin.com/job/full-stack-developer/6356084,2026-09-14T23:29:04+02:00,2026-09-14T23:29:04+02:00,2026-09-14T23:29:04+02:00,,,,,,,Exploratory,33,33,SOFTWARE_BACKEND_FULLSTACK,Software Development,Verify Prague eligibility,22,Software Development; Entry-level signal,Advertisement requirements not yet verified; Prague eligibility unresolved; Publication date unknown; first observation is only a lower bound on age; Latest saved review rejects or deprioritizes this vacancy,2026-10-04-v3.0,,23,First observation: minimum age only,23,UNKNOWN,,PREVIOUS_REJECTION,8,REJECTED,Publication date unknown; first observation is only a lower bound on age; Latest saved review rejects or deprioritizes this vacancy,2026-10-04-v3.0,ENTRY_LEVEL_SIGNAL,0,Seniority: Junior,3
BLT_4709,New Grad Software Engineer (Backend Rust),N1 (layern.com),120K-260K Annually,36 Locations,Engineer,Software Engineer,,Entry level,Entry level,,NO,"IT & Software, Engineering & R&D",Rust,https://builtin.com/job/new-grad-software-engineer-backend-rust/6379221,2026-09-14T23:28:36+02:00,2026-09-14T23:28:36+02:00,2026-09-14T23:28:36+02:00,,,,,,,Exploratory,33,33,SOFTWARE_BACKEND_FULLSTACK,Software Development,Verify Prague eligibility,22,Software Development; Entry-level signal,Advertisement requirements not yet verified; Prague eligibility unresolved; Publication date unknown; first observation is only a lower bound on age; Latest saved review rejects or deprioritizes this vacancy,2026-10-04-v3.0,,23,First observation: minimum age only,23,UNKNOWN,,PREVIOUS_REJECTION,8,REJECTED,Publication date unknown; first observation is only a lower bound on age; Latest saved review rejects or deprioritizes this vacancy,2026-10-04-v3.0,ENTRY_LEVEL_SIGNAL,0,Seniority: Entry level,3
BLT_0484,Software Engineer (on site: Prague),Virtuos,,Czech Republic,Engineer,Software Engineer,,Junior,Junior,,NO,"IT & Software, Engineering & R&D",,https://builtin.com/job/software-engineer-site-prague/8759419,2026-09-14T23:28:23+02:00,2026-09-14T23:28:23+02:00,2026-09-14T23:28:23+02:00,,,,,,,Exploratory,33,33,SOFTWARE_BACKEND_FULLSTACK,Software Development,Verify Prague eligibility,22,Software Development; Entry-level signal,Advertisement requirements not yet verified; Prague eligibility unresolved; Publication date unknown; first observation is only a lower bound on age; Latest saved review rejects or deprioritizes this vacancy,2026-10-04-v3.0,,23,First observation: minimum age only,23,UNKNOWN,,PREVIOUS_REJECTION,8,REJECTED,Publication date unknown; first observation is only a lower bound on age; Latest saved review rejects or deprioritizes this vacancy,2026-10-04-v3.0,ENTRY_LEVEL_SIGNAL,0,Seniority: Junior,3
BLT_0925,C++ Developer,think-cell Inc.,130K-130K Annually,Czechia,Developer,General Software Developer,,Entry level,Entry level,,NO,IT & Software,C/C++,https://builtin.com/job/c-developer/10889833,2026-09-14T23:28:00+02:00,2026-09-14T23:28:00+02:00,2026-09-14T23:28:00+02:00,,,,,,,Exploratory,33,33,SOFTWARE_BACKEND_FULLSTACK,Software Development,Verify Prague eligibility,22,Software Development; Entry-level signal,Advertisement requirements not yet verified; Prague eligibility unresolved; Publication date unknown; first observation is only a lower bound on age; Latest saved review rejects or deprioritizes this vacancy,2026-10-04-v3.0,,23,First observation: minimum age only,23,UNKNOWN,,PREVIOUS_REJECTION,8,REJECTED,Publication date unknown; first observation is only a lower bound on age; Latest saved review rejects or deprioritizes this vacancy,2026-10-04-v3.0,ENTRY_LEVEL_SIGNAL,0,Seniority: Entry level,3
BLT_6614,Backend Engineer (Billing),Solidgate,,27 Locations,Engineer,Software Engineer,,Junior,Junior,,NO,Engineering & R&D,,https://builtin.com/job/backend-engineer-billing/10984195,2026-09-14T23:27:44+02:00,2026-09-14T23:27:44+02:00,2026-09-14T23:27:44+02:00,,,,,,,Exploratory,33,33,SOFTWARE_BACKEND_FULLSTACK,Software Development,Verify Prague eligibility,22,Software Development; Entry-level signal,Advertisement requirements not yet verified; Prague eligibility unresolved; Publication date unknown; first observation is only a lower bound on age; Latest saved review rejects or deprioritizes this vacancy,2026-10-04-v3.0,,23,First observation: minimum age only,23,UNKNOWN,,PREVIOUS_REJECTION,8,REJECTED,Publication date unknown; first observation is only a lower bound on age; Latest saved review rejects or deprioritizes this vacancy,2026-10-04-v3.0,ENTRY_LEVEL_SIGNAL,0,Seniority: Junior,3
BLT_0634,Software Engineer (Rust),Rerun,,26 Locations,Engineer,Software Engineer,,Entry level,Entry level,,NO,"IT & Software, Engineering & R&D",Rust,https://builtin.com/job/software-engineer-rust/11133622,2026-09-14T23:27:30+02:00,2026-09-14T23:27:30+02:00,2026-09-14T23:27:30+02:00,,,,,,,Exploratory,33,33,SOFTWARE_BACKEND_FULLSTACK,Software Development,Verify Prague eligibility,22,Software Development; Entry-level signal,Advertisement requirements not yet verified; Prague eligibility unresolved; Publication date unknown; first observation is only a lower bound on age; Latest saved review rejects or deprioritizes this vacancy,2026-10-04-v3.0,,23,First observation: minimum age only,23,UNKNOWN,,PREVIOUS_REJECTION,8,REJECTED,Publication date unknown; first observation is only a lower bound on age; Latest saved review rejects or deprioritizes this vacancy,2026-10-04-v3.0,ENTRY_LEVEL_SIGNAL,0,Seniority: Entry level,3
BLT_2459,Compiler Software Engineer,Microsoft,738K-1M Annually,CZ,Engineer,Software Engineer,,Junior,Junior,,NO,"IT & Software, Engineering & R&D",,https://builtin.com/job/compiler-software-engineer/10218943,2026-09-14T23:27:16+02:00,2026-09-14T23:27:16+02:00,2026-09-14T23:27:16+02:00,,,,,,,Exploratory,33,33,SOFTWARE_BACKEND_FULLSTACK,Software Development,Verify Prague eligibility,22,Software Development; Entry-level signal,Advertisement requirements not yet verified; Prague eligibility unresolved; Publication date unknown; first observation is only a lower bound on age; Latest saved review rejects or deprioritizes this vacancy,2026-10-04-v3.0,,23,First observation: minimum age only,23,UNKNOWN,,PREVIOUS_REJECTION,8,REJECTED,Publication date unknown; first observation is only a lower bound on age; Latest saved review rejects or deprioritizes this vacancy,2026-10-04-v3.0,ENTRY_LEVEL_SIGNAL,0,Seniority: Junior,4
JB_5098,AI Solutions Engineer,UNIQA,,Praha – Vokovice + 1 další lokalita,Engineer,AI/ML Engineer,,,,,NO,"AI & Machine Learning, Engineering & R&D",,https://www.jobs.cz/rpd/2001441120,2026-09-22T18:59:39+02:00,2026-09-22T18:59:39+02:00,2026-09-22T18:59:39+02:00,,,,,,,Exploratory,32,32,DATA_SCIENCE_MODELLING,Data Science & Modelling,Prague,14,Data Science & Modelling,Advertisement requirements not yet verified; Entry-level accessibility unconfirmed; Publication date unknown; first observation is only a lower bound on age; Latest saved review rejects or deprioritizes this vacancy,2026-10-04-v3.0,,15,First observation: minimum age only,15,UNKNOWN,,PREVIOUS_REJECTION,8,REJECTED,Publication date unknown; first observation is only a lower bound on age; Latest saved review rejects or deprioritizes this vacancy,2026-10-04-v3.0,SENIORITY_UNCONFIRMED,1,No explicit entry-level or experience-level signal in title/source seniority,3
JB_6550,AI Engineer,Skupina Klik.cz,,Praha – Karlín,Engineer,AI/ML Engineer,,,,,NO,"AI & Machine Learning, Engineering & R&D",,https://www.jobs.cz/rpd/2001438007,2026-09-21T17:47:06+02:00,2026-09-21T17:47:06+02:00,2026-09-21T17:47:06+02:00,,,,,,,Exploratory,32,32,DATA_SCIENCE_MODELLING,Data Science & Modelling,Prague,15,Data Science & Modelling,Advertisement requirements not yet verified; Entry-level accessibility unconfirmed; Publication date unknown; first observation is only a lower bound on age; Latest saved review rejects or deprioritizes this vacancy,2026-10-04-v3.0,,16,First observation: minimum age only,16,UNKNOWN,,PREVIOUS_REJECTION,8,REJECTED,Publication date unknown; first observation is only a lower bound on age; Latest saved review rejects or deprioritizes this vacancy,2026-10-04-v3.0,SENIORITY_UNCONFIRMED,1,No explicit entry-level or experience-level signal in title/source seniority,3
JB_2967,IT / AI Automation Engineer,fabini brand s.r.o.,,Praha – Holešovice,Engineer,AI/ML Engineer,,,,,NO,"AI & Machine Learning, IT & Software, Engineering & R&D",,https://www.jobs.cz/rpd/2001438238,2026-09-21T17:47:00+02:00,2026-09-21T17:47:00+02:00,2026-09-21T17:47:00+02:00,,,,,,,Exploratory,32,32,DATA_SCIENCE_MODELLING,Data Science & Modelling,Prague,15,Data Science & Modelling,Advertisement requirements not yet verified; Entry-level accessibility unconfirmed; Publication date unknown; first observation is only a lower bound on age; Latest saved review rejects or deprioritizes this vacancy,2026-10-04-v3.0,,16,First observation: minimum age only,16,UNKNOWN,,PREVIOUS_REJECTION,8,REJECTED,Publication date unknown; first observation is only a lower bound on age; Latest saved review rejects or deprioritizes this vacancy,2026-10-04-v3.0,SENIORITY_UNCONFIRMED,1,No explicit entry-level or experience-level signal in title/source seniority,3
SJ_104401,AI Engineer,Skupina Klik.cz,,Prague,Engineer,AI/ML Engineer,,,,,NO,"AI & Machine Learning, Engineering & R&D",,https://www.startupjobs.cz/nabidka/104401/ai-engineer,2026-09-18T19:01:54+02:00,2026-09-18T19:01:54+02:00,2026-09-18T19:01:54+02:00,,,,,,,Exploratory,32,32,DATA_SCIENCE_MODELLING,Data Science & Modelling,Prague,18,Data Science & Modelling,Advertisement requirements not yet verified; Entry-level accessibility unconfirmed; Publication date unknown; first observation is only a lower bound on age; Latest saved review rejects or deprioritizes this vacancy,2026-10-04-v3.0,,19,First observation: minimum age only,19,UNKNOWN,,PREVIOUS_REJECTION,8,REJECTED,Publication date unknown; first observation is only a lower bound on age; Latest saved review rejects or deprioritizes this vacancy,2026-10-04-v3.0,SENIORITY_UNCONFIRMED,1,No explicit entry-level or experience-level signal in title/source seniority,3
SJ_107891,AI First Software Engineer (.NET & Go)*,Skupina Klik.cz,,Prague,Engineer,AI/ML Engineer,,,,,NO,"AI & Machine Learning, IT & Software, Engineering & R&D",.NET,https://www.startupjobs.cz/nabidka/107891/ai-first-software-engineer-net-and-go,2026-09-18T18:57:39+02:00,2026-09-18T18:57:39+02:00,2026-09-18T18:57:39+02:00,,,,,,,Exploratory,32,32,DATA_SCIENCE_MODELLING,Data Science & Modelling,Prague,18,Data Science & Modelling,Advertisement requirements not yet verified; Entry-level accessibility unconfirmed; Publication date unknown; first observation is only a lower bound on age; Latest saved review rejects or deprioritizes this vacancy,2026-10-04-v3.0,,19,First observation: minimum age only,19,UNKNOWN,,PREVIOUS_REJECTION,8,REJECTED,Publication date unknown; first observation is only a lower bound on age; Latest saved review rejects or deprioritizes this vacancy,2026-10-04-v3.0,SENIORITY_UNCONFIRMED,1,No explicit entry-level or experience-level signal in title/source seniority,3
JB_9699,AI First Software Engineer (.NET & Go),Skupina Klik.cz,,Praha – Karlín,Engineer,AI/ML Engineer,,,,,NO,"AI & Machine Learning, IT & Software, Engineering & R&D",.NET,https://www.jobs.cz/rpd/2001431942,2026-09-18T18:17:27+02:00,2026-09-18T18:17:27+02:00,2026-09-18T18:17:27+02:00,,,,,,,Exploratory,32,32,DATA_SCIENCE_MODELLING,Data Science & Modelling,Prague,18,Data Science & Modelling,Advertisement requirements not yet verified; Entry-level accessibility unconfirmed; Publication date unknown; first observation is only a lower bound on age; Latest saved review rejects or deprioritizes this vacancy,2026-10-04-v3.0,,19,First observation: minimum age only,19,UNKNOWN,,PREVIOUS_REJECTION,8,REJECTED,Publication date unknown; first observation is only a lower bound on age; Latest saved review rejects or deprioritizes this vacancy,2026-10-04-v3.0,SENIORITY_UNCONFIRMED,1,No explicit entry-level or experience-level signal in title/source seniority,3
JB_0821,Group Data Scientist,Dr.Max,,Praha – Nové Město,Scientist,Data Scientist,,,,,NO,Data & Analytics,,https://www.jobs.cz/rpd/2001368097,2026-09-18T17:41:29+02:00,2026-09-18T17:41:29+02:00,2026-09-18T17:41:29+02:00,,,,,,,Exploratory,32,32,DATA_SCIENCE_MODELLING,Data Science & Modelling,Prague,18,Data Science & Modelling,Advertisement requirements not yet verified; Entry-level accessibility unconfirmed; Publication date unknown; first observation is only a lower bound on age; Latest saved review rejects or deprioritizes this vacancy,2026-10-04-v3.0,,19,First observation: minimum age only,19,UNKNOWN,,PREVIOUS_REJECTION,8,REJECTED,Publication date unknown; first observation is only a lower bound on age; Latest saved review rejects or deprioritizes this vacancy,2026-10-04-v3.0,SENIORITY_UNCONFIRMED,1,No explicit entry-level or experience-level signal in title/source seniority,3
JB_6430,AI DevOps Engineer,UNIQA,,Praha – Vokovice + 1 další lokalita,Engineer,AI/ML Engineer,,,,,NO,"AI & Machine Learning, Cloud & Infrastructure, Engineering & R&D",,https://www.jobs.cz/rpd/2001433382,2026-09-18T17:40:03+02:00,2026-09-18T17:40:03+02:00,2026-09-18T17:40:03+02:00,,,,,,,Exploratory,32,32,DATA_SCIENCE_MODELLING,Data Science & Modelling,Prague,18,Data Science & Modelling,Advertisement requirements not yet verified; Entry-level accessibility unconfirmed; Publication date unknown; first observation is only a lower bound on age; Latest saved review rejects or deprioritizes this vacancy,2026-10-04-v3.0,,19,First observation: minimum age only,19,UNKNOWN,,PREVIOUS_REJECTION,8,REJECTED,Publication date unknown; first observation is only a lower bound on age; Latest saved review rejects or deprioritizes this vacancy,2026-10-04-v3.0,SENIORITY_UNCONFIRMED,1,No explicit entry-level or experience-level signal in title/source seniority,3
JB_5217,AI Engineer,Air Bank a.s.,,Praha – Dejvice,Engineer,AI/ML Engineer,,,,,NO,"AI & Machine Learning, Engineering & R&D",,https://www.jobs.cz/rpd/2001426159,2026-09-18T13:28:58+02:00,2026-09-18T13:28:58+02:00,2026-09-18T13:28:58+02:00,,,,,,,Exploratory,32,32,DATA_SCIENCE_MODELLING,Data Science & Modelling,Prague,19,Data Science & Modelling,Advertisement requirements not yet verified; Entry-level accessibility unconfirmed; Publication date unknown; first observation is only a lower bound on age; Latest saved review rejects or deprioritizes this vacancy,2026-10-04-v3.0,,19,First observation: minimum age only,19,UNKNOWN,,PREVIOUS_REJECTION,8,REJECTED,Publication date unknown; first observation is only a lower bound on age; Latest saved review rejects or deprioritizes this vacancy,2026-10-04-v3.0,SENIORITY_UNCONFIRMED,1,No explicit entry-level or experience-level signal in title/source seniority,4
SJ_107775,Founding AI Engineer / RAG Specialist,Managed & Autonomous s.r.o.,,Prague,Engineer,AI/ML Engineer,,,,,NO,"AI & Machine Learning, Engineering & R&D",,https://www.startupjobs.cz/nabidka/107775/founding-ai-engineer-rag-specialist,2026-09-17T10:45:16+02:00,2026-09-17T10:45:16+02:00,2026-09-17T10:45:16+02:00,,,,,,,Exploratory,32,32,DATA_SCIENCE_MODELLING,Data Science & Modelling,Prague,20,Data Science & Modelling,Advertisement requirements not yet verified; Entry-level accessibility unconfirmed; Publication date unknown; first observation is only a lower bound on age; Latest saved review rejects or deprioritizes this vacancy,2026-10-04-v3.0,,20,First observation: minimum age only,20,UNKNOWN,,PREVIOUS_REJECTION,8,REJECTED,Publication date unknown; first observation is only a lower bound on age; Latest saved review rejects or deprioritizes this vacancy,2026-10-04-v3.0,SENIORITY_UNCONFIRMED,1,No explicit entry-level or experience-level signal in title/source seniority,4
JB_2412,AI OBSERVABILITY ENGINEER,J&T BANKA,,Praha – Karlín,Engineer,AI/ML Engineer,,,,,NO,"AI & Machine Learning, Engineering & R&D",,https://www.jobs.cz/rpd/2001424650,2026-09-15T00:08:31+02:00,2026-09-15T00:08:31+02:00,2026-09-15T00:08:31+02:00,,,,,,,Exploratory,32,32,DATA_SCIENCE_MODELLING,Data Science & Modelling,Prague,22,Data Science & Modelling,Advertisement requirements not yet verified; Entry-level accessibility unconfirmed; Publication date unknown; first observation is only a lower bound on age; Latest saved review rejects or deprioritizes this vacancy,2026-10-04-v3.0,,22,First observation: minimum age only,22,UNKNOWN,,PREVIOUS_REJECTION,8,REJECTED,Publication date unknown; first observation is only a lower bound on age; Latest saved review rejects or deprioritizes this vacancy,2026-10-04-v3.0,SENIORITY_UNCONFIRMED,1,No explicit entry-level or experience-level signal in title/source seniority,4
SJ_107769,Machine Learning Engineer/ka,Zentity a.s.,,Prague,Engineer,AI/ML Engineer,,,,,NO,"AI & Machine Learning, Engineering & R&D",,https://www.startupjobs.cz/nabidka/107769/machine-learning-engineer-ka,2026-09-14T22:28:07+02:00,2026-09-14T22:28:07+02:00,2026-09-14T22:28:07+02:00,,,,,,,Exploratory,32,32,DATA_SCIENCE_MODELLING,Data Science & Modelling,Prague,22,Data Science & Modelling,Advertisement requirements not yet verified; Entry-level accessibility unconfirmed; Publication date unknown; first observation is only a lower bound on age; Latest saved review rejects or deprioritizes this vacancy,2026-10-04-v3.0,,23,First observation: minimum age only,23,UNKNOWN,,PREVIOUS_REJECTION,8,REJECTED,Publication date unknown; first observation is only a lower bound on age; Latest saved review rejects or deprioritizes this vacancy,2026-10-04-v3.0,SENIORITY_UNCONFIRMED,1,No explicit entry-level or experience-level signal in title/source seniority,3
SJ_107301,AI Engineer,Apify,,Prague,Engineer,AI/ML Engineer,,,,,NO,"AI & Machine Learning, Engineering & R&D",,https://www.startupjobs.cz/nabidka/107301/ai-engineer,2026-09-12T11:02:48+02:00,2026-09-12T11:02:48+02:00,2026-09-12T11:02:48+02:00,,,,,,,Exploratory,32,32,DATA_SCIENCE_MODELLING,Data Science & Modelling,Prague,25,Data Science & Modelling,Advertisement requirements not yet verified; Entry-level accessibility unconfirmed; Publication date unknown; first observation is only a lower bound on age; Latest saved review rejects or deprioritizes this vacancy,2026-10-04-v3.0,,25,First observation: minimum age only,25,UNKNOWN,,PREVIOUS_REJECTION,8,REJECTED,Publication date unknown; first observation is only a lower bound on age; Latest saved review rejects or deprioritizes this vacancy,2026-10-04-v3.0,SENIORITY_UNCONFIRMED,1,No explicit entry-level or experience-level signal in title/source seniority,3
SJ_99821,AI/ML Engineer (💡leadership role),Myšlenková cesta s.r.o.,,Prague,Engineer,AI/ML Engineer,,,,,NO,"AI & Machine Learning, Engineering & R&D",,https://www.startupjobs.cz/nabidka/99821/ai-ml-engineer-leadership-role,2026-09-12T11:02:48+02:00,2026-09-12T11:02:48+02:00,2026-09-12T11:02:48+02:00,,,,,,,Exploratory,32,32,DATA_SCIENCE_MODELLING,Data Science & Modelling,Prague,25,Data Science & Modelling,Advertisement requirements not yet verified; Entry-level accessibility unconfirmed; Publication date unknown; first observation is only a lower bound on age; Latest saved review rejects or deprioritizes this vacancy,2026-10-04-v3.0,,25,First observation: minimum age only,25,UNKNOWN,,PREVIOUS_REJECTION,8,REJECTED,Publication date unknown; first observation is only a lower bound on age; Latest saved review rejects or deprioritizes this vacancy,2026-10-04-v3.0,SENIORITY_UNCONFIRMED,1,No explicit entry-level or experience-level signal in title/source seniority,4
SJ_107407,AI-first DevOps Engineer,Fortion Networks,,Prague,Engineer,AI/ML Engineer,,,,,NO,"AI & Machine Learning, Cloud & Infrastructure, Engineering & R&D",,https://www.startupjobs.cz/nabidka/107407/ai-first-devops-engineer,2026-09-12T11:01:43+02:00,2026-09-12T11:01:43+02:00,2026-09-12T11:01:43+02:00,,,,,,,Exploratory,32,32,DATA_SCIENCE_MODELLING,Data Science & Modelling,Prague,25,Data Science & Modelling,Advertisement requirements not yet verified; Entry-level accessibility unconfirmed; Publication date unknown; first observation is only a lower bound on age; Latest saved review rejects or deprioritizes this vacancy,2026-10-04-v3.0,,25,First observation: minimum age only,25,UNKNOWN,,PREVIOUS_REJECTION,8,REJECTED,Publication date unknown; first observation is only a lower bound on age; Latest saved review rejects or deprioritizes this vacancy,2026-10-04-v3.0,SENIORITY_UNCONFIRMED,1,No explicit entry-level or experience-level signal in title/source seniority,4
SJ_107565,AI Platform Engineer,Trezor,,Prague,Engineer,AI/ML Engineer,,,,,NO,"AI & Machine Learning, Cloud & Infrastructure, Engineering & R&D",,https://www.startupjobs.cz/nabidka/107565/ai-platform-engineer,2026-09-12T10:58:33+02:00,2026-09-12T10:58:33+02:00,2026-09-12T10:58:33+02:00,,,,,,,Exploratory,32,32,DATA_SCIENCE_MODELLING,Data Science & Modelling,Prague,25,Data Science & Modelling,Advertisement requirements not yet verified; Entry-level accessibility unconfirmed; Publication date unknown; first observation is only a lower bound on age; Latest saved review rejects or deprioritizes this vacancy,2026-10-04-v3.0,,25,First observation: minimum age only,25,UNKNOWN,,PREVIOUS_REJECTION,8,REJECTED,Publication date unknown; first observation is only a lower bound on age; Latest saved review rejects or deprioritizes this vacancy,2026-10-04-v3.0,SENIORITY_UNCONFIRMED,1,No explicit entry-level or experience-level signal in title/source seniority,3
SJ_107281,Computer Vision Engineer,NOONTIDE SYSTEMS s.r.o.,,Prague,Engineer,AI/ML Engineer,,,,,NO,"AI & Machine Learning, Engineering & R&D",,https://www.startupjobs.cz/nabidka/107281/computer-vision-engineer,2026-09-12T10:43:17+02:00,2026-09-12T10:43:17+02:00,2026-09-12T10:43:17+02:00,,,,,,,Exploratory,32,32,DATA_SCIENCE_MODELLING,Data Science & Modelling,Prague,25,Data Science & Modelling,Advertisement requirements not yet verified; Entry-level accessibility unconfirmed; Publication date unknown; first observation is only a lower bound on age; Latest saved review rejects or deprioritizes this vacancy,2026-10-04-v3.0,,25,First observation: minimum age only,25,UNKNOWN,,PREVIOUS_REJECTION,8,REJECTED,Publication date unknown; first observation is only a lower bound on age; Latest saved review rejects or deprioritizes this vacancy,2026-10-04-v3.0,SENIORITY_UNCONFIRMED,1,No explicit entry-level or experience-level signal in title/source seniority,4
JB_2870,AI Support Engineer,Daktela s.r.o.,,Praha – Žižkov,Engineer,AI/ML Engineer,,,,,NO,"AI & Machine Learning, Engineering & R&D",,https://www.jobs.cz/rpd/2001383274,2026-09-11T17:01:57+02:00,2026-09-11T17:01:57+02:00,2026-09-11T17:01:57+02:00,,,,,,,Exploratory,32,32,DATA_SCIENCE_MODELLING,Data Science & Modelling,Prague,25,Data Science & Modelling,Advertisement requirements not yet verified; Entry-level accessibility unconfirmed; Publication date unknown; first observation is only a lower bound on age; Latest saved review rejects or deprioritizes this vacancy,2026-10-04-v3.0,,26,First observation: minimum age only,26,UNKNOWN,,PREVIOUS_REJECTION,8,REJECTED,Publication date unknown; first observation is only a lower bound on age; Latest saved review rejects or deprioritizes this vacancy,2026-10-04-v3.0,SENIORITY_UNCONFIRMED,1,No explicit entry-level or experience-level signal in title/source seniority,4
JB_8870,AI Architect/AI Engineer,"Česká spořitelna, a.s.",,Praha – Michle,Architect,AI Architect,,,,,NO,"AI & Machine Learning, Engineering & R&D",,https://www.jobs.cz/rpd/2000930937,2026-09-11T17:01:45+02:00,2026-09-11T17:01:45+02:00,2026-09-11T17:01:45+02:00,,,,,,,Exploratory,32,32,DATA_SCIENCE_MODELLING,Data Science & Modelling,Prague,25,Data Science & Modelling,Advertisement requirements not yet verified; Entry-level accessibility unconfirmed; Publication date unknown; first observation is only a lower bound on age; Latest saved review rejects or deprioritizes this vacancy,2026-10-04-v3.0,,26,First observation: minimum age only,26,UNKNOWN,,PREVIOUS_REJECTION,8,REJECTED,Publication date unknown; first observation is only a lower bound on age; Latest saved review rejects or deprioritizes this vacancy,2026-10-04-v3.0,SENIORITY_UNCONFIRMED,1,No explicit entry-level or experience-level signal in title/source seniority,3
JB_6733,AI Platform Engineer — DEK a.s.,DEK a.s.,90 000 – 120 000 Kč,Praha – Malešice,Engineer,AI/ML Engineer,,,,,NO,"AI & Machine Learning, Cloud & Infrastructure, Engineering & R&D",,https://www.jobs.cz/rpd/2001360068,2026-09-11T16:29:35+02:00,2026-09-11T16:29:35+02:00,2026-09-11T16:29:35+02:00,,,,,,,Exploratory,32,32,DATA_SCIENCE_MODELLING,Data Science & Modelling,Prague,25,Data Science & Modelling,Advertisement requirements not yet verified; Entry-level accessibility unconfirmed; Publication date unknown; first observation is only a lower bound on age; Latest saved review rejects or deprioritizes this vacancy,2026-10-04-v3.0,,26,First observation: minimum age only,26,UNKNOWN,,PREVIOUS_REJECTION,8,REJECTED,Publication date unknown; first observation is only a lower bound on age; Latest saved review rejects or deprioritizes this vacancy,2026-10-04-v3.0,SENIORITY_UNCONFIRMED,1,No explicit entry-level or experience-level signal in title/source seniority,3
JB_5918,AI-first Software Engineer,Košík.cz s.r.o.,,Praha – Dejvice,Engineer,AI/ML Engineer,,,,,NO,"AI & Machine Learning, IT & Software, Engineering & R&D",,https://www.jobs.cz/rpd/2001396654,2026-09-11T16:29:35+02:00,2026-09-11T16:29:35+02:00,2026-09-11T16:29:35+02:00,,,,,,,Exploratory,32,32,DATA_SCIENCE_MODELLING,Data Science & Modelling,Prague,25,Data Science & Modelling,Advertisement requirements not yet verified; Entry-level accessibility unconfirmed; Publication date unknown; first observation is only a lower bound on age; Latest saved review rejects or deprioritizes this vacancy,2026-10-04-v3.0,,26,First observation: minimum age only,26,UNKNOWN,,PREVIOUS_REJECTION,8,REJECTED,Publication date unknown; first observation is only a lower bound on age; Latest saved review rejects or deprioritizes this vacancy,2026-10-04-v3.0,SENIORITY_UNCONFIRMED,1,No explicit entry-level or experience-level signal in title/source seniority,4
JB_1374,AI Engineer,Deckard & Penfield s.r.o.,,Praha – Holešovice,Engineer,AI/ML Engineer,,,,,NO,"AI & Machine Learning, Engineering & R&D",,https://www.jobs.cz/rpd/2001414631,2026-09-11T16:29:24+02:00,2026-09-11T16:29:24+02:00,2026-09-11T16:29:24+02:00,,,,,,,Exploratory,32,32,DATA_SCIENCE_MODELLING,Data Science & Modelling,Prague,25,Data Science & Modelling,Advertisement requirements not yet verified; Entry-level accessibility unconfirmed; Publication date unknown; first observation is only a lower bound on age; Latest saved review rejects or deprioritizes this vacancy,2026-10-04-v3.0,,26,First observation: minimum age only,26,UNKNOWN,,PREVIOUS_REJECTION,8,REJECTED,Publication date unknown; first observation is only a lower bound on age; Latest saved review rejects or deprioritizes this vacancy,2026-10-04-v3.0,SENIORITY_UNCONFIRMED,1,No explicit entry-level or experience-level signal in title/source seniority,4
JB_3298,AI Engineer (JPO29170),Alza.cz a.s.,,Praha – Holešovice,Engineer,AI/ML Engineer,,,,,NO,"AI & Machine Learning, Engineering & R&D",,https://www.jobs.cz/rpd/2001410080,2026-09-11T16:29:24+02:00,2026-09-11T16:29:24+02:00,2026-09-11T16:29:24+02:00,,,,,,,Exploratory,32,32,DATA_SCIENCE_MODELLING,Data Science & Modelling,Prague,25,Data Science & Modelling,Advertisement requirements not yet verified; Entry-level accessibility unconfirmed; Publication date unknown; first observation is only a lower bound on age; Latest saved review rejects or deprioritizes this vacancy,2026-10-04-v3.0,,26,First observation: minimum age only,26,UNKNOWN,,PREVIOUS_REJECTION,8,REJECTED,Publication date unknown; first observation is only a lower bound on age; Latest saved review rejects or deprioritizes this vacancy,2026-10-04-v3.0,SENIORITY_UNCONFIRMED,1,No explicit entry-level or experience-level signal in title/source seniority,4
JB_2044,AI Security Engineer,Grafton Recruitment s.r.o.,100 000 – 110 000 Kč,Praha,Engineer,AI/ML Engineer,,,,,NO,"AI & Machine Learning, Cybersecurity, Engineering & R&D",,https://www.jobs.cz/rpd/2001392194,2026-09-11T16:29:24+02:00,2026-09-11T16:29:24+02:00,2026-09-11T16:29:24+02:00,,,,,,,Exploratory,32,32,DATA_SCIENCE_MODELLING,Data Science & Modelling,Prague,25,Data Science & Modelling,Advertisement requirements not yet verified; Entry-level accessibility unconfirmed; Publication date unknown; first observation is only a lower bound on age; Latest saved review rejects or deprioritizes this vacancy,2026-10-04-v3.0,,26,First observation: minimum age only,26,UNKNOWN,,PREVIOUS_REJECTION,8,REJECTED,Publication date unknown; first observation is only a lower bound on age; Latest saved review rejects or deprioritizes this vacancy,2026-10-04-v3.0,SENIORITY_UNCONFIRMED,1,No explicit entry-level or experience-level signal in title/source seniority,4
JB_6299,AI Engineer,Skupina Klik.cz,,Praha – Karlín,Engineer,AI/ML Engineer,,,,,NO,"AI & Machine Learning, Engineering & R&D",,https://www.jobs.cz/rpd/2001389927,2026-09-11T16:20:20+02:00,2026-09-11T16:20:20+02:00,2026-09-11T16:20:20+02:00,,,,,,,Exploratory,32,32,DATA_SCIENCE_MODELLING,Data Science & Modelling,Prague,25,Data Science & Modelling,Advertisement requirements not yet verified; Entry-level accessibility unconfirmed; Publication date unknown; first observation is only a lower bound on age; Latest saved review rejects or deprioritizes this vacancy,2026-10-04-v3.0,,26,First observation: minimum age only,26,UNKNOWN,,PREVIOUS_REJECTION,8,REJECTED,Publication date unknown; first observation is only a lower bound on age; Latest saved review rejects or deprioritizes this vacancy,2026-10-04-v3.0,SENIORITY_UNCONFIRMED,1,No explicit entry-level or experience-level signal in title/source seniority,3
JB_7541,"AI Implementation Engineer – LLM, RAG & Agents",Prochazka & Partners s.r.o.,,Praha – Nové Město,Engineer,AI/ML Engineer,,,,,NO,"AI & Machine Learning, Engineering & R&D",,https://www.jobs.cz/rpd/2001178249,2026-09-11T16:18:03+02:00,2026-09-11T16:18:03+02:00,2026-09-11T16:18:03+02:00,,,,,,,Exploratory,32,32,DATA_SCIENCE_MODELLING,Data Science & Modelling,Prague,25,Data Science & Modelling,Advertisement requirements not yet verified; Entry-level accessibility unconfirmed; Publication date unknown; first observation is only a lower bound on age; Latest saved review rejects or deprioritizes this vacancy,2026-10-04-v3.0,,26,First observation: minimum age only,26,UNKNOWN,,PREVIOUS_REJECTION,8,REJECTED,Publication date unknown; first observation is only a lower bound on age; Latest saved review rejects or deprioritizes this vacancy,2026-10-04-v3.0,SENIORITY_UNCONFIRMED,1,No explicit entry-level or experience-level signal in title/source seniority,4
JB_4512,AI Observability Engineer | Budujte spolehlivou monitoring platformu,Manpower IT,,Praha,Engineer,AI/ML Engineer,,,,,NO,"AI & Machine Learning, Engineering & R&D",,https://www.jobs.cz/rpd/2001416998,2026-09-11T16:17:46+02:00,2026-09-11T16:17:46+02:00,2026-09-11T16:17:46+02:00,,,,,,,Exploratory,32,32,DATA_SCIENCE_MODELLING,Data Science & Modelling,Prague,25,Data Science & Modelling,Advertisement requirements not yet verified; Entry-level accessibility unconfirmed; Publication date unknown; first observation is only a lower bound on age; Latest saved review rejects or deprioritizes this vacancy,2026-10-04-v3.0,,26,First observation: minimum age only,26,UNKNOWN,,PREVIOUS_REJECTION,8,REJECTED,Publication date unknown; first observation is only a lower bound on age; Latest saved review rejects or deprioritizes this vacancy,2026-10-04-v3.0,SENIORITY_UNCONFIRMED,1,No explicit entry-level or experience-level signal in title/source seniority,3
JB_0611,AI Engineer for Dataclair AI Centre (m/f),O2 Czech Republic a.s.,,Praha – Michle,Engineer,AI/ML Engineer,,,,,NO,"AI & Machine Learning, Engineering & R&D",,https://www.jobs.cz/rpd/2000579860,2026-09-11T16:09:09+02:00,2026-09-11T16:09:09+02:00,2026-09-11T16:09:09+02:00,,,,,,,Exploratory,32,32,DATA_SCIENCE_MODELLING,Data Science & Modelling,Prague,25,Data Science & Modelling,Advertisement requirements not yet verified; Entry-level accessibility unconfirmed; Publication date unknown; first observation is only a lower bound on age; Latest saved review rejects or deprioritizes this vacancy,2026-10-04-v3.0,,26,First observation: minimum age only,26,UNKNOWN,,PREVIOUS_REJECTION,8,REJECTED,Publication date unknown; first observation is only a lower bound on age; Latest saved review rejects or deprioritizes this vacancy,2026-10-04-v3.0,SENIORITY_UNCONFIRMED,1,No explicit entry-level or experience-level signal in title/source seniority,4
JB_0556,AI/ML Engineer,CETIN a.s.,,Praha – Libeň,Engineer,AI/ML Engineer,,,,,NO,"AI & Machine Learning, Engineering & R&D",,https://www.jobs.cz/rpd/2001413672,2026-09-11T16:09:09+02:00,2026-09-11T16:09:09+02:00,2026-09-11T16:09:09+02:00,,,,,,,Exploratory,32,32,DATA_SCIENCE_MODELLING,Data Science & Modelling,Prague,25,Data Science & Modelling,Advertisement requirements not yet verified; Entry-level accessibility unconfirmed; Publication date unknown; first observation is only a lower bound on age; Latest saved review rejects or deprioritizes this vacancy,2026-10-04-v3.0,,26,First observation: minimum age only,26,UNKNOWN,,PREVIOUS_REJECTION,8,REJECTED,Publication date unknown; first observation is only a lower bound on age; Latest saved review rejects or deprioritizes this vacancy,2026-10-04-v3.0,SENIORITY_UNCONFIRMED,1,No explicit entry-level or experience-level signal in title/source seniority,3
JB_7667,AI Engineer,AGEL a.s.,,Praha,Engineer,AI/ML Engineer,,,,,NO,"AI & Machine Learning, Engineering & R&D",,https://www.jobs.cz/rpd/2001225361,2026-09-11T15:57:28+02:00,2026-09-11T15:57:28+02:00,2026-09-11T15:57:28+02:00,,,,,,,Exploratory,32,32,DATA_SCIENCE_MODELLING,Data Science & Modelling,Prague,25,Data Science & Modelling,Advertisement requirements not yet verified; Entry-level accessibility unconfirmed; Publication date unknown; first observation is only a lower bound on age; Latest saved review rejects or deprioritizes this vacancy,2026-10-04-v3.0,,26,First observation: minimum age only,26,UNKNOWN,,PREVIOUS_REJECTION,8,REJECTED,Publication date unknown; first observation is only a lower bound on age; Latest saved review rejects or deprioritizes this vacancy,2026-10-04-v3.0,SENIORITY_UNCONFIRMED,1,No explicit entry-level or experience-level signal in title/source seniority,4
JB_0568,AI Engineer,R4U s.r.o.,,Praha – Chodov,Engineer,AI/ML Engineer,,,,,NO,"AI & Machine Learning, Engineering & R&D",,https://www.jobs.cz/rpd/2000532548,2026-09-11T15:56:57+02:00,2026-09-11T15:56:57+02:00,2026-09-11T15:56:57+02:00,,,,,,,Exploratory,32,32,DATA_SCIENCE_MODELLING,Data Science & Modelling,Prague,25,Data Science & Modelling,Advertisement requirements not yet verified; Entry-level accessibility unconfirmed; Publication date unknown; first observation is only a lower bound on age; Latest saved review rejects or deprioritizes this vacancy,2026-10-04-v3.0,,26,First observation: minimum age only,26,UNKNOWN,,PREVIOUS_REJECTION,8,REJECTED,Publication date unknown; first observation is only a lower bound on age; Latest saved review rejects or deprioritizes this vacancy,2026-10-04-v3.0,SENIORITY_UNCONFIRMED,1,No explicit entry-level or experience-level signal in title/source seniority,3
JB_0558,Data Scientist / ML Engineer – Interested in Knowledge Graphs? - Full remote,BARTON Consulting s.r.o.,,Praha,Scientist,Data Scientist,,,,,NO,"Data & Analytics, AI & Machine Learning, Engineering & R&D",,https://www.jobs.cz/rpd/2001381338,2026-09-11T15:56:42+02:00,2026-09-11T15:56:42+02:00,2026-09-11T15:56:42+02:00,,,,,,,Exploratory,32,32,DATA_SCIENCE_MODELLING,Data Science & Modelling,Prague,25,Data Science & Modelling,Advertisement requirements not yet verified; Entry-level accessibility unconfirmed; Publication date unknown; first observation is only a lower bound on age; Latest saved review rejects or deprioritizes this vacancy,2026-10-04-v3.0,,26,First observation: minimum age only,26,UNKNOWN,,PREVIOUS_REJECTION,8,REJECTED,Publication date unknown; first observation is only a lower bound on age; Latest saved review rejects or deprioritizes this vacancy,2026-10-04-v3.0,SENIORITY_UNCONFIRMED,1,No explicit entry-level or experience-level signal in title/source seniority,4
JB_4471,Data Scientist,PŘEDVÝBĚR.CZ a.s.,60 000 – 75 000 Kč,Praha – Libeň,Scientist,Data Scientist,,,,,NO,Data & Analytics,,https://www.jobs.cz/rpd/2001371969,2026-09-11T15:56:36+02:00,2026-09-11T15:56:36+02:00,2026-09-11T15:56:36+02:00,,,,,,,Exploratory,32,32,DATA_SCIENCE_MODELLING,Data Science & Modelling,Prague,25,Data Science & Modelling,Advertisement requirements not yet verified; Entry-level accessibility unconfirmed; Publication date unknown; first observation is only a lower bound on age; Latest saved review rejects or deprioritizes this vacancy,2026-10-04-v3.0,,26,First observation: minimum age only,26,UNKNOWN,,PREVIOUS_REJECTION,8,REJECTED,Publication date unknown; first observation is only a lower bound on age; Latest saved review rejects or deprioritizes this vacancy,2026-10-04-v3.0,SENIORITY_UNCONFIRMED,1,No explicit entry-level or experience-level signal in title/source seniority,4
JB_5735,Junior konzultant/ka nebo vývojář/ka modelů – Řízení kreditního rizika,EY,50 000 Kč,Praha,Consultant,General Consultant,,Junior/Entry-level,,Junior/Entry-level,NO,IT & Software,,https://www.jobs.cz/rpd/2001439010,2026-09-21T17:32:40+02:00,2026-09-21T17:32:40+02:00,2026-09-21T17:32:40+02:00,,,,,,,Exploratory,30,30,SOFTWARE_BACKEND_FULLSTACK,Software Development,Prague,15,Software Development; Entry-level signal,Advertisement requirements not yet verified; Czech-language title: workplace language needs verification; Publication date unknown; first observation is only a lower bound on age; Latest saved review rejects or deprioritizes this vacancy,2026-10-04-v3.0,,16,First observation: minimum age only,16,UNKNOWN,,PREVIOUS_REJECTION,8,REJECTED,Publication date unknown; first observation is only a lower bound on age; Latest saved review rejects or deprioritizes this vacancy,2026-10-04-v3.0,ENTRY_LEVEL_SIGNAL,0,Seniority: Junior/Entry-level; Job title: Junior konzultant/ka nebo vývojář/ka modelů – Řízení kreditního rizika,3
JST_0352,Junior Mendix Developer/konzultant,Lidl Česká republika v.o.s.,Navrhni si mzdu,"Praha 5, Stodůlky",Developer,General Software Developer,,Junior,Junior,Junior/Entry-level,YES,IT & Software,,https://www.jobstack.it/it-job/analytik/63ca9f3d92383,2026-09-12T11:33:50+02:00,2026-09-12T11:33:50+02:00,2026-09-12T11:33:50+02:00,,,,,,,Exploratory,30,30,SOFTWARE_BACKEND_FULLSTACK,Software Development,Prague,25,Software Development; Entry-level signal,Advertisement requirements not yet verified; Czech-language title: workplace language needs verification; Source/title seniority conflict; Publication date unknown; first observation is only a lower bound on age; Latest saved review rejects or deprioritizes this vacancy,2026-10-04-v3.0,,25,First observation: minimum age only,25,UNKNOWN,,PREVIOUS_REJECTION,8,REJECTED,Publication date unknown; first observation is only a lower bound on age; Latest saved review rejects or deprioritizes this vacancy,2026-10-04-v3.0,ENTRY_LEVEL_SIGNAL,0,Seniority: Junior; Job title: Junior Mendix Developer/konzultant,4
SJ_107047,"Hledám prvního technického člověka do Speyce | Junior fullstack/backend vývojář, AI-native",Speyce,,Prague,Developer,Full-Stack Developer,,Junior/Entry-level,,Junior/Entry-level,NO,"AI & Machine Learning, IT & Software",,https://www.startupjobs.cz/nabidka/107047/hledam-prvniho-technickeho-cloveka-do-speyce-junior-fullstack-backend-vyvojar-ai-native,2026-09-12T11:07:03+02:00,2026-09-12T11:07:03+02:00,2026-09-12T11:07:03+02:00,,,,,,,Exploratory,30,30,SOFTWARE_BACKEND_FULLSTACK,Software Development,Prague,25,Software Development; Entry-level signal,Advertisement requirements not yet verified; Czech-language title: workplace language needs verification; Publication date unknown; first observation is only a lower bound on age; Latest saved review rejects or deprioritizes this vacancy,2026-10-04-v3.0,,25,First observation: minimum age only,25,UNKNOWN,,PREVIOUS_REJECTION,8,REJECTED,Publication date unknown; first observation is only a lower bound on age; Latest saved review rejects or deprioritizes this vacancy,2026-10-04-v3.0,ENTRY_LEVEL_SIGNAL,0,"Seniority: Junior/Entry-level; Job title: Hledám prvního technického člověka do Speyce | Junior fullstack/backend vývojář, AI-native",4
JST_8423,Fiori Developer,EFFIIS s.r.o.,Navrhni si mzdu,Praha,Developer,General Software Developer,,"Junior, Medior","Junior, Medior",,NO,IT & Software,,https://www.jobstack.it/it-job/developer-other/649974baa54ad,2026-09-12T11:33:42+02:00,2026-09-12T11:33:42+02:00,2026-09-12T11:33:42+02:00,,,,,,,Exploratory,28,28,SOFTWARE_BACKEND_FULLSTACK,Software Development,Prague,25,Software Development; Entry-level signal,Advertisement requirements not yet verified; Mid-level experience needs verification; Publication date unknown; first observation is only a lower bound on age; Latest saved review rejects or deprioritizes this vacancy,2026-10-04-v3.0,,25,First observation: minimum age only,25,UNKNOWN,,PREVIOUS_REJECTION,8,REJECTED,Publication date unknown; first observation is only a lower bound on age; Latest saved review rejects or deprioritizes this vacancy,2026-10-04-v3.0,MIXED_LEVEL_SIGNAL,2,"Seniority: Junior, Medior",4
JST_3867,PHP Developer (junior/medior) – interní aplikace s dopadem,Headhunter,Navrhni si mzdu,Praha,Developer,General Software Developer,,"Junior, Medior","Junior, Medior","Junior/Entry-level, Medior/Mid-level",YES,IT & Software,PHP,https://www.jobstack.it/it-job/php-developer/689527a77db40,2026-09-12T11:33:16+02:00,2026-09-12T11:33:16+02:00,2026-09-12T11:33:16+02:00,,,,,,,Exploratory,28,28,SOFTWARE_BACKEND_FULLSTACK,Software Development,Prague,25,Software Development; Entry-level signal,Advertisement requirements not yet verified; Mid-level experience needs verification; Source/title seniority conflict; Publication date unknown; first observation is only a lower bound on age; Latest saved review rejects or deprioritizes this vacancy,2026-10-04-v3.0,,25,First observation: minimum age only,25,UNKNOWN,,PREVIOUS_REJECTION,8,REJECTED,Publication date unknown; first observation is only a lower bound on age; Latest saved review rejects or deprioritizes this vacancy,2026-10-04-v3.0,MIXED_LEVEL_SIGNAL,2,"Seniority: Junior, Medior; Job title: PHP Developer (junior/medior) – interní aplikace s dopadem",4
JST_7017,PROGRAMÁTOR ERP SYSTÉMU,ARTEX informační systémy,až 50 000 Kč / měsíc,"Štefánikova 32, Praha 5",Developer,Enterprise Applications Developer,,"Junior, Medior","Junior, Medior",,NO,IT & Software,,https://www.jobstack.it/it-job/database-developer/60003c43e18d4,2026-09-12T11:33:16+02:00,2026-09-12T11:33:16+02:00,2026-09-12T11:33:16+02:00,,,,,,,Exploratory,28,28,SOFTWARE_BACKEND_FULLSTACK,Software Development,Prague,25,Software Development; Entry-level signal,Advertisement requirements not yet verified; Mid-level experience needs verification; Publication date unknown; first observation is only a lower bound on age; Latest saved review rejects or deprioritizes this vacancy,2026-10-04-v3.0,,25,First observation: minimum age only,25,UNKNOWN,,PREVIOUS_REJECTION,8,REJECTED,Publication date unknown; first observation is only a lower bound on age; Latest saved review rejects or deprioritizes this vacancy,2026-10-04-v3.0,MIXED_LEVEL_SIGNAL,2,"Seniority: Junior, Medior",4
JST_7788,NEXT.js developer (Medior),1. Web IT s.r.o.,až 100 000 Kč / měsíc,"Drtinova 10, Praha 5 (Impact Hub) nebo Cyrilská 7, Brno",Developer,General Software Developer,,"Junior, Medior","Junior, Medior",Medior/Mid-level,YES,IT & Software,JavaScript,https://www.jobstack.it/it-job/react-developer/5c0f96ef19d1c,2026-09-12T11:32:36+02:00,2026-09-12T11:32:36+02:00,2026-09-12T11:32:36+02:00,,,,,,,Exploratory,28,28,SOFTWARE_BACKEND_FULLSTACK,Software Development,Prague,25,Software Development; Entry-level signal,Advertisement requirements not yet verified; Mid-level experience needs verification; Source/title seniority conflict; Publication date unknown; first observation is only a lower bound on age; Latest saved review rejects or deprioritizes this vacancy,2026-10-04-v3.0,,25,First observation: minimum age only,25,UNKNOWN,,PREVIOUS_REJECTION,8,REJECTED,Publication date unknown; first observation is only a lower bound on age; Latest saved review rejects or deprioritizes this vacancy,2026-10-04-v3.0,MIXED_LEVEL_SIGNAL,2,"Seniority: Junior, Medior; Job title: NEXT.js developer (Medior)",4
JST_8793,PHP programátor (Nette),1. Web IT s.r.o.,až 95 000 Kč / měsíc,"Drtinova 10, Praha 5 (Impact Hub), Brno - Cyrilská 7",Developer,General Software Developer,,"Junior, Medior","Junior, Medior",,NO,IT & Software,PHP,https://www.jobstack.it/it-job/php-developer/5bd1c00490cad,2026-09-12T11:32:21+02:00,2026-09-12T11:32:21+02:00,2026-09-12T11:32:21+02:00,,,,,,,Exploratory,28,28,SOFTWARE_BACKEND_FULLSTACK,Software Development,Prague,25,Software Development; Entry-level signal,Advertisement requirements not yet verified; Mid-level experience needs verification; Publication date unknown; first observation is only a lower bound on age; Latest saved review rejects or deprioritizes this vacancy,2026-10-04-v3.0,,25,First observation: minimum age only,25,UNKNOWN,,PREVIOUS_REJECTION,8,REJECTED,Publication date unknown; first observation is only a lower bound on age; Latest saved review rejects or deprioritizes this vacancy,2026-10-04-v3.0,MIXED_LEVEL_SIGNAL,2,"Seniority: Junior, Medior",4
JST_8497,"Junior tester s přesahem do automatizace - full onsite, Praha",Principal engineering s.r.o.,až 44 000 Kč / měsíc,Praha - Barrandov,Tester,Automation Tester,,Junior,Junior,Junior/Entry-level,YES,,,https://www.jobstack.it/it-job/tester/6abf6520a7fef,2026-10-02T12:36:00+02:00,2026-10-02T12:36:00+02:00,2026-10-02T12:36:00+02:00,,,,,,,Exploratory,27,27,ADJACENT_TECHNICAL,Adjacent Technical,Prague,5,Adjacent Technical; Entry-level signal,Advertisement requirements not yet verified; Czech-language title: workplace language needs verification; Source/title seniority conflict; Publication date unknown; first observation is only a lower bound on age; Latest saved review rejects or deprioritizes this vacancy,2026-10-04-v3.0,,5,First observation: minimum age only,5,UNKNOWN,,PREVIOUS_REJECTION,8,REJECTED,Publication date unknown; first observation is only a lower bound on age; Latest saved review rejects or deprioritizes this vacancy,2026-10-04-v3.0,ENTRY_LEVEL_SIGNAL,0,"Seniority: Junior; Job title: Junior tester s přesahem do automatizace - full onsite, Praha",4
JB_6167,Full-Stack Data Scientist - Production🍩,"La Lorraine, a.s.",,Kladno – Kročehlavy,Scientist,Data Scientist,,,,,NO,"Data & Analytics, Manufacturing & Production",,https://www.jobs.cz/rpd/2001443017,2026-09-23T20:07:08+02:00,2026-09-23T20:07:08+02:00,2026-09-23T20:07:08+02:00,,,,,,,Exploratory,27,27,DATA_SCIENCE_MODELLING,Data Science & Modelling,Verify Prague eligibility,13,Data Science & Modelling,Advertisement requirements not yet verified; Entry-level accessibility unconfirmed; Prague eligibility unresolved; Publication date unknown; first observation is only a lower bound on age; Latest saved review rejects or deprioritizes this vacancy,2026-10-04-v3.0,,14,First observation: minimum age only,14,UNKNOWN,,PREVIOUS_REJECTION,8,REJECTED,Publication date unknown; first observation is only a lower bound on age; Latest saved review rejects or deprioritizes this vacancy,2026-10-04-v3.0,SENIORITY_UNCONFIRMED,1,No explicit entry-level or experience-level signal in title/source seniority,3
BLT_2596,AI Native Product Engineer,Beautiful Destinations,,27 Locations,Engineer,AI/ML Engineer,,Mid level,Mid level,,NO,"AI & Machine Learning, Engineering & R&D",,https://builtin.com/job/full-stack-product-developer/10772146,2026-09-18T13:02:32+02:00,2026-09-18T13:02:32+02:00,2026-09-18T13:02:32+02:00,,,,,,,Exploratory,27,27,DATA_SCIENCE_MODELLING,Data Science & Modelling,Verify Prague eligibility,19,Data Science & Modelling,Advertisement requirements not yet verified; Mid-level experience needs verification; Prague eligibility unresolved; Publication date unknown; first observation is only a lower bound on age; Latest saved review rejects or deprioritizes this vacancy,2026-10-04-v3.0,,19,First observation: minimum age only,19,UNKNOWN,,PREVIOUS_REJECTION,8,REJECTED,Publication date unknown; first observation is only a lower bound on age; Latest saved review rejects or deprioritizes this vacancy,2026-10-04-v3.0,EXPERIENCED_LEVEL_SIGNAL,3,Seniority: Mid level,4
JST_5386,IT Analytik,Generali Česká pojišťovna a.s.,Navrhni si mzdu,Praha,Analyst,IT/Systems Analyst,,Junior,Junior,,NO,"Data & Analytics, IT & Software",,https://www.jobstack.it/it-job/analytik/5fcf3a81124a9,2026-09-12T11:34:11+02:00,2026-09-12T11:34:11+02:00,2026-09-12T11:34:11+02:00,,,,,,,Exploratory,27,27,ADJACENT_TECHNICAL,Adjacent Technical,Prague,25,Adjacent Technical; Entry-level signal,Advertisement requirements not yet verified; Czech-language title: workplace language needs verification; Publication date unknown; first observation is only a lower bound on age; Latest saved review rejects or deprioritizes this vacancy,2026-10-04-v3.0,,25,First observation: minimum age only,25,UNKNOWN,,PREVIOUS_REJECTION,8,REJECTED,Publication date unknown; first observation is only a lower bound on age; Latest saved review rejects or deprioritizes this vacancy,2026-10-04-v3.0,ENTRY_LEVEL_SIGNAL,0,Seniority: Junior,4
JST_1114,Tester automobilových technologií na HIL zařízeních,tesena s.r.o.,až 60 000 Kč / měsíc,"Mladá Boleslav, Praha",Tester,Automotive/Embedded Tester,,Junior,Junior,,NO,,,https://www.jobstack.it/it-job/tester/68df7f0148951,2026-09-12T11:32:36+02:00,2026-09-12T11:32:36+02:00,2026-09-12T11:32:36+02:00,,,,,,,Exploratory,27,27,ADJACENT_TECHNICAL,Adjacent Technical,Prague,25,Adjacent Technical; Entry-level signal,Advertisement requirements not yet verified; Czech-language title: workplace language needs verification; Publication date unknown; first observation is only a lower bound on age; Latest saved review rejects or deprioritizes this vacancy,2026-10-04-v3.0,,25,First observation: minimum age only,25,UNKNOWN,,PREVIOUS_REJECTION,8,REJECTED,Publication date unknown; first observation is only a lower bound on age; Latest saved review rejects or deprioritizes this vacancy,2026-10-04-v3.0,ENTRY_LEVEL_SIGNAL,0,Seniority: Junior,4
JB_0390,Junior IT Business Analytik,"RESPECT, a.s.",,Praha – Krč,Analyst,IT/Systems Analyst,,Junior/Entry-level,,Junior/Entry-level,NO,"Data & Analytics, IT & Software",,https://www.jobs.cz/rpd/2001335181,2026-09-11T16:52:09+02:00,2026-09-11T16:52:09+02:00,2026-09-11T16:52:09+02:00,,,,,,,Exploratory,27,27,ADJACENT_TECHNICAL,Adjacent Technical,Prague,25,Adjacent Technical; Entry-level signal,Advertisement requirements not yet verified; Czech-language title: workplace language needs verification; Publication date unknown; first observation is only a lower bound on age; Latest saved review rejects or deprioritizes this vacancy,2026-10-04-v3.0,,26,First observation: minimum age only,26,UNKNOWN,,PREVIOUS_REJECTION,8,REJECTED,Publication date unknown; first observation is only a lower bound on age; Latest saved review rejects or deprioritizes this vacancy,2026-10-04-v3.0,ENTRY_LEVEL_SIGNAL,0,Seniority: Junior/Entry-level; Job title: Junior IT Business Analytik,4
JB_1750,Trainee IT Analytik/čka – tým Personalizovaného marketingu (OLEG - kampaňový systém),Trainee program v KB,,Praha – Stodůlky,Analyst,IT/Systems Analyst,,Intern/Trainee,,Intern/Trainee,NO,"Data & Analytics, IT & Software",,https://www.jobs.cz/rpd/2001251994,2026-09-11T16:43:08+02:00,2026-09-11T16:43:08+02:00,2026-09-11T16:43:08+02:00,,,,,,,Exploratory,27,27,ADJACENT_TECHNICAL,Adjacent Technical,Prague,25,Adjacent Technical; Entry-level signal,Advertisement requirements not yet verified; Czech-language title: workplace language needs verification; Publication date unknown; first observation is only a lower bound on age; Latest saved review rejects or deprioritizes this vacancy,2026-10-04-v3.0,,26,First observation: minimum age only,26,UNKNOWN,,PREVIOUS_REJECTION,8,REJECTED,Publication date unknown; first observation is only a lower bound on age; Latest saved review rejects or deprioritizes this vacancy,2026-10-04-v3.0,ENTRY_LEVEL_SIGNAL,0,Seniority: Intern/Trainee; Job title: Trainee IT Analytik/čka – tým Personalizovaného marketingu (OLEG - kampaňový systém),4
JB_6761,IT Analytik | Vhodné pro juniory | Praha,Manpower IT,,Praha,Analyst,IT/Systems Analyst,,Junior/Entry-level,,Junior/Entry-level,NO,"Data & Analytics, IT & Software",,https://www.jobs.cz/rpd/2001416676,2026-09-11T15:58:06+02:00,2026-09-11T15:58:06+02:00,2026-09-11T15:58:06+02:00,,,,,,,Exploratory,27,27,ADJACENT_TECHNICAL,Adjacent Technical,Prague,25,Adjacent Technical; Entry-level signal,Advertisement requirements not yet verified; Czech-language title: workplace language needs verification; Publication date unknown; first observation is only a lower bound on age; Latest saved review rejects or deprioritizes this vacancy,2026-10-04-v3.0,,26,First observation: minimum age only,26,UNKNOWN,,PREVIOUS_REJECTION,8,REJECTED,Publication date unknown; first observation is only a lower bound on age; Latest saved review rejects or deprioritizes this vacancy,2026-10-04-v3.0,ENTRY_LEVEL_SIGNAL,0,Seniority: Junior/Entry-level; Job title: IT Analytik | Vhodné pro juniory | Praha,4
JB_2719,Junior IT Analytik - skvělý start tvé kariéry v IT!,SOFTEC,,Praha – Krč,Analyst,IT/Systems Analyst,,Junior/Entry-level,,Junior/Entry-level,NO,"Data & Analytics, IT & Software",,https://www.jobs.cz/rpd/2001338015,2026-09-11T15:57:03+02:00,2026-09-11T15:57:03+02:00,2026-09-11T15:57:03+02:00,,,,,,,Exploratory,27,27,ADJACENT_TECHNICAL,Adjacent Technical,Prague,25,Adjacent Technical; Entry-level signal,Advertisement requirements not yet verified; Czech-language title: workplace language needs verification; Publication date unknown; first observation is only a lower bound on age; Latest saved review rejects or deprioritizes this vacancy,2026-10-04-v3.0,,26,First observation: minimum age only,26,UNKNOWN,,PREVIOUS_REJECTION,8,REJECTED,Publication date unknown; first observation is only a lower bound on age; Latest saved review rejects or deprioritizes this vacancy,2026-10-04-v3.0,ENTRY_LEVEL_SIGNAL,0,Seniority: Junior/Entry-level; Job title: Junior IT Analytik - skvělý start tvé kariéry v IT!,4
BLT_5321,Quantitative Researcher - Option,Binance,,29 Locations,Researcher,General Researcher,,Mid level,Mid level,,NO,,,https://builtin.com/job/quantitative-researcher/9920508,,,,,,,,,,Exploratory,27,27,DATA_SCIENCE_MODELLING,Data Science & Modelling,Verify Prague eligibility,,Data Science & Modelling,Advertisement requirements not yet verified; Mid-level experience needs verification; Prague eligibility unresolved; Publication and observation dates unknown; Latest saved review rejects or deprioritizes this vacancy,2026-10-04-v3.0,,,Unknown,,UNKNOWN,,PREVIOUS_REJECTION,8,REJECTED,Publication and observation dates unknown; Latest saved review rejects or deprioritizes this vacancy,2026-10-04-v3.0,EXPERIENCED_LEVEL_SIGNAL,3,Seniority: Mid level,4
JB_2051,Data Scientist/ka (zaměření na AML) - Praha,"MONETA Money Bank, a.s.",,Praha – Michle,Scientist,Data Scientist,,,,,NO,"Data & Analytics, Compliance & Risk",,https://www.jobs.cz/rpd/2001420783,2026-09-11T15:56:36+02:00,2026-09-11T15:56:36+02:00,2026-09-11T15:56:36+02:00,,,,,,,Exploratory,24,24,DATA_SCIENCE_MODELLING,Data Science & Modelling,Prague,25,Data Science & Modelling,Advertisement requirements not yet verified; Entry-level accessibility unconfirmed; Czech-language title: workplace language needs verification; Publication date unknown; first observation is only a lower bound on age; Latest saved review rejects or deprioritizes this vacancy,2026-10-04-v3.0,,26,First observation: minimum age only,26,UNKNOWN,,PREVIOUS_REJECTION,8,REJECTED,Publication date unknown; first observation is only a lower bound on age; Latest saved review rejects or deprioritizes this vacancy,2026-10-04-v3.0,SENIORITY_UNCONFIRMED,1,No explicit entry-level or experience-level signal in title/source seniority,4
JB_2172,AI Engineer pro bankovní transformační projekt,"Profinit EU, s.r.o.",,Praha – Karlín,Engineer,AI/ML Engineer,,,,,NO,"AI & Machine Learning, Finance & Banking, Project & Program Management, Engineering & R&D",,https://www.jobs.cz/rpd/2000930746,2026-09-11T15:56:22+02:00,2026-09-11T15:56:22+02:00,2026-09-11T15:56:22+02:00,,,,,,,Exploratory,24,24,DATA_SCIENCE_MODELLING,Data Science & Modelling,Prague,25,Data Science & Modelling,Advertisement requirements not yet verified; Entry-level accessibility unconfirmed; Czech-language title: workplace language needs verification; Publication date unknown; first observation is only a lower bound on age; Latest saved review rejects or deprioritizes this vacancy,2026-10-04-v3.0,,26,First observation: minimum age only,26,UNKNOWN,,PREVIOUS_REJECTION,8,REJECTED,Publication date unknown; first observation is only a lower bound on age; Latest saved review rejects or deprioritizes this vacancy,2026-10-04-v3.0,SENIORITY_UNCONFIRMED,1,No explicit entry-level or experience-level signal in title/source seniority,4
JB_7434,AI Developer JUNIOR/MEDIOR,"HOPI HOLDING, a.s.",,Modletice,Developer,General Software Developer,,"Junior/Entry-level, Medior/Mid-level",,"Junior/Entry-level, Medior/Mid-level",NO,"AI & Machine Learning, IT & Software",,https://www.jobs.cz/rpd/2001424816,2026-09-15T00:10:24+02:00,2026-09-15T00:10:24+02:00,2026-09-15T00:10:24+02:00,,,,,,,Exploratory,23,23,SOFTWARE_BACKEND_FULLSTACK,Software Development,Verify Prague eligibility,22,Software Development; Entry-level signal,Advertisement requirements not yet verified; Mid-level experience needs verification; Prague eligibility unresolved; Publication date unknown; first observation is only a lower bound on age; Latest saved review rejects or deprioritizes this vacancy,2026-10-04-v3.0,,22,First observation: minimum age only,22,UNKNOWN,,PREVIOUS_REJECTION,8,REJECTED,Publication date unknown; first observation is only a lower bound on age; Latest saved review rejects or deprioritizes this vacancy,2026-10-04-v3.0,MIXED_LEVEL_SIGNAL,2,"Seniority: Junior/Entry-level, Medior/Mid-level; Job title: AI Developer JUNIOR/MEDIOR",4
BLT_8831,Data Analyst (Spanish Speaker),futureproof,,CZE,Analyst,Data/BI Analyst,,Mid level,Mid level,,NO,Data & Analytics,,https://builtin.com/job/data-analyst-spanish-speaker/11479939,2026-10-03T09:45:35+02:00,2026-10-03T09:45:35+02:00,2026-10-03T09:45:35+02:00,,,,,,,Exploratory,20,20,ANALYTICS_INSIGHTS,"Analytics, Research & Insights",Verify Prague eligibility,4,"Analytics, Research & Insights",Advertisement requirements not yet verified; Mid-level experience needs verification; Title names a language outside the profile; requirement needs verification; Prague eligibility unresolved; Publication date unknown; first observation is only a lower bound on age; Latest saved review rejects or deprioritizes this vacancy,2026-10-04-v3.0,,4,First observation: minimum age only,4,UNKNOWN,,PREVIOUS_REJECTION,8,REJECTED,Publication date unknown; first observation is only a lower bound on age; Latest saved review rejects or deprioritizes this vacancy,2026-10-04-v3.0,EXPERIENCED_LEVEL_SIGNAL,3,Seniority: Mid level,4
JST_3980,Hledáme REACT Developera do našeho týmu v Praze!,XPIS s.r.o.,Navrhni si mzdu,Praha 4,Developer,General Software Developer,,"Junior, Medior","Junior, Medior",,NO,,React,https://www.jobstack.it/it-job/react-developer/5fc617e1695ed,2026-09-12T11:34:11+02:00,2026-09-12T11:34:11+02:00,2026-09-12T11:34:11+02:00,,,,,,,Exploratory,20,20,SOFTWARE_BACKEND_FULLSTACK,Software Development,Prague,25,Software Development; Entry-level signal,Advertisement requirements not yet verified; Mid-level experience needs verification; Czech-language title: workplace language needs verification; Publication date unknown; first observation is only a lower bound on age; Latest saved review rejects or deprioritizes this vacancy,2026-10-04-v3.0,,25,First observation: minimum age only,25,UNKNOWN,,PREVIOUS_REJECTION,8,REJECTED,Publication date unknown; first observation is only a lower bound on age; Latest saved review rejects or deprioritizes this vacancy,2026-10-04-v3.0,MIXED_LEVEL_SIGNAL,2,"Seniority: Junior, Medior",4
JST_0465,Administrátor provozu aplikací,Generali Česká pojišťovna a.s.,Navrhni si mzdu,Praha 4 - Pankrác,Administrator,Application Administrator,,Junior,Junior,,NO,IT & Software,,https://www.jobstack.it/it-job/unix-linux-admin/5fd73c8a43c88,2026-09-12T11:34:05+02:00,2026-09-12T11:34:05+02:00,2026-09-12T11:34:05+02:00,,,,,,,Exploratory,20,20,OTHER,Other,Prague,25,Other; Entry-level signal,Advertisement requirements not yet verified; Publication date unknown; first observation is only a lower bound on age; Latest saved review rejects or deprioritizes this vacancy,2026-10-04-v3.0,,25,First observation: minimum age only,25,UNKNOWN,,PREVIOUS_REJECTION,8,REJECTED,Publication date unknown; first observation is only a lower bound on age; Latest saved review rejects or deprioritizes this vacancy,2026-10-04-v3.0,ENTRY_LEVEL_SIGNAL,0,Seniority: Junior,4
JST_2418,INTEGRAČNÍ VÝVOJÁŘ / JUNIOR ARCHITEKT,Generali Česká pojišťovna a.s.,Navrhni si mzdu,30% Praha + 70% Home Office,Architect,Systems/Integration Architect,,Medior,Medior,Junior/Entry-level,YES,IT & Software,,https://www.jobstack.it/it-job/architekt/6087e0c49ee22,2026-09-12T11:34:05+02:00,2026-09-12T11:34:05+02:00,2026-09-12T11:34:05+02:00,,,,,,,Exploratory,20,20,SOFTWARE_BACKEND_FULLSTACK,Software Development,Prague,25,Software Development; Entry-level signal,Advertisement requirements not yet verified; Mid-level experience needs verification; Czech-language title: workplace language needs verification; Source/title seniority conflict; Publication date unknown; first observation is only a lower bound on age; Latest saved review rejects or deprioritizes this vacancy,2026-10-04-v3.0,,25,First observation: minimum age only,25,UNKNOWN,,PREVIOUS_REJECTION,8,REJECTED,Publication date unknown; first observation is only a lower bound on age; Latest saved review rejects or deprioritizes this vacancy,2026-10-04-v3.0,MIXED_LEVEL_SIGNAL,2,Seniority: Medior; Job title: INTEGRAČNÍ VÝVOJÁŘ / JUNIOR ARCHITEKT,4
JST_2230,IT architekt junior,"Česká pošta, s. p.",Navrhni si mzdu,"Olšanská 38/9, Praha 3",Architect,General Architect,,Junior,Junior,Junior/Entry-level,YES,IT & Software,,https://www.jobstack.it/it-job/architekt/6087d9c8a12fe,2026-09-12T11:34:05+02:00,2026-09-12T11:34:05+02:00,2026-09-12T11:34:05+02:00,,,,,,,Exploratory,20,20,OTHER,Other,Prague,25,Other; Entry-level signal,Advertisement requirements not yet verified; Source/title seniority conflict; Publication date unknown; first observation is only a lower bound on age; Latest saved review rejects or deprioritizes this vacancy,2026-10-04-v3.0,,25,First observation: minimum age only,25,UNKNOWN,,PREVIOUS_REJECTION,8,REJECTED,Publication date unknown; first observation is only a lower bound on age; Latest saved review rejects or deprioritizes this vacancy,2026-10-04-v3.0,ENTRY_LEVEL_SIGNAL,0,Seniority: Junior; Job title: IT architekt junior,4
JST_2530,Vývojář software,"Tritium Systems, s.r.o.",až 90 000 Kč / měsíc,Praha,Developer,General Software Developer,,"Junior, Senior","Junior, Senior",,NO,IT & Software,,https://www.jobstack.it/it-job/developer-other/5dfa19c4ed995,2026-09-12T11:34:05+02:00,2026-09-12T11:34:05+02:00,2026-09-12T11:34:05+02:00,,,,,,,Exploratory,20,20,SOFTWARE_BACKEND_FULLSTACK,Software Development,Prague,25,Software Development; Entry-level signal,Advertisement requirements not yet verified; Mixed seniority needs verification; Czech-language title: workplace language needs verification; Publication date unknown; first observation is only a lower bound on age; Latest saved review rejects or deprioritizes this vacancy,2026-10-04-v3.0,,25,First observation: minimum age only,25,UNKNOWN,,PREVIOUS_REJECTION,8,REJECTED,Publication date unknown; first observation is only a lower bound on age; Latest saved review rejects or deprioritizes this vacancy,2026-10-04-v3.0,MIXED_LEVEL_SIGNAL,2,"Seniority: Junior, Senior",4
JST_5890,Softwarový vývojář – Matlab / Simulink,Akkodis CZ s.r.o.,Navrhni si mzdu,"Praha, Plzeň",Developer,General Software Developer,,"Junior, Medior","Junior, Medior",,NO,IT & Software,,https://www.jobstack.it/it-job/developer-other/63c7e5d8ac22c,2026-09-12T11:33:50+02:00,2026-09-12T11:33:50+02:00,2026-09-12T11:33:50+02:00,,,,,,,Exploratory,20,20,SOFTWARE_BACKEND_FULLSTACK,Software Development,Prague,25,Software Development; Entry-level signal,Advertisement requirements not yet verified; Mid-level experience needs verification; Czech-language title: workplace language needs verification; Publication date unknown; first observation is only a lower bound on age; Latest saved review rejects or deprioritizes this vacancy,2026-10-04-v3.0,,25,First observation: minimum age only,25,UNKNOWN,,PREVIOUS_REJECTION,8,REJECTED,Publication date unknown; first observation is only a lower bound on age; Latest saved review rejects or deprioritizes this vacancy,2026-10-04-v3.0,MIXED_LEVEL_SIGNAL,2,"Seniority: Junior, Medior",4
JST_4520,JUNIOR IT SUPPORT,GIT,až 30 000 Kč / měsíc,Praha,Support Specialist,Technical Support,,Junior,Junior,Junior/Entry-level,YES,IT & Software,,https://www.jobstack.it/it-job/it-podpora/655323356cd16,2026-09-12T11:33:42+02:00,2026-09-12T11:33:42+02:00,2026-09-12T11:33:42+02:00,,,,,,,Exploratory,20,20,OTHER,Other,Prague,25,Other; Entry-level signal,Advertisement requirements not yet verified; Source/title seniority conflict; Publication date unknown; first observation is only a lower bound on age; Latest saved review rejects or deprioritizes this vacancy,2026-10-04-v3.0,,25,First observation: minimum age only,25,UNKNOWN,,PREVIOUS_REJECTION,8,REJECTED,Publication date unknown; first observation is only a lower bound on age; Latest saved review rejects or deprioritizes this vacancy,2026-10-04-v3.0,ENTRY_LEVEL_SIGNAL,0,Seniority: Junior; Job title: JUNIOR IT SUPPORT,4
JST_9501,Naprogramujete webovou appku? Baví vás AI? Pojďte k nám!,Timepress,až 80 000 Kč / měsíc,"Praha 6 u metra Petřiny, hybrid",Developer,General Software Developer,,"Junior, Medior","Junior, Medior",,NO,AI & Machine Learning,,https://www.jobstack.it/it-job/ruby-on-rails-developer/660e4c1b21d70,2026-09-12T11:33:02+02:00,2026-09-12T11:33:02+02:00,2026-09-12T11:33:02+02:00,,,,,,,Exploratory,20,20,SOFTWARE_BACKEND_FULLSTACK,Software Development,Prague,25,Software Development; Entry-level signal,Advertisement requirements not yet verified; Mid-level experience needs verification; Czech-language title: workplace language needs verification; Publication date unknown; first observation is only a lower bound on age; Latest saved review rejects or deprioritizes this vacancy,2026-10-04-v3.0,,25,First observation: minimum age only,25,UNKNOWN,,PREVIOUS_REJECTION,8,REJECTED,Publication date unknown; first observation is only a lower bound on age; Latest saved review rejects or deprioritizes this vacancy,2026-10-04-v3.0,MIXED_LEVEL_SIGNAL,2,"Seniority: Junior, Medior",3
JST_6540,2nd Level Support Specialist,Creditinfo CEE s.r.o.,až 65 000 Kč / měsíc,"Rohanské nábřeží 19, Praha - Karlín",Support Specialist,IT Helpdesk/Service Desk,,Junior,Junior,,NO,,,https://www.jobstack.it/it-job/it-podpora/6a4cd6cbd2ad5,2026-09-12T11:32:53+02:00,2026-09-12T11:32:53+02:00,2026-09-12T11:32:53+02:00,,,,,,,Exploratory,20,20,OTHER,Other,Prague,25,Other; Entry-level signal,Advertisement requirements not yet verified; Publication date unknown; first observation is only a lower bound on age; Latest saved review rejects or deprioritizes this vacancy,2026-10-04-v3.0,,25,First observation: minimum age only,25,UNKNOWN,,PREVIOUS_REJECTION,8,REJECTED,Publication date unknown; first observation is only a lower bound on age; Latest saved review rejects or deprioritizes this vacancy,2026-10-04-v3.0,ENTRY_LEVEL_SIGNAL,0,Seniority: Junior,4
SJ_106855,HW Designer – Junior+,Zuri.com SE,,Prague,Designer,Mechanical/Technical Designer,,Junior/Entry-level,,Junior/Entry-level,NO,,,https://www.startupjobs.cz/nabidka/106855/hw-designer-junior,2026-09-12T11:10:13+02:00,2026-09-12T11:10:13+02:00,2026-09-12T11:10:13+02:00,,,,,,,Exploratory,20,20,OTHER,Other,Prague,25,Other; Entry-level signal,Advertisement requirements not yet verified; Publication date unknown; first observation is only a lower bound on age; Latest saved review rejects or deprioritizes this vacancy,2026-10-04-v3.0,,25,First observation: minimum age only,25,UNKNOWN,,PREVIOUS_REJECTION,8,REJECTED,Publication date unknown; first observation is only a lower bound on age; Latest saved review rejects or deprioritizes this vacancy,2026-10-04-v3.0,ENTRY_LEVEL_SIGNAL,0,Seniority: Junior/Entry-level; Job title: HW Designer – Junior+,4
SJ_105785,Junior Analyst / Student Consultant – Compliance & Sustainability,Greenometer,,Prague,Analyst,General Analyst,,Junior/Entry-level,,Junior/Entry-level,NO,Compliance & Risk,,https://www.startupjobs.cz/nabidka/105785/junior-analyst-student-consultant-compliance-sustainability,2026-09-12T11:04:53+02:00,2026-09-12T11:04:53+02:00,2026-09-12T11:04:53+02:00,,,,,,,Exploratory,20,20,OTHER,Other,Prague,25,Other; Entry-level signal,Advertisement requirements not yet verified; Publication date unknown; first observation is only a lower bound on age; Latest saved review rejects or deprioritizes this vacancy,2026-10-04-v3.0,,25,First observation: minimum age only,25,UNKNOWN,,PREVIOUS_REJECTION,8,REJECTED,Publication date unknown; first observation is only a lower bound on age; Latest saved review rejects or deprioritizes this vacancy,2026-10-04-v3.0,ENTRY_LEVEL_SIGNAL,0,Seniority: Junior/Entry-level; Job title: Junior Analyst / Student Consultant – Compliance & Sustainability,3
SJ_107363,Junior Product Packaging Coordinator - Apple Accessories,Epico International .s.r.o.,,Prague,Coordinator,General Coordinator,,Junior/Entry-level,,Junior/Entry-level,NO,,,https://www.startupjobs.cz/nabidka/107363/junior-product-packaging-coordinator-apple-accessories,2026-09-12T11:01:43+02:00,2026-09-12T11:01:43+02:00,2026-09-12T11:01:43+02:00,,,,,,,Exploratory,20,20,OTHER,Other,Prague,25,Other; Entry-level signal,Advertisement requirements not yet verified; Publication date unknown; first observation is only a lower bound on age; Latest saved review rejects or deprioritizes this vacancy,2026-10-04-v3.0,,25,First observation: minimum age only,25,UNKNOWN,,PREVIOUS_REJECTION,8,REJECTED,Publication date unknown; first observation is only a lower bound on age; Latest saved review rejects or deprioritizes this vacancy,2026-10-04-v3.0,ENTRY_LEVEL_SIGNAL,0,Seniority: Junior/Entry-level; Job title: Junior Product Packaging Coordinator - Apple Accessories,4
SJ_105631,Junior HW Technik Praha,BTL Medical,,Prague,Technician,General Technician,,Junior/Entry-level,,Junior/Entry-level,NO,,,https://www.startupjobs.cz/nabidka/105631/junior-hw-technik,2026-09-12T11:00:38+02:00,2026-09-12T11:00:38+02:00,2026-09-12T11:00:38+02:00,,,,,,,Exploratory,20,20,OTHER,Other,Prague,25,Other; Entry-level signal,Advertisement requirements not yet verified; Publication date unknown; first observation is only a lower bound on age; Latest saved review rejects or deprioritizes this vacancy,2026-10-04-v3.0,,25,First observation: minimum age only,25,UNKNOWN,,PREVIOUS_REJECTION,8,REJECTED,Publication date unknown; first observation is only a lower bound on age; Latest saved review rejects or deprioritizes this vacancy,2026-10-04-v3.0,ENTRY_LEVEL_SIGNAL,0,Seniority: Junior/Entry-level; Job title: Junior HW Technik Praha,4
SJ_107505,Junior Project Support Coordinator – Healthcare (Czech Republic),grandaliro s.r.o.,,Prague,Coordinator,Project/Program Coordinator,,Junior/Entry-level,,Junior/Entry-level,NO,"Project & Program Management, Healthcare & Pharma",,https://www.startupjobs.cz/nabidka/107505/junior-project-support-coordinator-healthcare-czech-republic,2026-09-12T10:59:33+02:00,2026-09-12T10:59:33+02:00,2026-09-12T10:59:33+02:00,,,,,,,Exploratory,20,20,OTHER,Other,Prague,25,Other; Entry-level signal,Advertisement requirements not yet verified; Publication date unknown; first observation is only a lower bound on age; Latest saved review rejects or deprioritizes this vacancy,2026-10-04-v3.0,,25,First observation: minimum age only,25,UNKNOWN,,PREVIOUS_REJECTION,8,REJECTED,Publication date unknown; first observation is only a lower bound on age; Latest saved review rejects or deprioritizes this vacancy,2026-10-04-v3.0,ENTRY_LEVEL_SIGNAL,0,Seniority: Junior/Entry-level; Job title: Junior Project Support Coordinator – Healthcare (Czech Republic),4
SJ_107563,Junior CRM Specialist,PromoGEN,,Prague,Specialist,IT/Systems Specialist,,Junior/Entry-level,,Junior/Entry-level,NO,,,https://www.startupjobs.cz/nabidka/107563/junior-crm-specialist,2026-09-12T10:58:33+02:00,2026-09-12T10:58:33+02:00,2026-09-12T10:58:33+02:00,,,,,,,Exploratory,20,20,OTHER,Other,Prague,25,Other; Entry-level signal,Advertisement requirements not yet verified; Publication date unknown; first observation is only a lower bound on age; Latest saved review rejects or deprioritizes this vacancy,2026-10-04-v3.0,,25,First observation: minimum age only,25,UNKNOWN,,PREVIOUS_REJECTION,8,REJECTED,Publication date unknown; first observation is only a lower bound on age; Latest saved review rejects or deprioritizes this vacancy,2026-10-04-v3.0,ENTRY_LEVEL_SIGNAL,0,Seniority: Junior/Entry-level; Job title: Junior CRM Specialist,4
SJ_107555,Founder’s Associate / Junior Business Builder,ROBOSALES.AI,,Prague,Specialist,General Specialist,,Junior/Entry-level,,Junior/Entry-level,NO,,,https://www.startupjobs.cz/nabidka/107555/founder-s-associate-junior-business-builder,2026-09-12T10:46:32+02:00,2026-09-12T10:46:32+02:00,2026-09-12T10:46:32+02:00,,,,,,,Exploratory,20,20,OTHER,Other,Prague,25,Other; Entry-level signal,Advertisement requirements not yet verified; Publication date unknown; first observation is only a lower bound on age; Latest saved review rejects or deprioritizes this vacancy,2026-10-04-v3.0,,25,First observation: minimum age only,25,UNKNOWN,,PREVIOUS_REJECTION,8,REJECTED,Publication date unknown; first observation is only a lower bound on age; Latest saved review rejects or deprioritizes this vacancy,2026-10-04-v3.0,ENTRY_LEVEL_SIGNAL,0,Seniority: Junior/Entry-level; Job title: Founder’s Associate / Junior Business Builder,4
SJ_106221,Junior HW Engineer (part-time s výhledem na HPP) Praha,BTL Medical,,Prague,Engineer,Electrical/Electronics Engineer,,Junior/Entry-level,,Junior/Entry-level,NO,Engineering & R&D,,https://www.startupjobs.cz/nabidka/106221/junior-hw-engineer-part-time-s-vyhledem-na-hpp,2026-09-12T10:43:17+02:00,2026-09-12T10:43:17+02:00,2026-09-12T10:43:17+02:00,,,,,,,Exploratory,20,20,OTHER,Other,Prague,25,Other; Entry-level signal,Advertisement requirements not yet verified; Publication date unknown; first observation is only a lower bound on age; Latest saved review rejects or deprioritizes this vacancy,2026-10-04-v3.0,,25,First observation: minimum age only,25,UNKNOWN,,PREVIOUS_REJECTION,8,REJECTED,Publication date unknown; first observation is only a lower bound on age; Latest saved review rejects or deprioritizes this vacancy,2026-10-04-v3.0,ENTRY_LEVEL_SIGNAL,0,Seniority: Junior/Entry-level; Job title: Junior HW Engineer (part-time s výhledem na HPP) Praha,4
JB_5104,Compliance Trainee,Allwyn Česko a.s.,,Praha – Vokovice,Intern/Trainee,Compliance/Risk Internship,,Intern/Trainee,,Intern/Trainee,NO,Compliance & Risk,,https://www.jobs.cz/rpd/2001374104,2026-09-11T17:03:20+02:00,2026-09-11T17:03:20+02:00,2026-09-11T17:03:20+02:00,,,,,,,Exploratory,20,20,OTHER,Other,Prague,25,Other; Entry-level signal,Advertisement requirements not yet verified; Publication date unknown; first observation is only a lower bound on age; Latest saved review rejects or deprioritizes this vacancy,2026-10-04-v3.0,,26,First observation: minimum age only,26,UNKNOWN,,PREVIOUS_REJECTION,8,REJECTED,Publication date unknown; first observation is only a lower bound on age; Latest saved review rejects or deprioritizes this vacancy,2026-10-04-v3.0,ENTRY_LEVEL_SIGNAL,0,Seniority: Intern/Trainee; Job title: Compliance Trainee,4
JB_0544,Internship - Korporátní finance & Restrukturalizace,EY,,Praha – Nové Město,Intern/Trainee,Finance Internship,,Intern/Trainee,,Intern/Trainee,NO,Finance & Banking,,https://www.jobs.cz/rpd/2001385534,2026-09-11T16:55:12+02:00,2026-09-11T16:55:12+02:00,2026-09-11T16:55:12+02:00,,,,,,,Exploratory,20,20,OTHER,Other,Prague,25,Other; Entry-level signal,Advertisement requirements not yet verified; Publication date unknown; first observation is only a lower bound on age; Latest saved review rejects or deprioritizes this vacancy,2026-10-04-v3.0,,26,First observation: minimum age only,26,UNKNOWN,,PREVIOUS_REJECTION,8,REJECTED,Publication date unknown; first observation is only a lower bound on age; Latest saved review rejects or deprioritizes this vacancy,2026-10-04-v3.0,ENTRY_LEVEL_SIGNAL,0,Seniority: Intern/Trainee; Job title: Internship - Korporátní finance & Restrukturalizace,4
JB_5397,Junior Audit Consultant,RSM CZ a.s.,,Praha – Karlín,Consultant,General Consultant,,Junior/Entry-level,,Junior/Entry-level,NO,Compliance & Risk,,https://www.jobs.cz/rpd/2001415176,2026-09-11T16:52:55+02:00,2026-09-11T16:52:55+02:00,2026-09-11T16:52:55+02:00,,,,,,,Exploratory,20,20,OTHER,Other,Prague,25,Other; Entry-level signal,Advertisement requirements not yet verified; Publication date unknown; first observation is only a lower bound on age; Latest saved review rejects or deprioritizes this vacancy,2026-10-04-v3.0,,26,First observation: minimum age only,26,UNKNOWN,,PREVIOUS_REJECTION,8,REJECTED,Publication date unknown; first observation is only a lower bound on age; Latest saved review rejects or deprioritizes this vacancy,2026-10-04-v3.0,ENTRY_LEVEL_SIGNAL,0,Seniority: Junior/Entry-level; Job title: Junior Audit Consultant,4
JB_6061,Junior M&A Associate,Sev.en Global Investments a.s.,,Praha – Nové Město,Specialist,General Specialist,,Junior/Entry-level,,Junior/Entry-level,NO,,,https://www.jobs.cz/rpd/2001420476,2026-09-11T16:52:55+02:00,2026-09-11T16:52:55+02:00,2026-09-11T16:52:55+02:00,,,,,,,Exploratory,20,20,OTHER,Other,Prague,25,Other; Entry-level signal,Advertisement requirements not yet verified; Publication date unknown; first observation is only a lower bound on age; Latest saved review rejects or deprioritizes this vacancy,2026-10-04-v3.0,,26,First observation: minimum age only,26,UNKNOWN,,PREVIOUS_REJECTION,8,REJECTED,Publication date unknown; first observation is only a lower bound on age; Latest saved review rejects or deprioritizes this vacancy,2026-10-04-v3.0,ENTRY_LEVEL_SIGNAL,0,Seniority: Junior/Entry-level; Job title: Junior M&A Associate,4
JB_0709,IT Consultant - Junior,"VOLKSWAGEN GROUP SERVICES, s.r.o.",,Praha – Michle,Consultant,IT/Technology Consultant,,Junior/Entry-level,,Junior/Entry-level,NO,IT & Software,,https://www.jobs.cz/rpd/2001390414,2026-09-11T16:52:36+02:00,2026-09-11T16:52:36+02:00,2026-09-11T16:52:36+02:00,,,,,,,Exploratory,20,20,OTHER,Other,Prague,25,Other; Entry-level signal,Advertisement requirements not yet verified; Publication date unknown; first observation is only a lower bound on age; Latest saved review rejects or deprioritizes this vacancy,2026-10-04-v3.0,,26,First observation: minimum age only,26,UNKNOWN,,PREVIOUS_REJECTION,8,REJECTED,Publication date unknown; first observation is only a lower bound on age; Latest saved review rejects or deprioritizes this vacancy,2026-10-04-v3.0,ENTRY_LEVEL_SIGNAL,0,Seniority: Junior/Entry-level; Job title: IT Consultant - Junior,4
JB_8548,Part-time internship/traineeship,"International Sustainable Finance Centre, z.ú.",,Praha – Holešovice,Intern/Trainee,General Internship/Traineeship,,Intern/Trainee,,Intern/Trainee,NO,,,https://www.jobs.cz/rpd/2001379074,2026-09-11T16:44:29+02:00,2026-09-11T16:44:29+02:00,2026-09-11T16:44:29+02:00,,,,,,,Exploratory,20,20,OTHER,Other,Prague,25,Other; Entry-level signal,Advertisement requirements not yet verified; Publication date unknown; first observation is only a lower bound on age; Latest saved review rejects or deprioritizes this vacancy,2026-10-04-v3.0,,26,First observation: minimum age only,26,UNKNOWN,,PREVIOUS_REJECTION,8,REJECTED,Publication date unknown; first observation is only a lower bound on age; Latest saved review rejects or deprioritizes this vacancy,2026-10-04-v3.0,ENTRY_LEVEL_SIGNAL,0,Seniority: Intern/Trainee; Job title: Part-time internship/traineeship,4
JB_6633,Junior Accounts Receivable Processor,"W.A.G. payment solutions, a.s.",,Praha – Nusle,Specialist,Operations Specialist,,Junior/Entry-level,,Junior/Entry-level,NO,,,https://www.jobs.cz/rpd/2001380930,2026-09-11T16:19:22+02:00,2026-09-11T16:19:22+02:00,2026-09-11T16:19:22+02:00,,,,,,,Exploratory,20,20,OTHER,Other,Prague,25,Other; Entry-level signal,Advertisement requirements not yet verified; Publication date unknown; first observation is only a lower bound on age; Latest saved review rejects or deprioritizes this vacancy,2026-10-04-v3.0,,26,First observation: minimum age only,26,UNKNOWN,,PREVIOUS_REJECTION,8,REJECTED,Publication date unknown; first observation is only a lower bound on age; Latest saved review rejects or deprioritizes this vacancy,2026-10-04-v3.0,ENTRY_LEVEL_SIGNAL,0,Seniority: Junior/Entry-level; Job title: Junior Accounts Receivable Processor,4
JB_6667,Procurement Intern – Prague,NonStop Consulting s.r.o.,14 000 – 15 000 Kč,Hlavní město Praha,Intern/Trainee,General Internship/Traineeship,,Intern/Trainee,,Intern/Trainee,NO,Procurement,,https://www.jobs.cz/rpd/2001419401,2026-09-11T16:18:18+02:00,2026-09-11T16:18:18+02:00,2026-09-11T16:18:18+02:00,,,,,,,Exploratory,20,20,OTHER,Other,Prague,25,Other; Entry-level signal,Advertisement requirements not yet verified; Publication date unknown; first observation is only a lower bound on age; Latest saved review rejects or deprioritizes this vacancy,2026-10-04-v3.0,,26,First observation: minimum age only,26,UNKNOWN,,PREVIOUS_REJECTION,8,REJECTED,Publication date unknown; first observation is only a lower bound on age; Latest saved review rejects or deprioritizes this vacancy,2026-10-04-v3.0,ENTRY_LEVEL_SIGNAL,0,Seniority: Intern/Trainee; Job title: Procurement Intern – Prague,4
JB_7616,"Total Rewards, Intern (Part-time 20h/week)",JNTL Consumer Health (Czech Republic) s.r.o.,,Praha – Jinonice,Intern/Trainee,General Internship/Traineeship,,Intern/Trainee,,Intern/Trainee,NO,,,https://www.jobs.cz/rpd/2001398698,2026-09-11T16:18:17+02:00,2026-09-11T16:18:17+02:00,2026-09-11T16:18:17+02:00,,,,,,,Exploratory,20,20,OTHER,Other,Prague,25,Other; Entry-level signal,Advertisement requirements not yet verified; Publication date unknown; first observation is only a lower bound on age; Latest saved review rejects or deprioritizes this vacancy,2026-10-04-v3.0,,26,First observation: minimum age only,26,UNKNOWN,,PREVIOUS_REJECTION,8,REJECTED,Publication date unknown; first observation is only a lower bound on age; Latest saved review rejects or deprioritizes this vacancy,2026-10-04-v3.0,ENTRY_LEVEL_SIGNAL,0,"Seniority: Intern/Trainee; Job title: Total Rewards, Intern (Part-time 20h/week)",4
JB_2152,CUSTOMER EXPERIENCE DESIGNER JUNIOR,Generali Česká pojišťovna a.s.,,Praha – Michle,Designer,Service/CX Designer,,Junior/Entry-level,,Junior/Entry-level,NO,Customer Service,,https://www.jobs.cz/rpd/2001402606,2026-09-11T16:11:17+02:00,2026-09-11T16:11:17+02:00,2026-09-11T16:11:17+02:00,,,,,,,Exploratory,20,20,OTHER,Other,Prague,25,Other; Entry-level signal,Advertisement requirements not yet verified; Publication date unknown; first observation is only a lower bound on age; Latest saved review rejects or deprioritizes this vacancy,2026-10-04-v3.0,,26,First observation: minimum age only,26,UNKNOWN,,PREVIOUS_REJECTION,8,REJECTED,Publication date unknown; first observation is only a lower bound on age; Latest saved review rejects or deprioritizes this vacancy,2026-10-04-v3.0,ENTRY_LEVEL_SIGNAL,0,Seniority: Junior/Entry-level; Job title: CUSTOMER EXPERIENCE DESIGNER JUNIOR,4
JB_1220,Trainee - Shopper/Trade Marketing (part-time),JACOBS DOUWE EGBERTS CZ s.r.o.,15 000 – 20 000 Kč,Praha – Nusle,Intern/Trainee,Marketing/Sales Internship,,Intern/Trainee,,Intern/Trainee,NO,Marketing & Communications,,https://www.jobs.cz/rpd/2001403231,2026-09-11T16:11:05+02:00,2026-09-11T16:11:05+02:00,2026-09-11T16:11:05+02:00,,,,,,,Exploratory,20,20,OTHER,Other,Prague,25,Other; Entry-level signal,Advertisement requirements not yet verified; Publication date unknown; first observation is only a lower bound on age; Latest saved review rejects or deprioritizes this vacancy,2026-10-04-v3.0,,26,First observation: minimum age only,26,UNKNOWN,,PREVIOUS_REJECTION,8,REJECTED,Publication date unknown; first observation is only a lower bound on age; Latest saved review rejects or deprioritizes this vacancy,2026-10-04-v3.0,ENTRY_LEVEL_SIGNAL,0,Seniority: Intern/Trainee; Job title: Trainee - Shopper/Trade Marketing (part-time),4
JB_5381,Junior Network Administrator,WIA spol. s r.o.,40 000 Kč,Praha – Krč,Administrator,Network/Infrastructure Administrator,,Junior/Entry-level,,Junior/Entry-level,NO,Cloud & Infrastructure,,https://www.jobs.cz/rpd/2001326398,2026-09-11T16:10:53+02:00,2026-09-11T16:10:53+02:00,2026-09-11T16:10:53+02:00,,,,,,,Exploratory,20,20,OTHER,Other,Prague,25,Other; Entry-level signal,Advertisement requirements not yet verified; Publication date unknown; first observation is only a lower bound on age; Latest saved review rejects or deprioritizes this vacancy,2026-10-04-v3.0,,26,First observation: minimum age only,26,UNKNOWN,,PREVIOUS_REJECTION,8,REJECTED,Publication date unknown; first observation is only a lower bound on age; Latest saved review rejects or deprioritizes this vacancy,2026-10-04-v3.0,ENTRY_LEVEL_SIGNAL,0,Seniority: Junior/Entry-level; Job title: Junior Network Administrator,3
JB_5557,Administrátor nákupního systému - Junior,"PHOENIX lékárenský velkoobchod, s.r.o.",,Praha – Hostivař,Administrator,Procurement Administrator,,Junior/Entry-level,,Junior/Entry-level,NO,Procurement,,https://www.jobs.cz/rpd/2001374176,2026-09-11T16:10:45+02:00,2026-09-11T16:10:45+02:00,2026-09-11T16:10:45+02:00,,,,,,,Exploratory,20,20,OTHER,Other,Prague,25,Other; Entry-level signal,Advertisement requirements not yet verified; Publication date unknown; first observation is only a lower bound on age; Latest saved review rejects or deprioritizes this vacancy,2026-10-04-v3.0,,26,First observation: minimum age only,26,UNKNOWN,,PREVIOUS_REJECTION,8,REJECTED,Publication date unknown; first observation is only a lower bound on age; Latest saved review rejects or deprioritizes this vacancy,2026-10-04-v3.0,ENTRY_LEVEL_SIGNAL,0,Seniority: Junior/Entry-level; Job title: Administrátor nákupního systému - Junior,4
JB_5406,Junior Mechanical Designer,Bühler Praha s.r.o.,,Praha – Nusle,Designer,Mechanical/Technical Designer,,Junior/Entry-level,,Junior/Entry-level,NO,,,https://www.jobs.cz/rpd/2001408483,2026-09-11T16:10:20+02:00,2026-09-11T16:10:20+02:00,2026-09-11T16:10:20+02:00,,,,,,,Exploratory,20,20,OTHER,Other,Prague,25,Other; Entry-level signal,Advertisement requirements not yet verified; Publication date unknown; first observation is only a lower bound on age; Latest saved review rejects or deprioritizes this vacancy,2026-10-04-v3.0,,26,First observation: minimum age only,26,UNKNOWN,,PREVIOUS_REJECTION,8,REJECTED,Publication date unknown; first observation is only a lower bound on age; Latest saved review rejects or deprioritizes this vacancy,2026-10-04-v3.0,ENTRY_LEVEL_SIGNAL,0,Seniority: Junior/Entry-level; Job title: Junior Mechanical Designer,4
JB_5581,Junior Security Consultant,NTT Czech Republic s.r.o.,,Praha – Krč,Consultant,Security Consultant,,Junior/Entry-level,,Junior/Entry-level,NO,Cybersecurity,,https://www.jobs.cz/rpd/2001264458,2026-09-11T16:09:22+02:00,2026-09-11T16:09:22+02:00,2026-09-11T16:09:22+02:00,,,,,,,Exploratory,20,20,OTHER,Other,Prague,25,Other; Entry-level signal,Advertisement requirements not yet verified; Publication date unknown; first observation is only a lower bound on age; Latest saved review rejects or deprioritizes this vacancy,2026-10-04-v3.0,,26,First observation: minimum age only,26,UNKNOWN,,PREVIOUS_REJECTION,8,REJECTED,Publication date unknown; first observation is only a lower bound on age; Latest saved review rejects or deprioritizes this vacancy,2026-10-04-v3.0,ENTRY_LEVEL_SIGNAL,0,Seniority: Junior/Entry-level; Job title: Junior Security Consultant,4
JB_1986,L2 Support / Junior Cloud Engineer,Shift2Cloud s.r.o.,,Praha – Slivenec,Engineer,Cloud/Platform Engineer,,Junior/Entry-level,,Junior/Entry-level,NO,"Cloud & Infrastructure, Engineering & R&D",,https://www.jobs.cz/rpd/2001403439,2026-09-11T16:09:09+02:00,2026-09-11T16:09:09+02:00,2026-09-11T16:09:09+02:00,,,,,,,Exploratory,20,20,OTHER,Other,Prague,25,Other; Entry-level signal,Advertisement requirements not yet verified; Publication date unknown; first observation is only a lower bound on age; Latest saved review rejects or deprioritizes this vacancy,2026-10-04-v3.0,,26,First observation: minimum age only,26,UNKNOWN,,PREVIOUS_REJECTION,8,REJECTED,Publication date unknown; first observation is only a lower bound on age; Latest saved review rejects or deprioritizes this vacancy,2026-10-04-v3.0,ENTRY_LEVEL_SIGNAL,0,Seniority: Junior/Entry-level; Job title: L2 Support / Junior Cloud Engineer,4
JB_4987,Trainee - Sales support - segment Construction & Agri,Trainee program v KB,,Praha – Stodůlky,Intern/Trainee,Marketing/Sales Internship,,Intern/Trainee,,Intern/Trainee,NO,"Sales & Business Development, Real Estate & Construction",,https://www.jobs.cz/rpd/2001260827,2026-09-11T16:09:09+02:00,2026-09-11T16:09:09+02:00,2026-09-11T16:09:09+02:00,,,,,,,Exploratory,20,20,OTHER,Other,Prague,25,Other; Entry-level signal,Advertisement requirements not yet verified; Publication date unknown; first observation is only a lower bound on age; Latest saved review rejects or deprioritizes this vacancy,2026-10-04-v3.0,,26,First observation: minimum age only,26,UNKNOWN,,PREVIOUS_REJECTION,8,REJECTED,Publication date unknown; first observation is only a lower bound on age; Latest saved review rejects or deprioritizes this vacancy,2026-10-04-v3.0,ENTRY_LEVEL_SIGNAL,0,Seniority: Intern/Trainee; Job title: Trainee - Sales support - segment Construction & Agri,4
JB_3221,Czech Junior Payroll Specialist - Paid training provided!,"ADP Employer Services Česká republika, a.s.",,Praha – Karlín,Specialist,HR/People Specialist,,Junior/Entry-level,,Junior/Entry-level,NO,"HR & Recruitment, Education & Research",,https://www.jobs.cz/rpd/2001368296,2026-09-11T16:08:10+02:00,2026-09-11T16:08:10+02:00,2026-09-11T16:08:10+02:00,,,,,,,Exploratory,20,20,OTHER,Other,Prague,25,Other; Entry-level signal,Advertisement requirements not yet verified; Publication date unknown; first observation is only a lower bound on age; Latest saved review rejects or deprioritizes this vacancy,2026-10-04-v3.0,,26,First observation: minimum age only,26,UNKNOWN,,PREVIOUS_REJECTION,8,REJECTED,Publication date unknown; first observation is only a lower bound on age; Latest saved review rejects or deprioritizes this vacancy,2026-10-04-v3.0,ENTRY_LEVEL_SIGNAL,0,Seniority: Junior/Entry-level; Job title: Czech Junior Payroll Specialist - Paid training provided!,4
JB_6627,English Junior Payroll Specialist - Paid training provided!,"ADP Employer Services Česká republika, a.s.",,Praha – Karlín,Specialist,HR/People Specialist,,Junior/Entry-level,,Junior/Entry-level,NO,"HR & Recruitment, Education & Research",,https://www.jobs.cz/rpd/2001408301,2026-09-11T15:58:34+02:00,2026-09-11T15:58:34+02:00,2026-09-11T15:58:34+02:00,,,,,,,Exploratory,20,20,OTHER,Other,Prague,25,Other; Entry-level signal,Advertisement requirements not yet verified; Publication date unknown; first observation is only a lower bound on age; Latest saved review rejects or deprioritizes this vacancy,2026-10-04-v3.0,,26,First observation: minimum age only,26,UNKNOWN,,PREVIOUS_REJECTION,8,REJECTED,Publication date unknown; first observation is only a lower bound on age; Latest saved review rejects or deprioritizes this vacancy,2026-10-04-v3.0,ENTRY_LEVEL_SIGNAL,0,Seniority: Junior/Entry-level; Job title: English Junior Payroll Specialist - Paid training provided!,4
JB_6471,English Junior Payroll Specialist - Paid training provided!,"ADP Employer Services Česká republika, a.s.",,Praha – Karlín,Specialist,HR/People Specialist,,Junior/Entry-level,,Junior/Entry-level,NO,"HR & Recruitment, Education & Research",,https://www.jobs.cz/rpd/2001406220,2026-09-11T15:58:34+02:00,2026-09-11T15:58:34+02:00,2026-09-11T15:58:34+02:00,,,,,,,Exploratory,20,20,OTHER,Other,Prague,25,Other; Entry-level signal,Advertisement requirements not yet verified; Publication date unknown; first observation is only a lower bound on age; Latest saved review rejects or deprioritizes this vacancy,2026-10-04-v3.0,,26,First observation: minimum age only,26,UNKNOWN,,PREVIOUS_REJECTION,8,REJECTED,Publication date unknown; first observation is only a lower bound on age; Latest saved review rejects or deprioritizes this vacancy,2026-10-04-v3.0,ENTRY_LEVEL_SIGNAL,0,Seniority: Junior/Entry-level; Job title: English Junior Payroll Specialist - Paid training provided!,4
JB_6945,French Junior Payroll Specialist - Paid training provided!,"ADP Employer Services Česká republika, a.s.",,Praha – Karlín,Specialist,HR/People Specialist,,Junior/Entry-level,,Junior/Entry-level,NO,"HR & Recruitment, Education & Research",,https://www.jobs.cz/rpd/2001408285,2026-09-11T15:58:34+02:00,2026-09-11T15:58:34+02:00,2026-09-11T15:58:34+02:00,,,,,,,Exploratory,20,20,OTHER,Other,Prague,25,Other; Entry-level signal,Advertisement requirements not yet verified; Publication date unknown; first observation is only a lower bound on age; Latest saved review rejects or deprioritizes this vacancy,2026-10-04-v3.0,,26,First observation: minimum age only,26,UNKNOWN,,PREVIOUS_REJECTION,8,REJECTED,Publication date unknown; first observation is only a lower bound on age; Latest saved review rejects or deprioritizes this vacancy,2026-10-04-v3.0,ENTRY_LEVEL_SIGNAL,0,Seniority: Junior/Entry-level; Job title: French Junior Payroll Specialist - Paid training provided!,4
JB_1510,Portuguese Junior Payroll Specialist - Paid training provided!,"ADP Employer Services Česká republika, a.s.",,Praha – Karlín,Specialist,HR/People Specialist,,Junior/Entry-level,,Junior/Entry-level,NO,"HR & Recruitment, Education & Research",,https://www.jobs.cz/rpd/2001408282,2026-09-11T15:58:34+02:00,2026-09-11T15:58:34+02:00,2026-09-11T15:58:34+02:00,,,,,,,Exploratory,20,20,OTHER,Other,Prague,25,Other; Entry-level signal,Advertisement requirements not yet verified; Publication date unknown; first observation is only a lower bound on age; Latest saved review rejects or deprioritizes this vacancy,2026-10-04-v3.0,,26,First observation: minimum age only,26,UNKNOWN,,PREVIOUS_REJECTION,8,REJECTED,Publication date unknown; first observation is only a lower bound on age; Latest saved review rejects or deprioritizes this vacancy,2026-10-04-v3.0,ENTRY_LEVEL_SIGNAL,0,Seniority: Junior/Entry-level; Job title: Portuguese Junior Payroll Specialist - Paid training provided!,4
JB_5215,Trainee program - Management,Kaufland Česká republika v.o.s.,,Praha – Břevnov,Intern/Trainee,General Internship/Traineeship,,Intern/Trainee,,Intern/Trainee,NO,Project & Program Management,,https://www.jobs.cz/rpd/2001286480,2026-09-11T15:58:34+02:00,2026-09-11T15:58:34+02:00,2026-09-11T15:58:34+02:00,,,,,,,Exploratory,20,20,OTHER,Other,Prague,25,Other; Entry-level signal,Advertisement requirements not yet verified; Publication date unknown; first observation is only a lower bound on age; Latest saved review rejects or deprioritizes this vacancy,2026-10-04-v3.0,,26,First observation: minimum age only,26,UNKNOWN,,PREVIOUS_REJECTION,8,REJECTED,Publication date unknown; first observation is only a lower bound on age; Latest saved review rejects or deprioritizes this vacancy,2026-10-04-v3.0,ENTRY_LEVEL_SIGNAL,0,Seniority: Intern/Trainee; Job title: Trainee program - Management,4
JB_5992,Data Lead Senior - Customer Insights Domain,"Česká spořitelna, a.s.",,Praha – Michle,Manager,Data/AI Manager,,"Senior, Lead/Head",,"Senior, Lead/Head",NO,"Data & Analytics, Customer Service",,https://www.jobs.cz/rpd/2001203909,2026-09-11T15:57:28+02:00,2026-09-11T15:57:28+02:00,2026-09-11T15:57:28+02:00,,,,,,,Senior/Leadership Stretch,20,20,ANALYTICS_INSIGHTS,"Analytics, Research & Insights",Prague,25,"Analytics, Research & Insights",Advertisement requirements not yet verified; Senior/lead requirement needs verification; Publication date unknown; first observation is only a lower bound on age; Latest saved review rejects or deprioritizes this vacancy,2026-10-04-v3.0,,26,First observation: minimum age only,26,UNKNOWN,,PREVIOUS_REJECTION,8,REJECTED,Publication date unknown; first observation is only a lower bound on age; Latest saved review rejects or deprioritizes this vacancy,2026-10-04-v3.0,EXPERIENCED_LEVEL_SIGNAL,3,"Seniority: Senior, Lead/Head; Job title: Data Lead Senior - Customer Insights Domain; Occupational classification: Manager",3
JB_5197,Junior Middleware Administrator (f/m/d),Deutsche Börse Group,,Praha – Karlín,Administrator,General Administrator,,Junior/Entry-level,,Junior/Entry-level,NO,,,https://www.jobs.cz/rpd/2001412775,2026-09-11T15:57:28+02:00,2026-09-11T15:57:28+02:00,2026-09-11T15:57:28+02:00,,,,,,,Exploratory,20,20,OTHER,Other,Prague,25,Other; Entry-level signal,Advertisement requirements not yet verified; Publication date unknown; first observation is only a lower bound on age; Latest saved review rejects or deprioritizes this vacancy,2026-10-04-v3.0,,26,First observation: minimum age only,26,UNKNOWN,,PREVIOUS_REJECTION,8,REJECTED,Publication date unknown; first observation is only a lower bound on age; Latest saved review rejects or deprioritizes this vacancy,2026-10-04-v3.0,ENTRY_LEVEL_SIGNAL,0,Seniority: Junior/Entry-level; Job title: Junior Middleware Administrator (f/m/d),4
BLT_1430,BI Solution Architect - Agentic Analytics,GoodData,,"Prague, CZE",Architect,Solution Architect,,Entry level,Entry level,,NO,Data & Analytics,,https://builtin.com/job/bi-solution-architect/10800194,,,,,,,,,,Exploratory,20,20,OTHER,Other,Prague,,Other; Entry-level signal,Advertisement requirements not yet verified; Publication and observation dates unknown; Latest saved review rejects or deprioritizes this vacancy,2026-10-04-v3.0,,,Unknown,,UNKNOWN,,PREVIOUS_REJECTION,8,REJECTED,Publication and observation dates unknown; Latest saved review rejects or deprioritizes this vacancy,2026-10-04-v3.0,ENTRY_LEVEL_SIGNAL,0,Seniority: Entry level,4
JST_4424,Software Developer | .Net,Creditinfo CEE,Navrhni si mzdu,Praha 8,Developer,General Software Developer,,"Junior, Medior, Senior, Expert","Junior, Medior, Senior, Expert",,NO,IT & Software,.NET,https://www.jobstack.it/it-job/dot-net-developer/61a9fdabc2798,2026-09-12T11:33:57+02:00,2026-09-12T11:33:57+02:00,2026-09-12T11:33:57+02:00,,,,,,,Deprioritized,18,18,SOFTWARE_BACKEND_FULLSTACK,Software Development,Prague,25,Software Development; Entry-level signal,Advertisement requirements not yet verified; Mixed seniority needs verification; Mid-level experience needs verification; Publication date unknown; first observation is only a lower bound on age; Latest saved review rejects or deprioritizes this vacancy,2026-10-04-v3.0,,25,First observation: minimum age only,25,UNKNOWN,,PREVIOUS_REJECTION,8,REJECTED,Publication date unknown; first observation is only a lower bound on age; Latest saved review rejects or deprioritizes this vacancy,2026-10-04-v3.0,MIXED_LEVEL_SIGNAL,2,"Seniority: Junior, Medior, Senior, Expert",4
JST_2460,Full stack .NET/Vue.js developer e-learningu,Sense4code,až 120 000 Kč / měsíc,Praha 8,Developer,Full-Stack Developer,,"Junior, Medior, Senior, Expert","Junior, Medior, Senior, Expert",,NO,IT & Software,JavaScript,https://www.jobstack.it/it-job/full-stack-developer/6272409c151d6,2026-09-12T11:33:50+02:00,2026-09-12T11:33:50+02:00,2026-09-12T11:33:50+02:00,,,,,,,Deprioritized,18,18,SOFTWARE_BACKEND_FULLSTACK,Software Development,Prague,25,Software Development; Entry-level signal,Advertisement requirements not yet verified; Mixed seniority needs verification; Mid-level experience needs verification; Publication date unknown; first observation is only a lower bound on age; Latest saved review rejects or deprioritizes this vacancy,2026-10-04-v3.0,,25,First observation: minimum age only,25,UNKNOWN,,PREVIOUS_REJECTION,8,REJECTED,Publication date unknown; first observation is only a lower bound on age; Latest saved review rejects or deprioritizes this vacancy,2026-10-04-v3.0,MIXED_LEVEL_SIGNAL,2,"Seniority: Junior, Medior, Senior, Expert",4
JST_3239,C++ Software engineer,Rockwell Automation,až 100 000 Kč / měsíc,"Argentinská 1610/4, 170 00 Praha 7-Holešovice",Engineer,Software Engineer,,"Junior, Medior, Senior, Expert","Junior, Medior, Senior, Expert",,NO,"IT & Software, Engineering & R&D",C/C++,https://www.jobstack.it/it-job/c-cplusplus-developer/629f0aab1c6d4,2026-09-12T11:33:42+02:00,2026-09-12T11:33:42+02:00,2026-09-12T11:33:42+02:00,,,,,,,Deprioritized,18,18,SOFTWARE_BACKEND_FULLSTACK,Software Development,Prague,25,Software Development; Entry-level signal,Advertisement requirements not yet verified; Mixed seniority needs verification; Mid-level experience needs verification; Publication date unknown; first observation is only a lower bound on age; Latest saved review rejects or deprioritizes this vacancy,2026-10-04-v3.0,,25,First observation: minimum age only,25,UNKNOWN,,PREVIOUS_REJECTION,8,REJECTED,Publication date unknown; first observation is only a lower bound on age; Latest saved review rejects or deprioritizes this vacancy,2026-10-04-v3.0,MIXED_LEVEL_SIGNAL,2,"Seniority: Junior, Medior, Senior, Expert",4
JST_7969,PlayCanvas Developer,Movisio s.r.o.,až 100 000 Kč / měsíc,Praha,Developer,General Software Developer,,"Junior, Medior, Senior, Expert","Junior, Medior, Senior, Expert",,NO,IT & Software,,https://www.jobstack.it/it-job/developer-other/65ce0b3368993,2026-09-12T11:33:28+02:00,2026-09-12T11:33:28+02:00,2026-09-12T11:33:28+02:00,,,,,,,Deprioritized,18,18,SOFTWARE_BACKEND_FULLSTACK,Software Development,Prague,25,Software Development; Entry-level signal,Advertisement requirements not yet verified; Mixed seniority needs verification; Mid-level experience needs verification; Publication date unknown; first observation is only a lower bound on age; Latest saved review rejects or deprioritizes this vacancy,2026-10-04-v3.0,,25,First observation: minimum age only,25,UNKNOWN,,PREVIOUS_REJECTION,8,REJECTED,Publication date unknown; first observation is only a lower bound on age; Latest saved review rejects or deprioritizes this vacancy,2026-10-04-v3.0,MIXED_LEVEL_SIGNAL,2,"Seniority: Junior, Medior, Senior, Expert",3
JST_1228,⭕ ABAP PROGRAMÁTOR - PRAHA,"ProfesKontakt, s.r.o.",až 110 000 Kč / měsíc,Praha/remote,Developer,Enterprise Applications Developer,,"Junior, Medior, Senior","Junior, Medior, Senior",,NO,IT & Software,ABAP,https://www.jobstack.it/it-job/specialista-erp/65ddd5bbc0f44,2026-09-12T11:33:28+02:00,2026-09-12T11:33:28+02:00,2026-09-12T11:33:28+02:00,,,,,,,Deprioritized,18,18,SOFTWARE_BACKEND_FULLSTACK,Software Development,Prague,25,Software Development; Entry-level signal,Advertisement requirements not yet verified; Mixed seniority needs verification; Mid-level experience needs verification; Publication date unknown; first observation is only a lower bound on age; Latest saved review rejects or deprioritizes this vacancy,2026-10-04-v3.0,,25,First observation: minimum age only,25,UNKNOWN,,PREVIOUS_REJECTION,8,REJECTED,Publication date unknown; first observation is only a lower bound on age; Latest saved review rejects or deprioritizes this vacancy,2026-10-04-v3.0,MIXED_LEVEL_SIGNAL,2,"Seniority: Junior, Medior, Senior",4
JB_4677,IT Business Analytik – procesy a změny senior/junior (m/ž),TETA drogerie (Solvent ČR s.r.o.),,Praha,Analyst,IT/Systems Analyst,,"Junior/Entry-level, Senior",,"Junior/Entry-level, Senior",NO,"Data & Analytics, IT & Software",,https://www.jobs.cz/rpd/2001152793,2026-09-11T15:57:03+02:00,2026-09-11T15:57:03+02:00,2026-09-11T15:57:03+02:00,,,,,,,Deprioritized,17,17,ADJACENT_TECHNICAL,Adjacent Technical,Prague,25,Adjacent Technical; Entry-level signal,Advertisement requirements not yet verified; Mixed seniority needs verification; Czech-language title: workplace language needs verification; Publication date unknown; first observation is only a lower bound on age; Latest saved review rejects or deprioritizes this vacancy,2026-10-04-v3.0,,26,First observation: minimum age only,26,UNKNOWN,,PREVIOUS_REJECTION,8,REJECTED,Publication date unknown; first observation is only a lower bound on age; Latest saved review rejects or deprioritizes this vacancy,2026-10-04-v3.0,MIXED_LEVEL_SIGNAL,2,"Seniority: Junior/Entry-level, Senior; Job title: IT Business Analytik – procesy a změny senior/junior (m/ž)",4
JST_1180,Software Tester,Denevy sr.o.,až 50 000 Kč / měsíc,Praha,Tester,General Software Tester,,"Junior, Medior, Senior","Junior, Medior, Senior",,NO,IT & Software,,https://www.jobstack.it/it-job/automatizovane-testovani/62971866c504a,2026-09-12T11:33:57+02:00,2026-09-12T11:33:57+02:00,2026-09-12T11:33:57+02:00,,,,,,,Deprioritized,15,15,ADJACENT_TECHNICAL,Adjacent Technical,Prague,25,Adjacent Technical; Entry-level signal,Advertisement requirements not yet verified; Mixed seniority needs verification; Mid-level experience needs verification; Publication date unknown; first observation is only a lower bound on age; Latest saved review rejects or deprioritizes this vacancy,2026-10-04-v3.0,,25,First observation: minimum age only,25,UNKNOWN,,PREVIOUS_REJECTION,8,REJECTED,Publication date unknown; first observation is only a lower bound on age; Latest saved review rejects or deprioritizes this vacancy,2026-10-04-v3.0,MIXED_LEVEL_SIGNAL,2,"Seniority: Junior, Medior, Senior",4
BLT_3173,Czech Transcriber,Lionbridge,,Czechia,Specialist,General Specialist,,Entry level,Entry level,,NO,,,https://builtin.com/job/czech-transcriber/10183761,,,,,,,,,,Deprioritized,15,15,OTHER,Other,Verify Prague eligibility,,Other; Entry-level signal,Advertisement requirements not yet verified; Prague eligibility unresolved; Publication and observation dates unknown; Latest saved review rejects or deprioritizes this vacancy,2026-10-04-v3.0,,,Unknown,,UNKNOWN,,PREVIOUS_REJECTION,8,REJECTED,Publication and observation dates unknown; Latest saved review rejects or deprioritizes this vacancy,2026-10-04-v3.0,ENTRY_LEVEL_SIGNAL,0,Seniority: Entry level,4
JB_0027,IT Core PL/SQL Developer*ka,Raiffeisenbank a.s.,,Praha – Nusle,Developer,Data/Database Developer,,,,,NO,IT & Software,SQL,https://www.jobs.cz/rpd/2001418953,2026-09-11T16:10:45+02:00,2026-09-11T16:10:45+02:00,2026-09-11T16:10:45+02:00,,,,,,,Deprioritized,13,13,DATA_ENGINEERING_DWH,Data Engineering & Automation,Prague,25,Data Engineering & Automation; sql,Advertisement requirements not yet verified; Entry-level accessibility unconfirmed; Publication date unknown; first observation is only a lower bound on age; Latest saved review rejects or deprioritizes this vacancy,2026-10-04-v3.0,,26,First observation: minimum age only,26,UNKNOWN,,PREVIOUS_REJECTION,8,REJECTED,Publication date unknown; first observation is only a lower bound on age; Latest saved review rejects or deprioritizes this vacancy,2026-10-04-v3.0,SENIORITY_UNCONFIRMED,1,No explicit entry-level or experience-level signal in title/source seniority,3
BLT_4171,Data engineer (Python),Quantlane,,"Prague, CZE",Engineer,Data Engineer,,Mid level,Mid level,,NO,"Data & Analytics, Engineering & R&D",Python,https://builtin.com/job/data-engineer-python-cz/8849989,,,,,,,,,,Deprioritized,13,13,DATA_ENGINEERING_DWH,Data Engineering & Automation,Prague,,Data Engineering & Automation; python,Advertisement requirements not yet verified; Mid-level experience needs verification; Publication and observation dates unknown; Latest saved review rejects or deprioritizes this vacancy,2026-10-04-v3.0,,,Unknown,,UNKNOWN,,PREVIOUS_REJECTION,8,REJECTED,Publication and observation dates unknown; Latest saved review rejects or deprioritizes this vacancy,2026-10-04-v3.0,EXPERIENCED_LEVEL_SIGNAL,3,Seniority: Mid level,3
JB_6595,Enterprise Data Architekt,Manpower IT,,Praha,Architect,Data Architect,,,,,NO,Data & Analytics,,https://www.jobs.cz/rpd/2001444618,2026-09-25T11:03:36+02:00,2026-09-25T11:03:36+02:00,2026-09-25T11:03:36+02:00,,,,,,,Deprioritized,12,12,DATA_ENGINEERING_DWH,Data Engineering & Automation,Prague,12,Data Engineering & Automation,Advertisement requirements not yet verified; Entry-level accessibility unconfirmed; Publication date unknown; first observation is only a lower bound on age; Latest saved review rejects or deprioritizes this vacancy,2026-10-04-v3.0,,12,First observation: minimum age only,12,UNKNOWN,,PREVIOUS_REJECTION,8,REJECTED,Publication date unknown; first observation is only a lower bound on age; Latest saved review rejects or deprioritizes this vacancy,2026-10-04-v3.0,SENIORITY_UNCONFIRMED,1,No explicit entry-level or experience-level signal in title/source seniority,4
JB_9819,Database Developer,Veeam Software (Czech Republic) s.r.o.,,Praha – Karlín,Developer,Data/Database Developer,,,,,NO,IT & Software,,https://www.jobs.cz/rpd/2001444410,2026-09-25T10:31:05+02:00,2026-09-25T10:31:05+02:00,2026-09-25T10:31:05+02:00,,,,,,,Deprioritized,12,12,DATA_ENGINEERING_DWH,Data Engineering & Automation,Prague,12,Data Engineering & Automation,Advertisement requirements not yet verified; Entry-level accessibility unconfirmed; Publication date unknown; first observation is only a lower bound on age; Latest saved review rejects or deprioritizes this vacancy,2026-10-04-v3.0,,12,First observation: minimum age only,12,UNKNOWN,,PREVIOUS_REJECTION,8,REJECTED,Publication date unknown; first observation is only a lower bound on age; Latest saved review rejects or deprioritizes this vacancy,2026-10-04-v3.0,SENIORITY_UNCONFIRMED,1,No explicit entry-level or experience-level signal in title/source seniority,3
JB_2267,Junior IT specialista / IT generalista,COPY GENERAL s.r.o.,40 000 – 60 000 Kč,Praha – Smíchov,Specialist,IT/Systems Specialist,,Junior/Entry-level,,Junior/Entry-level,NO,IT & Software,,https://www.jobs.cz/rpd/2001444295,2026-09-25T10:17:55+02:00,2026-09-25T10:17:55+02:00,2026-09-25T10:17:55+02:00,,,,,,,Deprioritized,12,12,OTHER,Other,Prague,12,Other; Entry-level signal,Advertisement requirements not yet verified; Czech-language title: workplace language needs verification; Publication date unknown; first observation is only a lower bound on age; Latest saved review rejects or deprioritizes this vacancy,2026-10-04-v3.0,,12,First observation: minimum age only,12,UNKNOWN,,PREVIOUS_REJECTION,8,REJECTED,Publication date unknown; first observation is only a lower bound on age; Latest saved review rejects or deprioritizes this vacancy,2026-10-04-v3.0,ENTRY_LEVEL_SIGNAL,0,Seniority: Junior/Entry-level; Job title: Junior IT specialista / IT generalista,4
SJ_107893,Data Engineer,Skupina Klik.cz,,Prague,Engineer,Data Engineer,,,,,NO,"Data & Analytics, Engineering & R&D",,https://www.startupjobs.cz/nabidka/107893/data-engineer,2026-09-18T18:57:39+02:00,2026-09-18T18:57:39+02:00,2026-09-18T18:57:39+02:00,,,,,,,Deprioritized,12,12,DATA_ENGINEERING_DWH,Data Engineering & Automation,Prague,18,Data Engineering & Automation,Advertisement requirements not yet verified; Entry-level accessibility unconfirmed; Publication date unknown; first observation is only a lower bound on age; Latest saved review rejects or deprioritizes this vacancy,2026-10-04-v3.0,,19,First observation: minimum age only,19,UNKNOWN,,PREVIOUS_REJECTION,8,REJECTED,Publication date unknown; first observation is only a lower bound on age; Latest saved review rejects or deprioritizes this vacancy,2026-10-04-v3.0,SENIORITY_UNCONFIRMED,1,No explicit entry-level or experience-level signal in title/source seniority,4
JB_5500,Data Engineer,Skupina Klik.cz,,Praha – Karlín,Engineer,Data Engineer,,,,,NO,"Data & Analytics, Engineering & R&D",,https://www.jobs.cz/rpd/2001431898,2026-09-18T13:05:17+02:00,2026-09-18T13:05:17+02:00,2026-09-18T13:05:17+02:00,,,,,,,Deprioritized,12,12,DATA_ENGINEERING_DWH,Data Engineering & Automation,Prague,19,Data Engineering & Automation,Advertisement requirements not yet verified; Entry-level accessibility unconfirmed; Publication date unknown; first observation is only a lower bound on age; Latest saved review rejects or deprioritizes this vacancy,2026-10-04-v3.0,,19,First observation: minimum age only,19,UNKNOWN,,PREVIOUS_REJECTION,8,REJECTED,Publication date unknown; first observation is only a lower bound on age; Latest saved review rejects or deprioritizes this vacancy,2026-10-04-v3.0,SENIORITY_UNCONFIRMED,1,No explicit entry-level or experience-level signal in title/source seniority,3
BLT_7083,Data Architect,Capco,,"Prague, CZE",Architect,Data Architect,,Mid level,Mid level,,NO,Data & Analytics,,https://builtin.com/job/data-architect/11199789,2026-09-17T10:29:56+02:00,2026-09-17T10:29:56+02:00,2026-09-17T10:29:56+02:00,,,,,,,Deprioritized,12,12,DATA_ENGINEERING_DWH,Data Engineering & Automation,Prague,20,Data Engineering & Automation,Advertisement requirements not yet verified; Mid-level experience needs verification; Publication date unknown; first observation is only a lower bound on age; Latest saved review rejects or deprioritizes this vacancy,2026-10-04-v3.0,,20,First observation: minimum age only,20,UNKNOWN,,PREVIOUS_REJECTION,8,REJECTED,Publication date unknown; first observation is only a lower bound on age; Latest saved review rejects or deprioritizes this vacancy,2026-10-04-v3.0,EXPERIENCED_LEVEL_SIGNAL,3,Seniority: Mid level,4
JB_0939,Marketing Data Engineer - m/f/d,"Siemens, s.r.o.",,Praha – Stodůlky,Engineer,Data Engineer,,,,,NO,"Data & Analytics, Marketing & Communications, Engineering & R&D",,https://www.jobs.cz/rpd/2001426685,2026-09-15T10:56:27+02:00,2026-09-15T10:56:27+02:00,2026-09-15T10:56:27+02:00,,,,,,,Deprioritized,12,12,DATA_ENGINEERING_DWH,Data Engineering & Automation,Prague,22,Data Engineering & Automation,Advertisement requirements not yet verified; Entry-level accessibility unconfirmed; Publication date unknown; first observation is only a lower bound on age; Latest saved review rejects or deprioritizes this vacancy,2026-10-04-v3.0,,22,First observation: minimum age only,22,UNKNOWN,,PREVIOUS_REJECTION,8,REJECTED,Publication date unknown; first observation is only a lower bound on age; Latest saved review rejects or deprioritizes this vacancy,2026-10-04-v3.0,SENIORITY_UNCONFIRMED,1,No explicit entry-level or experience-level signal in title/source seniority,3
JB_6496,Data Engineer,Skupina Klik.cz,,Praha – Karlín,Engineer,Data Engineer,,,,,NO,"Data & Analytics, Engineering & R&D",,https://www.jobs.cz/rpd/2001421647,2026-09-14T22:21:46+02:00,2026-09-14T22:21:46+02:00,2026-09-14T22:21:46+02:00,,,,,,,Deprioritized,12,12,DATA_ENGINEERING_DWH,Data Engineering & Automation,Prague,22,Data Engineering & Automation,Advertisement requirements not yet verified; Entry-level accessibility unconfirmed; Publication date unknown; first observation is only a lower bound on age; Latest saved review rejects or deprioritizes this vacancy,2026-10-04-v3.0,,23,First observation: minimum age only,23,UNKNOWN,,PREVIOUS_REJECTION,8,REJECTED,Publication date unknown; first observation is only a lower bound on age; Latest saved review rejects or deprioritizes this vacancy,2026-10-04-v3.0,SENIORITY_UNCONFIRMED,1,No explicit entry-level or experience-level signal in title/source seniority,4
JST_2176,INCIDENT KOORDINATOR/KA - ABSOLVENT/KA SŠ S IT ZAMĚŘENÍM,Generali Česká pojišťovna a.s.,Navrhni si mzdu,Praha,Coordinator,IT/Incident Coordinator,,Junior,Junior,Junior/Entry-level,YES,IT & Software,,https://www.jobstack.it/it-job/it-operator/6538d9eba4e03,2026-09-12T11:33:42+02:00,2026-09-12T11:33:42+02:00,2026-09-12T11:33:42+02:00,,,,,,,Deprioritized,12,12,OTHER,Other,Prague,25,Other; Entry-level signal,Advertisement requirements not yet verified; Czech-language title: workplace language needs verification; Source/title seniority conflict; Publication date unknown; first observation is only a lower bound on age; Latest saved review rejects or deprioritizes this vacancy,2026-10-04-v3.0,,25,First observation: minimum age only,25,UNKNOWN,,PREVIOUS_REJECTION,8,REJECTED,Publication date unknown; first observation is only a lower bound on age; Latest saved review rejects or deprioritizes this vacancy,2026-10-04-v3.0,ENTRY_LEVEL_SIGNAL,0,Seniority: Junior; Job title: INCIDENT KOORDINATOR/KA - ABSOLVENT/KA SŠ S IT ZAMĚŘENÍM,4
JST_1905,Junior SAP FI Konzultant,EFFIIS s.r.o.,Navrhni si mzdu,Praha,Consultant,SAP/ERP Consultant,,Junior,Junior,Junior/Entry-level,YES,,SAP,https://www.jobstack.it/it-job/javascript-developer/6540d6b04a32e,2026-09-12T11:33:42+02:00,2026-09-12T11:33:42+02:00,2026-09-12T11:33:42+02:00,,,,,,,Deprioritized,12,12,OTHER,Other,Prague,25,Other; Entry-level signal,Advertisement requirements not yet verified; Czech-language title: workplace language needs verification; Source/title seniority conflict; Publication date unknown; first observation is only a lower bound on age; Latest saved review rejects or deprioritizes this vacancy,2026-10-04-v3.0,,25,First observation: minimum age only,25,UNKNOWN,,PREVIOUS_REJECTION,8,REJECTED,Publication date unknown; first observation is only a lower bound on age; Latest saved review rejects or deprioritizes this vacancy,2026-10-04-v3.0,ENTRY_LEVEL_SIGNAL,0,Seniority: Junior; Job title: Junior SAP FI Konzultant,4
JST_4122,"Junior IT L2 Support- Praha, IČO",Principal engineering s.r.o.,až 70 000 Kč / měsíc,Praha,Support Specialist,IT Helpdesk/Service Desk,,Junior,Junior,Junior/Entry-level,YES,IT & Software,,https://www.jobstack.it/it-job/it-podpora/6a2aba4d53c25,2026-09-12T11:32:21+02:00,2026-09-12T11:32:21+02:00,2026-09-12T11:32:21+02:00,,,,,,,Deprioritized,12,12,OTHER,Other,Prague,25,Other; Entry-level signal,Advertisement requirements not yet verified; Czech-language title: workplace language needs verification; Source/title seniority conflict; Publication date unknown; first observation is only a lower bound on age; Latest saved review rejects or deprioritizes this vacancy,2026-10-04-v3.0,,25,First observation: minimum age only,25,UNKNOWN,,PREVIOUS_REJECTION,8,REJECTED,Publication date unknown; first observation is only a lower bound on age; Latest saved review rejects or deprioritizes this vacancy,2026-10-04-v3.0,ENTRY_LEVEL_SIGNAL,0,"Seniority: Junior; Job title: Junior IT L2 Support- Praha, IČO",4
SJ_106229,Patent Specialist (junior) / Technický analytik inovací Praha,BTL Medical,,Prague,Analyst,Technical/R&D Analyst,,Junior/Entry-level,,Junior/Entry-level,NO,"Data & Analytics, Engineering & R&D, Legal",,https://www.startupjobs.cz/nabidka/106229/patent-specialist-junior-technicky-analytik-inovaci,2026-09-12T11:04:53+02:00,2026-09-12T11:04:53+02:00,2026-09-12T11:04:53+02:00,,,,,,,Deprioritized,12,12,OTHER,Other,Prague,25,Other; Entry-level signal,Advertisement requirements not yet verified; Czech-language title: workplace language needs verification; Publication date unknown; first observation is only a lower bound on age; Latest saved review rejects or deprioritizes this vacancy,2026-10-04-v3.0,,25,First observation: minimum age only,25,UNKNOWN,,PREVIOUS_REJECTION,8,REJECTED,Publication date unknown; first observation is only a lower bound on age; Latest saved review rejects or deprioritizes this vacancy,2026-10-04-v3.0,ENTRY_LEVEL_SIGNAL,0,Seniority: Junior/Entry-level; Job title: Patent Specialist (junior) / Technický analytik inovací Praha,4
SJ_107359,BI/Data Engineer,ASSIST spol. s r.o.,,Prague,Engineer,Data Engineer,,,,,NO,"Data & Analytics, Engineering & R&D",,https://www.startupjobs.cz/nabidka/107359/bi-data-engineer,2026-09-12T11:01:43+02:00,2026-09-12T11:01:43+02:00,2026-09-12T11:01:43+02:00,,,,,,,Deprioritized,12,12,DATA_ENGINEERING_DWH,Data Engineering & Automation,Prague,25,Data Engineering & Automation,Advertisement requirements not yet verified; Entry-level accessibility unconfirmed; Publication date unknown; first observation is only a lower bound on age; Latest saved review rejects or deprioritizes this vacancy,2026-10-04-v3.0,,25,First observation: minimum age only,25,UNKNOWN,,PREVIOUS_REJECTION,8,REJECTED,Publication date unknown; first observation is only a lower bound on age; Latest saved review rejects or deprioritizes this vacancy,2026-10-04-v3.0,SENIORITY_UNCONFIRMED,1,No explicit entry-level or experience-level signal in title/source seniority,3
SJ_72267,Junior IT konzultant / Trainee – Finance & Microsoft Dynamics 365 🚀 Zdiby,Blue Dynamic,,Prague,Consultant,SAP/ERP Consultant,,"Intern/Trainee, Junior/Entry-level",,"Intern/Trainee, Junior/Entry-level",NO,"IT & Software, Finance & Banking",,https://www.startupjobs.cz/nabidka/72267/junior-it-konzultant-trainee-finance-and-microsoft-dynamics-365,2026-09-12T10:58:33+02:00,2026-09-12T10:58:33+02:00,2026-09-12T10:58:33+02:00,,,,,,,Deprioritized,12,12,OTHER,Other,Prague,25,Other; Entry-level signal,Advertisement requirements not yet verified; Czech-language title: workplace language needs verification; Publication date unknown; first observation is only a lower bound on age; Latest saved review rejects or deprioritizes this vacancy,2026-10-04-v3.0,,25,First observation: minimum age only,25,UNKNOWN,,PREVIOUS_REJECTION,8,REJECTED,Publication date unknown; first observation is only a lower bound on age; Latest saved review rejects or deprioritizes this vacancy,2026-10-04-v3.0,ENTRY_LEVEL_SIGNAL,0,"Seniority: Intern/Trainee, Junior/Entry-level; Job title: Junior IT konzultant / Trainee – Finance & Microsoft Dynamics 365 🚀 Zdiby",4
SJ_107747,Data Engineer (m/f),Trigema a.s.,,Prague,Engineer,Data Engineer,,,,,NO,"Data & Analytics, Engineering & R&D",,https://www.startupjobs.cz/nabidka/107747/data-engineer-m-f,2026-09-11T23:07:27+02:00,2026-09-11T23:07:27+02:00,2026-09-11T23:07:27+02:00,,,,,,,Deprioritized,12,12,DATA_ENGINEERING_DWH,Data Engineering & Automation,Prague,25,Data Engineering & Automation,Advertisement requirements not yet verified; Entry-level accessibility unconfirmed; Publication date unknown; first observation is only a lower bound on age; Latest saved review rejects or deprioritizes this vacancy,2026-10-04-v3.0,,26,First observation: minimum age only,26,UNKNOWN,,PREVIOUS_REJECTION,8,REJECTED,Publication date unknown; first observation is only a lower bound on age; Latest saved review rejects or deprioritizes this vacancy,2026-10-04-v3.0,SENIORITY_UNCONFIRMED,1,No explicit entry-level or experience-level signal in title/source seniority,4
JB_4553,Konzultant pronájmů industriálních prostor - vhodné pro studenty a absolventy VŠ,Savills CZ s.r.o.,,Praha – Nové Město,Consultant,Real Estate Consultant,,Junior/Entry-level,,Junior/Entry-level,NO,,,https://www.jobs.cz/rpd/2001419342,2026-09-11T17:33:08+02:00,2026-09-11T17:33:08+02:00,2026-09-11T17:33:08+02:00,,,,,,,Deprioritized,12,12,OTHER,Other,Prague,25,Other; Entry-level signal,Advertisement requirements not yet verified; Czech-language title: workplace language needs verification; Publication date unknown; first observation is only a lower bound on age; Latest saved review rejects or deprioritizes this vacancy,2026-10-04-v3.0,,26,First observation: minimum age only,26,UNKNOWN,,PREVIOUS_REJECTION,8,REJECTED,Publication date unknown; first observation is only a lower bound on age; Latest saved review rejects or deprioritizes this vacancy,2026-10-04-v3.0,ENTRY_LEVEL_SIGNAL,0,Seniority: Junior/Entry-level; Job title: Konzultant pronájmů industriálních prostor - vhodné pro studenty a absolventy VŠ,4
JB_3195,"Koordinátor auto asistence, vhodné i pro absolventy (m/ž)",GLOBAL ASSISTANCE a.s.,,Praha – Dolní Chabry,Coordinator,General Coordinator,,Junior/Entry-level,,Junior/Entry-level,NO,,,https://www.jobs.cz/rpd/2001401271,2026-09-11T17:20:41+02:00,2026-09-11T17:20:41+02:00,2026-09-11T17:20:41+02:00,,,,,,,Deprioritized,12,12,OTHER,Other,Prague,25,Other; Entry-level signal,Advertisement requirements not yet verified; Czech-language title: workplace language needs verification; Publication date unknown; first observation is only a lower bound on age; Latest saved review rejects or deprioritizes this vacancy,2026-10-04-v3.0,,26,First observation: minimum age only,26,UNKNOWN,,PREVIOUS_REJECTION,8,REJECTED,Publication date unknown; first observation is only a lower bound on age; Latest saved review rejects or deprioritizes this vacancy,2026-10-04-v3.0,ENTRY_LEVEL_SIGNAL,0,"Seniority: Junior/Entry-level; Job title: Koordinátor auto asistence, vhodné i pro absolventy (m/ž)",4
JB_2464,Koordinátor cestovní asistence - vhodné i pro absolventy - m/ž,GLOBAL ASSISTANCE a.s.,,Praha – Dolní Chabry,Coordinator,General Coordinator,,Junior/Entry-level,,Junior/Entry-level,NO,,,https://www.jobs.cz/rpd/2001401272,2026-09-11T17:20:41+02:00,2026-09-11T17:20:41+02:00,2026-09-11T17:20:41+02:00,,,,,,,Deprioritized,12,12,OTHER,Other,Prague,25,Other; Entry-level signal,Advertisement requirements not yet verified; Czech-language title: workplace language needs verification; Publication date unknown; first observation is only a lower bound on age; Latest saved review rejects or deprioritizes this vacancy,2026-10-04-v3.0,,26,First observation: minimum age only,26,UNKNOWN,,PREVIOUS_REJECTION,8,REJECTED,Publication date unknown; first observation is only a lower bound on age; Latest saved review rejects or deprioritizes this vacancy,2026-10-04-v3.0,ENTRY_LEVEL_SIGNAL,0,Seniority: Junior/Entry-level; Job title: Koordinátor cestovní asistence - vhodné i pro absolventy - m/ž,4
JB_0925,Specialista/Specialistka kybernetické bezpečnosti - junior,"ČEPS, a.s.",,Praha – Šeberov,Specialist,Cybersecurity Specialist,,Junior/Entry-level,,Junior/Entry-level,NO,Cybersecurity,,https://www.jobs.cz/rpd/2001385555,2026-09-11T17:20:00+02:00,2026-09-11T17:20:00+02:00,2026-09-11T17:20:00+02:00,,,,,,,Deprioritized,12,12,OTHER,Other,Prague,25,Other; Entry-level signal,Advertisement requirements not yet verified; Czech-language title: workplace language needs verification; Publication date unknown; first observation is only a lower bound on age; Latest saved review rejects or deprioritizes this vacancy,2026-10-04-v3.0,,26,First observation: minimum age only,26,UNKNOWN,,PREVIOUS_REJECTION,8,REJECTED,Publication date unknown; first observation is only a lower bound on age; Latest saved review rejects or deprioritizes this vacancy,2026-10-04-v3.0,ENTRY_LEVEL_SIGNAL,0,Seniority: Junior/Entry-level; Job title: Specialista/Specialistka kybernetické bezpečnosti - junior,4
JB_2389,JUNIOR OFFICE & FINANCE SUPPORT (m/ž) – GANT / Vermont Holding,GANT Central Europe s.r.o.,,Praha – Dejvice,Support Specialist,General Support Specialist,,Junior/Entry-level,,Junior/Entry-level,NO,Finance & Banking,,https://www.jobs.cz/rpd/2001417280,2026-09-11T17:19:31+02:00,2026-09-11T17:19:31+02:00,2026-09-11T17:19:31+02:00,,,,,,,Deprioritized,12,12,OTHER,Other,Prague,25,Other; Entry-level signal,Advertisement requirements not yet verified; Czech-language title: workplace language needs verification; Publication date unknown; first observation is only a lower bound on age; Latest saved review rejects or deprioritizes this vacancy,2026-10-04-v3.0,,26,First observation: minimum age only,26,UNKNOWN,,PREVIOUS_REJECTION,8,REJECTED,Publication date unknown; first observation is only a lower bound on age; Latest saved review rejects or deprioritizes this vacancy,2026-10-04-v3.0,ENTRY_LEVEL_SIGNAL,0,Seniority: Junior/Entry-level; Job title: JUNIOR OFFICE & FINANCE SUPPORT (m/ž) – GANT / Vermont Holding,4
JB_7978,Junior administrátor cloudových služeb - ÚVT UK,Univerzita Karlova - Rektorát,50 000 – 60 000 Kč,Praha – Staré Město,Administrator,General Administrator,,Junior/Entry-level,,Junior/Entry-level,NO,,,https://www.jobs.cz/rpd/2001420349,2026-09-11T17:18:57+02:00,2026-09-11T17:18:57+02:00,2026-09-11T17:18:57+02:00,,,,,,,Deprioritized,12,12,OTHER,Other,Prague,25,Other; Entry-level signal,Advertisement requirements not yet verified; Czech-language title: workplace language needs verification; Publication date unknown; first observation is only a lower bound on age; Latest saved review rejects or deprioritizes this vacancy,2026-10-04-v3.0,,26,First observation: minimum age only,26,UNKNOWN,,PREVIOUS_REJECTION,8,REJECTED,Publication date unknown; first observation is only a lower bound on age; Latest saved review rejects or deprioritizes this vacancy,2026-10-04-v3.0,ENTRY_LEVEL_SIGNAL,0,Seniority: Junior/Entry-level; Job title: Junior administrátor cloudových služeb - ÚVT UK,4
JB_2384,Junior Analytik pro Přenosovou soustavu,"ČEPS, a.s.",,Praha – Michle,Analyst,General Analyst,,Junior/Entry-level,,Junior/Entry-level,NO,Data & Analytics,,https://www.jobs.cz/rpd/2001041810,2026-09-11T17:12:48+02:00,2026-09-11T17:12:48+02:00,2026-09-11T17:12:48+02:00,,,,,,,Deprioritized,12,12,OTHER,Other,Prague,25,Other; Entry-level signal,Advertisement requirements not yet verified; Czech-language title: workplace language needs verification; Publication date unknown; first observation is only a lower bound on age; Latest saved review rejects or deprioritizes this vacancy,2026-10-04-v3.0,,26,First observation: minimum age only,26,UNKNOWN,,PREVIOUS_REJECTION,8,REJECTED,Publication date unknown; first observation is only a lower bound on age; Latest saved review rejects or deprioritizes this vacancy,2026-10-04-v3.0,ENTRY_LEVEL_SIGNAL,0,Seniority: Junior/Entry-level; Job title: Junior Analytik pro Přenosovou soustavu,4
JB_4832,Junior konzultant/ka - Regulace finančního trhu,EY,50 000 Kč,Praha – Nové Město,Consultant,General Consultant,,Junior/Entry-level,,Junior/Entry-level,NO,,,https://www.jobs.cz/rpd/2001374202,2026-09-11T17:03:31+02:00,2026-09-11T17:03:31+02:00,2026-09-11T17:03:31+02:00,,,,,,,Deprioritized,12,12,OTHER,Other,Prague,25,Other; Entry-level signal,Advertisement requirements not yet verified; Czech-language title: workplace language needs verification; Publication date unknown; first observation is only a lower bound on age; Latest saved review rejects or deprioritizes this vacancy,2026-10-04-v3.0,,26,First observation: minimum age only,26,UNKNOWN,,PREVIOUS_REJECTION,8,REJECTED,Publication date unknown; first observation is only a lower bound on age; Latest saved review rejects or deprioritizes this vacancy,2026-10-04-v3.0,ENTRY_LEVEL_SIGNAL,0,Seniority: Junior/Entry-level; Job title: Junior konzultant/ka - Regulace finančního trhu,4
JB_3973,Cloud Architect – junior (M/Ž),"České dráhy, a.s.",,Praha,Architect,Cloud/Infrastructure Architect,,Junior/Entry-level,,Junior/Entry-level,NO,Cloud & Infrastructure,,https://www.jobs.cz/rpd/2001421010,2026-09-11T16:55:12+02:00,2026-09-11T16:55:12+02:00,2026-09-11T16:55:12+02:00,,,,,,,Deprioritized,12,12,OTHER,Other,Prague,25,Other; Entry-level signal,Advertisement requirements not yet verified; Czech-language title: workplace language needs verification; Publication date unknown; first observation is only a lower bound on age; Latest saved review rejects or deprioritizes this vacancy,2026-10-04-v3.0,,26,First observation: minimum age only,26,UNKNOWN,,PREVIOUS_REJECTION,8,REJECTED,Publication date unknown; first observation is only a lower bound on age; Latest saved review rejects or deprioritizes this vacancy,2026-10-04-v3.0,ENTRY_LEVEL_SIGNAL,0,Seniority: Junior/Entry-level; Job title: Cloud Architect – junior (M/Ž),4
JB_6826,Internship – Finanční Due Diligence (M&A),EY,,Praha – Nové Město,Intern/Trainee,General Internship/Traineeship,,Intern/Trainee,,Intern/Trainee,NO,,,https://www.jobs.cz/rpd/2000612571,2026-09-11T16:54:19+02:00,2026-09-11T16:54:19+02:00,2026-09-11T16:54:19+02:00,,,,,,,Deprioritized,12,12,OTHER,Other,Prague,25,Other; Entry-level signal,Advertisement requirements not yet verified; Czech-language title: workplace language needs verification; Publication date unknown; first observation is only a lower bound on age; Latest saved review rejects or deprioritizes this vacancy,2026-10-04-v3.0,,26,First observation: minimum age only,26,UNKNOWN,,PREVIOUS_REJECTION,8,REJECTED,Publication date unknown; first observation is only a lower bound on age; Latest saved review rejects or deprioritizes this vacancy,2026-10-04-v3.0,ENTRY_LEVEL_SIGNAL,0,Seniority: Intern/Trainee; Job title: Internship – Finanční Due Diligence (M&A),4
JB_6211,"Software Developer for LLM Pretraining Data Compliance, OpenEuroLLM",Univerzita Karlova – Matematicko-fyzikální fakulta,60 000 – 120 000 Kč,Praha – Malá Strana,Developer,Data/Database Developer,,,,,NO,"Data & Analytics, AI & Machine Learning, IT & Software, Compliance & Risk",,https://www.jobs.cz/rpd/2001416987,2026-09-11T16:20:31+02:00,2026-09-11T16:20:31+02:00,2026-09-11T16:20:31+02:00,,,,,,,Deprioritized,12,12,DATA_ENGINEERING_DWH,Data Engineering & Automation,Prague,25,Data Engineering & Automation,Advertisement requirements not yet verified; Entry-level accessibility unconfirmed; Publication date unknown; first observation is only a lower bound on age; Latest saved review rejects or deprioritizes this vacancy,2026-10-04-v3.0,,26,First observation: minimum age only,26,UNKNOWN,,PREVIOUS_REJECTION,8,REJECTED,Publication date unknown; first observation is only a lower bound on age; Latest saved review rejects or deprioritizes this vacancy,2026-10-04-v3.0,SENIORITY_UNCONFIRMED,1,No explicit entry-level or experience-level signal in title/source seniority,4
JB_0519,Technolog výroby - montáž ( vhodné i pro juniory),"Sécheron Hasler CZ, spol. s r.o.",,Praha – Horní Počernice,Technician,Installation Technician,,Junior/Entry-level,,Junior/Entry-level,NO,Manufacturing & Production,,https://www.jobs.cz/rpd/2001336176,2026-09-11T16:20:31+02:00,2026-09-11T16:20:31+02:00,2026-09-11T16:20:31+02:00,,,,,,,Deprioritized,12,12,OTHER,Other,Prague,25,Other; Entry-level signal,Advertisement requirements not yet verified; Czech-language title: workplace language needs verification; Publication date unknown; first observation is only a lower bound on age; Latest saved review rejects or deprioritizes this vacancy,2026-10-04-v3.0,,26,First observation: minimum age only,26,UNKNOWN,,PREVIOUS_REJECTION,8,REJECTED,Publication date unknown; first observation is only a lower bound on age; Latest saved review rejects or deprioritizes this vacancy,2026-10-04-v3.0,ENTRY_LEVEL_SIGNAL,0,Seniority: Junior/Entry-level; Job title: Technolog výroby - montáž ( vhodné i pro juniory),3
JB_7124,Data Engineer – Oneplay,TV Nova s.r.o.,,Praha – Hlubočepy,Engineer,Data Engineer,,,,,NO,"Data & Analytics, Engineering & R&D",,https://www.jobs.cz/rpd/2001186876,2026-09-11T16:20:07+02:00,2026-09-11T16:20:07+02:00,2026-09-11T16:20:07+02:00,,,,,,,Deprioritized,12,12,DATA_ENGINEERING_DWH,Data Engineering & Automation,Prague,25,Data Engineering & Automation,Advertisement requirements not yet verified; Entry-level accessibility unconfirmed; Publication date unknown; first observation is only a lower bound on age; Latest saved review rejects or deprioritizes this vacancy,2026-10-04-v3.0,,26,First observation: minimum age only,26,UNKNOWN,,PREVIOUS_REJECTION,8,REJECTED,Publication date unknown; first observation is only a lower bound on age; Latest saved review rejects or deprioritizes this vacancy,2026-10-04-v3.0,SENIORITY_UNCONFIRMED,1,No explicit entry-level or experience-level signal in title/source seniority,4
JB_1840,Specialista Tradingu - junior,Bonett Group a.s.,,Praha – Karlín,Specialist,General Specialist,,Junior/Entry-level,,Junior/Entry-level,NO,,,https://www.jobs.cz/rpd/2001379239,2026-09-11T16:18:26+02:00,2026-09-11T16:18:26+02:00,2026-09-11T16:18:26+02:00,,,,,,,Deprioritized,12,12,OTHER,Other,Prague,25,Other; Entry-level signal,Advertisement requirements not yet verified; Czech-language title: workplace language needs verification; Publication date unknown; first observation is only a lower bound on age; Latest saved review rejects or deprioritizes this vacancy,2026-10-04-v3.0,,26,First observation: minimum age only,26,UNKNOWN,,PREVIOUS_REJECTION,8,REJECTED,Publication date unknown; first observation is only a lower bound on age; Latest saved review rejects or deprioritizes this vacancy,2026-10-04-v3.0,ENTRY_LEVEL_SIGNAL,0,Seniority: Junior/Entry-level; Job title: Specialista Tradingu - junior,3
JB_7961,⭕Disponent námořních přeprav/ Ocean Freight -JUNIOŘI VÍTÁNI!,"ProfesKontakt, s.r.o.",40 000 – 65 000 Kč,Hlavní město Praha,Specialist,Logistics/Supply Chain Specialist,,Junior/Entry-level,,Junior/Entry-level,NO,Supply Chain & Logistics,,https://www.jobs.cz/rpd/2001391187,2026-09-11T16:11:17+02:00,2026-09-11T16:11:17+02:00,2026-09-11T16:11:17+02:00,,,,,,,Deprioritized,12,12,OTHER,Other,Prague,25,Other; Entry-level signal,Advertisement requirements not yet verified; Czech-language title: workplace language needs verification; Publication date unknown; first observation is only a lower bound on age; Latest saved review rejects or deprioritizes this vacancy,2026-10-04-v3.0,,26,First observation: minimum age only,26,UNKNOWN,,PREVIOUS_REJECTION,8,REJECTED,Publication date unknown; first observation is only a lower bound on age; Latest saved review rejects or deprioritizes this vacancy,2026-10-04-v3.0,ENTRY_LEVEL_SIGNAL,0,Seniority: Junior/Entry-level; Job title: ⭕Disponent námořních přeprav/ Ocean Freight -JUNIOŘI VÍTÁNI!,4
JB_6099,⭕Disponent námořních přeprav/ Ocean Freight -JUNIOŘI VÍTÁNI!,"ProfesKontakt, s.r.o.",40 000 – 65 000 Kč,Hlavní město Praha,Specialist,Logistics/Supply Chain Specialist,,Junior/Entry-level,,Junior/Entry-level,NO,Supply Chain & Logistics,,https://www.jobs.cz/rpd/2001371211,2026-09-11T16:11:17+02:00,2026-09-11T16:11:17+02:00,2026-09-11T16:11:17+02:00,,,,,,,Deprioritized,12,12,OTHER,Other,Prague,25,Other; Entry-level signal,Advertisement requirements not yet verified; Czech-language title: workplace language needs verification; Publication date unknown; first observation is only a lower bound on age; Latest saved review rejects or deprioritizes this vacancy,2026-10-04-v3.0,,26,First observation: minimum age only,26,UNKNOWN,,PREVIOUS_REJECTION,8,REJECTED,Publication date unknown; first observation is only a lower bound on age; Latest saved review rejects or deprioritizes this vacancy,2026-10-04-v3.0,ENTRY_LEVEL_SIGNAL,0,Seniority: Junior/Entry-level; Job title: ⭕Disponent námořních přeprav/ Ocean Freight -JUNIOŘI VÍTÁNI!,4
JB_2590,Junior HR Specialista,KAPRAIN a.s.,,Praha – Libeň,Specialist,HR/People Specialist,,Junior/Entry-level,,Junior/Entry-level,NO,HR & Recruitment,,https://www.jobs.cz/rpd/2001372056,2026-09-11T16:11:05+02:00,2026-09-11T16:11:05+02:00,2026-09-11T16:11:05+02:00,,,,,,,Deprioritized,12,12,OTHER,Other,Prague,25,Other; Entry-level signal,Advertisement requirements not yet verified; Czech-language title: workplace language needs verification; Publication date unknown; first observation is only a lower bound on age; Latest saved review rejects or deprioritizes this vacancy,2026-10-04-v3.0,,26,First observation: minimum age only,26,UNKNOWN,,PREVIOUS_REJECTION,8,REJECTED,Publication date unknown; first observation is only a lower bound on age; Latest saved review rejects or deprioritizes this vacancy,2026-10-04-v3.0,ENTRY_LEVEL_SIGNAL,0,Seniority: Junior/Entry-level; Job title: Junior HR Specialista,4
JB_9515,⭕Disponent námořních přeprav/ Ocean Freight -JUNIOŘI VÍTÁNI!,"ProfesKontakt, s.r.o.",40 000 – 65 000 Kč,Hlavní město Praha,Specialist,Logistics/Supply Chain Specialist,,Junior/Entry-level,,Junior/Entry-level,NO,Supply Chain & Logistics,,https://www.jobs.cz/rpd/2001414765,2026-09-11T16:11:05+02:00,2026-09-11T16:11:05+02:00,2026-09-11T16:11:05+02:00,,,,,,,Deprioritized,12,12,OTHER,Other,Prague,25,Other; Entry-level signal,Advertisement requirements not yet verified; Czech-language title: workplace language needs verification; Publication date unknown; first observation is only a lower bound on age; Latest saved review rejects or deprioritizes this vacancy,2026-10-04-v3.0,,26,First observation: minimum age only,26,UNKNOWN,,PREVIOUS_REJECTION,8,REJECTED,Publication date unknown; first observation is only a lower bound on age; Latest saved review rejects or deprioritizes this vacancy,2026-10-04-v3.0,ENTRY_LEVEL_SIGNAL,0,Seniority: Junior/Entry-level; Job title: ⭕Disponent námořních přeprav/ Ocean Freight -JUNIOŘI VÍTÁNI!,4
JB_5171,Planning consultant - příležitost pro absolventy ekonomických a IT oborů s praxí při škole,"ADASTRA, s.r.o.",,Hlavní město Praha,Consultant,IT/Technology Consultant,,Junior/Entry-level,,Junior/Entry-level,NO,IT & Software,,https://www.jobs.cz/rpd/2001387390,2026-09-11T16:10:04+02:00,2026-09-11T16:10:04+02:00,2026-09-11T16:10:04+02:00,,,,,,,Deprioritized,12,12,OTHER,Other,Prague,25,Other; Entry-level signal,Advertisement requirements not yet verified; Czech-language title: workplace language needs verification; Publication date unknown; first observation is only a lower bound on age; Latest saved review rejects or deprioritizes this vacancy,2026-10-04-v3.0,,26,First observation: minimum age only,26,UNKNOWN,,PREVIOUS_REJECTION,8,REJECTED,Publication date unknown; first observation is only a lower bound on age; Latest saved review rejects or deprioritizes this vacancy,2026-10-04-v3.0,ENTRY_LEVEL_SIGNAL,0,Seniority: Junior/Entry-level; Job title: Planning consultant - příležitost pro absolventy ekonomických a IT oborů s praxí při škole,4
JB_1951,CYBER SECURITY SPECIALISTA - vhodné i pro absolventy,"EKO-KOM, a.s.",,Praha – Nusle,Specialist,Cybersecurity Specialist,,Junior/Entry-level,,Junior/Entry-level,NO,Cybersecurity,,https://www.jobs.cz/rpd/2001378351,2026-09-11T16:08:47+02:00,2026-09-11T16:08:47+02:00,2026-09-11T16:08:47+02:00,,,,,,,Deprioritized,12,12,OTHER,Other,Prague,25,Other; Entry-level signal,Advertisement requirements not yet verified; Czech-language title: workplace language needs verification; Publication date unknown; first observation is only a lower bound on age; Latest saved review rejects or deprioritizes this vacancy,2026-10-04-v3.0,,26,First observation: minimum age only,26,UNKNOWN,,PREVIOUS_REJECTION,8,REJECTED,Publication date unknown; first observation is only a lower bound on age; Latest saved review rejects or deprioritizes this vacancy,2026-10-04-v3.0,ENTRY_LEVEL_SIGNAL,0,Seniority: Junior/Entry-level; Job title: CYBER SECURITY SPECIALISTA - vhodné i pro absolventy,4
JB_3453,⭕ JUNIOR specialista/ka plánování 📊 | 📍Praha-západ | 💰cca 50.000 Kč + bonusy,"ProfesKontakt, s.r.o.",45 000 – 55 000 Kč,okres Praha-západ,Specialist,General Specialist,,Junior/Entry-level,,Junior/Entry-level,NO,,,https://www.jobs.cz/rpd/2001399790,2026-09-11T15:59:06+02:00,2026-09-11T15:59:06+02:00,2026-09-11T15:59:06+02:00,,,,,,,Deprioritized,12,12,OTHER,Other,Prague,25,Other; Entry-level signal,Advertisement requirements not yet verified; Czech-language title: workplace language needs verification; Publication date unknown; first observation is only a lower bound on age; Latest saved review rejects or deprioritizes this vacancy,2026-10-04-v3.0,,26,First observation: minimum age only,26,UNKNOWN,,PREVIOUS_REJECTION,8,REJECTED,Publication date unknown; first observation is only a lower bound on age; Latest saved review rejects or deprioritizes this vacancy,2026-10-04-v3.0,ENTRY_LEVEL_SIGNAL,0,Seniority: Junior/Entry-level; Job title: ⭕ JUNIOR specialista/ka plánování 📊 | 📍Praha-západ | 💰cca 50.000 Kč + bonusy,4
JB_5108,Analytik kybernetické bezpečnosti - i pro absolventy,"Letiště Praha, a. s.",,Praha – Ruzyně,Analyst,Security/Fraud Analyst,,Junior/Entry-level,,Junior/Entry-level,NO,"Data & Analytics, Cybersecurity",,https://www.jobs.cz/rpd/2001212299,2026-09-11T15:58:59+02:00,2026-09-11T15:58:59+02:00,2026-09-11T15:58:59+02:00,,,,,,,Deprioritized,12,12,OTHER,Other,Prague,25,Other; Entry-level signal,Advertisement requirements not yet verified; Czech-language title: workplace language needs verification; Publication date unknown; first observation is only a lower bound on age; Latest saved review rejects or deprioritizes this vacancy,2026-10-04-v3.0,,26,First observation: minimum age only,26,UNKNOWN,,PREVIOUS_REJECTION,8,REJECTED,Publication date unknown; first observation is only a lower bound on age; Latest saved review rejects or deprioritizes this vacancy,2026-10-04-v3.0,ENTRY_LEVEL_SIGNAL,0,Seniority: Junior/Entry-level; Job title: Analytik kybernetické bezpečnosti - i pro absolventy,4
JB_4244,Junior analytik provozu energetických zdrojů,innogy Česká republika a.s.,,Praha + 2 další lokality,Analyst,General Analyst,,Junior/Entry-level,,Junior/Entry-level,NO,"Data & Analytics, Energy & Utilities",,https://www.jobs.cz/rpd/2001318594,2026-09-11T15:58:59+02:00,2026-09-11T15:58:59+02:00,2026-09-11T15:58:59+02:00,,,,,,,Deprioritized,12,12,OTHER,Other,Prague,25,Other; Entry-level signal,Advertisement requirements not yet verified; Czech-language title: workplace language needs verification; Publication date unknown; first observation is only a lower bound on age; Latest saved review rejects or deprioritizes this vacancy,2026-10-04-v3.0,,26,First observation: minimum age only,26,UNKNOWN,,PREVIOUS_REJECTION,8,REJECTED,Publication date unknown; first observation is only a lower bound on age; Latest saved review rejects or deprioritizes this vacancy,2026-10-04-v3.0,ENTRY_LEVEL_SIGNAL,0,Seniority: Junior/Entry-level; Job title: Junior analytik provozu energetických zdrojů,4
JB_4559,Data Architect – Oneplay,TV Nova s.r.o.,,Praha – Hlubočepy,Architect,Data Architect,,,,,NO,Data & Analytics,,https://www.jobs.cz/rpd/2001352455,2026-09-11T15:58:50+02:00,2026-09-11T15:58:50+02:00,2026-09-11T15:58:50+02:00,,,,,,,Deprioritized,12,12,DATA_ENGINEERING_DWH,Data Engineering & Automation,Prague,25,Data Engineering & Automation,Advertisement requirements not yet verified; Entry-level accessibility unconfirmed; Publication date unknown; first observation is only a lower bound on age; Latest saved review rejects or deprioritizes this vacancy,2026-10-04-v3.0,,26,First observation: minimum age only,26,UNKNOWN,,PREVIOUS_REJECTION,8,REJECTED,Publication date unknown; first observation is only a lower bound on age; Latest saved review rejects or deprioritizes this vacancy,2026-10-04-v3.0,SENIORITY_UNCONFIRMED,1,No explicit entry-level or experience-level signal in title/source seniority,4
JB_6590,Data Engineer,Avenga Czechia s.r.o.,,Praha – Libeň,Engineer,Data Engineer,,,,,NO,"Data & Analytics, Engineering & R&D",,https://www.jobs.cz/rpd/2001371850,2026-09-11T15:58:50+02:00,2026-09-11T15:58:50+02:00,2026-09-11T15:58:50+02:00,,,,,,,Deprioritized,12,12,DATA_ENGINEERING_DWH,Data Engineering & Automation,Prague,25,Data Engineering & Automation,Advertisement requirements not yet verified; Entry-level accessibility unconfirmed; Publication date unknown; first observation is only a lower bound on age; Latest saved review rejects or deprioritizes this vacancy,2026-10-04-v3.0,,26,First observation: minimum age only,26,UNKNOWN,,PREVIOUS_REJECTION,8,REJECTED,Publication date unknown; first observation is only a lower bound on age; Latest saved review rejects or deprioritizes this vacancy,2026-10-04-v3.0,SENIORITY_UNCONFIRMED,1,No explicit entry-level or experience-level signal in title/source seniority,4
JB_0798,Data Engineer,"Seznam.cz, a.s.",,Praha – Smíchov + 1 další lokalita,Engineer,Data Engineer,,,,,NO,"Data & Analytics, Engineering & R&D",,https://www.jobs.cz/rpd/2001408974,2026-09-11T15:58:50+02:00,2026-09-11T15:58:50+02:00,2026-09-11T15:58:50+02:00,,,,,,,Deprioritized,12,12,DATA_ENGINEERING_DWH,Data Engineering & Automation,Prague,25,Data Engineering & Automation,Advertisement requirements not yet verified; Entry-level accessibility unconfirmed; Publication date unknown; first observation is only a lower bound on age; Latest saved review rejects or deprioritizes this vacancy,2026-10-04-v3.0,,26,First observation: minimum age only,26,UNKNOWN,,PREVIOUS_REJECTION,8,REJECTED,Publication date unknown; first observation is only a lower bound on age; Latest saved review rejects or deprioritizes this vacancy,2026-10-04-v3.0,SENIORITY_UNCONFIRMED,1,No explicit entry-level or experience-level signal in title/source seniority,3
JB_3386,Industrialization Data Engineer,"Sécheron Hasler CZ, spol. s r.o.",,Praha – Běchovice,Engineer,Data Engineer,,,,,NO,"Data & Analytics, Engineering & R&D",,https://www.jobs.cz/rpd/2001413333,2026-09-11T15:58:50+02:00,2026-09-11T15:58:50+02:00,2026-09-11T15:58:50+02:00,,,,,,,Deprioritized,12,12,DATA_ENGINEERING_DWH,Data Engineering & Automation,Prague,25,Data Engineering & Automation,Advertisement requirements not yet verified; Entry-level accessibility unconfirmed; Publication date unknown; first observation is only a lower bound on age; Latest saved review rejects or deprioritizes this vacancy,2026-10-04-v3.0,,26,First observation: minimum age only,26,UNKNOWN,,PREVIOUS_REJECTION,8,REJECTED,Publication date unknown; first observation is only a lower bound on age; Latest saved review rejects or deprioritizes this vacancy,2026-10-04-v3.0,SENIORITY_UNCONFIRMED,1,No explicit entry-level or experience-level signal in title/source seniority,4
JB_4792,Patent Specialist (junior) / Technický analytik inovací (Medical Devices),BTL Medical Development a.s.,,Praha – Vokovice,Analyst,Technical/R&D Analyst,,Junior/Entry-level,,Junior/Entry-level,NO,"Data & Analytics, Engineering & R&D, Healthcare & Pharma, Legal",,https://www.jobs.cz/rpd/2001341891,2026-09-11T15:58:06+02:00,2026-09-11T15:58:06+02:00,2026-09-11T15:58:06+02:00,,,,,,,Deprioritized,12,12,OTHER,Other,Prague,25,Other; Entry-level signal,Advertisement requirements not yet verified; Czech-language title: workplace language needs verification; Publication date unknown; first observation is only a lower bound on age; Latest saved review rejects or deprioritizes this vacancy,2026-10-04-v3.0,,26,First observation: minimum age only,26,UNKNOWN,,PREVIOUS_REJECTION,8,REJECTED,Publication date unknown; first observation is only a lower bound on age; Latest saved review rejects or deprioritizes this vacancy,2026-10-04-v3.0,ENTRY_LEVEL_SIGNAL,0,Seniority: Junior/Entry-level; Job title: Patent Specialist (junior) / Technický analytik inovací (Medical Devices),4
JB_6757,DATA ENGINEER,Zátiší Catering a.s.,,Praha – Nusle,Engineer,Data Engineer,,,,,NO,"Data & Analytics, Engineering & R&D",,https://www.jobs.cz/rpd/2001348297,2026-09-11T15:57:43+02:00,2026-09-11T15:57:43+02:00,2026-09-11T15:57:43+02:00,,,,,,,Deprioritized,12,12,DATA_ENGINEERING_DWH,Data Engineering & Automation,Prague,25,Data Engineering & Automation,Advertisement requirements not yet verified; Entry-level accessibility unconfirmed; Publication date unknown; first observation is only a lower bound on age; Latest saved review rejects or deprioritizes this vacancy,2026-10-04-v3.0,,26,First observation: minimum age only,26,UNKNOWN,,PREVIOUS_REJECTION,8,REJECTED,Publication date unknown; first observation is only a lower bound on age; Latest saved review rejects or deprioritizes this vacancy,2026-10-04-v3.0,SENIORITY_UNCONFIRMED,1,No explicit entry-level or experience-level signal in title/source seniority,4
JB_7137,Data Engineer (m/f),Trigema a.s.,,Praha – Stodůlky,Engineer,Data Engineer,,,,,NO,"Data & Analytics, Engineering & R&D",,https://www.jobs.cz/rpd/2001421352,2026-09-11T15:57:43+02:00,2026-09-11T15:57:43+02:00,2026-09-11T15:57:43+02:00,,,,,,,Deprioritized,12,12,DATA_ENGINEERING_DWH,Data Engineering & Automation,Prague,25,Data Engineering & Automation,Advertisement requirements not yet verified; Entry-level accessibility unconfirmed; Publication date unknown; first observation is only a lower bound on age; Latest saved review rejects or deprioritizes this vacancy,2026-10-04-v3.0,,26,First observation: minimum age only,26,UNKNOWN,,PREVIOUS_REJECTION,8,REJECTED,Publication date unknown; first observation is only a lower bound on age; Latest saved review rejects or deprioritizes this vacancy,2026-10-04-v3.0,SENIORITY_UNCONFIRMED,1,No explicit entry-level or experience-level signal in title/source seniority,3
JB_2633,Group Data Architect,CME Services s.r.o.,,Praha – Hlubočepy,Architect,Data Architect,,,,,NO,Data & Analytics,,https://www.jobs.cz/rpd/2001405743,2026-09-11T15:57:43+02:00,2026-09-11T15:57:43+02:00,2026-09-11T15:57:43+02:00,,,,,,,Deprioritized,12,12,DATA_ENGINEERING_DWH,Data Engineering & Automation,Prague,25,Data Engineering & Automation,Advertisement requirements not yet verified; Entry-level accessibility unconfirmed; Publication date unknown; first observation is only a lower bound on age; Latest saved review rejects or deprioritizes this vacancy,2026-10-04-v3.0,,26,First observation: minimum age only,26,UNKNOWN,,PREVIOUS_REJECTION,8,REJECTED,Publication date unknown; first observation is only a lower bound on age; Latest saved review rejects or deprioritizes this vacancy,2026-10-04-v3.0,SENIORITY_UNCONFIRMED,1,No explicit entry-level or experience-level signal in title/source seniority,4
JB_4610,JUNIOR ANALYTIK KYBERNETICKÉ BEZPEČNOSTI,Bezpečnostní informační služba,,Praha,Analyst,Security/Fraud Analyst,,Junior/Entry-level,,Junior/Entry-level,NO,"Data & Analytics, Cybersecurity",,https://www.jobs.cz/rpd/2001394578,2026-09-11T15:57:43+02:00,2026-09-11T15:57:43+02:00,2026-09-11T15:57:43+02:00,,,,,,,Deprioritized,12,12,OTHER,Other,Prague,25,Other; Entry-level signal,Advertisement requirements not yet verified; Czech-language title: workplace language needs verification; Publication date unknown; first observation is only a lower bound on age; Latest saved review rejects or deprioritizes this vacancy,2026-10-04-v3.0,,26,First observation: minimum age only,26,UNKNOWN,,PREVIOUS_REJECTION,8,REJECTED,Publication date unknown; first observation is only a lower bound on age; Latest saved review rejects or deprioritizes this vacancy,2026-10-04-v3.0,ENTRY_LEVEL_SIGNAL,0,Seniority: Junior/Entry-level; Job title: JUNIOR ANALYTIK KYBERNETICKÉ BEZPEČNOSTI,4
JB_2461,Regulatory Affairs Specialist/Junior specialista kvality a regulatorních záležitostí,Videris s.r.o.,15 000 – 25 000 Kč,Praha – Vokovice,Specialist,Compliance/AML Specialist,,Junior/Entry-level,,Junior/Entry-level,NO,"Compliance & Risk, Quality & Safety",,https://www.jobs.cz/rpd/2001421027,2026-09-11T15:57:43+02:00,2026-09-11T15:57:43+02:00,2026-09-11T15:57:43+02:00,,,,,,,Deprioritized,12,12,OTHER,Other,Prague,25,Other; Entry-level signal,Advertisement requirements not yet verified; Czech-language title: workplace language needs verification; Publication date unknown; first observation is only a lower bound on age; Latest saved review rejects or deprioritizes this vacancy,2026-10-04-v3.0,,26,First observation: minimum age only,26,UNKNOWN,,PREVIOUS_REJECTION,8,REJECTED,Publication date unknown; first observation is only a lower bound on age; Latest saved review rejects or deprioritizes this vacancy,2026-10-04-v3.0,ENTRY_LEVEL_SIGNAL,0,Seniority: Junior/Entry-level; Job title: Regulatory Affairs Specialist/Junior specialista kvality a regulatorních záležitostí,4
JB_3216,Analytics Engineer - Branch Performance,"Česká spořitelna, a.s.",,Praha – Michle,Engineer,Data Engineer,,,,,NO,"Data & Analytics, Engineering & R&D",,https://www.jobs.cz/rpd/2001357660,2026-09-11T15:57:28+02:00,2026-09-11T15:57:28+02:00,2026-09-11T15:57:28+02:00,,,,,,,Deprioritized,12,12,DATA_ENGINEERING_DWH,Data Engineering & Automation,Prague,25,Data Engineering & Automation,Advertisement requirements not yet verified; Entry-level accessibility unconfirmed; Publication date unknown; first observation is only a lower bound on age; Latest saved review rejects or deprioritizes this vacancy,2026-10-04-v3.0,,26,First observation: minimum age only,26,UNKNOWN,,PREVIOUS_REJECTION,8,REJECTED,Publication date unknown; first observation is only a lower bound on age; Latest saved review rejects or deprioritizes this vacancy,2026-10-04-v3.0,SENIORITY_UNCONFIRMED,1,No explicit entry-level or experience-level signal in title/source seniority,3
JB_8768,Junior technický konzultant/konzultantka - Cyber Security,EY,50 000 – 55 000 Kč,Praha – Nové Město,Consultant,Security Consultant,,Junior/Entry-level,,Junior/Entry-level,NO,Cybersecurity,,https://www.jobs.cz/rpd/2000766617,2026-09-11T15:57:28+02:00,2026-09-11T15:57:28+02:00,2026-09-11T15:57:28+02:00,,,,,,,Deprioritized,12,12,OTHER,Other,Prague,25,Other; Entry-level signal,Advertisement requirements not yet verified; Czech-language title: workplace language needs verification; Publication date unknown; first observation is only a lower bound on age; Latest saved review rejects or deprioritizes this vacancy,2026-10-04-v3.0,,26,First observation: minimum age only,26,UNKNOWN,,PREVIOUS_REJECTION,8,REJECTED,Publication date unknown; first observation is only a lower bound on age; Latest saved review rejects or deprioritizes this vacancy,2026-10-04-v3.0,ENTRY_LEVEL_SIGNAL,0,Seniority: Junior/Entry-level; Job title: Junior technický konzultant/konzultantka - Cyber Security,4
JB_7714,Data Architect,"Česká spořitelna, a.s.",90 000 – 119 000 Kč,Praha,Architect,Data Architect,,,,,NO,Data & Analytics,,https://www.jobs.cz/rpd/2001372042,2026-09-11T15:57:15+02:00,2026-09-11T15:57:15+02:00,2026-09-11T15:57:15+02:00,,,,,,,Deprioritized,12,12,DATA_ENGINEERING_DWH,Data Engineering & Automation,Prague,25,Data Engineering & Automation,Advertisement requirements not yet verified; Entry-level accessibility unconfirmed; Publication date unknown; first observation is only a lower bound on age; Latest saved review rejects or deprioritizes this vacancy,2026-10-04-v3.0,,26,First observation: minimum age only,26,UNKNOWN,,PREVIOUS_REJECTION,8,REJECTED,Publication date unknown; first observation is only a lower bound on age; Latest saved review rejects or deprioritizes this vacancy,2026-10-04-v3.0,SENIORITY_UNCONFIRMED,1,No explicit entry-level or experience-level signal in title/source seniority,4
JB_5829,Data Engineer - Hey George,"Česká spořitelna, a.s.",,Praha – Michle,Engineer,Data Engineer,,,,,NO,"Data & Analytics, Engineering & R&D",,https://www.jobs.cz/rpd/2001362402,2026-09-11T15:57:03+02:00,2026-09-11T15:57:03+02:00,2026-09-11T15:57:03+02:00,,,,,,,Deprioritized,12,12,DATA_ENGINEERING_DWH,Data Engineering & Automation,Prague,25,Data Engineering & Automation,Advertisement requirements not yet verified; Entry-level accessibility unconfirmed; Publication date unknown; first observation is only a lower bound on age; Latest saved review rejects or deprioritizes this vacancy,2026-10-04-v3.0,,26,First observation: minimum age only,26,UNKNOWN,,PREVIOUS_REJECTION,8,REJECTED,Publication date unknown; first observation is only a lower bound on age; Latest saved review rejects or deprioritizes this vacancy,2026-10-04-v3.0,SENIORITY_UNCONFIRMED,1,No explicit entry-level or experience-level signal in title/source seniority,4
JB_2684,SNOWFLAKE DATA ENGINEER- (fully remote),"SYNERGIE, s.r.o.",,okres Praha,Engineer,Data Engineer,,,,,NO,"Data & Analytics, Engineering & R&D",Snowflake,https://www.jobs.cz/rpd/2001398710,2026-09-11T15:57:03+02:00,2026-09-11T15:57:03+02:00,2026-09-11T15:57:03+02:00,,,,,,,Deprioritized,12,12,DATA_ENGINEERING_DWH,Data Engineering & Automation,Prague,25,Data Engineering & Automation,Advertisement requirements not yet verified; Entry-level accessibility unconfirmed; Publication date unknown; first observation is only a lower bound on age; Latest saved review rejects or deprioritizes this vacancy,2026-10-04-v3.0,,26,First observation: minimum age only,26,UNKNOWN,,PREVIOUS_REJECTION,8,REJECTED,Publication date unknown; first observation is only a lower bound on age; Latest saved review rejects or deprioritizes this vacancy,2026-10-04-v3.0,SENIORITY_UNCONFIRMED,1,No explicit entry-level or experience-level signal in title/source seniority,3
JB_3957,Senior Functional Analyst in Credit Risk (Prague or Brno),KBC Global Services NV,,Praha – Radlice + 1 další lokalita,Analyst,Business/Process Analyst,,Senior,,Senior,NO,Compliance & Risk,,https://www.jobs.cz/rpd/2001240742,2026-09-11T15:56:42+02:00,2026-09-11T15:56:42+02:00,2026-09-11T15:56:42+02:00,,,,,,,Senior/Leadership Stretch,12,12,BUSINESS_PROCESS,"Business, Operations & Process Analysis",Prague,25,"Business, Operations & Process Analysis",Advertisement requirements not yet verified; Senior/lead requirement needs verification; Publication date unknown; first observation is only a lower bound on age; Latest saved review rejects or deprioritizes this vacancy,2026-10-04-v3.0,,26,First observation: minimum age only,26,UNKNOWN,,PREVIOUS_REJECTION,8,REJECTED,Publication date unknown; first observation is only a lower bound on age; Latest saved review rejects or deprioritizes this vacancy,2026-10-04-v3.0,EXPERIENCED_LEVEL_SIGNAL,3,Seniority: Senior; Job title: Senior Functional Analyst in Credit Risk (Prague or Brno),3
JB_6864,DATA ENGINEER - DWH & DATA MODELING,VŠEOBECNÁ ZDRAVOTNÍ POJIŠŤOVNA ČESKÉ REPUBLIKY,,Praha – Vinohrady,Engineer,Data Engineer,,,,,NO,"Data & Analytics, Engineering & R&D",,https://www.jobs.cz/rpd/2001381265,2026-09-11T15:56:36+02:00,2026-09-11T15:56:36+02:00,2026-09-11T15:56:36+02:00,,,,,,,Deprioritized,12,12,DATA_ENGINEERING_DWH,Data Engineering & Automation,Prague,25,Data Engineering & Automation,Advertisement requirements not yet verified; Entry-level accessibility unconfirmed; Publication date unknown; first observation is only a lower bound on age; Latest saved review rejects or deprioritizes this vacancy,2026-10-04-v3.0,,26,First observation: minimum age only,26,UNKNOWN,,PREVIOUS_REJECTION,8,REJECTED,Publication date unknown; first observation is only a lower bound on age; Latest saved review rejects or deprioritizes this vacancy,2026-10-04-v3.0,SENIORITY_UNCONFIRMED,1,No explicit entry-level or experience-level signal in title/source seniority,3
JB_5255,Data Engineer (JPO27634),Alza.cz a.s.,,Praha – Holešovice,Engineer,Data Engineer,,,,,NO,"Data & Analytics, Engineering & R&D",,https://www.jobs.cz/rpd/2001393765,2026-09-11T15:56:22+02:00,2026-09-11T15:56:22+02:00,2026-09-11T15:56:22+02:00,,,,,,,Deprioritized,12,12,DATA_ENGINEERING_DWH,Data Engineering & Automation,Prague,25,Data Engineering & Automation,Advertisement requirements not yet verified; Entry-level accessibility unconfirmed; Publication date unknown; first observation is only a lower bound on age; Latest saved review rejects or deprioritizes this vacancy,2026-10-04-v3.0,,26,First observation: minimum age only,26,UNKNOWN,,PREVIOUS_REJECTION,8,REJECTED,Publication date unknown; first observation is only a lower bound on age; Latest saved review rejects or deprioritizes this vacancy,2026-10-04-v3.0,SENIORITY_UNCONFIRMED,1,No explicit entry-level or experience-level signal in title/source seniority,4
BLT_4326,Database Developer,Veeam,,"Prague, CZE",Developer,Data/Database Developer,,Mid level,Mid level,,NO,IT & Software,,https://builtin.com/job/database-developer/10848364,,,,,,,,,,Deprioritized,12,12,DATA_ENGINEERING_DWH,Data Engineering & Automation,Prague,,Data Engineering & Automation,Advertisement requirements not yet verified; Mid-level experience needs verification; Publication and observation dates unknown; Latest saved review rejects or deprioritizes this vacancy,2026-10-04-v3.0,,,Unknown,,UNKNOWN,,PREVIOUS_REJECTION,8,REJECTED,Publication and observation dates unknown; Latest saved review rejects or deprioritizes this vacancy,2026-10-04-v3.0,EXPERIENCED_LEVEL_SIGNAL,3,Seniority: Mid level,3
JST_9121,Java vývojář/ka Praha,ETYKA digital,Navrhni si mzdu,Praha,Developer,General Software Developer,,"Junior, Medior, Senior, Expert","Junior, Medior, Senior, Expert",,NO,IT & Software,Java,https://www.jobstack.it/it-job/java-developer/60089fb66d63b,2026-09-12T11:34:05+02:00,2026-09-12T11:34:05+02:00,2026-09-12T11:34:05+02:00,,,,,,,Deprioritized,10,10,SOFTWARE_BACKEND_FULLSTACK,Software Development,Prague,25,Software Development; Entry-level signal,Advertisement requirements not yet verified; Mixed seniority needs verification; Mid-level experience needs verification; Czech-language title: workplace language needs verification; Publication date unknown; first observation is only a lower bound on age; Latest saved review rejects or deprioritizes this vacancy,2026-10-04-v3.0,,25,First observation: minimum age only,25,UNKNOWN,,PREVIOUS_REJECTION,8,REJECTED,Publication date unknown; first observation is only a lower bound on age; Latest saved review rejects or deprioritizes this vacancy,2026-10-04-v3.0,MIXED_LEVEL_SIGNAL,2,"Seniority: Junior, Medior, Senior, Expert",4
JST_8554,PHP vývojář*ka,BlueGhost.cz,Navrhni si mzdu,Praha,Developer,General Software Developer,,"Junior, Medior, Senior, Expert","Junior, Medior, Senior, Expert",,NO,IT & Software,PHP,https://www.jobstack.it/it-job/php-developer/5a2a5dfd104a0,2026-09-12T11:33:57+02:00,2026-09-12T11:33:57+02:00,2026-09-12T11:33:57+02:00,,,,,,,Deprioritized,10,10,SOFTWARE_BACKEND_FULLSTACK,Software Development,Prague,25,Software Development; Entry-level signal,Advertisement requirements not yet verified; Mixed seniority needs verification; Mid-level experience needs verification; Czech-language title: workplace language needs verification; Publication date unknown; first observation is only a lower bound on age; Latest saved review rejects or deprioritizes this vacancy,2026-10-04-v3.0,,25,First observation: minimum age only,25,UNKNOWN,,PREVIOUS_REJECTION,8,REJECTED,Publication date unknown; first observation is only a lower bound on age; Latest saved review rejects or deprioritizes this vacancy,2026-10-04-v3.0,MIXED_LEVEL_SIGNAL,2,"Seniority: Junior, Medior, Senior, Expert",4
JST_1322,React Vývojář,Iguana Technology,až 100 000 Kč / měsíc,Praha / Remote,Developer,General Software Developer,,"Junior, Medior, Senior","Junior, Medior, Senior",,NO,IT & Software,React,https://www.jobstack.it/it-job/react-developer/609a58e9756b3,2026-09-12T11:33:28+02:00,2026-09-12T11:33:28+02:00,2026-09-12T11:33:28+02:00,,,,,,,Deprioritized,10,10,SOFTWARE_BACKEND_FULLSTACK,Software Development,Prague,25,Software Development; Entry-level signal,Advertisement requirements not yet verified; Mixed seniority needs verification; Mid-level experience needs verification; Czech-language title: workplace language needs verification; Publication date unknown; first observation is only a lower bound on age; Latest saved review rejects or deprioritizes this vacancy,2026-10-04-v3.0,,25,First observation: minimum age only,25,UNKNOWN,,PREVIOUS_REJECTION,8,REJECTED,Publication date unknown; first observation is only a lower bound on age; Latest saved review rejects or deprioritizes this vacancy,2026-10-04-v3.0,MIXED_LEVEL_SIGNAL,2,"Seniority: Junior, Medior, Senior",4
JST_7206,Helpdesk Specialist – IT / Farmacie,"Sprinx Systems, a.s.",Navrhni si mzdu,Praha 4 - Braník,Support Specialist,IT Helpdesk/Service Desk,,"Junior, Medior","Junior, Medior",,NO,IT & Software,,https://www.jobstack.it/it-job/univerzal-it/69babd779c2e0,2026-09-12T11:33:02+02:00,2026-09-12T11:33:02+02:00,2026-09-12T11:33:02+02:00,,,,,,,Deprioritized,10,10,OTHER,Other,Prague,25,Other; Entry-level signal,Advertisement requirements not yet verified; Mid-level experience needs verification; Publication date unknown; first observation is only a lower bound on age; Latest saved review rejects or deprioritizes this vacancy,2026-10-04-v3.0,,25,First observation: minimum age only,25,UNKNOWN,,PREVIOUS_REJECTION,8,REJECTED,Publication date unknown; first observation is only a lower bound on age; Latest saved review rejects or deprioritizes this vacancy,2026-10-04-v3.0,MIXED_LEVEL_SIGNAL,2,"Seniority: Junior, Medior",4
JST_5846,ICT – Azure DevOps Engineer Praha/Olomouc,Banka CREDITAS a.s.,Navrhni si mzdu,Praha nebo Olomouc,Engineer,DevOps/SRE Engineer,,"Junior, Medior","Junior, Medior",,NO,"Cloud & Infrastructure, IT & Software, Engineering & R&D",Azure,https://www.jobstack.it/it-job/azure-admin/6682857e07edb,2026-09-12T11:32:53+02:00,2026-09-12T11:32:53+02:00,2026-09-12T11:32:53+02:00,,,,,,,Deprioritized,10,10,OTHER,Other,Prague,25,Other; Entry-level signal,Advertisement requirements not yet verified; Mid-level experience needs verification; Publication date unknown; first observation is only a lower bound on age; Latest saved review rejects or deprioritizes this vacancy,2026-10-04-v3.0,,25,First observation: minimum age only,25,UNKNOWN,,PREVIOUS_REJECTION,8,REJECTED,Publication date unknown; first observation is only a lower bound on age; Latest saved review rejects or deprioritizes this vacancy,2026-10-04-v3.0,MIXED_LEVEL_SIGNAL,2,"Seniority: Junior, Medior",4
JST_6959,IT Administrator - Cloud,Geetoo Technology s.r.o.,Navrhni si mzdu,Praha nebo Olomouc,Administrator,Cloud Administrator,,"Junior, Medior","Junior, Medior",,NO,"Cloud & Infrastructure, IT & Software",,https://www.jobstack.it/it-job/it-podpora/69ae955a9a42a,2026-09-12T11:32:42+02:00,2026-09-12T11:32:42+02:00,2026-09-12T11:32:42+02:00,,,,,,,Deprioritized,10,10,OTHER,Other,Prague,25,Other; Entry-level signal,Advertisement requirements not yet verified; Mid-level experience needs verification; Publication date unknown; first observation is only a lower bound on age; Latest saved review rejects or deprioritizes this vacancy,2026-10-04-v3.0,,25,First observation: minimum age only,25,UNKNOWN,,PREVIOUS_REJECTION,8,REJECTED,Publication date unknown; first observation is only a lower bound on age; Latest saved review rejects or deprioritizes this vacancy,2026-10-04-v3.0,MIXED_LEVEL_SIGNAL,2,"Seniority: Junior, Medior",4
JST_3416,Technická podpora (L1),Daktela s.r.o.,Navrhni si mzdu,"Vinohradská 2828/151, 130 00 Praha 3 – Žižkov",Support Specialist,Technical Support,,"Junior, Medior","Junior, Medior",,NO,,,https://www.jobstack.it/it-job/it-podpora/67376efc9456b,2026-09-12T11:32:42+02:00,2026-09-12T11:32:42+02:00,2026-09-12T11:32:42+02:00,,,,,,,Deprioritized,10,10,OTHER,Other,Prague,25,Other; Entry-level signal,Advertisement requirements not yet verified; Mid-level experience needs verification; Publication date unknown; first observation is only a lower bound on age; Latest saved review rejects or deprioritizes this vacancy,2026-10-04-v3.0,,25,First observation: minimum age only,25,UNKNOWN,,PREVIOUS_REJECTION,8,REJECTED,Publication date unknown; first observation is only a lower bound on age; Latest saved review rejects or deprioritizes this vacancy,2026-10-04-v3.0,MIXED_LEVEL_SIGNAL,2,"Seniority: Junior, Medior",4
JST_0977,IT Hardware & Support Specialist,Betsys s.r.o.,Navrhni si mzdu,"Karolinská 654/2, Praha 8 - Karlín",Support Specialist,Infrastructure/Network Support,,"Junior, Medior","Junior, Medior",,NO,IT & Software,,https://www.jobstack.it/it-job/it-podpora/6a3cf7c524f64,2026-09-12T11:32:21+02:00,2026-09-12T11:32:21+02:00,2026-09-12T11:32:21+02:00,,,,,,,Deprioritized,10,10,OTHER,Other,Prague,25,Other; Entry-level signal,Advertisement requirements not yet verified; Mid-level experience needs verification; Publication date unknown; first observation is only a lower bound on age; Latest saved review rejects or deprioritizes this vacancy,2026-10-04-v3.0,,25,First observation: minimum age only,25,UNKNOWN,,PREVIOUS_REJECTION,8,REJECTED,Publication date unknown; first observation is only a lower bound on age; Latest saved review rejects or deprioritizes this vacancy,2026-10-04-v3.0,MIXED_LEVEL_SIGNAL,2,"Seniority: Junior, Medior",4
SJ_107355,Junior Account Manager – vyber si trh: CZ / SK / HU,Reas.cz,,Prague,Manager,Sales/Account Manager,,Junior/Entry-level,,Junior/Entry-level,NO,Sales & Business Development,,https://www.startupjobs.cz/nabidka/107355/junior-account-manager-vyber-si-trh-cz-sk-hu,2026-09-12T11:01:43+02:00,2026-09-12T11:01:43+02:00,2026-09-12T11:01:43+02:00,,,,,,,Deprioritized,10,10,OTHER,Other,Prague,25,Other; Entry-level signal,Advertisement requirements not yet verified; Mixed seniority needs verification; Publication date unknown; first observation is only a lower bound on age; Latest saved review rejects or deprioritizes this vacancy,2026-10-04-v3.0,,25,First observation: minimum age only,25,UNKNOWN,,PREVIOUS_REJECTION,8,REJECTED,Publication date unknown; first observation is only a lower bound on age; Latest saved review rejects or deprioritizes this vacancy,2026-10-04-v3.0,MIXED_LEVEL_SIGNAL,2,Seniority: Junior/Entry-level; Job title: Junior Account Manager – vyber si trh: CZ / SK / HU; Occupational classification: Manager,4
SJ_107657,Product manager junior pro tým CONNECT IT,IT Trade a.s.,,Prague,Manager,Product Manager/Product Owner,,Junior/Entry-level,,Junior/Entry-level,NO,"IT & Software, Product Management",,https://www.startupjobs.cz/nabidka/107657/product-manager-junior-pro-tym-connect-it,2026-09-12T10:56:33+02:00,2026-09-12T10:56:33+02:00,2026-09-12T10:56:33+02:00,,,,,,,Deprioritized,10,10,OTHER,Other,Prague,25,Other; Entry-level signal,Advertisement requirements not yet verified; Mixed seniority needs verification; Publication date unknown; first observation is only a lower bound on age; Latest saved review rejects or deprioritizes this vacancy,2026-10-04-v3.0,,25,First observation: minimum age only,25,UNKNOWN,,PREVIOUS_REJECTION,8,REJECTED,Publication date unknown; first observation is only a lower bound on age; Latest saved review rejects or deprioritizes this vacancy,2026-10-04-v3.0,MIXED_LEVEL_SIGNAL,2,Seniority: Junior/Entry-level; Job title: Product manager junior pro tým CONNECT IT; Occupational classification: Manager,4
SJ_107725,Digital Junior Account manager,Dentsu Czech Republic s.r.o.,,Prague,Manager,Sales/Account Manager,,Junior/Entry-level,,Junior/Entry-level,NO,Sales & Business Development,,https://www.startupjobs.cz/nabidka/107725/digital-junior-account-manager,2026-09-12T10:55:23+02:00,2026-09-12T10:55:23+02:00,2026-09-12T10:55:23+02:00,,,,,,,Deprioritized,10,10,OTHER,Other,Prague,25,Other; Entry-level signal,Advertisement requirements not yet verified; Mixed seniority needs verification; Publication date unknown; first observation is only a lower bound on age; Latest saved review rejects or deprioritizes this vacancy,2026-10-04-v3.0,,25,First observation: minimum age only,25,UNKNOWN,,PREVIOUS_REJECTION,8,REJECTED,Publication date unknown; first observation is only a lower bound on age; Latest saved review rejects or deprioritizes this vacancy,2026-10-04-v3.0,MIXED_LEVEL_SIGNAL,2,Seniority: Junior/Entry-level; Job title: Digital Junior Account manager; Occupational classification: Manager,4
SJ_106395,Junior Project Manager ve Viole - expanduj do Evropy s digitální platformou 🧓🏻,Viola Technology s.r.o.,,Prague,Manager,Project Manager,,Junior/Entry-level,,Junior/Entry-level,NO,Project & Program Management,,https://www.startupjobs.cz/nabidka/106395/junior-project-manager-ve-viole-expanduj-do-evropy-s-digitalni-platformou,2026-09-12T10:46:32+02:00,2026-09-12T10:46:32+02:00,2026-09-12T10:46:32+02:00,,,,,,,Deprioritized,10,10,OTHER,Other,Prague,25,Other; Entry-level signal,Advertisement requirements not yet verified; Mixed seniority needs verification; Publication date unknown; first observation is only a lower bound on age; Latest saved review rejects or deprioritizes this vacancy,2026-10-04-v3.0,,25,First observation: minimum age only,25,UNKNOWN,,PREVIOUS_REJECTION,8,REJECTED,Publication date unknown; first observation is only a lower bound on age; Latest saved review rejects or deprioritizes this vacancy,2026-10-04-v3.0,MIXED_LEVEL_SIGNAL,2,Seniority: Junior/Entry-level; Job title: Junior Project Manager ve Viole - expanduj do Evropy s digitální platformou 🧓🏻; Occupational classification: Manager,4
JB_1278,Junior Project Manager,Silverline Fund SICAV a.s.,70 000 – 100 000 Kč,Praha – Nové Město,Manager,Project Manager,,Junior/Entry-level,,Junior/Entry-level,NO,Project & Program Management,,https://www.jobs.cz/rpd/2001421530,2026-09-11T17:20:00+02:00,2026-09-11T17:20:00+02:00,2026-09-11T17:20:00+02:00,,,,,,,Deprioritized,10,10,OTHER,Other,Prague,25,Other; Entry-level signal,Advertisement requirements not yet verified; Mixed seniority needs verification; Publication date unknown; first observation is only a lower bound on age; Latest saved review rejects or deprioritizes this vacancy,2026-10-04-v3.0,,26,First observation: minimum age only,26,UNKNOWN,,PREVIOUS_REJECTION,8,REJECTED,Publication date unknown; first observation is only a lower bound on age; Latest saved review rejects or deprioritizes this vacancy,2026-10-04-v3.0,MIXED_LEVEL_SIGNAL,2,Seniority: Junior/Entry-level; Job title: Junior Project Manager; Occupational classification: Manager,4
JB_0836,Junior / Senior Consultant in automotive,Škoda X s.r.o.,,Praha – Michle,Consultant,Technical/Infrastructure Consultant,,"Junior/Entry-level, Senior",,"Junior/Entry-level, Senior",NO,Automotive & Mobility,,https://www.jobs.cz/rpd/2000598279,2026-09-11T16:19:22+02:00,2026-09-11T16:19:22+02:00,2026-09-11T16:19:22+02:00,,,,,,,Deprioritized,10,10,OTHER,Other,Prague,25,Other; Entry-level signal,Advertisement requirements not yet verified; Mixed seniority needs verification; Publication date unknown; first observation is only a lower bound on age; Latest saved review rejects or deprioritizes this vacancy,2026-10-04-v3.0,,26,First observation: minimum age only,26,UNKNOWN,,PREVIOUS_REJECTION,8,REJECTED,Publication date unknown; first observation is only a lower bound on age; Latest saved review rejects or deprioritizes this vacancy,2026-10-04-v3.0,MIXED_LEVEL_SIGNAL,2,"Seniority: Junior/Entry-level, Senior; Job title: Junior / Senior Consultant in automotive",4
JB_6060,A&P Junior Category Manager CE (CZ/SK/HU),"Parfumerie DOUGLAS, s.r.o.",,Praha – Karlín,Manager,Product Manager/Product Owner,,Junior/Entry-level,,Junior/Entry-level,NO,,,https://www.jobs.cz/rpd/2001419579,2026-09-11T16:18:49+02:00,2026-09-11T16:18:49+02:00,2026-09-11T16:18:49+02:00,,,,,,,Deprioritized,10,10,OTHER,Other,Prague,25,Other; Entry-level signal,Advertisement requirements not yet verified; Mixed seniority needs verification; Publication date unknown; first observation is only a lower bound on age; Latest saved review rejects or deprioritizes this vacancy,2026-10-04-v3.0,,26,First observation: minimum age only,26,UNKNOWN,,PREVIOUS_REJECTION,8,REJECTED,Publication date unknown; first observation is only a lower bound on age; Latest saved review rejects or deprioritizes this vacancy,2026-10-04-v3.0,MIXED_LEVEL_SIGNAL,2,Seniority: Junior/Entry-level; Job title: A&P Junior Category Manager CE (CZ/SK/HU); Occupational classification: Manager,3
JB_3780,Geographic Data and Risk Analyst - junior/senior,PŘEDVÝBĚR.CZ a.s.,,Praha – Michle,Analyst,Risk/Credit Analyst,,"Junior/Entry-level, Senior",,"Junior/Entry-level, Senior",NO,"Data & Analytics, Compliance & Risk",,https://www.jobs.cz/rpd/2001281051,2026-09-11T15:56:22+02:00,2026-09-11T15:56:22+02:00,2026-09-11T15:56:22+02:00,,,,,,,Deprioritized,10,10,OTHER,Other,Prague,25,Other; Entry-level signal,Advertisement requirements not yet verified; Mixed seniority needs verification; Publication date unknown; first observation is only a lower bound on age; Latest saved review rejects or deprioritizes this vacancy,2026-10-04-v3.0,,26,First observation: minimum age only,26,UNKNOWN,,PREVIOUS_REJECTION,8,REJECTED,Publication date unknown; first observation is only a lower bound on age; Latest saved review rejects or deprioritizes this vacancy,2026-10-04-v3.0,MIXED_LEVEL_SIGNAL,2,"Seniority: Junior/Entry-level, Senior; Job title: Geographic Data and Risk Analyst - junior/senior",4
JB_5931,Full Stack Engineer – TypeScript / Python,teamIT s.r.o.,160 000 – 180 000 Kč,Hlavní město Praha,Engineer,Software Engineer,,,,,NO,Engineering & R&D,"Python, TypeScript",https://www.jobs.cz/rpd/2001438260,2026-09-21T17:47:00+02:00,2026-09-21T17:47:00+02:00,2026-09-21T17:47:00+02:00,,,,,,,Deprioritized,9,9,SOFTWARE_BACKEND_FULLSTACK,Software Development,Prague,15,Software Development; python,Advertisement requirements not yet verified; Entry-level accessibility unconfirmed; Publication date unknown; first observation is only a lower bound on age; Latest saved review rejects or deprioritizes this vacancy,2026-10-04-v3.0,,16,First observation: minimum age only,16,UNKNOWN,,PREVIOUS_REJECTION,8,REJECTED,Publication date unknown; first observation is only a lower bound on age; Latest saved review rejects or deprioritizes this vacancy,2026-10-04-v3.0,SENIORITY_UNCONFIRMED,1,No explicit entry-level or experience-level signal in title/source seniority,3
JST_7065,Medior Python Developer,Generali Česká pojišťovna a.s.,Navrhni si mzdu,Praha,Developer,General Software Developer,,Medior,Medior,Medior/Mid-level,YES,IT & Software,Python,https://www.jobstack.it/it-job/python-developer/66d9f380abe69,2026-09-12T11:33:16+02:00,2026-09-12T11:33:16+02:00,2026-09-12T11:33:16+02:00,,,,,,,Deprioritized,9,9,SOFTWARE_BACKEND_FULLSTACK,Software Development,Prague,25,Software Development; python,Advertisement requirements not yet verified; Mid-level experience needs verification; Source/title seniority conflict; Publication date unknown; first observation is only a lower bound on age; Latest saved review rejects or deprioritizes this vacancy,2026-10-04-v3.0,,25,First observation: minimum age only,25,UNKNOWN,,PREVIOUS_REJECTION,8,REJECTED,Publication date unknown; first observation is only a lower bound on age; Latest saved review rejects or deprioritizes this vacancy,2026-10-04-v3.0,EXPERIENCED_LEVEL_SIGNAL,3,Seniority: Medior; Job title: Medior Python Developer,3
JST_7016,Python programátor/ka pro DevOps tým,Generali Česká pojišťovna a.s.,až 90 000 Kč / měsíc,Praha a HO,Developer,General Software Developer,,Medior,Medior,,NO,"Cloud & Infrastructure, IT & Software",Python,https://www.jobstack.it/it-job/python-developer/6788cde7e48ca,2026-09-12T11:33:16+02:00,2026-09-12T11:33:16+02:00,2026-09-12T11:33:16+02:00,,,,,,,Deprioritized,9,9,SOFTWARE_BACKEND_FULLSTACK,Software Development,Prague,25,Software Development; python,Advertisement requirements not yet verified; Mid-level experience needs verification; Publication date unknown; first observation is only a lower bound on age; Latest saved review rejects or deprioritizes this vacancy,2026-10-04-v3.0,,25,First observation: minimum age only,25,UNKNOWN,,PREVIOUS_REJECTION,8,REJECTED,Publication date unknown; first observation is only a lower bound on age; Latest saved review rejects or deprioritizes this vacancy,2026-10-04-v3.0,EXPERIENCED_LEVEL_SIGNAL,3,Seniority: Medior,4
JST_7539,Python Medior Developer,Endevel s.r.o.,až 90 000 Kč / měsíc,"Praha, Hradčanská",Developer,General Software Developer,,Medior,Medior,Medior/Mid-level,YES,IT & Software,Python,https://www.jobstack.it/it-job/python-developer/6307129faf4b4,2026-09-12T11:32:42+02:00,2026-09-12T11:32:42+02:00,2026-09-12T11:32:42+02:00,,,,,,,Deprioritized,9,9,SOFTWARE_BACKEND_FULLSTACK,Software Development,Prague,25,Software Development; python,Advertisement requirements not yet verified; Mid-level experience needs verification; Source/title seniority conflict; Publication date unknown; first observation is only a lower bound on age; Latest saved review rejects or deprioritizes this vacancy,2026-10-04-v3.0,,25,First observation: minimum age only,25,UNKNOWN,,PREVIOUS_REJECTION,8,REJECTED,Publication date unknown; first observation is only a lower bound on age; Latest saved review rejects or deprioritizes this vacancy,2026-10-04-v3.0,EXPERIENCED_LEVEL_SIGNAL,3,Seniority: Medior; Job title: Python Medior Developer,4
SJ_107013,🐍 Python / Full-stack developer pro AI éru 🤖,COex,,Prague,Developer,Full-Stack Developer,,,,,NO,"AI & Machine Learning, IT & Software",Python,https://www.startupjobs.cz/nabidka/107013/python-full-stack-developer-pro-ai-eru,2026-09-12T11:07:03+02:00,2026-09-12T11:07:03+02:00,2026-09-12T11:07:03+02:00,,,,,,,Deprioritized,9,9,SOFTWARE_BACKEND_FULLSTACK,Software Development,Prague,25,Software Development; python,Advertisement requirements not yet verified; Entry-level accessibility unconfirmed; Publication date unknown; first observation is only a lower bound on age; Latest saved review rejects or deprioritizes this vacancy,2026-10-04-v3.0,,25,First observation: minimum age only,25,UNKNOWN,,PREVIOUS_REJECTION,8,REJECTED,Publication date unknown; first observation is only a lower bound on age; Latest saved review rejects or deprioritizes this vacancy,2026-10-04-v3.0,SENIORITY_UNCONFIRMED,1,No explicit entry-level or experience-level signal in title/source seniority,4
SJ_107131,Python Developer,EASYCON Solution s.r.o.,,Prague,Developer,General Software Developer,,,,,NO,IT & Software,Python,https://www.startupjobs.cz/nabidka/107131/python-developer,2026-09-12T11:05:58+02:00,2026-09-12T11:05:58+02:00,2026-09-12T11:05:58+02:00,,,,,,,Deprioritized,9,9,SOFTWARE_BACKEND_FULLSTACK,Software Development,Prague,25,Software Development; python,Advertisement requirements not yet verified; Entry-level accessibility unconfirmed; Publication date unknown; first observation is only a lower bound on age; Latest saved review rejects or deprioritizes this vacancy,2026-10-04-v3.0,,25,First observation: minimum age only,25,UNKNOWN,,PREVIOUS_REJECTION,8,REJECTED,Publication date unknown; first observation is only a lower bound on age; Latest saved review rejects or deprioritizes this vacancy,2026-10-04-v3.0,SENIORITY_UNCONFIRMED,1,No explicit entry-level or experience-level signal in title/source seniority,3
JB_6538,Python Software Engineer - AI Security Platform (m/f/n),ESET Research Czech Republic s.r.o.,,Praha – Holešovice + 1 další lokalita,Engineer,Security Engineer,,,,,NO,"AI & Machine Learning, Cybersecurity, Cloud & Infrastructure, IT & Software, Engineering & R&D",Python,https://www.jobs.cz/rpd/2001282732,2026-09-11T16:19:44+02:00,2026-09-11T16:19:44+02:00,2026-09-11T16:19:44+02:00,,,,,,,Deprioritized,9,9,SOFTWARE_BACKEND_FULLSTACK,Software Development,Prague,25,Software Development; python,Advertisement requirements not yet verified; Entry-level accessibility unconfirmed; Publication date unknown; first observation is only a lower bound on age; Latest saved review rejects or deprioritizes this vacancy,2026-10-04-v3.0,,26,First observation: minimum age only,26,UNKNOWN,,PREVIOUS_REJECTION,8,REJECTED,Publication date unknown; first observation is only a lower bound on age; Latest saved review rejects or deprioritizes this vacancy,2026-10-04-v3.0,SENIORITY_UNCONFIRMED,1,No explicit entry-level or experience-level signal in title/source seniority,3
JB_0293,Java & Python Developer (medior),KBC Global Services NV,,Praha – Radlice,Developer,General Software Developer,,Medior/Mid-level,,Medior/Mid-level,NO,IT & Software,"Python, Java",https://www.jobs.cz/rpd/2001343263,2026-09-11T16:17:36+02:00,2026-09-11T16:17:36+02:00,2026-09-11T16:17:36+02:00,,,,,,,Deprioritized,9,9,SOFTWARE_BACKEND_FULLSTACK,Software Development,Prague,25,Software Development; python,Advertisement requirements not yet verified; Mid-level experience needs verification; Publication date unknown; first observation is only a lower bound on age; Latest saved review rejects or deprioritizes this vacancy,2026-10-04-v3.0,,26,First observation: minimum age only,26,UNKNOWN,,PREVIOUS_REJECTION,8,REJECTED,Publication date unknown; first observation is only a lower bound on age; Latest saved review rejects or deprioritizes this vacancy,2026-10-04-v3.0,EXPERIENCED_LEVEL_SIGNAL,3,Seniority: Medior/Mid-level; Job title: Java & Python Developer (medior),3
SJ_108087,Full-Stack Engineer (JAVA&REACT),Avenga Czechia s.r.o.,,Prague,Engineer,Software Engineer,,,,,NO,Engineering & R&D,"Java, React",https://www.startupjobs.cz/nabidka/108087/full-stack-engineer-java-react,2026-09-25T11:52:06+02:00,2026-09-25T11:52:06+02:00,2026-09-25T11:52:06+02:00,,,,,,,Deprioritized,8,8,SOFTWARE_BACKEND_FULLSTACK,Software Development,Prague,12,Software Development,Advertisement requirements not yet verified; Entry-level accessibility unconfirmed; Publication date unknown; first observation is only a lower bound on age; Latest saved review rejects or deprioritizes this vacancy,2026-10-04-v3.0,,12,First observation: minimum age only,12,UNKNOWN,,PREVIOUS_REJECTION,8,REJECTED,Publication date unknown; first observation is only a lower bound on age; Latest saved review rejects or deprioritizes this vacancy,2026-10-04-v3.0,SENIORITY_UNCONFIRMED,1,No explicit entry-level or experience-level signal in title/source seniority,4
SJ_108089,"C++20/23 Developer | Robotics, AI & Real-World Tech | Brno",Roboauto s.r.o.,,Prague,Developer,Embedded/Systems Developer,,,,,NO,"AI & Machine Learning, IT & Software",,https://www.startupjobs.cz/nabidka/108089/c-20-23-developer-robotics-ai-real-world-tech-brno,2026-09-25T11:51:01+02:00,2026-09-25T11:51:01+02:00,2026-09-25T11:51:01+02:00,,,,,,,Deprioritized,8,8,SOFTWARE_BACKEND_FULLSTACK,Software Development,Prague,12,Software Development,Advertisement requirements not yet verified; Entry-level accessibility unconfirmed; Publication date unknown; first observation is only a lower bound on age; Latest saved review rejects or deprioritizes this vacancy,2026-10-04-v3.0,,12,First observation: minimum age only,12,UNKNOWN,,PREVIOUS_REJECTION,8,REJECTED,Publication date unknown; first observation is only a lower bound on age; Latest saved review rejects or deprioritizes this vacancy,2026-10-04-v3.0,SENIORITY_UNCONFIRMED,1,No explicit entry-level or experience-level signal in title/source seniority,3
JB_5152,Oracle Developer,CGI CS&EE,,Praha – Stodůlky,Developer,General Software Developer,,,,,NO,IT & Software,Oracle,https://www.jobs.cz/rpd/2001444498,2026-09-25T10:31:05+02:00,2026-09-25T10:31:05+02:00,2026-09-25T10:31:05+02:00,,,,,,,Deprioritized,8,8,SOFTWARE_BACKEND_FULLSTACK,Software Development,Prague,12,Software Development,Advertisement requirements not yet verified; Entry-level accessibility unconfirmed; Publication date unknown; first observation is only a lower bound on age; Latest saved review rejects or deprioritizes this vacancy,2026-10-04-v3.0,,12,First observation: minimum age only,12,UNKNOWN,,PREVIOUS_REJECTION,8,REJECTED,Publication date unknown; first observation is only a lower bound on age; Latest saved review rejects or deprioritizes this vacancy,2026-10-04-v3.0,SENIORITY_UNCONFIRMED,1,No explicit entry-level or experience-level signal in title/source seniority,3
SJ_300777,Generative AI Developer | AI výzvy s viditelným dopadem 🎯,Viable One s.r.o,,Prague,Developer,General Software Developer,,,,,NO,"AI & Machine Learning, IT & Software",,https://www.startupjobs.cz/nabidka/107973/generative-ai-developer-ai-vyzvy-s-viditelnym-dopadem,2026-09-23T21:49:43+02:00,2026-09-23T21:49:43+02:00,2026-09-23T21:49:43+02:00,,,,,,,Deprioritized,8,8,SOFTWARE_BACKEND_FULLSTACK,Software Development,Prague,13,Software Development,Advertisement requirements not yet verified; Entry-level accessibility unconfirmed; Publication date unknown; first observation is only a lower bound on age; Latest saved review rejects or deprioritizes this vacancy,2026-10-04-v3.0,,14,First observation: minimum age only,14,UNKNOWN,,PREVIOUS_REJECTION,8,REJECTED,Publication date unknown; first observation is only a lower bound on age; Latest saved review rejects or deprioritizes this vacancy,2026-10-04-v3.0,SENIORITY_UNCONFIRMED,1,No explicit entry-level or experience-level signal in title/source seniority,3
SJ_108029,Medior full-stack developer for a product with social impact,Deafcom Solutions International,,Prague,Developer,Full-Stack Developer,,Medior/Mid-level,,Medior/Mid-level,NO,IT & Software,,https://www.startupjobs.cz/nabidka/108029/medior-full-stack-developer-for-a-product-with-social-impact,2026-09-23T21:48:38+02:00,2026-09-23T21:48:38+02:00,2026-09-23T21:48:38+02:00,,,,,,,Deprioritized,8,8,SOFTWARE_BACKEND_FULLSTACK,Software Development,Prague,13,Software Development,Advertisement requirements not yet verified; Mid-level experience needs verification; Publication date unknown; first observation is only a lower bound on age; Latest saved review rejects or deprioritizes this vacancy,2026-10-04-v3.0,,14,First observation: minimum age only,14,UNKNOWN,,PREVIOUS_REJECTION,8,REJECTED,Publication date unknown; first observation is only a lower bound on age; Latest saved review rejects or deprioritizes this vacancy,2026-10-04-v3.0,EXPERIENCED_LEVEL_SIGNAL,3,Seniority: Medior/Mid-level; Job title: Medior full-stack developer for a product with social impact,3
JB_5296,Software Engineer,Thales DIS Czech Republic s.r.o.,,Praha – Michle,Engineer,Software Engineer,,,,,NO,"IT & Software, Engineering & R&D",,https://www.jobs.cz/rpd/2001442546,2026-09-23T20:28:35+02:00,2026-09-23T20:28:35+02:00,2026-09-23T20:28:35+02:00,,,,,,,Deprioritized,8,8,SOFTWARE_BACKEND_FULLSTACK,Software Development,Prague,13,Software Development,Advertisement requirements not yet verified; Entry-level accessibility unconfirmed; Publication date unknown; first observation is only a lower bound on age; Latest saved review rejects or deprioritizes this vacancy,2026-10-04-v3.0,,14,First observation: minimum age only,14,UNKNOWN,,PREVIOUS_REJECTION,8,REJECTED,Publication date unknown; first observation is only a lower bound on age; Latest saved review rejects or deprioritizes this vacancy,2026-10-04-v3.0,SENIORITY_UNCONFIRMED,1,No explicit entry-level or experience-level signal in title/source seniority,3
SJ_107973,AI Developer | AI výzvy s viditelným dopadem 🎯,Viable One s.r.o,,Prague,Developer,General Software Developer,,,,,NO,"AI & Machine Learning, IT & Software",,https://www.startupjobs.cz/nabidka/107973/ai-developer-ai-vyzvy-s-viditelnym-dopadem,2026-09-22T20:38:31+02:00,2026-09-22T20:38:31+02:00,2026-09-22T20:38:31+02:00,,,,,,,Deprioritized,8,8,SOFTWARE_BACKEND_FULLSTACK,Software Development,Prague,14,Software Development,Advertisement requirements not yet verified; Entry-level accessibility unconfirmed; Publication date unknown; first observation is only a lower bound on age; Latest saved review rejects or deprioritizes this vacancy,2026-10-04-v3.0,,15,First observation: minimum age only,15,UNKNOWN,,PREVIOUS_REJECTION,8,REJECTED,Publication date unknown; first observation is only a lower bound on age; Latest saved review rejects or deprioritizes this vacancy,2026-10-04-v3.0,SENIORITY_UNCONFIRMED,1,No explicit entry-level or experience-level signal in title/source seniority,4
JB_2490,Java Software Engineer | Spring Boot & REST API,Grafton Recruitment s.r.o.,70 000 – 95 000 Kč,Praha,Engineer,Software Engineer,,,,,NO,"IT & Software, Engineering & R&D",Java,https://www.jobs.cz/rpd/2001433460,2026-09-21T18:26:21+02:00,2026-09-21T18:26:21+02:00,2026-09-21T18:26:21+02:00,,,,,,,Deprioritized,8,8,SOFTWARE_BACKEND_FULLSTACK,Software Development,Prague,15,Software Development,Advertisement requirements not yet verified; Entry-level accessibility unconfirmed; Publication date unknown; first observation is only a lower bound on age; Latest saved review rejects or deprioritizes this vacancy,2026-10-04-v3.0,,16,First observation: minimum age only,16,UNKNOWN,,PREVIOUS_REJECTION,8,REJECTED,Publication date unknown; first observation is only a lower bound on age; Latest saved review rejects or deprioritizes this vacancy,2026-10-04-v3.0,SENIORITY_UNCONFIRMED,1,No explicit entry-level or experience-level signal in title/source seniority,3
JB_6120,Vibecoder / AI Developer 🚀,21 Consult Group s.r.o.,80 000 Kč,Praha,Developer,General Software Developer,,,,,NO,"AI & Machine Learning, IT & Software",,https://www.jobs.cz/rpd/2001434978,2026-09-20T09:43:22+02:00,2026-09-20T09:43:22+02:00,2026-09-20T09:43:22+02:00,,,,,,,Deprioritized,8,8,SOFTWARE_BACKEND_FULLSTACK,Software Development,Prague,17,Software Development,Advertisement requirements not yet verified; Entry-level accessibility unconfirmed; Publication date unknown; first observation is only a lower bound on age; Latest saved review rejects or deprioritizes this vacancy,2026-10-04-v3.0,,17,First observation: minimum age only,17,UNKNOWN,,PREVIOUS_REJECTION,8,REJECTED,Publication date unknown; first observation is only a lower bound on age; Latest saved review rejects or deprioritizes this vacancy,2026-10-04-v3.0,SENIORITY_UNCONFIRMED,1,No explicit entry-level or experience-level signal in title/source seniority,4
BLT_0048,Software Engineer – Full-Stack Development,DATAmundi,,"Prague, CZE",Engineer,Software Engineer,,Mid level,Mid level,,NO,"IT & Software, Engineering & R&D",,https://builtin.com/job/software-engineer-ai-assisted-full-stack-developement/10523257,2026-09-14T23:27:16+02:00,2026-09-14T23:27:16+02:00,2026-09-14T23:27:16+02:00,,,,,,,Deprioritized,8,8,SOFTWARE_BACKEND_FULLSTACK,Software Development,Prague,22,Software Development,Advertisement requirements not yet verified; Mid-level experience needs verification; Publication date unknown; first observation is only a lower bound on age; Latest saved review rejects or deprioritizes this vacancy,2026-10-04-v3.0,,23,First observation: minimum age only,23,UNKNOWN,,PREVIOUS_REJECTION,8,REJECTED,Publication date unknown; first observation is only a lower bound on age; Latest saved review rejects or deprioritizes this vacancy,2026-10-04-v3.0,EXPERIENCED_LEVEL_SIGNAL,3,Seniority: Mid level,4
BLT_5250,Product Engineer - Backend Developer,E2B,,"Prague, CZE",Engineer,General Engineer,,Mid level,Mid level,,NO,"IT & Software, Engineering & R&D",,https://builtin.com/job/product-engineer-backend-developer/10243054,2026-09-14T23:27:07+02:00,2026-09-14T23:27:07+02:00,2026-09-14T23:27:07+02:00,,,,,,,Deprioritized,8,8,SOFTWARE_BACKEND_FULLSTACK,Software Development,Prague,22,Software Development,Advertisement requirements not yet verified; Mid-level experience needs verification; Publication date unknown; first observation is only a lower bound on age; Latest saved review rejects or deprioritizes this vacancy,2026-10-04-v3.0,,23,First observation: minimum age only,23,UNKNOWN,,PREVIOUS_REJECTION,8,REJECTED,Publication date unknown; first observation is only a lower bound on age; Latest saved review rejects or deprioritizes this vacancy,2026-10-04-v3.0,EXPERIENCED_LEVEL_SIGNAL,3,Seniority: Mid level,3
BLT_6493,Storyous | Software Engineer (Mobile),Teya,,"Prague, CZE",Engineer,Software Engineer,,Mid level,Mid level,,NO,"IT & Software, Engineering & R&D",,https://builtin.com/job/storyous-software-engineer-mobile/10763799,2026-09-14T23:26:11+02:00,2026-09-14T23:26:11+02:00,2026-09-14T23:26:11+02:00,,,,,,,Deprioritized,8,8,SOFTWARE_BACKEND_FULLSTACK,Software Development,Prague,22,Software Development,Advertisement requirements not yet verified; Mid-level experience needs verification; Publication date unknown; first observation is only a lower bound on age; Latest saved review rejects or deprioritizes this vacancy,2026-10-04-v3.0,,23,First observation: minimum age only,23,UNKNOWN,,PREVIOUS_REJECTION,8,REJECTED,Publication date unknown; first observation is only a lower bound on age; Latest saved review rejects or deprioritizes this vacancy,2026-10-04-v3.0,EXPERIENCED_LEVEL_SIGNAL,3,Seniority: Mid level,3
JST_9412,C++ Software Developer - Virtual reality,VRgineers,až 80 000 Kč / měsíc,Praha 7 Holešovice,Developer,General Software Developer,,,,,NO,IT & Software,C/C++,https://www.jobstack.it/it-job/c-cplusplus-developer/611e0d91b73d0,2026-09-12T11:33:57+02:00,2026-09-12T11:33:57+02:00,2026-09-12T11:33:57+02:00,,,,,,,Deprioritized,8,8,SOFTWARE_BACKEND_FULLSTACK,Software Development,Prague,25,Software Development,Advertisement requirements not yet verified; Entry-level accessibility unconfirmed; Publication date unknown; first observation is only a lower bound on age; Latest saved review rejects or deprioritizes this vacancy,2026-10-04-v3.0,,25,First observation: minimum age only,25,UNKNOWN,,PREVIOUS_REJECTION,8,REJECTED,Publication date unknown; first observation is only a lower bound on age; Latest saved review rejects or deprioritizes this vacancy,2026-10-04-v3.0,SENIORITY_UNCONFIRMED,1,No explicit entry-level or experience-level signal in title/source seniority,4
JST_1487,SW Engineer for AI Centre,O2 Česká Republika a.s.,Navrhni si mzdu,Praha,Engineer,Software Engineer,,Expert,Expert,,NO,"AI & Machine Learning, Engineering & R&D",,https://www.jobstack.it/it-job/specialista-ai/645777142057d,2026-09-12T11:33:50+02:00,2026-09-12T11:33:50+02:00,2026-09-12T11:33:50+02:00,,,,,,,Deprioritized,8,8,SOFTWARE_BACKEND_FULLSTACK,Software Development,Prague,25,Software Development,Advertisement requirements not yet verified; Entry-level accessibility unconfirmed; Publication date unknown; first observation is only a lower bound on age; Latest saved review rejects or deprioritizes this vacancy,2026-10-04-v3.0,,25,First observation: minimum age only,25,UNKNOWN,,PREVIOUS_REJECTION,8,REJECTED,Publication date unknown; first observation is only a lower bound on age; Latest saved review rejects or deprioritizes this vacancy,2026-10-04-v3.0,EXPERIENCED_LEVEL_SIGNAL,3,Seniority: Expert,4
SJ_104413,BI Analyst / Developer (Looker & Data Platform),ASSIST spol. s r.o.,,Prague,Analyst,Data/BI Analyst,,,,,NO,"Data & Analytics, Cloud & Infrastructure, IT & Software",Looker,https://www.startupjobs.cz/nabidka/104413/bi-analyst-developer-looker-data-platform,2026-09-12T11:10:13+02:00,2026-09-12T11:10:13+02:00,2026-09-12T11:10:13+02:00,,,,,,,Deprioritized,8,8,SOFTWARE_BACKEND_FULLSTACK,Software Development,Prague,25,Software Development,Advertisement requirements not yet verified; Entry-level accessibility unconfirmed; Publication date unknown; first observation is only a lower bound on age; Latest saved review rejects or deprioritizes this vacancy,2026-10-04-v3.0,,25,First observation: minimum age only,25,UNKNOWN,,PREVIOUS_REJECTION,8,REJECTED,Publication date unknown; first observation is only a lower bound on age; Latest saved review rejects or deprioritizes this vacancy,2026-10-04-v3.0,SENIORITY_UNCONFIRMED,1,No explicit entry-level or experience-level signal in title/source seniority,4
SJ_107265,AI Fullstack developer (React & Node.js),Qest technologies s.r.o.,,Prague,Developer,Full-Stack Developer,,,,,NO,"AI & Machine Learning, IT & Software","JavaScript, Node.js, React",https://www.startupjobs.cz/nabidka/107265/ai-fullstack-developer-react-and-node-js,2026-09-12T11:03:48+02:00,2026-09-12T11:03:48+02:00,2026-09-12T11:03:48+02:00,,,,,,,Deprioritized,8,8,SOFTWARE_BACKEND_FULLSTACK,Software Development,Prague,25,Software Development,Advertisement requirements not yet verified; Entry-level accessibility unconfirmed; Publication date unknown; first observation is only a lower bound on age; Latest saved review rejects or deprioritizes this vacancy,2026-10-04-v3.0,,25,First observation: minimum age only,25,UNKNOWN,,PREVIOUS_REJECTION,8,REJECTED,Publication date unknown; first observation is only a lower bound on age; Latest saved review rejects or deprioritizes this vacancy,2026-10-04-v3.0,SENIORITY_UNCONFIRMED,1,No explicit entry-level or experience-level signal in title/source seniority,4
SJ_107395,PHP & AI Software Developer,ARTIN,,Prague,Developer,General Software Developer,,,,,NO,"AI & Machine Learning, IT & Software",PHP,https://www.startupjobs.cz/nabidka/107395/php-and-ai-software-developer,2026-09-12T11:01:43+02:00,2026-09-12T11:01:43+02:00,2026-09-12T11:01:43+02:00,,,,,,,Deprioritized,8,8,SOFTWARE_BACKEND_FULLSTACK,Software Development,Prague,25,Software Development,Advertisement requirements not yet verified; Entry-level accessibility unconfirmed; Publication date unknown; first observation is only a lower bound on age; Latest saved review rejects or deprioritizes this vacancy,2026-10-04-v3.0,,25,First observation: minimum age only,25,UNKNOWN,,PREVIOUS_REJECTION,8,REJECTED,Publication date unknown; first observation is only a lower bound on age; Latest saved review rejects or deprioritizes this vacancy,2026-10-04-v3.0,SENIORITY_UNCONFIRMED,1,No explicit entry-level or experience-level signal in title/source seniority,3
SJ_99101,Software Engineer - Data Integrations 🚀,Ematiq a.s.,,Prague,Engineer,Software Engineer,,,,,NO,"Data & Analytics, IT & Software, Engineering & R&D",,https://www.startupjobs.cz/nabidka/99101/software-engineer-data-integrations,2026-09-12T10:46:32+02:00,2026-09-12T10:46:32+02:00,2026-09-12T10:46:32+02:00,,,,,,,Deprioritized,8,8,SOFTWARE_BACKEND_FULLSTACK,Software Development,Prague,25,Software Development,Advertisement requirements not yet verified; Entry-level accessibility unconfirmed; Publication date unknown; first observation is only a lower bound on age; Latest saved review rejects or deprioritizes this vacancy,2026-10-04-v3.0,,25,First observation: minimum age only,25,UNKNOWN,,PREVIOUS_REJECTION,8,REJECTED,Publication date unknown; first observation is only a lower bound on age; Latest saved review rejects or deprioritizes this vacancy,2026-10-04-v3.0,SENIORITY_UNCONFIRMED,1,No explicit entry-level or experience-level signal in title/source seniority,4
JB_1146,Software Developer & Test Automation Engineer (m/f/d),"Siemens, s.r.o.",,Praha – Stodůlky,Developer,Automation/Low-Code Developer,,,,,NO,"IT & Software, Engineering & R&D",,https://www.jobs.cz/rpd/2001419276,2026-09-11T17:02:50+02:00,2026-09-11T17:02:50+02:00,2026-09-11T17:02:50+02:00,,,,,,,Deprioritized,8,8,SOFTWARE_BACKEND_FULLSTACK,Software Development,Prague,25,Software Development,Advertisement requirements not yet verified; Entry-level accessibility unconfirmed; Publication date unknown; first observation is only a lower bound on age; Latest saved review rejects or deprioritizes this vacancy,2026-10-04-v3.0,,26,First observation: minimum age only,26,UNKNOWN,,PREVIOUS_REJECTION,8,REJECTED,Publication date unknown; first observation is only a lower bound on age; Latest saved review rejects or deprioritizes this vacancy,2026-10-04-v3.0,SENIORITY_UNCONFIRMED,1,No explicit entry-level or experience-level signal in title/source seniority,3
JB_9524,Fullstack Developer - AI-driven vývoj,Direct,,Praha – Holešovice,Developer,Full-Stack Developer,,,,,NO,"AI & Machine Learning, IT & Software",,https://www.jobs.cz/rpd/2001381866,2026-09-11T17:01:03+02:00,2026-09-11T17:01:03+02:00,2026-09-11T17:01:03+02:00,,,,,,,Deprioritized,8,8,SOFTWARE_BACKEND_FULLSTACK,Software Development,Prague,25,Software Development,Advertisement requirements not yet verified; Entry-level accessibility unconfirmed; Publication date unknown; first observation is only a lower bound on age; Latest saved review rejects or deprioritizes this vacancy,2026-10-04-v3.0,,26,First observation: minimum age only,26,UNKNOWN,,PREVIOUS_REJECTION,8,REJECTED,Publication date unknown; first observation is only a lower bound on age; Latest saved review rejects or deprioritizes this vacancy,2026-10-04-v3.0,SENIORITY_UNCONFIRMED,1,No explicit entry-level or experience-level signal in title/source seniority,4
JB_6569,Java/Oracle Developer*ka - Core Banking Systems,Raiffeisenbank a.s.,,Praha – Nusle,Developer,General Software Developer,,,,,NO,"IT & Software, Finance & Banking","Oracle, Java",https://www.jobs.cz/rpd/2001418945,2026-09-11T16:20:31+02:00,2026-09-11T16:20:31+02:00,2026-09-11T16:20:31+02:00,,,,,,,Deprioritized,8,8,SOFTWARE_BACKEND_FULLSTACK,Software Development,Prague,25,Software Development,Advertisement requirements not yet verified; Entry-level accessibility unconfirmed; Publication date unknown; first observation is only a lower bound on age; Latest saved review rejects or deprioritizes this vacancy,2026-10-04-v3.0,,26,First observation: minimum age only,26,UNKNOWN,,PREVIOUS_REJECTION,8,REJECTED,Publication date unknown; first observation is only a lower bound on age; Latest saved review rejects or deprioritizes this vacancy,2026-10-04-v3.0,SENIORITY_UNCONFIRMED,1,No explicit entry-level or experience-level signal in title/source seniority,4
JB_9646,.NET Developer/AI,"ALEF NULA,a.s.",,Praha – Karlín,Developer,General Software Developer,,,,,NO,"AI & Machine Learning, IT & Software",.NET,https://www.jobs.cz/rpd/2001406100,2026-09-11T16:20:07+02:00,2026-09-11T16:20:07+02:00,2026-09-11T16:20:07+02:00,,,,,,,Deprioritized,8,8,SOFTWARE_BACKEND_FULLSTACK,Software Development,Prague,25,Software Development,Advertisement requirements not yet verified; Entry-level accessibility unconfirmed; Publication date unknown; first observation is only a lower bound on age; Latest saved review rejects or deprioritizes this vacancy,2026-10-04-v3.0,,26,First observation: minimum age only,26,UNKNOWN,,PREVIOUS_REJECTION,8,REJECTED,Publication date unknown; first observation is only a lower bound on age; Latest saved review rejects or deprioritizes this vacancy,2026-10-04-v3.0,SENIORITY_UNCONFIRMED,1,No explicit entry-level or experience-level signal in title/source seniority,3
JB_0700,"Java developer - Kafka, mikroservisy","Agnostix, s.r.o.",140 000 – 190 000 Kč,Praha – Nové Město,Developer,General Software Developer,,,,,NO,IT & Software,"Java, Kafka",https://www.jobs.cz/rpd/2001301852,2026-09-11T16:19:55+02:00,2026-09-11T16:19:55+02:00,2026-09-11T16:19:55+02:00,,,,,,,Deprioritized,8,8,SOFTWARE_BACKEND_FULLSTACK,Software Development,Prague,25,Software Development,Advertisement requirements not yet verified; Entry-level accessibility unconfirmed; Publication date unknown; first observation is only a lower bound on age; Latest saved review rejects or deprioritizes this vacancy,2026-10-04-v3.0,,26,First observation: minimum age only,26,UNKNOWN,,PREVIOUS_REJECTION,8,REJECTED,Publication date unknown; first observation is only a lower bound on age; Latest saved review rejects or deprioritizes this vacancy,2026-10-04-v3.0,SENIORITY_UNCONFIRMED,1,No explicit entry-level or experience-level signal in title/source seniority,3
JB_4176,Low-Code Developer – Mendix /0.7 -1 FTE/ (m/f/d),"Siemens, s.r.o.",,Praha – Stodůlky,Developer,Automation/Low-Code Developer,,,,,NO,IT & Software,,https://www.jobs.cz/rpd/2001421572,2026-09-11T16:17:54+02:00,2026-09-11T16:17:54+02:00,2026-09-11T16:17:54+02:00,,,,,,,Deprioritized,8,8,SOFTWARE_BACKEND_FULLSTACK,Software Development,Prague,25,Software Development,Advertisement requirements not yet verified; Entry-level accessibility unconfirmed; Publication date unknown; first observation is only a lower bound on age; Latest saved review rejects or deprioritizes this vacancy,2026-10-04-v3.0,,26,First observation: minimum age only,26,UNKNOWN,,PREVIOUS_REJECTION,8,REJECTED,Publication date unknown; first observation is only a lower bound on age; Latest saved review rejects or deprioritizes this vacancy,2026-10-04-v3.0,SENIORITY_UNCONFIRMED,1,No explicit entry-level or experience-level signal in title/source seniority,4
JB_2494,Software Engineer - Snowflake,DHL Information Services (Europe) s.r.o.,,Praha – Chodov,Engineer,Software Engineer,,,,,NO,"IT & Software, Engineering & R&D",Snowflake,https://www.jobs.cz/rpd/2001366463,2026-09-11T16:10:20+02:00,2026-09-11T16:10:20+02:00,2026-09-11T16:10:20+02:00,,,,,,,Deprioritized,8,8,SOFTWARE_BACKEND_FULLSTACK,Software Development,Prague,25,Software Development,Advertisement requirements not yet verified; Entry-level accessibility unconfirmed; Publication date unknown; first observation is only a lower bound on age; Latest saved review rejects or deprioritizes this vacancy,2026-10-04-v3.0,,26,First observation: minimum age only,26,UNKNOWN,,PREVIOUS_REJECTION,8,REJECTED,Publication date unknown; first observation is only a lower bound on age; Latest saved review rejects or deprioritizes this vacancy,2026-10-04-v3.0,SENIORITY_UNCONFIRMED,1,No explicit entry-level or experience-level signal in title/source seniority,4
BLT_2249,Data Engineer,Sporty Group,,27 Locations,Engineer,Data Engineer,,Mid level,Mid level,,NO,"Data & Analytics, Engineering & R&D",,https://builtin.com/job/data-engineer/11250737,2026-09-18T17:34:20+02:00,2026-09-18T17:34:20+02:00,2026-09-18T17:34:20+02:00,,,,,,,Deprioritized,7,7,DATA_ENGINEERING_DWH,Data Engineering & Automation,Verify Prague eligibility,18,Data Engineering & Automation,Advertisement requirements not yet verified; Mid-level experience needs verification; Prague eligibility unresolved; Publication date unknown; first observation is only a lower bound on age; Latest saved review rejects or deprioritizes this vacancy,2026-10-04-v3.0,,19,First observation: minimum age only,19,UNKNOWN,,PREVIOUS_REJECTION,8,REJECTED,Publication date unknown; first observation is only a lower bound on age; Latest saved review rejects or deprioritizes this vacancy,2026-10-04-v3.0,EXPERIENCED_LEVEL_SIGNAL,3,Seniority: Mid level,3
JB_9505,"Environment, Health, Safety Specialist - Intern - Brigáda vhodná pro studenty VŠ",Edwards (Brno),,Česká republika + 1 další lokalita,Specialist,Quality/Regulatory Specialist,,Intern/Trainee,,Intern/Trainee,NO,Quality & Safety,,https://www.jobs.cz/rpd/2001350465,2026-09-11T16:08:10+02:00,2026-09-11T16:08:10+02:00,2026-09-11T16:08:10+02:00,,,,,,,Deprioritized,7,7,OTHER,Other,Verify Prague eligibility,25,Other; Entry-level signal,Advertisement requirements not yet verified; Czech-language title: workplace language needs verification; Prague eligibility unresolved; Publication date unknown; first observation is only a lower bound on age; Latest saved review rejects or deprioritizes this vacancy,2026-10-04-v3.0,,26,First observation: minimum age only,26,UNKNOWN,,PREVIOUS_REJECTION,8,REJECTED,Publication date unknown; first observation is only a lower bound on age; Latest saved review rejects or deprioritizes this vacancy,2026-10-04-v3.0,ENTRY_LEVEL_SIGNAL,0,"Seniority: Intern/Trainee; Job title: Environment, Health, Safety Specialist - Intern - Brigáda vhodná pro studenty VŠ",4
JB_9325,Data Scientist (COPS cluster / OMR cell) with German,"COMMERZBANK Aktiengesellschaft, pobočka Praha",,Praha – Nové Město,Scientist,Data Scientist,,,,,NO,Data & Analytics,,https://www.jobs.cz/rpd/2001340504,2026-09-11T15:58:25+02:00,2026-09-11T15:58:25+02:00,2026-09-11T15:58:25+02:00,,,,,,,Deprioritized,7,7,DATA_SCIENCE_MODELLING,Data Science & Modelling,Prague,25,Data Science & Modelling,Advertisement requirements not yet verified; Entry-level accessibility unconfirmed; Title names a language outside the profile; requirement needs verification; Publication date unknown; first observation is only a lower bound on age; Latest saved review rejects or deprioritizes this vacancy,2026-10-04-v3.0,,26,First observation: minimum age only,26,UNKNOWN,,PREVIOUS_REJECTION,8,REJECTED,Publication date unknown; first observation is only a lower bound on age; Latest saved review rejects or deprioritizes this vacancy,2026-10-04-v3.0,SENIORITY_UNCONFIRMED,1,No explicit entry-level or experience-level signal in title/source seniority,4
BLT_5112,Analytics Engineer - Finance,Mews,46K-65K Annually,4 Locations,Engineer,Data Engineer,,Mid level,Mid level,,NO,"Data & Analytics, Finance & Banking, Engineering & R&D",,https://builtin.com/job/analytics-engineer-finance/10438031,,,,,,,,,,Deprioritized,7,7,DATA_ENGINEERING_DWH,Data Engineering & Automation,Verify Prague eligibility,,Data Engineering & Automation,Advertisement requirements not yet verified; Mid-level experience needs verification; Prague eligibility unresolved; Publication and observation dates unknown; Latest saved review rejects or deprioritizes this vacancy,2026-10-04-v3.0,,,Unknown,,UNKNOWN,,PREVIOUS_REJECTION,8,REJECTED,Publication and observation dates unknown; Latest saved review rejects or deprioritizes this vacancy,2026-10-04-v3.0,EXPERIENCED_LEVEL_SIGNAL,3,Seniority: Mid level,4
BLT_5427,"Data Engineer (AWS, DBT, Trino/Databricks)",futureproof,,CZE,Engineer,Data Engineer,,Mid level,Mid level,,NO,"Data & Analytics, Engineering & R&D","AWS, Databricks, dbt",https://builtin.com/job/data-engineer-aws-dbt-trino-databricks/11020491,,,,,,,,,,Deprioritized,7,7,DATA_ENGINEERING_DWH,Data Engineering & Automation,Verify Prague eligibility,,Data Engineering & Automation,Advertisement requirements not yet verified; Mid-level experience needs verification; Prague eligibility unresolved; Publication and observation dates unknown; Latest saved review rejects or deprioritizes this vacancy,2026-10-04-v3.0,,,Unknown,,UNKNOWN,,PREVIOUS_REJECTION,8,REJECTED,Publication and observation dates unknown; Latest saved review rejects or deprioritizes this vacancy,2026-10-04-v3.0,EXPERIENCED_LEVEL_SIGNAL,3,Seniority: Mid level,3
BLT_3779,Data Engineer - Cloud & SaaS Integrations,DoiT,,26 Locations,Engineer,Data Engineer,,Mid level,Mid level,,NO,"Data & Analytics, Cloud & Infrastructure, Engineering & R&D",,https://builtin.com/job/data-engineer-cloud-saas-integrations-remote-armenia/11125009,,,,,,,,,,Deprioritized,7,7,DATA_ENGINEERING_DWH,Data Engineering & Automation,Verify Prague eligibility,,Data Engineering & Automation,Advertisement requirements not yet verified; Mid-level experience needs verification; Prague eligibility unresolved; Publication and observation dates unknown; Latest saved review rejects or deprioritizes this vacancy,2026-10-04-v3.0,,,Unknown,,UNKNOWN,,PREVIOUS_REJECTION,8,REJECTED,Publication and observation dates unknown; Latest saved review rejects or deprioritizes this vacancy,2026-10-04-v3.0,EXPERIENCED_LEVEL_SIGNAL,3,Seniority: Mid level,3
BLT_0860,Data Engineer - Cloud & SaaS Integrations,DoiT,,26 Locations,Engineer,Data Engineer,,Mid level,Mid level,,NO,"Data & Analytics, Cloud & Infrastructure, Engineering & R&D",,https://builtin.com/job/data-engineer-cloud-saas-integrations-remote-romania/11156358,,,,,,,,,,Deprioritized,7,7,DATA_ENGINEERING_DWH,Data Engineering & Automation,Verify Prague eligibility,,Data Engineering & Automation,Advertisement requirements not yet verified; Mid-level experience needs verification; Prague eligibility unresolved; Publication and observation dates unknown; Latest saved review rejects or deprioritizes this vacancy,2026-10-04-v3.0,,,Unknown,,UNKNOWN,,PREVIOUS_REJECTION,8,REJECTED,Publication and observation dates unknown; Latest saved review rejects or deprioritizes this vacancy,2026-10-04-v3.0,EXPERIENCED_LEVEL_SIGNAL,3,Seniority: Mid level,3
BLT_0106,Data Solutions Architect,Dentsu Creative,,5 Locations,Architect,Data Architect,,Mid level,Mid level,,NO,Data & Analytics,,https://builtin.com/job/data-solutions-architect/8037007,,,,,,,,,,Deprioritized,7,7,DATA_ENGINEERING_DWH,Data Engineering & Automation,Verify Prague eligibility,,Data Engineering & Automation,Advertisement requirements not yet verified; Mid-level experience needs verification; Prague eligibility unresolved; Publication and observation dates unknown; Latest saved review rejects or deprioritizes this vacancy,2026-10-04-v3.0,,,Unknown,,UNKNOWN,,PREVIOUS_REJECTION,8,REJECTED,Publication and observation dates unknown; Latest saved review rejects or deprioritizes this vacancy,2026-10-04-v3.0,EXPERIENCED_LEVEL_SIGNAL,3,Seniority: Mid level,4
BLT_6129,Forward Deployed Data Engineer - EU,Datafold,,27 Locations,Engineer,Data Engineer,,Mid level,Mid level,,NO,"Data & Analytics, Engineering & R&D",,https://builtin.com/job/forward-deployed-data-engineer-eu/9827983,,,,,,,,,,Deprioritized,7,7,DATA_ENGINEERING_DWH,Data Engineering & Automation,Verify Prague eligibility,,Data Engineering & Automation,Advertisement requirements not yet verified; Mid-level experience needs verification; Prague eligibility unresolved; Publication and observation dates unknown; Latest saved review rejects or deprioritizes this vacancy,2026-10-04-v3.0,,,Unknown,,UNKNOWN,,PREVIOUS_REJECTION,8,REJECTED,Publication and observation dates unknown; Latest saved review rejects or deprioritizes this vacancy,2026-10-04-v3.0,EXPERIENCED_LEVEL_SIGNAL,3,Seniority: Mid level,3
BLT_2101,Full-Stack Data Platform Engineer,Reflow,,39 Locations,Engineer,Data Engineer,,Mid level,Mid level,,NO,"Data & Analytics, Cloud & Infrastructure, Engineering & R&D",,https://builtin.com/job/full-stack-data-platform-engineer/9156401,,,,,,,,,,Deprioritized,7,7,DATA_ENGINEERING_DWH,Data Engineering & Automation,Verify Prague eligibility,,Data Engineering & Automation,Advertisement requirements not yet verified; Mid-level experience needs verification; Prague eligibility unresolved; Publication and observation dates unknown; Latest saved review rejects or deprioritizes this vacancy,2026-10-04-v3.0,,,Unknown,,UNKNOWN,,PREVIOUS_REJECTION,8,REJECTED,Publication and observation dates unknown; Latest saved review rejects or deprioritizes this vacancy,2026-10-04-v3.0,EXPERIENCED_LEVEL_SIGNAL,3,Seniority: Mid level,3
BLT_7673,Spontaneous Application - Data Engineer,Amplemarket,,38 Locations,Engineer,Data Engineer,,Mid level,Mid level,,NO,"Data & Analytics, IT & Software, Engineering & R&D",,https://builtin.com/job/spontaneous-application-data-engineer/6201493,,,,,,,,,,Deprioritized,7,7,DATA_ENGINEERING_DWH,Data Engineering & Automation,Verify Prague eligibility,,Data Engineering & Automation,Advertisement requirements not yet verified; Mid-level experience needs verification; Prague eligibility unresolved; Publication and observation dates unknown; Latest saved review rejects or deprioritizes this vacancy,2026-10-04-v3.0,,,Unknown,,UNKNOWN,,PREVIOUS_REJECTION,8,REJECTED,Publication and observation dates unknown; Latest saved review rejects or deprioritizes this vacancy,2026-10-04-v3.0,EXPERIENCED_LEVEL_SIGNAL,3,Seniority: Mid level,4
SJ_104363,IT Business Analyst / Solution Designer | AI & Enterprise projekty 🚀,Viable One s.r.o,,Prague,Analyst,IT/Systems Analyst,,,,,NO,"AI & Machine Learning, IT & Software, Project & Program Management",,https://www.startupjobs.cz/nabidka/104363/it-business-analyst-solution-designer-ai-enterprise-projekty,2026-09-12T11:03:48+02:00,2026-09-12T11:03:48+02:00,2026-09-12T11:03:48+02:00,,,,,,,Deprioritized,5,5,ADJACENT_TECHNICAL,Adjacent Technical,Prague,25,Adjacent Technical,Advertisement requirements not yet verified; Entry-level accessibility unconfirmed; Publication date unknown; first observation is only a lower bound on age; Latest saved review rejects or deprioritizes this vacancy,2026-10-04-v3.0,,25,First observation: minimum age only,25,UNKNOWN,,PREVIOUS_REJECTION,8,REJECTED,Publication date unknown; first observation is only a lower bound on age; Latest saved review rejects or deprioritizes this vacancy,2026-10-04-v3.0,SENIORITY_UNCONFIRMED,1,No explicit entry-level or experience-level signal in title/source seniority,4
JB_7707,IT Business Analyst / Solution Consultant,DecisionRules a.s.,,Praha – Vinohrady,Analyst,IT/Systems Analyst,,,,,NO,IT & Software,,https://www.jobs.cz/rpd/2001392560,2026-09-11T16:43:26+02:00,2026-09-11T16:43:26+02:00,2026-09-11T16:43:26+02:00,,,,,,,Deprioritized,5,5,ADJACENT_TECHNICAL,Adjacent Technical,Prague,25,Adjacent Technical,Advertisement requirements not yet verified; Entry-level accessibility unconfirmed; Publication date unknown; first observation is only a lower bound on age; Latest saved review rejects or deprioritizes this vacancy,2026-10-04-v3.0,,26,First observation: minimum age only,26,UNKNOWN,,PREVIOUS_REJECTION,8,REJECTED,Publication date unknown; first observation is only a lower bound on age; Latest saved review rejects or deprioritizes this vacancy,2026-10-04-v3.0,SENIORITY_UNCONFIRMED,1,No explicit entry-level or experience-level signal in title/source seniority,4
JB_0506,IT Analyst,Skupina ČEZ,,Praha – Michle,Analyst,IT/Systems Analyst,,,,,NO,IT & Software,,https://www.jobs.cz/rpd/2001316585,2026-09-11T15:57:15+02:00,2026-09-11T15:57:15+02:00,2026-09-11T15:57:15+02:00,,,,,,,Deprioritized,5,5,ADJACENT_TECHNICAL,Adjacent Technical,Prague,25,Adjacent Technical,Advertisement requirements not yet verified; Entry-level accessibility unconfirmed; Publication date unknown; first observation is only a lower bound on age; Latest saved review rejects or deprioritizes this vacancy,2026-10-04-v3.0,,26,First observation: minimum age only,26,UNKNOWN,,PREVIOUS_REJECTION,8,REJECTED,Publication date unknown; first observation is only a lower bound on age; Latest saved review rejects or deprioritizes this vacancy,2026-10-04-v3.0,SENIORITY_UNCONFIRMED,1,No explicit entry-level or experience-level signal in title/source seniority,4
BLT_8156,Python Developer,SBC Performance,,Czech Republic,Developer,General Software Developer,,Mid level,Mid level,,NO,IT & Software,Python,https://builtin.com/job/python-developer/10711282,2026-09-14T23:28:46+02:00,2026-09-14T23:28:46+02:00,2026-09-14T23:28:46+02:00,,,,,,,Deprioritized,4,4,SOFTWARE_BACKEND_FULLSTACK,Software Development,Verify Prague eligibility,22,Software Development; python,Advertisement requirements not yet verified; Mid-level experience needs verification; Prague eligibility unresolved; Publication date unknown; first observation is only a lower bound on age; Latest saved review rejects or deprioritizes this vacancy,2026-10-04-v3.0,,23,First observation: minimum age only,23,UNKNOWN,,PREVIOUS_REJECTION,8,REJECTED,Publication date unknown; first observation is only a lower bound on age; Latest saved review rejects or deprioritizes this vacancy,2026-10-04-v3.0,EXPERIENCED_LEVEL_SIGNAL,3,Seniority: Mid level,3
JB_7594,Databázový specialista / vývojář,CENTRAL GROUP a.s.,70 000 – 90 000 Kč,Praha – Nusle,Developer,Data/Database Developer,,,,,NO,IT & Software,,https://www.jobs.cz/rpd/2001396428,2026-09-11T16:20:20+02:00,2026-09-11T16:20:20+02:00,2026-09-11T16:20:20+02:00,,,,,,,Deprioritized,4,4,DATA_ENGINEERING_DWH,Data Engineering & Automation,Prague,25,Data Engineering & Automation,Advertisement requirements not yet verified; Entry-level accessibility unconfirmed; Czech-language title: workplace language needs verification; Publication date unknown; first observation is only a lower bound on age; Latest saved review rejects or deprioritizes this vacancy,2026-10-04-v3.0,,26,First observation: minimum age only,26,UNKNOWN,,PREVIOUS_REJECTION,8,REJECTED,Publication date unknown; first observation is only a lower bound on age; Latest saved review rejects or deprioritizes this vacancy,2026-10-04-v3.0,SENIORITY_UNCONFIRMED,1,No explicit entry-level or experience-level signal in title/source seniority,3
JB_7605,Datový vývojář/ka cloudového DWH,Skupina ČEZ,,Praha – Michle + 1 další lokalita,Developer,Data/Database Developer,,,,,NO,"Data & Analytics, IT & Software",,https://www.jobs.cz/rpd/2001389558,2026-09-11T15:57:55+02:00,2026-09-11T15:57:55+02:00,2026-09-11T15:57:55+02:00,,,,,,,Deprioritized,4,4,DATA_ENGINEERING_DWH,Data Engineering & Automation,Prague,25,Data Engineering & Automation,Advertisement requirements not yet verified; Entry-level accessibility unconfirmed; Czech-language title: workplace language needs verification; Publication date unknown; first observation is only a lower bound on age; Latest saved review rejects or deprioritizes this vacancy,2026-10-04-v3.0,,26,First observation: minimum age only,26,UNKNOWN,,PREVIOUS_REJECTION,8,REJECTED,Publication date unknown; first observation is only a lower bound on age; Latest saved review rejects or deprioritizes this vacancy,2026-10-04-v3.0,SENIORITY_UNCONFIRMED,1,No explicit entry-level or experience-level signal in title/source seniority,3
JB_2995,DWH specialista/ka,PRO.MED.CS Praha a.s.,,Praha – Michle,Specialist,Data/Analytics Specialist,,,,,NO,Data & Analytics,,https://www.jobs.cz/rpd/2001308162,2026-09-11T15:57:03+02:00,2026-09-11T15:57:03+02:00,2026-09-11T15:57:03+02:00,,,,,,,Deprioritized,4,4,DATA_ENGINEERING_DWH,Data Engineering & Automation,Prague,25,Data Engineering & Automation,Advertisement requirements not yet verified; Entry-level accessibility unconfirmed; Czech-language title: workplace language needs verification; Publication date unknown; first observation is only a lower bound on age; Latest saved review rejects or deprioritizes this vacancy,2026-10-04-v3.0,,26,First observation: minimum age only,26,UNKNOWN,,PREVIOUS_REJECTION,8,REJECTED,Publication date unknown; first observation is only a lower bound on age; Latest saved review rejects or deprioritizes this vacancy,2026-10-04-v3.0,SENIORITY_UNCONFIRMED,1,No explicit entry-level or experience-level signal in title/source seniority,3
JB_9911,Enterprise Datový Architekt/ka,Skupina ČEZ,,Praha – Michle,Architect,Data Architect,,,,,NO,,,https://www.jobs.cz/rpd/2001307514,2026-09-11T15:56:57+02:00,2026-09-11T15:56:57+02:00,2026-09-11T15:56:57+02:00,,,,,,,Deprioritized,4,4,DATA_ENGINEERING_DWH,Data Engineering & Automation,Prague,25,Data Engineering & Automation,Advertisement requirements not yet verified; Entry-level accessibility unconfirmed; Czech-language title: workplace language needs verification; Publication date unknown; first observation is only a lower bound on age; Latest saved review rejects or deprioritizes this vacancy,2026-10-04-v3.0,,26,First observation: minimum age only,26,UNKNOWN,,PREVIOUS_REJECTION,8,REJECTED,Publication date unknown; first observation is only a lower bound on age; Latest saved review rejects or deprioritizes this vacancy,2026-10-04-v3.0,SENIORITY_UNCONFIRMED,1,No explicit entry-level or experience-level signal in title/source seniority,3
JB_6681,Datový architekt,2N TELEKOMUNIKACE a.s.,,Praha – Nusle,Architect,Data Architect,,,,,NO,,,https://www.jobs.cz/rpd/2001221949,2026-09-11T15:56:42+02:00,2026-09-11T15:56:42+02:00,2026-09-11T15:56:42+02:00,,,,,,,Deprioritized,4,4,DATA_ENGINEERING_DWH,Data Engineering & Automation,Prague,25,Data Engineering & Automation,Advertisement requirements not yet verified; Entry-level accessibility unconfirmed; Czech-language title: workplace language needs verification; Publication date unknown; first observation is only a lower bound on age; Latest saved review rejects or deprioritizes this vacancy,2026-10-04-v3.0,,26,First observation: minimum age only,26,UNKNOWN,,PREVIOUS_REJECTION,8,REJECTED,Publication date unknown; first observation is only a lower bound on age; Latest saved review rejects or deprioritizes this vacancy,2026-10-04-v3.0,SENIORITY_UNCONFIRMED,1,No explicit entry-level or experience-level signal in title/source seniority,4
JB_0619,AWS Data Engineer (m/ž),"ČSOB Československá obchodní banka, a. s.",,Hlavní město Praha,Engineer,Data Engineer,,,,,NO,"Data & Analytics, Engineering & R&D",AWS,https://www.jobs.cz/rpd/2001371694,2026-09-11T15:56:36+02:00,2026-09-11T15:56:36+02:00,2026-09-11T15:56:36+02:00,,,,,,,Deprioritized,4,4,DATA_ENGINEERING_DWH,Data Engineering & Automation,Prague,25,Data Engineering & Automation,Advertisement requirements not yet verified; Entry-level accessibility unconfirmed; Czech-language title: workplace language needs verification; Publication date unknown; first observation is only a lower bound on age; Latest saved review rejects or deprioritizes this vacancy,2026-10-04-v3.0,,26,First observation: minimum age only,26,UNKNOWN,,PREVIOUS_REJECTION,8,REJECTED,Publication date unknown; first observation is only a lower bound on age; Latest saved review rejects or deprioritizes this vacancy,2026-10-04-v3.0,SENIORITY_UNCONFIRMED,1,No explicit entry-level or experience-level signal in title/source seniority,3
JB_8729,Data Engineer (se zaměřením na Big Data),"ADASTRA, s.r.o.",,Praha – Karlín,Engineer,Data Engineer,,,,,NO,"Data & Analytics, Engineering & R&D",,https://www.jobs.cz/rpd/2001307234,2026-09-11T15:56:36+02:00,2026-09-11T15:56:36+02:00,2026-09-11T15:56:36+02:00,,,,,,,Deprioritized,4,4,DATA_ENGINEERING_DWH,Data Engineering & Automation,Prague,25,Data Engineering & Automation,Advertisement requirements not yet verified; Entry-level accessibility unconfirmed; Czech-language title: workplace language needs verification; Publication date unknown; first observation is only a lower bound on age; Latest saved review rejects or deprioritizes this vacancy,2026-10-04-v3.0,,26,First observation: minimum age only,26,UNKNOWN,,PREVIOUS_REJECTION,8,REJECTED,Publication date unknown; first observation is only a lower bound on age; Latest saved review rejects or deprioritizes this vacancy,2026-10-04-v3.0,SENIORITY_UNCONFIRMED,1,No explicit entry-level or experience-level signal in title/source seniority,4
JB_8999,DWH / BI data analytik a datový engineer,Dr.Max,,Praha – Nové Město,Analyst,General Analyst,,,,,NO,"Data & Analytics, Engineering & R&D",,https://www.jobs.cz/rpd/2001415469,2026-09-11T15:56:22+02:00,2026-09-11T15:56:22+02:00,2026-09-11T15:56:22+02:00,,,,,,,Deprioritized,4,4,DATA_ENGINEERING_DWH,Data Engineering & Automation,Prague,25,Data Engineering & Automation,Advertisement requirements not yet verified; Entry-level accessibility unconfirmed; Czech-language title: workplace language needs verification; Publication date unknown; first observation is only a lower bound on age; Latest saved review rejects or deprioritizes this vacancy,2026-10-04-v3.0,,26,First observation: minimum age only,26,UNKNOWN,,PREVIOUS_REJECTION,8,REJECTED,Publication date unknown; first observation is only a lower bound on age; Latest saved review rejects or deprioritizes this vacancy,2026-10-04-v3.0,SENIORITY_UNCONFIRMED,1,No explicit entry-level or experience-level signal in title/source seniority,3
BLT_6400,Backend Engineer,Windsor AI,,5 Locations,Engineer,Software Engineer,,Mid level,Mid level,,NO,Engineering & R&D,,https://builtin.com/job/backend-engineer/11309364,2026-09-22T18:54:45+02:00,2026-09-22T18:54:45+02:00,2026-09-22T18:54:45+02:00,,,,,,,Deprioritized,3,3,SOFTWARE_BACKEND_FULLSTACK,Software Development,Verify Prague eligibility,14,Software Development,Advertisement requirements not yet verified; Mid-level experience needs verification; Prague eligibility unresolved; Publication date unknown; first observation is only a lower bound on age; Latest saved review rejects or deprioritizes this vacancy,2026-10-04-v3.0,,15,First observation: minimum age only,15,UNKNOWN,,PREVIOUS_REJECTION,8,REJECTED,Publication date unknown; first observation is only a lower bound on age; Latest saved review rejects or deprioritizes this vacancy,2026-10-04-v3.0,EXPERIENCED_LEVEL_SIGNAL,3,Seniority: Mid level,3
BLT_0617,"Full Stack Engineer, Data Orchestration",Kestra,,27 Locations,Engineer,Software Engineer,,Mid level,Mid level,,NO,"Data & Analytics, Engineering & R&D",,https://builtin.com/job/full-stack-engineer-data-orchestration/10577029,2026-09-14T23:29:19+02:00,2026-09-14T23:29:19+02:00,2026-09-14T23:29:19+02:00,,,,,,,Deprioritized,3,3,SOFTWARE_BACKEND_FULLSTACK,Software Development,Verify Prague eligibility,22,Software Development,Advertisement requirements not yet verified; Mid-level experience needs verification; Prague eligibility unresolved; Publication date unknown; first observation is only a lower bound on age; Latest saved review rejects or deprioritizes this vacancy,2026-10-04-v3.0,,23,First observation: minimum age only,23,UNKNOWN,,PREVIOUS_REJECTION,8,REJECTED,Publication date unknown; first observation is only a lower bound on age; Latest saved review rejects or deprioritizes this vacancy,2026-10-04-v3.0,EXPERIENCED_LEVEL_SIGNAL,3,Seniority: Mid level,3
SJ_108043,Fullstack Engineer / AI Engineer for BRAIINS MANAGER,Braiins,,Prague,Manager,Data/AI Manager,,,,,NO,"AI & Machine Learning, Engineering & R&D",,https://www.startupjobs.cz/nabidka/108043/fullstack-engineer-ai-engineer-for-braiins-manager,2026-09-25T11:52:06+02:00,2026-09-25T11:52:06+02:00,2026-09-25T11:52:06+02:00,,,,,,,Senior/Leadership Stretch,2,2,DATA_SCIENCE_MODELLING,Data Science & Modelling,Prague,12,Data Science & Modelling,Advertisement requirements not yet verified; Senior/lead requirement needs verification; Publication date unknown; first observation is only a lower bound on age; Latest saved review rejects or deprioritizes this vacancy,2026-10-04-v3.0,,12,First observation: minimum age only,12,UNKNOWN,,PREVIOUS_REJECTION,8,REJECTED,Publication date unknown; first observation is only a lower bound on age; Latest saved review rejects or deprioritizes this vacancy,2026-10-04-v3.0,EXPERIENCED_LEVEL_SIGNAL,3,Occupational classification: Manager,3
JB_7165,Senior AI Engineer,Skupina ČEZ,,Praha – Michle,Engineer,AI/ML Engineer,,Senior,,Senior,NO,"AI & Machine Learning, Engineering & R&D",,https://www.jobs.cz/rpd/2001420162,2026-09-14T23:59:54+02:00,2026-09-14T23:59:54+02:00,2026-09-14T23:59:54+02:00,,,,,,,Senior/Leadership Stretch,2,2,DATA_SCIENCE_MODELLING,Data Science & Modelling,Prague,22,Data Science & Modelling,Advertisement requirements not yet verified; Senior/lead requirement needs verification; Publication date unknown; first observation is only a lower bound on age; Latest saved review rejects or deprioritizes this vacancy,2026-10-04-v3.0,,23,First observation: minimum age only,23,UNKNOWN,,PREVIOUS_REJECTION,8,REJECTED,Publication date unknown; first observation is only a lower bound on age; Latest saved review rejects or deprioritizes this vacancy,2026-10-04-v3.0,EXPERIENCED_LEVEL_SIGNAL,3,Seniority: Senior; Job title: Senior AI Engineer,4
JST_7327,IT Technik Junior (M/Ž) - Praha,M2C,až 30 000 Kč / měsíc,"Praha 1, Vladislavova 17",Technician,IT Technician,,"Junior, Medior","Junior, Medior",Junior/Entry-level,YES,IT & Software,,https://www.jobstack.it/it-job/specialista-it-securita/602bd1f7f3158,2026-09-12T11:34:05+02:00,2026-09-12T11:34:05+02:00,2026-09-12T11:34:05+02:00,,,,,,,Deprioritized,2,2,OTHER,Other,Prague,25,Other; Entry-level signal,Advertisement requirements not yet verified; Mid-level experience needs verification; Czech-language title: workplace language needs verification; Source/title seniority conflict; Publication date unknown; first observation is only a lower bound on age; Latest saved review rejects or deprioritizes this vacancy,2026-10-04-v3.0,,25,First observation: minimum age only,25,UNKNOWN,,PREVIOUS_REJECTION,8,REJECTED,Publication date unknown; first observation is only a lower bound on age; Latest saved review rejects or deprioritizes this vacancy,2026-10-04-v3.0,MIXED_LEVEL_SIGNAL,2,"Seniority: Junior, Medior; Job title: IT Technik Junior (M/Ž) - Praha",4
JST_6893,IT Technik Junior (podpora dohledového centra) M/Ž - Praha,M2C,až 40 000 Kč / měsíc,"Praha 1, Vladislavova 17",Technician,IT Technician,,"Junior, Medior","Junior, Medior",Junior/Entry-level,YES,IT & Software,,https://www.jobstack.it/it-job/specialista-it-securita/600ffa2b235a6,2026-09-12T11:34:05+02:00,2026-09-12T11:34:05+02:00,2026-09-12T11:34:05+02:00,,,,,,,Deprioritized,2,2,OTHER,Other,Prague,25,Other; Entry-level signal,Advertisement requirements not yet verified; Mid-level experience needs verification; Czech-language title: workplace language needs verification; Source/title seniority conflict; Publication date unknown; first observation is only a lower bound on age; Latest saved review rejects or deprioritizes this vacancy,2026-10-04-v3.0,,25,First observation: minimum age only,25,UNKNOWN,,PREVIOUS_REJECTION,8,REJECTED,Publication date unknown; first observation is only a lower bound on age; Latest saved review rejects or deprioritizes this vacancy,2026-10-04-v3.0,MIXED_LEVEL_SIGNAL,2,"Seniority: Junior, Medior; Job title: IT Technik Junior (podpora dohledového centra) M/Ž - Praha",4
JST_9277,DEVOPS SPECIALISTA -LINUX,Generali Česká pojišťovna a.s.,až 80 000 Kč / měsíc,Praha a Home Office,Specialist,IT/Systems Specialist,,"Junior, Medior","Junior, Medior",,NO,Cloud & Infrastructure,Linux,https://www.jobstack.it/it-job/application-server-admin/63db81bf5b2d9,2026-09-12T11:33:50+02:00,2026-09-12T11:33:50+02:00,2026-09-12T11:33:50+02:00,,,,,,,Deprioritized,2,2,OTHER,Other,Prague,25,Other; Entry-level signal,Advertisement requirements not yet verified; Mid-level experience needs verification; Czech-language title: workplace language needs verification; Publication date unknown; first observation is only a lower bound on age; Latest saved review rejects or deprioritizes this vacancy,2026-10-04-v3.0,,25,First observation: minimum age only,25,UNKNOWN,,PREVIOUS_REJECTION,8,REJECTED,Publication date unknown; first observation is only a lower bound on age; Latest saved review rejects or deprioritizes this vacancy,2026-10-04-v3.0,MIXED_LEVEL_SIGNAL,2,"Seniority: Junior, Medior",4
JST_2868,ML výzkumník pro doporučovací systémy,"Seznam.cz, a.s.",Navrhni si mzdu,Praha,Researcher,Academic/Scientific Researcher,,"Junior, Medior","Junior, Medior",,NO,"AI & Machine Learning, Education & Research",,https://www.jobstack.it/it-job/specialista-ai/66be2de03e3fb,2026-09-12T11:33:28+02:00,2026-09-12T11:33:28+02:00,2026-09-12T11:33:28+02:00,,,,,,,Deprioritized,2,2,OTHER,Other,Prague,25,Other; Entry-level signal,Advertisement requirements not yet verified; Mid-level experience needs verification; Czech-language title: workplace language needs verification; Publication date unknown; first observation is only a lower bound on age; Latest saved review rejects or deprioritizes this vacancy,2026-10-04-v3.0,,25,First observation: minimum age only,25,UNKNOWN,,PREVIOUS_REJECTION,8,REJECTED,Publication date unknown; first observation is only a lower bound on age; Latest saved review rejects or deprioritizes this vacancy,2026-10-04-v3.0,MIXED_LEVEL_SIGNAL,2,"Seniority: Junior, Medior",4
SJ_105005,🚀 Junior start-up projekťák,nula s.r.o.,,Prague,Manager,Executive/General Manager,,Junior/Entry-level,,Junior/Entry-level,NO,Project & Program Management,,https://www.startupjobs.cz/nabidka/105005/junior-start-up-projektak,2026-09-12T11:10:13+02:00,2026-09-12T11:10:13+02:00,2026-09-12T11:10:13+02:00,,,,,,,Deprioritized,2,2,OTHER,Other,Prague,25,Other; Entry-level signal,Advertisement requirements not yet verified; Mixed seniority needs verification; Czech-language title: workplace language needs verification; Publication date unknown; first observation is only a lower bound on age; Latest saved review rejects or deprioritizes this vacancy,2026-10-04-v3.0,,25,First observation: minimum age only,25,UNKNOWN,,PREVIOUS_REJECTION,8,REJECTED,Publication date unknown; first observation is only a lower bound on age; Latest saved review rejects or deprioritizes this vacancy,2026-10-04-v3.0,MIXED_LEVEL_SIGNAL,2,Seniority: Junior/Entry-level; Job title: 🚀 Junior start-up projekťák; Occupational classification: Manager,4
SJ_88279,Trainee Account Manager | Staň se součástí světa IT obchodu 🚀 Onsite Zdiby,Blue Dynamic,,Prague,Manager,Sales/Account Manager,,Intern/Trainee,,Intern/Trainee,NO,"IT & Software, Sales & Business Development",,https://www.startupjobs.cz/nabidka/88279/trainee-account-manager-stan-se-soucasti-sveta-it-obchodu,2026-09-12T10:58:33+02:00,2026-09-12T10:58:33+02:00,2026-09-12T10:58:33+02:00,,,,,,,Deprioritized,2,2,OTHER,Other,Prague,25,Other; Entry-level signal,Advertisement requirements not yet verified; Mixed seniority needs verification; Czech-language title: workplace language needs verification; Publication date unknown; first observation is only a lower bound on age; Latest saved review rejects or deprioritizes this vacancy,2026-10-04-v3.0,,25,First observation: minimum age only,25,UNKNOWN,,PREVIOUS_REJECTION,8,REJECTED,Publication date unknown; first observation is only a lower bound on age; Latest saved review rejects or deprioritizes this vacancy,2026-10-04-v3.0,MIXED_LEVEL_SIGNAL,2,Seniority: Intern/Trainee; Job title: Trainee Account Manager | Staň se součástí světa IT obchodu 🚀 Onsite Zdiby; Occupational classification: Manager,4
SJ_107685,Vývoj doplňků stravy / Manažer produktového portfolia Junior,MOVit Energy s.r.o.,,Prague,Manager,Product Manager/Product Owner,,Junior/Entry-level,,Junior/Entry-level,NO,,,https://www.startupjobs.cz/nabidka/107685/vyvoj-doplnku-stravy-manazer-produktoveho-portfolia-junior,2026-09-12T10:56:33+02:00,2026-09-12T10:56:33+02:00,2026-09-12T10:56:33+02:00,,,,,,,Deprioritized,2,2,OTHER,Other,Prague,25,Other; Entry-level signal,Advertisement requirements not yet verified; Mixed seniority needs verification; Czech-language title: workplace language needs verification; Publication date unknown; first observation is only a lower bound on age; Latest saved review rejects or deprioritizes this vacancy,2026-10-04-v3.0,,25,First observation: minimum age only,25,UNKNOWN,,PREVIOUS_REJECTION,8,REJECTED,Publication date unknown; first observation is only a lower bound on age; Latest saved review rejects or deprioritizes this vacancy,2026-10-04-v3.0,MIXED_LEVEL_SIGNAL,2,Seniority: Junior/Entry-level; Job title: Vývoj doplňků stravy / Manažer produktového portfolia Junior; Occupational classification: Manager,4
JB_8869,Architekt/ka kybernetické bezpečnosti IT/OT (junior/senior),"Gas Storage CZ, a.s.",85 000 – 110 000 Kč,Praha – Strašnice,Architect,Security Architect,,"Junior/Entry-level, Senior",,"Junior/Entry-level, Senior",NO,"Cybersecurity, IT & Software",,https://www.jobs.cz/rpd/2001377968,2026-09-11T17:18:57+02:00,2026-09-11T17:18:57+02:00,2026-09-11T17:18:57+02:00,,,,,,,Deprioritized,2,2,OTHER,Other,Prague,25,Other; Entry-level signal,Advertisement requirements not yet verified; Mixed seniority needs verification; Czech-language title: workplace language needs verification; Publication date unknown; first observation is only a lower bound on age; Latest saved review rejects or deprioritizes this vacancy,2026-10-04-v3.0,,26,First observation: minimum age only,26,UNKNOWN,,PREVIOUS_REJECTION,8,REJECTED,Publication date unknown; first observation is only a lower bound on age; Latest saved review rejects or deprioritizes this vacancy,2026-10-04-v3.0,MIXED_LEVEL_SIGNAL,2,"Seniority: Junior/Entry-level, Senior; Job title: Architekt/ka kybernetické bezpečnosti IT/OT (junior/senior)",4
JB_5190,"Senior AI Infrastructure Engineer | GPU, HPC, Kubernetes",České Radiokomunikace a.s.,,Praha – Břevnov,Engineer,AI/ML Engineer,,Senior,,Senior,NO,"AI & Machine Learning, Cloud & Infrastructure, Engineering & R&D",Kubernetes,https://www.jobs.cz/rpd/2001364985,2026-09-11T17:02:09+02:00,2026-09-11T17:02:09+02:00,2026-09-11T17:02:09+02:00,,,,,,,Senior/Leadership Stretch,2,2,DATA_SCIENCE_MODELLING,Data Science & Modelling,Prague,25,Data Science & Modelling,Advertisement requirements not yet verified; Senior/lead requirement needs verification; Publication date unknown; first observation is only a lower bound on age; Latest saved review rejects or deprioritizes this vacancy,2026-10-04-v3.0,,26,First observation: minimum age only,26,UNKNOWN,,PREVIOUS_REJECTION,8,REJECTED,Publication date unknown; first observation is only a lower bound on age; Latest saved review rejects or deprioritizes this vacancy,2026-10-04-v3.0,EXPERIENCED_LEVEL_SIGNAL,3,"Seniority: Senior; Job title: Senior AI Infrastructure Engineer | GPU, HPC, Kubernetes",4
JB_7411,CRM konzultant Dynamics 365 (junior/medior),ARTEX informační systémy spol. s r.o.,,Praha – Smíchov,Consultant,SAP/ERP Consultant,,"Junior/Entry-level, Medior/Mid-level",,"Junior/Entry-level, Medior/Mid-level",NO,,,https://www.jobs.cz/rpd/2000981407,2026-09-11T16:31:55+02:00,2026-09-11T16:31:55+02:00,2026-09-11T16:31:55+02:00,,,,,,,Deprioritized,2,2,OTHER,Other,Prague,25,Other; Entry-level signal,Advertisement requirements not yet verified; Mid-level experience needs verification; Czech-language title: workplace language needs verification; Publication date unknown; first observation is only a lower bound on age; Latest saved review rejects or deprioritizes this vacancy,2026-10-04-v3.0,,26,First observation: minimum age only,26,UNKNOWN,,PREVIOUS_REJECTION,8,REJECTED,Publication date unknown; first observation is only a lower bound on age; Latest saved review rejects or deprioritizes this vacancy,2026-10-04-v3.0,MIXED_LEVEL_SIGNAL,2,"Seniority: Junior/Entry-level, Medior/Mid-level; Job title: CRM konzultant Dynamics 365 (junior/medior)",4
JB_5570,Senior Machine Learning Engineer,TV Nova s.r.o.,,Praha – Hlubočepy,Engineer,AI/ML Engineer,,Senior,,Senior,NO,"AI & Machine Learning, Engineering & R&D",,https://www.jobs.cz/rpd/2001274297,2026-09-11T16:20:20+02:00,2026-09-11T16:20:20+02:00,2026-09-11T16:20:20+02:00,,,,,,,Senior/Leadership Stretch,2,2,DATA_SCIENCE_MODELLING,Data Science & Modelling,Prague,25,Data Science & Modelling,Advertisement requirements not yet verified; Senior/lead requirement needs verification; Publication date unknown; first observation is only a lower bound on age; Latest saved review rejects or deprioritizes this vacancy,2026-10-04-v3.0,,26,First observation: minimum age only,26,UNKNOWN,,PREVIOUS_REJECTION,8,REJECTED,Publication date unknown; first observation is only a lower bound on age; Latest saved review rejects or deprioritizes this vacancy,2026-10-04-v3.0,EXPERIENCED_LEVEL_SIGNAL,3,Seniority: Senior; Job title: Senior Machine Learning Engineer,4
JB_1902,JUNIOR Category Manager s němčinou (m/ž/n) – vhodné i pro absolventy,"Siemens Mobility, s.r.o.",,Praha – Stodůlky,Manager,Product Manager/Product Owner,,Junior/Entry-level,,Junior/Entry-level,NO,,,https://www.jobs.cz/rpd/2001401059,2026-09-11T16:19:22+02:00,2026-09-11T16:19:22+02:00,2026-09-11T16:19:22+02:00,,,,,,,Deprioritized,2,2,OTHER,Other,Prague,25,Other; Entry-level signal,Advertisement requirements not yet verified; Mixed seniority needs verification; Czech-language title: workplace language needs verification; Publication date unknown; first observation is only a lower bound on age; Latest saved review rejects or deprioritizes this vacancy,2026-10-04-v3.0,,26,First observation: minimum age only,26,UNKNOWN,,PREVIOUS_REJECTION,8,REJECTED,Publication date unknown; first observation is only a lower bound on age; Latest saved review rejects or deprioritizes this vacancy,2026-10-04-v3.0,MIXED_LEVEL_SIGNAL,2,Seniority: Junior/Entry-level; Job title: JUNIOR Category Manager s němčinou (m/ž/n) – vhodné i pro absolventy; Occupational classification: Manager,4
JB_5615,"Junior Project Manager - poloviční úvazek a možnost práce z domova, vhodné i pro studenty","KPCS CZ, s.r.o.",,Praha – Nusle,Manager,Project Manager,,Junior/Entry-level,,Junior/Entry-level,NO,Project & Program Management,,https://www.jobs.cz/rpd/2001396699,2026-09-11T16:18:03+02:00,2026-09-11T16:18:03+02:00,2026-09-11T16:18:03+02:00,,,,,,,Deprioritized,2,2,OTHER,Other,Prague,25,Other; Entry-level signal,Advertisement requirements not yet verified; Mixed seniority needs verification; Czech-language title: workplace language needs verification; Publication date unknown; first observation is only a lower bound on age; Latest saved review rejects or deprioritizes this vacancy,2026-10-04-v3.0,,26,First observation: minimum age only,26,UNKNOWN,,PREVIOUS_REJECTION,8,REJECTED,Publication date unknown; first observation is only a lower bound on age; Latest saved review rejects or deprioritizes this vacancy,2026-10-04-v3.0,MIXED_LEVEL_SIGNAL,2,"Seniority: Junior/Entry-level; Job title: Junior Project Manager - poloviční úvazek a možnost práce z domova, vhodné i pro studenty; Occupational classification: Manager",4
JB_9476,Senior AI Platform Engineer | LLM Serving & AI Operations,České Radiokomunikace a.s.,,Praha – Břevnov,Engineer,AI/ML Engineer,,Senior,,Senior,NO,"AI & Machine Learning, Cloud & Infrastructure, Engineering & R&D",,https://www.jobs.cz/rpd/2001364990,2026-09-11T16:11:17+02:00,2026-09-11T16:11:17+02:00,2026-09-11T16:11:17+02:00,,,,,,,Senior/Leadership Stretch,2,2,DATA_SCIENCE_MODELLING,Data Science & Modelling,Prague,25,Data Science & Modelling,Advertisement requirements not yet verified; Senior/lead requirement needs verification; Publication date unknown; first observation is only a lower bound on age; Latest saved review rejects or deprioritizes this vacancy,2026-10-04-v3.0,,26,First observation: minimum age only,26,UNKNOWN,,PREVIOUS_REJECTION,8,REJECTED,Publication date unknown; first observation is only a lower bound on age; Latest saved review rejects or deprioritizes this vacancy,2026-10-04-v3.0,EXPERIENCED_LEVEL_SIGNAL,3,Seniority: Senior; Job title: Senior AI Platform Engineer | LLM Serving & AI Operations,4
JB_7886,"Senior Engineer, AI Engineering",NKT s.r.o.,,Hlavní město Praha,Engineer,AI/ML Engineer,,Senior,,Senior,NO,"AI & Machine Learning, Engineering & R&D",,https://www.jobs.cz/rpd/2001330697,2026-09-11T16:11:17+02:00,2026-09-11T16:11:17+02:00,2026-09-11T16:11:17+02:00,,,,,,,Senior/Leadership Stretch,2,2,DATA_SCIENCE_MODELLING,Data Science & Modelling,Prague,25,Data Science & Modelling,Advertisement requirements not yet verified; Senior/lead requirement needs verification; Publication date unknown; first observation is only a lower bound on age; Latest saved review rejects or deprioritizes this vacancy,2026-10-04-v3.0,,26,First observation: minimum age only,26,UNKNOWN,,PREVIOUS_REJECTION,8,REJECTED,Publication date unknown; first observation is only a lower bound on age; Latest saved review rejects or deprioritizes this vacancy,2026-10-04-v3.0,EXPERIENCED_LEVEL_SIGNAL,3,"Seniority: Senior; Job title: Senior Engineer, AI Engineering",4
JB_5689,⭕ Specialisté logistiky s AJ - Karlín ► JUNIOR/SENIOR ◄ (40.000 - 60.000 Kč + 13. mzda),"ProfesKontakt, s.r.o.",40 000 – 60 000 Kč,Hlavní město Praha,Specialist,HR/People Specialist,,"Junior/Entry-level, Senior",,"Junior/Entry-level, Senior",NO,HR & Recruitment,,https://www.jobs.cz/rpd/2001383535,2026-09-11T16:11:17+02:00,2026-09-11T16:11:17+02:00,2026-09-11T16:11:17+02:00,,,,,,,Deprioritized,2,2,OTHER,Other,Prague,25,Other; Entry-level signal,Advertisement requirements not yet verified; Mixed seniority needs verification; Czech-language title: workplace language needs verification; Publication date unknown; first observation is only a lower bound on age; Latest saved review rejects or deprioritizes this vacancy,2026-10-04-v3.0,,26,First observation: minimum age only,26,UNKNOWN,,PREVIOUS_REJECTION,8,REJECTED,Publication date unknown; first observation is only a lower bound on age; Latest saved review rejects or deprioritizes this vacancy,2026-10-04-v3.0,MIXED_LEVEL_SIGNAL,2,"Seniority: Junior/Entry-level, Senior; Job title: ⭕ Specialisté logistiky s AJ - Karlín ► JUNIOR/SENIOR ◄ (40.000 - 60.000 Kč + 13. mzda)",4
JB_4852,Produkťák v mezinárodním vydavatelství - vhodné pro absolventy,Nakladatelství FORUM s.r.o.,30 000 – 32 000 Kč,Praha – Kobylisy,Manager,Product Manager/Product Owner,,Junior/Entry-level,,Junior/Entry-level,NO,,,https://www.jobs.cz/rpd/2001272296,2026-09-11T16:09:22+02:00,2026-09-11T16:09:22+02:00,2026-09-11T16:09:22+02:00,,,,,,,Deprioritized,2,2,OTHER,Other,Prague,25,Other; Entry-level signal,Advertisement requirements not yet verified; Mixed seniority needs verification; Czech-language title: workplace language needs verification; Publication date unknown; first observation is only a lower bound on age; Latest saved review rejects or deprioritizes this vacancy,2026-10-04-v3.0,,26,First observation: minimum age only,26,UNKNOWN,,PREVIOUS_REJECTION,8,REJECTED,Publication date unknown; first observation is only a lower bound on age; Latest saved review rejects or deprioritizes this vacancy,2026-10-04-v3.0,MIXED_LEVEL_SIGNAL,2,Seniority: Junior/Entry-level; Job title: Produkťák v mezinárodním vydavatelství - vhodné pro absolventy; Occupational classification: Manager,4
JB_6993,SENIOR AI ENGINEER & ARCHITECT,"RENOMIA, a. s.",,Praha – Nové Město,Architect,AI Architect,,Senior,,Senior,NO,"AI & Machine Learning, Engineering & R&D",,https://www.jobs.cz/rpd/2001313033,2026-09-11T16:09:22+02:00,2026-09-11T16:09:22+02:00,2026-09-11T16:09:22+02:00,,,,,,,Senior/Leadership Stretch,2,2,DATA_SCIENCE_MODELLING,Data Science & Modelling,Prague,25,Data Science & Modelling,Advertisement requirements not yet verified; Senior/lead requirement needs verification; Publication date unknown; first observation is only a lower bound on age; Latest saved review rejects or deprioritizes this vacancy,2026-10-04-v3.0,,26,First observation: minimum age only,26,UNKNOWN,,PREVIOUS_REJECTION,8,REJECTED,Publication date unknown; first observation is only a lower bound on age; Latest saved review rejects or deprioritizes this vacancy,2026-10-04-v3.0,EXPERIENCED_LEVEL_SIGNAL,3,Seniority: Senior; Job title: SENIOR AI ENGINEER & ARCHITECT,3
JB_2701,Manažer nemovitostí - trainee program 80.000 kč čistého,VIAGEM a.s.,60 000 – 80 000 Kč,Praha – Karlín,Manager,Executive/General Manager,,Intern/Trainee,,Intern/Trainee,NO,"Project & Program Management, Real Estate & Construction",,https://www.jobs.cz/rpd/2001288683,2026-09-11T15:58:25+02:00,2026-09-11T15:58:25+02:00,2026-09-11T15:58:25+02:00,,,,,,,Deprioritized,2,2,OTHER,Other,Prague,25,Other; Entry-level signal,Advertisement requirements not yet verified; Mixed seniority needs verification; Czech-language title: workplace language needs verification; Publication date unknown; first observation is only a lower bound on age; Latest saved review rejects or deprioritizes this vacancy,2026-10-04-v3.0,,26,First observation: minimum age only,26,UNKNOWN,,PREVIOUS_REJECTION,8,REJECTED,Publication date unknown; first observation is only a lower bound on age; Latest saved review rejects or deprioritizes this vacancy,2026-10-04-v3.0,MIXED_LEVEL_SIGNAL,2,Seniority: Intern/Trainee; Job title: Manažer nemovitostí - trainee program 80.000 kč čistého; Occupational classification: Manager,4
JB_5978,Trainee do finančního oddělení ( CFO office ) - Nové Butovice,DRILL Business Services,45 000 – 49 000 Kč,Praha,Intern/Trainee,General Internship/Traineeship,,"Intern/Trainee, Executive",,"Intern/Trainee, Executive",NO,,,https://www.jobs.cz/rpd/2001374222,2026-09-11T15:58:19+02:00,2026-09-11T15:58:19+02:00,2026-09-11T15:58:19+02:00,,,,,,,Deprioritized,2,2,OTHER,Other,Prague,25,Other; Entry-level signal,Advertisement requirements not yet verified; Mixed seniority needs verification; Czech-language title: workplace language needs verification; Publication date unknown; first observation is only a lower bound on age; Latest saved review rejects or deprioritizes this vacancy,2026-10-04-v3.0,,26,First observation: minimum age only,26,UNKNOWN,,PREVIOUS_REJECTION,8,REJECTED,Publication date unknown; first observation is only a lower bound on age; Latest saved review rejects or deprioritizes this vacancy,2026-10-04-v3.0,MIXED_LEVEL_SIGNAL,2,"Seniority: Intern/Trainee, Executive; Job title: Trainee do finančního oddělení ( CFO office ) - Nové Butovice",4
JB_4353,Python vývojář/ka automatizovaných testů pro cyber-security řešení (m/ž/n),"Siemens Mobility, s.r.o.",,Praha – Stodůlky,Developer,General Software Developer,,,,,NO,"Cybersecurity, IT & Software",Python,https://www.jobs.cz/rpd/2001426660,2026-09-18T13:28:01+02:00,2026-09-18T13:28:01+02:00,2026-09-18T13:28:01+02:00,,,,,,,Deprioritized,1,1,SOFTWARE_BACKEND_FULLSTACK,Software Development,Prague,19,Software Development; python,Advertisement requirements not yet verified; Entry-level accessibility unconfirmed; Czech-language title: workplace language needs verification; Publication date unknown; first observation is only a lower bound on age; Latest saved review rejects or deprioritizes this vacancy,2026-10-04-v3.0,,19,First observation: minimum age only,19,UNKNOWN,,PREVIOUS_REJECTION,8,REJECTED,Publication date unknown; first observation is only a lower bound on age; Latest saved review rejects or deprioritizes this vacancy,2026-10-04-v3.0,SENIORITY_UNCONFIRMED,1,No explicit entry-level or experience-level signal in title/source seniority,3
JB_3990,Python vývojář,"Elektroenergetické datové centrum, a. s.",,Praha – Libeň,Developer,General Software Developer,,,,,NO,IT & Software,Python,https://www.jobs.cz/rpd/2001427495,2026-09-18T13:27:48+02:00,2026-09-18T13:27:48+02:00,2026-09-18T13:27:48+02:00,,,,,,,Deprioritized,1,1,SOFTWARE_BACKEND_FULLSTACK,Software Development,Prague,19,Software Development; python,Advertisement requirements not yet verified; Entry-level accessibility unconfirmed; Czech-language title: workplace language needs verification; Publication date unknown; first observation is only a lower bound on age; Latest saved review rejects or deprioritizes this vacancy,2026-10-04-v3.0,,19,First observation: minimum age only,19,UNKNOWN,,PREVIOUS_REJECTION,8,REJECTED,Publication date unknown; first observation is only a lower bound on age; Latest saved review rejects or deprioritizes this vacancy,2026-10-04-v3.0,SENIORITY_UNCONFIRMED,1,No explicit entry-level or experience-level signal in title/source seniority,3
JB_1497,"Vývojář/ka embedded nástrojů a knihoven - C, Python (m/ž/n)","Siemens Mobility, s.r.o.",,Praha – Stodůlky + 1 další lokalita,Developer,Embedded/Systems Developer,,,,,NO,IT & Software,Python,https://www.jobs.cz/rpd/2001424628,2026-09-15T00:09:57+02:00,2026-09-15T00:09:57+02:00,2026-09-15T00:09:57+02:00,,,,,,,Deprioritized,1,1,SOFTWARE_BACKEND_FULLSTACK,Software Development,Prague,22,Software Development; python,Advertisement requirements not yet verified; Entry-level accessibility unconfirmed; Czech-language title: workplace language needs verification; Publication date unknown; first observation is only a lower bound on age; Latest saved review rejects or deprioritizes this vacancy,2026-10-04-v3.0,,22,First observation: minimum age only,22,UNKNOWN,,PREVIOUS_REJECTION,8,REJECTED,Publication date unknown; first observation is only a lower bound on age; Latest saved review rejects or deprioritizes this vacancy,2026-10-04-v3.0,SENIORITY_UNCONFIRMED,1,No explicit entry-level or experience-level signal in title/source seniority,3
JB_8819,Python vývojář/ka automatizovaných testů pro cyber-security řešení (m/ž/n),"Siemens Mobility, s.r.o.",,Praha – Stodůlky,Developer,General Software Developer,,,,,NO,"Cybersecurity, IT & Software",Python,https://www.jobs.cz/rpd/2001394415,2026-09-11T16:19:55+02:00,2026-09-11T16:19:55+02:00,2026-09-11T16:19:55+02:00,,,,,,,Deprioritized,1,1,SOFTWARE_BACKEND_FULLSTACK,Software Development,Prague,25,Software Development; python,Advertisement requirements not yet verified; Entry-level accessibility unconfirmed; Czech-language title: workplace language needs verification; Publication date unknown; first observation is only a lower bound on age; Latest saved review rejects or deprioritizes this vacancy,2026-10-04-v3.0,,26,First observation: minimum age only,26,UNKNOWN,,PREVIOUS_REJECTION,8,REJECTED,Publication date unknown; first observation is only a lower bound on age; Latest saved review rejects or deprioritizes this vacancy,2026-10-04-v3.0,SENIORITY_UNCONFIRMED,1,No explicit entry-level or experience-level signal in title/source seniority,4
JB_8598,"Vývojář/ka embedded nástrojů a knihoven - C, Python (m/ž/n)","Siemens Mobility, s.r.o.",,Praha – Stodůlky + 1 další lokalita,Developer,Embedded/Systems Developer,,,,,NO,IT & Software,Python,https://www.jobs.cz/rpd/2001373317,2026-09-11T16:19:55+02:00,2026-09-11T16:19:55+02:00,2026-09-11T16:19:55+02:00,,,,,,,Deprioritized,1,1,SOFTWARE_BACKEND_FULLSTACK,Software Development,Prague,25,Software Development; python,Advertisement requirements not yet verified; Entry-level accessibility unconfirmed; Czech-language title: workplace language needs verification; Publication date unknown; first observation is only a lower bound on age; Latest saved review rejects or deprioritizes this vacancy,2026-10-04-v3.0,,26,First observation: minimum age only,26,UNKNOWN,,PREVIOUS_REJECTION,8,REJECTED,Publication date unknown; first observation is only a lower bound on age; Latest saved review rejects or deprioritizes this vacancy,2026-10-04-v3.0,SENIORITY_UNCONFIRMED,1,No explicit entry-level or experience-level signal in title/source seniority,4
JB_2245,Vývojář Python aplikací pro automatizaci s podporou AI,Dlubal Software s.r.o.,,Praha – Vinohrady,Developer,General Software Developer,,,,,NO,"AI & Machine Learning, IT & Software",Python,https://www.jobs.cz/rpd/2001413393,2026-09-11T16:10:45+02:00,2026-09-11T16:10:45+02:00,2026-09-11T16:10:45+02:00,,,,,,,Deprioritized,1,1,SOFTWARE_BACKEND_FULLSTACK,Software Development,Prague,25,Software Development; python,Advertisement requirements not yet verified; Entry-level accessibility unconfirmed; Czech-language title: workplace language needs verification; Publication date unknown; first observation is only a lower bound on age; Latest saved review rejects or deprioritizes this vacancy,2026-10-04-v3.0,,26,First observation: minimum age only,26,UNKNOWN,,PREVIOUS_REJECTION,8,REJECTED,Publication date unknown; first observation is only a lower bound on age; Latest saved review rejects or deprioritizes this vacancy,2026-10-04-v3.0,SENIORITY_UNCONFIRMED,1,No explicit entry-level or experience-level signal in title/source seniority,4
JB_4710,IT business analytik/analytička,"Asseco Central Europe, a.s.",,Praha – Michle + 1 další lokalita,Analyst,IT/Systems Analyst,,,,,NO,"Data & Analytics, IT & Software",,https://www.jobs.cz/rpd/2001352422,2026-10-03T09:50:52+02:00,2026-10-03T09:50:52+02:00,2026-10-03T09:50:52+02:00,,,,,,,Deprioritized,0,0,ADJACENT_TECHNICAL,Adjacent Technical,Prague,4,Adjacent Technical,Advertisement requirements not yet verified; Entry-level accessibility unconfirmed; Czech-language title: workplace language needs verification; Publication date unknown; first observation is only a lower bound on age; Latest saved review rejects or deprioritizes this vacancy,2026-10-04-v3.0,,4,First observation: minimum age only,4,UNKNOWN,,PREVIOUS_REJECTION,8,REJECTED,Publication date unknown; first observation is only a lower bound on age; Latest saved review rejects or deprioritizes this vacancy,2026-10-04-v3.0,SENIORITY_UNCONFIRMED,1,No explicit entry-level or experience-level signal in title/source seniority,4
JB_0615,Senior Forward Deployed Engineer: AI Agent Platform,DHL Information Services (Europe) s.r.o.,,Praha – Chodov,Engineer,Cloud/Platform Engineer,,Senior,,Senior,NO,"AI & Machine Learning, Cloud & Infrastructure, Engineering & R&D",,https://www.jobs.cz/rpd/2001444496,2026-09-25T11:15:09+02:00,2026-09-25T11:15:09+02:00,2026-09-25T11:15:09+02:00,,,,,,,Deprioritized,0,0,OTHER,Other,Prague,12,Other,Advertisement requirements not yet verified; Senior/lead requirement needs verification; Publication date unknown; first observation is only a lower bound on age; Latest saved review rejects or deprioritizes this vacancy,2026-10-04-v3.0,,12,First observation: minimum age only,12,UNKNOWN,,PREVIOUS_REJECTION,8,REJECTED,Publication date unknown; first observation is only a lower bound on age; Latest saved review rejects or deprioritizes this vacancy,2026-10-04-v3.0,EXPERIENCED_LEVEL_SIGNAL,3,Seniority: Senior; Job title: Senior Forward Deployed Engineer: AI Agent Platform,3
JB_6596,Senior Java Developer - AI-Driven Engineer (m/f),Raiffeisenbank a.s.,,Praha – Nusle,Developer,General Software Developer,,Senior,,Senior,NO,"AI & Machine Learning, IT & Software, Engineering & R&D",Java,https://www.jobs.cz/rpd/2001441404,2026-09-25T10:05:19+02:00,2026-09-25T10:05:19+02:00,2026-09-25T10:05:19+02:00,,,,,,,Senior/Leadership Stretch,0,0,SOFTWARE_BACKEND_FULLSTACK,Software Development,Prague,12,Software Development,Advertisement requirements not yet verified; Senior/lead requirement needs verification; Publication date unknown; first observation is only a lower bound on age; Latest saved review rejects or deprioritizes this vacancy,2026-10-04-v3.0,,12,First observation: minimum age only,12,UNKNOWN,,PREVIOUS_REJECTION,8,REJECTED,Publication date unknown; first observation is only a lower bound on age; Latest saved review rejects or deprioritizes this vacancy,2026-10-04-v3.0,EXPERIENCED_LEVEL_SIGNAL,3,Seniority: Senior; Job title: Senior Java Developer - AI-Driven Engineer (m/f),4
SJ_107967,Obchodní konzultant pro CFO služby a AI finanční nástroj 🚀,My Value Officer,,Prague,Manager,Sales/Account Manager,,Executive,,Executive,NO,"AI & Machine Learning, Sales & Business Development",,https://www.startupjobs.cz/nabidka/107967/obchodni-konzultant-pro-cfo-sluzby-a-ai-financni-nastroj,2026-09-22T20:36:06+02:00,2026-09-22T20:36:06+02:00,2026-09-22T20:36:06+02:00,,,,,,,Deprioritized,0,0,OTHER,Other,Prague,14,Other,Advertisement requirements not yet verified; Senior/lead requirement needs verification; Czech-language title: workplace language needs verification; Publication date unknown; first observation is only a lower bound on age; Latest saved review rejects or deprioritizes this vacancy,2026-10-04-v3.0,,15,First observation: minimum age only,15,UNKNOWN,,PREVIOUS_REJECTION,8,REJECTED,Publication date unknown; first observation is only a lower bound on age; Latest saved review rejects or deprioritizes this vacancy,2026-10-04-v3.0,EXPERIENCED_LEVEL_SIGNAL,3,Seniority: Executive; Occupational classification: Manager,4
JB_1206,Software Engineer do oddělení architektury,Elanor a.s.,,Praha – Michle,Engineer,Software Engineer,,,,,NO,"IT & Software, Engineering & R&D",,https://www.jobs.cz/rpd/2001441331,2026-09-22T19:28:57+02:00,2026-09-22T19:28:57+02:00,2026-09-22T19:28:57+02:00,,,,,,,Deprioritized,0,0,SOFTWARE_BACKEND_FULLSTACK,Software Development,Prague,14,Software Development,Advertisement requirements not yet verified; Entry-level accessibility unconfirmed; Czech-language title: workplace language needs verification; Publication date unknown; first observation is only a lower bound on age; Latest saved review rejects or deprioritizes this vacancy,2026-10-04-v3.0,,15,First observation: minimum age only,15,UNKNOWN,,PREVIOUS_REJECTION,8,REJECTED,Publication date unknown; first observation is only a lower bound on age; Latest saved review rejects or deprioritizes this vacancy,2026-10-04-v3.0,SENIORITY_UNCONFIRMED,1,No explicit entry-level or experience-level signal in title/source seniority,3
JB_0955,Middle Content Creator - AI-Video-First,Scalepunk,,Praha – Karlín,Specialist,Marketing/Communications Specialist,,Medior/Mid-level,,Medior/Mid-level,NO,"AI & Machine Learning, Marketing & Communications, Media & Entertainment",,https://www.jobs.cz/rpd/2001441340,2026-09-22T19:19:03+02:00,2026-09-22T19:19:03+02:00,2026-09-22T19:19:03+02:00,,,,,,,Deprioritized,0,0,OTHER,Other,Prague,14,Other,Advertisement requirements not yet verified; Mid-level experience needs verification; Publication date unknown; first observation is only a lower bound on age; Latest saved review rejects or deprioritizes this vacancy,2026-10-04-v3.0,,15,First observation: minimum age only,15,UNKNOWN,,PREVIOUS_REJECTION,8,REJECTED,Publication date unknown; first observation is only a lower bound on age; Latest saved review rejects or deprioritizes this vacancy,2026-10-04-v3.0,EXPERIENCED_LEVEL_SIGNAL,3,Seniority: Medior/Mid-level,3
JB_3044,AI Process & Control Specialist,UNIQA,,Praha – Vokovice + 1 další lokalita,Specialist,AI/Automation Specialist,,,,,NO,AI & Machine Learning,,https://www.jobs.cz/rpd/2001441148,2026-09-22T19:00:32+02:00,2026-09-22T19:00:32+02:00,2026-09-22T19:00:32+02:00,,,,,,,Deprioritized,0,0,OTHER,Other,Prague,14,Other,Advertisement requirements not yet verified; Entry-level accessibility unconfirmed; Publication date unknown; first observation is only a lower bound on age; Latest saved review rejects or deprioritizes this vacancy,2026-10-04-v3.0,,15,First observation: minimum age only,15,UNKNOWN,,PREVIOUS_REJECTION,8,REJECTED,Publication date unknown; first observation is only a lower bound on age; Latest saved review rejects or deprioritizes this vacancy,2026-10-04-v3.0,SENIORITY_UNCONFIRMED,1,No explicit entry-level or experience-level signal in title/source seniority,4
JB_7069,AI Governance Specialist,UNIQA,,Praha – Vokovice + 1 další lokalita,Specialist,AI/Automation Specialist,,,,,NO,AI & Machine Learning,,https://www.jobs.cz/rpd/2001441119,2026-09-22T18:59:39+02:00,2026-09-22T18:59:39+02:00,2026-09-22T18:59:39+02:00,,,,,,,Deprioritized,0,0,OTHER,Other,Prague,14,Other,Advertisement requirements not yet verified; Entry-level accessibility unconfirmed; Publication date unknown; first observation is only a lower bound on age; Latest saved review rejects or deprioritizes this vacancy,2026-10-04-v3.0,,15,First observation: minimum age only,15,UNKNOWN,,PREVIOUS_REJECTION,8,REJECTED,Publication date unknown; first observation is only a lower bound on age; Latest saved review rejects or deprioritizes this vacancy,2026-10-04-v3.0,SENIORITY_UNCONFIRMED,1,No explicit entry-level or experience-level signal in title/source seniority,4
SJ_107507,"Marketér pro prop trading (paid ads, creators, AI) – ForTraders.com",For Traders,,Prague,Specialist,AI/Automation Specialist,,,,,NO,AI & Machine Learning,,https://www.startupjobs.cz/nabidka/107507/marketer-pro-prop-trading-paid-ads-creators-ai-fortraders-com,2026-09-18T18:59:54+02:00,2026-09-18T18:59:54+02:00,2026-09-18T18:59:54+02:00,,,,,,,Deprioritized,0,0,OTHER,Other,Prague,18,Other,Advertisement requirements not yet verified; Entry-level accessibility unconfirmed; Publication date unknown; first observation is only a lower bound on age; Latest saved review rejects or deprioritizes this vacancy,2026-10-04-v3.0,,19,First observation: minimum age only,19,UNKNOWN,,PREVIOUS_REJECTION,8,REJECTED,Publication date unknown; first observation is only a lower bound on age; Latest saved review rejects or deprioritizes this vacancy,2026-10-04-v3.0,SENIORITY_UNCONFIRMED,1,No explicit entry-level or experience-level signal in title/source seniority,3
JB_4464,AI Architect,UNIQA,,Praha – Vokovice + 1 další lokalita,Architect,AI Architect,,,,,NO,AI & Machine Learning,,https://www.jobs.cz/rpd/2001433368,2026-09-18T18:18:56+02:00,2026-09-18T18:18:56+02:00,2026-09-18T18:18:56+02:00,,,,,,,Deprioritized,0,0,OTHER,Other,Prague,18,Other,Advertisement requirements not yet verified; Entry-level accessibility unconfirmed; Publication date unknown; first observation is only a lower bound on age; Latest saved review rejects or deprioritizes this vacancy,2026-10-04-v3.0,,19,First observation: minimum age only,19,UNKNOWN,,PREVIOUS_REJECTION,8,REJECTED,Publication date unknown; first observation is only a lower bound on age; Latest saved review rejects or deprioritizes this vacancy,2026-10-04-v3.0,SENIORITY_UNCONFIRMED,1,No explicit entry-level or experience-level signal in title/source seniority,3
JB_2617,RPA & Automation Specialist,JOBSTART s.r.o.,,Praha,Specialist,AI/Automation Specialist,,,,,NO,,,https://www.jobs.cz/rpd/2001431511,2026-09-18T18:04:15+02:00,2026-09-18T18:04:15+02:00,2026-09-18T18:04:15+02:00,,,,,,,Deprioritized,0,0,OTHER,Other,Prague,18,Other,Advertisement requirements not yet verified; Entry-level accessibility unconfirmed; Publication date unknown; first observation is only a lower bound on age; Latest saved review rejects or deprioritizes this vacancy,2026-10-04-v3.0,,19,First observation: minimum age only,19,UNKNOWN,,PREVIOUS_REJECTION,8,REJECTED,Publication date unknown; first observation is only a lower bound on age; Latest saved review rejects or deprioritizes this vacancy,2026-10-04-v3.0,SENIORITY_UNCONFIRMED,1,No explicit entry-level or experience-level signal in title/source seniority,3
JB_1312,AI vývojář,Air Bank a.s.,,Praha – Dejvice,Developer,General Software Developer,,,,,NO,"AI & Machine Learning, IT & Software",,https://www.jobs.cz/rpd/2001426126,2026-09-18T17:40:27+02:00,2026-09-18T17:40:27+02:00,2026-09-18T17:40:27+02:00,,,,,,,Deprioritized,0,0,SOFTWARE_BACKEND_FULLSTACK,Software Development,Prague,18,Software Development,Advertisement requirements not yet verified; Entry-level accessibility unconfirmed; Czech-language title: workplace language needs verification; Publication date unknown; first observation is only a lower bound on age; Latest saved review rejects or deprioritizes this vacancy,2026-10-04-v3.0,,19,First observation: minimum age only,19,UNKNOWN,,PREVIOUS_REJECTION,8,REJECTED,Publication date unknown; first observation is only a lower bound on age; Latest saved review rejects or deprioritizes this vacancy,2026-10-04-v3.0,SENIORITY_UNCONFIRMED,1,No explicit entry-level or experience-level signal in title/source seniority,4
JB_1871,People Scientist pro HR analytiku a AI,"Česká spořitelna, a.s.",,Praha – Krč,Scientist,AI/ML Scientist,,,,,NO,"Data & Analytics, AI & Machine Learning, HR & Recruitment",,https://www.jobs.cz/rpd/2001431186,2026-09-18T13:05:55+02:00,2026-09-18T13:05:55+02:00,2026-09-18T13:05:55+02:00,,,,,,,Deprioritized,0,0,OTHER,Other,Prague,19,Other,Advertisement requirements not yet verified; Entry-level accessibility unconfirmed; Czech-language title: workplace language needs verification; Publication date unknown; first observation is only a lower bound on age; Latest saved review rejects or deprioritizes this vacancy,2026-10-04-v3.0,,19,First observation: minimum age only,19,UNKNOWN,,PREVIOUS_REJECTION,8,REJECTED,Publication date unknown; first observation is only a lower bound on age; Latest saved review rejects or deprioritizes this vacancy,2026-10-04-v3.0,SENIORITY_UNCONFIRMED,1,No explicit entry-level or experience-level signal in title/source seniority,3
SJ_107761,AI Solution Architect (Gen AI),BigHub s.r.o.,,Prague,Architect,AI Architect,,,,,NO,AI & Machine Learning,,https://www.startupjobs.cz/nabidka/107761/ai-solution-architect-gen-ai,2026-09-17T10:42:06+02:00,2026-09-17T10:42:06+02:00,2026-09-17T10:42:06+02:00,,,,,,,Deprioritized,0,0,OTHER,Other,Prague,20,Other,Advertisement requirements not yet verified; Entry-level accessibility unconfirmed; Publication date unknown; first observation is only a lower bound on age; Latest saved review rejects or deprioritizes this vacancy,2026-10-04-v3.0,,20,First observation: minimum age only,20,UNKNOWN,,PREVIOUS_REJECTION,8,REJECTED,Publication date unknown; first observation is only a lower bound on age; Latest saved review rejects or deprioritizes this vacancy,2026-10-04-v3.0,SENIORITY_UNCONFIRMED,1,No explicit entry-level or experience-level signal in title/source seniority,3
JST_2969,"Senior AI Engineer - Praha, IČO",Principal engineering s.r.o.,až 170 000 Kč / měsíc,Praha,Engineer,AI/ML Engineer,,Senior,Senior,Senior,NO,"AI & Machine Learning, Engineering & R&D",,https://www.jobstack.it/it-job/ai-developer/6aa92e734653a,2026-09-17T10:36:01+02:00,2026-09-17T10:36:01+02:00,2026-09-17T10:36:01+02:00,,,,,,,Senior/Leadership Stretch,0,0,DATA_SCIENCE_MODELLING,Data Science & Modelling,Prague,20,Data Science & Modelling,Advertisement requirements not yet verified; Senior/lead requirement needs verification; Czech-language title: workplace language needs verification; Publication date unknown; first observation is only a lower bound on age; Latest saved review rejects or deprioritizes this vacancy,2026-10-04-v3.0,,20,First observation: minimum age only,20,UNKNOWN,,PREVIOUS_REJECTION,8,REJECTED,Publication date unknown; first observation is only a lower bound on age; Latest saved review rejects or deprioritizes this vacancy,2026-10-04-v3.0,EXPERIENCED_LEVEL_SIGNAL,3,"Seniority: Senior; Job title: Senior AI Engineer - Praha, IČO",4
JB_4095,IT Business Analytik / Analytička se zaměřením na AI,eppTec s.r.o.,,Praha,Analyst,IT/Systems Analyst,,,,,NO,"Data & Analytics, AI & Machine Learning, IT & Software",,https://www.jobs.cz/rpd/2001425535,2026-09-15T00:27:59+02:00,2026-09-15T00:27:59+02:00,2026-09-15T00:27:59+02:00,,,,,,,Deprioritized,0,0,ADJACENT_TECHNICAL,Adjacent Technical,Prague,22,Adjacent Technical,Advertisement requirements not yet verified; Entry-level accessibility unconfirmed; Czech-language title: workplace language needs verification; Publication date unknown; first observation is only a lower bound on age; Latest saved review rejects or deprioritizes this vacancy,2026-10-04-v3.0,,22,First observation: minimum age only,22,UNKNOWN,,PREVIOUS_REJECTION,8,REJECTED,Publication date unknown; first observation is only a lower bound on age; Latest saved review rejects or deprioritizes this vacancy,2026-10-04-v3.0,SENIORITY_UNCONFIRMED,1,No explicit entry-level or experience-level signal in title/source seniority,3
JB_3373,AI Transformation Lead,Vodafone Czech Republic a.s.,,Praha – Stodůlky,Manager,Data/AI Manager,,Lead/Head,,Lead/Head,NO,AI & Machine Learning,,https://www.jobs.cz/rpd/2001425132,2026-09-15T00:08:41+02:00,2026-09-15T00:08:41+02:00,2026-09-15T00:08:41+02:00,,,,,,,Deprioritized,0,0,OTHER,Other,Prague,22,Other,Advertisement requirements not yet verified; Senior/lead requirement needs verification; Publication date unknown; first observation is only a lower bound on age; Latest saved review rejects or deprioritizes this vacancy,2026-10-04-v3.0,,22,First observation: minimum age only,22,UNKNOWN,,PREVIOUS_REJECTION,8,REJECTED,Publication date unknown; first observation is only a lower bound on age; Latest saved review rejects or deprioritizes this vacancy,2026-10-04-v3.0,EXPERIENCED_LEVEL_SIGNAL,3,Seniority: Lead/Head; Job title: AI Transformation Lead; Occupational classification: Manager,4
JB_8159,AI specialista/specialistka,"Česká pošta, s.p.",,Hlavní město Praha + 2 další lokality,Specialist,AI/Automation Specialist,,,,,NO,AI & Machine Learning,,https://www.jobs.cz/rpd/2001425138,2026-09-15T00:07:53+02:00,2026-09-15T00:07:53+02:00,2026-09-15T00:07:53+02:00,,,,,,,Deprioritized,0,0,OTHER,Other,Prague,22,Other,Advertisement requirements not yet verified; Entry-level accessibility unconfirmed; Czech-language title: workplace language needs verification; Publication date unknown; first observation is only a lower bound on age; Latest saved review rejects or deprioritizes this vacancy,2026-10-04-v3.0,,22,First observation: minimum age only,22,UNKNOWN,,PREVIOUS_REJECTION,8,REJECTED,Publication date unknown; first observation is only a lower bound on age; Latest saved review rejects or deprioritizes this vacancy,2026-10-04-v3.0,SENIORITY_UNCONFIRMED,1,No explicit entry-level or experience-level signal in title/source seniority,4
JB_8364,IT & AI Transformation Lead,JOBSTART s.r.o.,130 000 Kč,Praha – Nové Město,Manager,Data/AI Manager,,Lead/Head,,Lead/Head,NO,"AI & Machine Learning, IT & Software",,https://www.jobs.cz/rpd/2001425480,2026-09-14T23:48:41+02:00,2026-09-14T23:48:41+02:00,2026-09-14T23:48:41+02:00,,,,,,,Deprioritized,0,0,OTHER,Other,Prague,22,Other,Advertisement requirements not yet verified; Senior/lead requirement needs verification; Publication date unknown; first observation is only a lower bound on age; Latest saved review rejects or deprioritizes this vacancy,2026-10-04-v3.0,,23,First observation: minimum age only,23,UNKNOWN,,PREVIOUS_REJECTION,8,REJECTED,Publication date unknown; first observation is only a lower bound on age; Latest saved review rejects or deprioritizes this vacancy,2026-10-04-v3.0,EXPERIENCED_LEVEL_SIGNAL,3,Seniority: Lead/Head; Job title: IT & AI Transformation Lead; Occupational classification: Manager,3
BLT_2807,LLM Platform Engineer/Lead (m/f/d),Kayzen,,26 Locations,Manager,Executive/General Manager,,Mid level,Mid level,Lead/Head,YES,"AI & Machine Learning, Cloud & Infrastructure, Engineering & R&D",,https://builtin.com/job/ai-platform-engineer-lead-m-f-d/8345856,2026-09-14T23:28:11+02:00,2026-09-14T23:28:11+02:00,2026-09-14T23:28:11+02:00,,,,,,,Deprioritized,0,0,OTHER,Other,Verify Prague eligibility,22,Other,Advertisement requirements not yet verified; Senior/lead requirement needs verification; Mid-level experience needs verification; Prague eligibility unresolved; Source/title seniority conflict; Publication date unknown; first observation is only a lower bound on age; Latest saved review rejects or deprioritizes this vacancy,2026-10-04-v3.0,,23,First observation: minimum age only,23,UNKNOWN,,PREVIOUS_REJECTION,8,REJECTED,Publication date unknown; first observation is only a lower bound on age; Latest saved review rejects or deprioritizes this vacancy,2026-10-04-v3.0,EXPERIENCED_LEVEL_SIGNAL,3,Seniority: Mid level; Job title: LLM Platform Engineer/Lead (m/f/d); Occupational classification: Manager,3
BLT_6287,Senior Full-Stack Engineer - AI Cost Visibility- Poland(Remote),DoiT,,26 Locations,Engineer,Software Engineer,,Senior level,Senior level,Senior,YES,"AI & Machine Learning, Engineering & R&D",,https://builtin.com/job/senior-full-stack-engineer-ai-cost-visibility-poland-remote/11127686,2026-09-14T23:27:30+02:00,2026-09-14T23:27:30+02:00,2026-09-14T23:27:30+02:00,,,,,,,Senior/Leadership Stretch,0,0,SOFTWARE_BACKEND_FULLSTACK,Software Development,Verify Prague eligibility,22,Software Development,Advertisement requirements not yet verified; Senior/lead requirement needs verification; Prague eligibility unresolved; Source/title seniority conflict; Publication date unknown; first observation is only a lower bound on age; Latest saved review rejects or deprioritizes this vacancy,2026-10-04-v3.0,,23,First observation: minimum age only,23,UNKNOWN,,PREVIOUS_REJECTION,8,REJECTED,Publication date unknown; first observation is only a lower bound on age; Latest saved review rejects or deprioritizes this vacancy,2026-10-04-v3.0,EXPERIENCED_LEVEL_SIGNAL,3,Seniority: Senior level; Job title: Senior Full-Stack Engineer - AI Cost Visibility- Poland(Remote),4
JST_1794,DATABÁZOVÝ VÝVOJÁŘ/ADMINISTRÁTOR,Generali Česká pojišťovna a.s.,Navrhni si mzdu,Praha,Developer,Data/Database Developer,,"Medior, Senior","Medior, Senior",,NO,IT & Software,,https://www.jobstack.it/it-job/database-developer/5fcdde1c15d70,2026-09-12T11:34:11+02:00,2026-09-12T11:34:11+02:00,2026-09-12T11:34:11+02:00,,,,,,,Senior/Leadership Stretch,0,0,DATA_ENGINEERING_DWH,Data Engineering & Automation,Prague,25,Data Engineering & Automation,Advertisement requirements not yet verified; Senior/lead requirement needs verification; Mid-level experience needs verification; Czech-language title: workplace language needs verification; Publication date unknown; first observation is only a lower bound on age; Latest saved review rejects or deprioritizes this vacancy,2026-10-04-v3.0,,25,First observation: minimum age only,25,UNKNOWN,,PREVIOUS_REJECTION,8,REJECTED,Publication date unknown; first observation is only a lower bound on age; Latest saved review rejects or deprioritizes this vacancy,2026-10-04-v3.0,EXPERIENCED_LEVEL_SIGNAL,3,"Seniority: Medior, Senior",3
JST_1916,Konzultant - Staňte se odborníkem na Enterprise Content Management,IXTENT s.r.o.,až 80 000 Kč / měsíc,"Jankovcova 1595/14, Praha - Holešovice",Consultant,Management/Strategy Consultant,,"Junior, Medior, Senior, Expert","Junior, Medior, Senior, Expert",,NO,Marketing & Communications,,https://www.jobstack.it/it-job/it-konzultant/61b896caae01f,2026-09-12T11:34:05+02:00,2026-09-12T11:34:05+02:00,2026-09-12T11:34:05+02:00,,,,,,,Deprioritized,0,0,OTHER,Other,Prague,25,Other; Entry-level signal,Advertisement requirements not yet verified; Mixed seniority needs verification; Mid-level experience needs verification; Czech-language title: workplace language needs verification; Publication date unknown; first observation is only a lower bound on age; Latest saved review rejects or deprioritizes this vacancy,2026-10-04-v3.0,,25,First observation: minimum age only,25,UNKNOWN,,PREVIOUS_REJECTION,8,REJECTED,Publication date unknown; first observation is only a lower bound on age; Latest saved review rejects or deprioritizes this vacancy,2026-10-04-v3.0,MIXED_LEVEL_SIGNAL,2,"Seniority: Junior, Medior, Senior, Expert",4
JST_4721,HW Project Manager,VRgineers,až 70 000 Kč / měsíc,Praha 7,Manager,Project Manager,,"Junior, Medior, Senior","Junior, Medior, Senior",,NO,Project & Program Management,,https://www.jobstack.it/it-job/it-project-manager/621cbbd6b5ef1,2026-09-12T11:33:57+02:00,2026-09-12T11:33:57+02:00,2026-09-12T11:33:57+02:00,,,,,,,Deprioritized,0,0,OTHER,Other,Prague,25,Other; Entry-level signal,Advertisement requirements not yet verified; Mixed seniority needs verification; Mid-level experience needs verification; Publication date unknown; first observation is only a lower bound on age; Latest saved review rejects or deprioritizes this vacancy,2026-10-04-v3.0,,25,First observation: minimum age only,25,UNKNOWN,,PREVIOUS_REJECTION,8,REJECTED,Publication date unknown; first observation is only a lower bound on age; Latest saved review rejects or deprioritizes this vacancy,2026-10-04-v3.0,MIXED_LEVEL_SIGNAL,2,"Seniority: Junior, Medior, Senior; Occupational classification: Manager",4
JST_9605,DevOps specialista pro datová uložiště,"CESNET, z.s.p.o.",Navrhni si mzdu,Praha,Specialist,IT/Systems Specialist,,"Junior, Medior, Senior, Expert","Junior, Medior, Senior, Expert",,NO,Cloud & Infrastructure,,https://www.jobstack.it/it-job/specialista-devops/63fc76f7b3598,2026-09-12T11:33:50+02:00,2026-09-12T11:33:50+02:00,2026-09-12T11:33:50+02:00,,,,,,,Deprioritized,0,0,OTHER,Other,Prague,25,Other; Entry-level signal,Advertisement requirements not yet verified; Mixed seniority needs verification; Mid-level experience needs verification; Czech-language title: workplace language needs verification; Publication date unknown; first observation is only a lower bound on age; Latest saved review rejects or deprioritizes this vacancy,2026-10-04-v3.0,,25,First observation: minimum age only,25,UNKNOWN,,PREVIOUS_REJECTION,8,REJECTED,Publication date unknown; first observation is only a lower bound on age; Latest saved review rejects or deprioritizes this vacancy,2026-10-04-v3.0,MIXED_LEVEL_SIGNAL,2,"Seniority: Junior, Medior, Senior, Expert",4
JST_7323,Projektový manažer,EFFIIS s.r.o.,Navrhni si mzdu,Praha,Manager,Project Manager,,"Junior, Medior","Junior, Medior",,NO,Project & Program Management,,https://www.jobstack.it/it-job/it-project-manager/61843fd5258ae,2026-09-12T11:33:42+02:00,2026-09-12T11:33:42+02:00,2026-09-12T11:33:42+02:00,,,,,,,Deprioritized,0,0,OTHER,Other,Prague,25,Other; Entry-level signal,Advertisement requirements not yet verified; Mixed seniority needs verification; Mid-level experience needs verification; Czech-language title: workplace language needs verification; Publication date unknown; first observation is only a lower bound on age; Latest saved review rejects or deprioritizes this vacancy,2026-10-04-v3.0,,25,First observation: minimum age only,25,UNKNOWN,,PREVIOUS_REJECTION,8,REJECTED,Publication date unknown; first observation is only a lower bound on age; Latest saved review rejects or deprioritizes this vacancy,2026-10-04-v3.0,MIXED_LEVEL_SIGNAL,2,"Seniority: Junior, Medior; Occupational classification: Manager",4
JST_9568,"SPRÁVCE ARCHIVNÍHO INFORMAČNÍHO SYSTÉMU (0,5 úvazek)",Univerzita Karlova,Navrhni si mzdu,"Ovocný trh 5, Praha 1",Administrator,General Administrator,,"Junior, Medior, Senior, Expert","Junior, Medior, Senior, Expert",,NO,,,https://www.jobstack.it/it-job/unix-linux-admin/654e0f6a180dc,2026-09-12T11:33:42+02:00,2026-09-12T11:33:42+02:00,2026-09-12T11:33:42+02:00,,,,,,,Deprioritized,0,0,OTHER,Other,Prague,25,Other; Entry-level signal,Advertisement requirements not yet verified; Mixed seniority needs verification; Mid-level experience needs verification; Czech-language title: workplace language needs verification; Publication date unknown; first observation is only a lower bound on age; Latest saved review rejects or deprioritizes this vacancy,2026-10-04-v3.0,,25,First observation: minimum age only,25,UNKNOWN,,PREVIOUS_REJECTION,8,REJECTED,Publication date unknown; first observation is only a lower bound on age; Latest saved review rejects or deprioritizes this vacancy,2026-10-04-v3.0,MIXED_LEVEL_SIGNAL,2,"Seniority: Junior, Medior, Senior, Expert",3
JST_3694,Projektový manažer,EFFIIS s.r.o.,Navrhni si mzdu,Praha,Manager,Project Manager,,"Junior, Medior","Junior, Medior",,NO,Project & Program Management,,https://www.jobstack.it/it-job/it-project-manager/65a65512d25bd,2026-09-12T11:33:28+02:00,2026-09-12T11:33:28+02:00,2026-09-12T11:33:28+02:00,,,,,,,Deprioritized,0,0,OTHER,Other,Prague,25,Other; Entry-level signal,Advertisement requirements not yet verified; Mixed seniority needs verification; Mid-level experience needs verification; Czech-language title: workplace language needs verification; Publication date unknown; first observation is only a lower bound on age; Latest saved review rejects or deprioritizes this vacancy,2026-10-04-v3.0,,25,First observation: minimum age only,25,UNKNOWN,,PREVIOUS_REJECTION,8,REJECTED,Publication date unknown; first observation is only a lower bound on age; Latest saved review rejects or deprioritizes this vacancy,2026-10-04-v3.0,MIXED_LEVEL_SIGNAL,2,"Seniority: Junior, Medior; Occupational classification: Manager",4
JST_9813,Python vývojář/ka pro DevOps tým,Generali Česká pojišťovna a.s.,Navrhni si mzdu,Praha a Home Office,Developer,General Software Developer,,"Medior, Senior","Medior, Senior",,NO,"Cloud & Infrastructure, IT & Software",Python,https://www.jobstack.it/it-job/python-developer/664b43802cef9,2026-09-12T11:33:28+02:00,2026-09-12T11:33:28+02:00,2026-09-12T11:33:28+02:00,,,,,,,Senior/Leadership Stretch,0,0,SOFTWARE_BACKEND_FULLSTACK,Software Development,Prague,25,Software Development; python,Advertisement requirements not yet verified; Senior/lead requirement needs verification; Mid-level experience needs verification; Czech-language title: workplace language needs verification; Publication date unknown; first observation is only a lower bound on age; Latest saved review rejects or deprioritizes this vacancy,2026-10-04-v3.0,,25,First observation: minimum age only,25,UNKNOWN,,PREVIOUS_REJECTION,8,REJECTED,Publication date unknown; first observation is only a lower bound on age; Latest saved review rejects or deprioritizes this vacancy,2026-10-04-v3.0,EXPERIENCED_LEVEL_SIGNAL,3,"Seniority: Medior, Senior",3
JST_6457,Software Analytik pro budoucnost dopravy ????,INTENS Corporation s.r.o.,Navrhni si mzdu,Praha,Analyst,General Analyst,,"Medior, Senior, Expert","Medior, Senior, Expert",,NO,"Data & Analytics, IT & Software",,https://www.jobstack.it/it-job/analytik/611e579c5bb19,2026-09-12T11:33:28+02:00,2026-09-12T11:33:28+02:00,2026-09-12T11:33:28+02:00,,,,,,,Deprioritized,0,0,OTHER,Other,Prague,25,Other,Advertisement requirements not yet verified; Senior/lead requirement needs verification; Mid-level experience needs verification; Czech-language title: workplace language needs verification; Publication date unknown; first observation is only a lower bound on age; Latest saved review rejects or deprioritizes this vacancy,2026-10-04-v3.0,,25,First observation: minimum age only,25,UNKNOWN,,PREVIOUS_REJECTION,8,REJECTED,Publication date unknown; first observation is only a lower bound on age; Latest saved review rejects or deprioritizes this vacancy,2026-10-04-v3.0,EXPERIENCED_LEVEL_SIGNAL,3,"Seniority: Medior, Senior, Expert",4
JST_3656,Doménový analytik v oblasti trackování a datové fúze,ERA a. s.,Navrhni si mzdu,"Praha, Pardubice",Analyst,General Analyst,,"Junior, Medior, Senior, Expert","Junior, Medior, Senior, Expert",,NO,Data & Analytics,,https://www.jobstack.it/it-job/analytik/6887a7399612e,2026-09-12T11:33:16+02:00,2026-09-12T11:33:16+02:00,2026-09-12T11:33:16+02:00,,,,,,,Deprioritized,0,0,OTHER,Other,Prague,25,Other; Entry-level signal,Advertisement requirements not yet verified; Mixed seniority needs verification; Mid-level experience needs verification; Czech-language title: workplace language needs verification; Publication date unknown; first observation is only a lower bound on age; Latest saved review rejects or deprioritizes this vacancy,2026-10-04-v3.0,,25,First observation: minimum age only,25,UNKNOWN,,PREVIOUS_REJECTION,8,REJECTED,Publication date unknown; first observation is only a lower bound on age; Latest saved review rejects or deprioritizes this vacancy,2026-10-04-v3.0,MIXED_LEVEL_SIGNAL,2,"Seniority: Junior, Medior, Senior, Expert",4
JST_9086,IT analytik,DEV Course,až 90 000 Kč / měsíc,Praha,Analyst,IT/Systems Analyst,,,,,NO,"Data & Analytics, IT & Software",,https://www.jobstack.it/it-job/analytik/689c339b5e4d2,2026-09-12T11:33:16+02:00,2026-09-12T11:33:16+02:00,2026-09-12T11:33:16+02:00,,,,,,,Deprioritized,0,0,ADJACENT_TECHNICAL,Adjacent Technical,Prague,25,Adjacent Technical,Advertisement requirements not yet verified; Entry-level accessibility unconfirmed; Czech-language title: workplace language needs verification; Publication date unknown; first observation is only a lower bound on age; Latest saved review rejects or deprioritizes this vacancy,2026-10-04-v3.0,,25,First observation: minimum age only,25,UNKNOWN,,PREVIOUS_REJECTION,8,REJECTED,Publication date unknown; first observation is only a lower bound on age; Latest saved review rejects or deprioritizes this vacancy,2026-10-04-v3.0,SENIORITY_UNCONFIRMED,1,No explicit entry-level or experience-level signal in title/source seniority,3
JST_7100,IT konzultant pro zajímavé projekty z oblasti Identity Managementu,IdStory,Navrhni si mzdu,"7. května 1168/70, Praha – Chodov",Consultant,IT/Technology Consultant,,"Junior, Medior, Senior","Junior, Medior, Senior",,NO,"IT & Software, Project & Program Management",,https://www.jobstack.it/it-job/it-konzultant/628768222baf9,2026-09-12T11:33:16+02:00,2026-09-12T11:33:16+02:00,2026-09-12T11:33:16+02:00,,,,,,,Deprioritized,0,0,OTHER,Other,Prague,25,Other; Entry-level signal,Advertisement requirements not yet verified; Mixed seniority needs verification; Mid-level experience needs verification; Czech-language title: workplace language needs verification; Publication date unknown; first observation is only a lower bound on age; Latest saved review rejects or deprioritizes this vacancy,2026-10-04-v3.0,,25,First observation: minimum age only,25,UNKNOWN,,PREVIOUS_REJECTION,8,REJECTED,Publication date unknown; first observation is only a lower bound on age; Latest saved review rejects or deprioritizes this vacancy,2026-10-04-v3.0,MIXED_LEVEL_SIGNAL,2,"Seniority: Junior, Medior, Senior",4
JST_4609,Konzultant ERP systému,ARTEX informační systémy,až 80 000 Kč / měsíc,"Štefánikova 32, Praha 5",Consultant,SAP/ERP Consultant,,"Junior, Medior, Senior, Expert","Junior, Medior, Senior, Expert",,NO,,,https://www.jobstack.it/it-job/it-konzultant/5f86b80e1a9ef,2026-09-12T11:33:16+02:00,2026-09-12T11:33:16+02:00,2026-09-12T11:33:16+02:00,,,,,,,Deprioritized,0,0,OTHER,Other,Prague,25,Other; Entry-level signal,Advertisement requirements not yet verified; Mixed seniority needs verification; Mid-level experience needs verification; Czech-language title: workplace language needs verification; Publication date unknown; first observation is only a lower bound on age; Latest saved review rejects or deprioritizes this vacancy,2026-10-04-v3.0,,25,First observation: minimum age only,25,UNKNOWN,,PREVIOUS_REJECTION,8,REJECTED,Publication date unknown; first observation is only a lower bound on age; Latest saved review rejects or deprioritizes this vacancy,2026-10-04-v3.0,MIXED_LEVEL_SIGNAL,2,"Seniority: Junior, Medior, Senior, Expert",4
JST_3990,IT Analytik/čka – Payment Services | Nová digitální banka,REDECO,až 140 000 Kč / měsíc,Praha - Stodůlky,Analyst,IT/Systems Analyst,,Medior,Medior,,NO,"Data & Analytics, IT & Software",,https://www.jobstack.it/it-job/analytik/699ea95d34734,2026-09-12T11:33:02+02:00,2026-09-12T11:33:02+02:00,2026-09-12T11:33:02+02:00,,,,,,,Deprioritized,0,0,ADJACENT_TECHNICAL,Adjacent Technical,Prague,25,Adjacent Technical,Advertisement requirements not yet verified; Mid-level experience needs verification; Czech-language title: workplace language needs verification; Publication date unknown; first observation is only a lower bound on age; Latest saved review rejects or deprioritizes this vacancy,2026-10-04-v3.0,,25,First observation: minimum age only,25,UNKNOWN,,PREVIOUS_REJECTION,8,REJECTED,Publication date unknown; first observation is only a lower bound on age; Latest saved review rejects or deprioritizes this vacancy,2026-10-04-v3.0,EXPERIENCED_LEVEL_SIGNAL,3,Seniority: Medior,4
JST_3763,⋙Business Analytik - zajímavé zahraniční projekty⋘,mBlue,Navrhni si mzdu,Praha,Analyst,Business/Process Analyst,,"Medior, Senior","Medior, Senior",,NO,"Data & Analytics, Project & Program Management",,https://www.jobstack.it/it-job/analytik/693294e3ca7dc,2026-09-12T11:33:02+02:00,2026-09-12T11:33:02+02:00,2026-09-12T11:33:02+02:00,,,,,,,Senior/Leadership Stretch,0,0,BUSINESS_PROCESS,"Business, Operations & Process Analysis",Prague,25,"Business, Operations & Process Analysis",Advertisement requirements not yet verified; Senior/lead requirement needs verification; Mid-level experience needs verification; Czech-language title: workplace language needs verification; Publication date unknown; first observation is only a lower bound on age; Latest saved review rejects or deprioritizes this vacancy,2026-10-04-v3.0,,25,First observation: minimum age only,25,UNKNOWN,,PREVIOUS_REJECTION,8,REJECTED,Publication date unknown; first observation is only a lower bound on age; Latest saved review rejects or deprioritizes this vacancy,2026-10-04-v3.0,EXPERIENCED_LEVEL_SIGNAL,3,"Seniority: Medior, Senior",4
JST_7691,Linux administrátor ( Junior / senior ),AdminIT s.r.o.,Navrhni si mzdu,Praha / Plzeň / Full remote,Administrator,Systems/Server Administrator,,"Junior, Medior, Senior, Expert","Junior, Medior, Senior, Expert","Junior/Entry-level, Senior",YES,,Linux,https://www.jobstack.it/it-job/unix-linux-admin/644bcbddea8b9,2026-09-12T11:32:53+02:00,2026-09-12T11:32:53+02:00,2026-09-12T11:32:53+02:00,,,,,,,Deprioritized,0,0,OTHER,Other,Prague,25,Other; Entry-level signal,Advertisement requirements not yet verified; Mixed seniority needs verification; Mid-level experience needs verification; Source/title seniority conflict; Publication date unknown; first observation is only a lower bound on age; Latest saved review rejects or deprioritizes this vacancy,2026-10-04-v3.0,,25,First observation: minimum age only,25,UNKNOWN,,PREVIOUS_REJECTION,8,REJECTED,Publication date unknown; first observation is only a lower bound on age; Latest saved review rejects or deprioritizes this vacancy,2026-10-04-v3.0,MIXED_LEVEL_SIGNAL,2,"Seniority: Junior, Medior, Senior, Expert; Job title: Linux administrátor ( Junior / senior )",4
JST_0360,MS Windows Administrátor (i absolvent),AdminIT s.r.o.,Navrhni si mzdu,"Drahobejlova 1452/54, Praha 9",Administrator,Systems/Server Administrator,,"Junior, Medior, Senior, Expert","Junior, Medior, Senior, Expert",Junior/Entry-level,YES,,,https://www.jobstack.it/it-job/microsoft-admin/67e5479d54313,2026-09-12T11:32:53+02:00,2026-09-12T11:32:53+02:00,2026-09-12T11:32:53+02:00,,,,,,,Deprioritized,0,0,OTHER,Other,Prague,25,Other; Entry-level signal,Advertisement requirements not yet verified; Mixed seniority needs verification; Mid-level experience needs verification; Czech-language title: workplace language needs verification; Source/title seniority conflict; Publication date unknown; first observation is only a lower bound on age; Latest saved review rejects or deprioritizes this vacancy,2026-10-04-v3.0,,25,First observation: minimum age only,25,UNKNOWN,,PREVIOUS_REJECTION,8,REJECTED,Publication date unknown; first observation is only a lower bound on age; Latest saved review rejects or deprioritizes this vacancy,2026-10-04-v3.0,MIXED_LEVEL_SIGNAL,2,"Seniority: Junior, Medior, Senior, Expert; Job title: MS Windows Administrátor (i absolvent)",4
JST_8204,"DWH Developer | MS SQL, T-SQL, SSIS",NOTIX s.r.o.,až 150 000 Kč / měsíc,Praha,Developer,Data/Database Developer,,"Senior, Expert","Senior, Expert",,NO,"Data & Analytics, IT & Software","SQL, MS SQL Server",https://www.jobstack.it/it-job/data-dwh-bigdata-developer/6a3ba54294e62,2026-09-12T11:32:42+02:00,2026-09-12T11:32:42+02:00,2026-09-12T11:32:42+02:00,,,,,,,Senior/Leadership Stretch,0,0,DATA_ENGINEERING_DWH,Data Engineering & Automation,Prague,25,Data Engineering & Automation; sql,Advertisement requirements not yet verified; Senior/lead requirement needs verification; Publication date unknown; first observation is only a lower bound on age; Latest saved review rejects or deprioritizes this vacancy,2026-10-04-v3.0,,25,First observation: minimum age only,25,UNKNOWN,,PREVIOUS_REJECTION,8,REJECTED,Publication date unknown; first observation is only a lower bound on age; Latest saved review rejects or deprioritizes this vacancy,2026-10-04-v3.0,EXPERIENCED_LEVEL_SIGNAL,3,"Seniority: Senior, Expert",4
JST_6436,IT Analytik,Think Easy s.r.o.,až 80 000 Kč / měsíc,"Žitomírská 599/38, Praha 10",Analyst,IT/Systems Analyst,,"Medior, Senior","Medior, Senior",,NO,"Data & Analytics, IT & Software",,https://www.jobstack.it/it-job/analytik/6567a8d43dbde,2026-09-12T11:32:36+02:00,2026-09-12T11:32:36+02:00,2026-09-12T11:32:36+02:00,,,,,,,Senior/Leadership Stretch,0,0,ADJACENT_TECHNICAL,Adjacent Technical,Prague,25,Adjacent Technical,Advertisement requirements not yet verified; Senior/lead requirement needs verification; Mid-level experience needs verification; Czech-language title: workplace language needs verification; Publication date unknown; first observation is only a lower bound on age; Latest saved review rejects or deprioritizes this vacancy,2026-10-04-v3.0,,25,First observation: minimum age only,25,UNKNOWN,,PREVIOUS_REJECTION,8,REJECTED,Publication date unknown; first observation is only a lower bound on age; Latest saved review rejects or deprioritizes this vacancy,2026-10-04-v3.0,EXPERIENCED_LEVEL_SIGNAL,3,"Seniority: Medior, Senior",4
JST_2366,IT KONZULTANT /facility management/,Jana Květoňová - talent hunter,až 130 000 Kč / měsíc,Praha 7,Consultant,IT/Technology Consultant,,"Junior, Medior, Senior","Junior, Medior, Senior",,NO,IT & Software,,https://www.jobstack.it/it-job/it-konzultant/6a79c10fa6f8c,2026-09-12T11:32:36+02:00,2026-09-12T11:32:36+02:00,2026-09-12T11:32:36+02:00,,,,,,,Deprioritized,0,0,OTHER,Other,Prague,25,Other; Entry-level signal,Advertisement requirements not yet verified; Mixed seniority needs verification; Mid-level experience needs verification; Czech-language title: workplace language needs verification; Publication date unknown; first observation is only a lower bound on age; Latest saved review rejects or deprioritizes this vacancy,2026-10-04-v3.0,,25,First observation: minimum age only,25,UNKNOWN,,PREVIOUS_REJECTION,8,REJECTED,Publication date unknown; first observation is only a lower bound on age; Latest saved review rejects or deprioritizes this vacancy,2026-10-04-v3.0,MIXED_LEVEL_SIGNAL,2,"Seniority: Junior, Medior, Senior",4
JST_4938,"Senior AI Engineer - Praha, IČO",Principal engineering s.r.o.,až 160 000 Kč / měsíc,Praha,Engineer,AI/ML Engineer,,"Medior, Senior","Medior, Senior",Senior,YES,"AI & Machine Learning, Engineering & R&D",,https://www.jobstack.it/it-job/ai-developer/6aa15799e0943,2026-09-12T11:32:36+02:00,2026-09-12T11:32:36+02:00,2026-09-12T11:32:36+02:00,,,,,,,Senior/Leadership Stretch,0,0,DATA_SCIENCE_MODELLING,Data Science & Modelling,Prague,25,Data Science & Modelling,Advertisement requirements not yet verified; Senior/lead requirement needs verification; Mid-level experience needs verification; Czech-language title: workplace language needs verification; Source/title seniority conflict; Publication date unknown; first observation is only a lower bound on age; Latest saved review rejects or deprioritizes this vacancy,2026-10-04-v3.0,,25,First observation: minimum age only,25,UNKNOWN,,PREVIOUS_REJECTION,8,REJECTED,Publication date unknown; first observation is only a lower bound on age; Latest saved review rejects or deprioritizes this vacancy,2026-10-04-v3.0,EXPERIENCED_LEVEL_SIGNAL,3,"Seniority: Medior, Senior; Job title: Senior AI Engineer - Praha, IČO",3
JST_3162,Business Development Manager,4MAX Retail s.r.o.,až 110 000 Kč / měsíc,Praha 4,Manager,Sales/Account Manager,,"Junior, Medior, Senior","Junior, Medior, Senior",,NO,Sales & Business Development,,https://www.jobstack.it/it-job/sales-manager/6981ef4349361,2026-09-12T11:32:21+02:00,2026-09-12T11:32:21+02:00,2026-09-12T11:32:21+02:00,,,,,,,Deprioritized,0,0,OTHER,Other,Prague,25,Other; Entry-level signal,Advertisement requirements not yet verified; Mixed seniority needs verification; Mid-level experience needs verification; Publication date unknown; first observation is only a lower bound on age; Latest saved review rejects or deprioritizes this vacancy,2026-10-04-v3.0,,25,First observation: minimum age only,25,UNKNOWN,,PREVIOUS_REJECTION,8,REJECTED,Publication date unknown; first observation is only a lower bound on age; Latest saved review rejects or deprioritizes this vacancy,2026-10-04-v3.0,MIXED_LEVEL_SIGNAL,2,"Seniority: Junior, Medior, Senior; Occupational classification: Manager",4
JST_7402,Hledáme šikovného medior | senior IT analytika na stabilní dlouhodobý projekt,REDECO,až 110 000 Kč / měsíc,Praha,Analyst,IT/Systems Analyst,,"Medior, Senior","Medior, Senior","Medior/Mid-level, Senior",YES,"Data & Analytics, IT & Software, Project & Program Management",,https://www.jobstack.it/it-job/analytik/69cd4b094f6d9,2026-09-12T11:32:21+02:00,2026-09-12T11:32:21+02:00,2026-09-12T11:32:21+02:00,,,,,,,Senior/Leadership Stretch,0,0,ADJACENT_TECHNICAL,Adjacent Technical,Prague,25,Adjacent Technical,Advertisement requirements not yet verified; Senior/lead requirement needs verification; Mid-level experience needs verification; Czech-language title: workplace language needs verification; Source/title seniority conflict; Publication date unknown; first observation is only a lower bound on age; Latest saved review rejects or deprioritizes this vacancy,2026-10-04-v3.0,,25,First observation: minimum age only,25,UNKNOWN,,PREVIOUS_REJECTION,8,REJECTED,Publication date unknown; first observation is only a lower bound on age; Latest saved review rejects or deprioritizes this vacancy,2026-10-04-v3.0,EXPERIENCED_LEVEL_SIGNAL,3,"Seniority: Medior, Senior; Job title: Hledáme šikovného medior | senior IT analytika na stabilní dlouhodobý projekt",4
JST_8885,KONZULTANT – SYSTÉMOVÝ A PROCESNÍ ANALYTIK,Logio,až 80 000 Kč / měsíc,Praha,Analyst,IT/Systems Analyst,,"Medior, Senior","Medior, Senior",,NO,Data & Analytics,,https://www.jobstack.it/it-job/procesni-analytik/65b9426f7dbf7,2026-09-12T11:32:21+02:00,2026-09-12T11:32:21+02:00,2026-09-12T11:32:21+02:00,,,,,,,Senior/Leadership Stretch,0,0,ADJACENT_TECHNICAL,Adjacent Technical,Prague,25,Adjacent Technical,Advertisement requirements not yet verified; Senior/lead requirement needs verification; Mid-level experience needs verification; Czech-language title: workplace language needs verification; Publication date unknown; first observation is only a lower bound on age; Latest saved review rejects or deprioritizes this vacancy,2026-10-04-v3.0,,25,First observation: minimum age only,25,UNKNOWN,,PREVIOUS_REJECTION,8,REJECTED,Publication date unknown; first observation is only a lower bound on age; Latest saved review rejects or deprioritizes this vacancy,2026-10-04-v3.0,EXPERIENCED_LEVEL_SIGNAL,3,"Seniority: Medior, Senior",4
JST_0886,Office Manager,Orange controls s.r.o.,až 50 000 Kč / měsíc,Praha - Hostivař,Manager,Operations/Service Delivery Manager,,"Junior, Medior","Junior, Medior",,NO,,,https://www.jobstack.it/it-job/it-hr-manager/6aa3ef0d1ef3c,2026-09-12T11:32:21+02:00,2026-09-12T11:32:21+02:00,2026-09-12T11:32:21+02:00,,,,,,,Deprioritized,0,0,OTHER,Other,Prague,25,Other; Entry-level signal,Advertisement requirements not yet verified; Mixed seniority needs verification; Mid-level experience needs verification; Publication date unknown; first observation is only a lower bound on age; Latest saved review rejects or deprioritizes this vacancy,2026-10-04-v3.0,,25,First observation: minimum age only,25,UNKNOWN,,PREVIOUS_REJECTION,8,REJECTED,Publication date unknown; first observation is only a lower bound on age; Latest saved review rejects or deprioritizes this vacancy,2026-10-04-v3.0,MIXED_LEVEL_SIGNAL,2,"Seniority: Junior, Medior; Occupational classification: Manager",4
SJ_106901,AI Creative Specialist,BRAINZ STUDIOS,,Prague,Specialist,AI/Automation Specialist,,,,,NO,AI & Machine Learning,,https://www.startupjobs.cz/nabidka/106901/ai-creative-specialist,2026-09-12T11:09:08+02:00,2026-09-12T11:09:08+02:00,2026-09-12T11:09:08+02:00,,,,,,,Deprioritized,0,0,OTHER,Other,Prague,25,Other,Advertisement requirements not yet verified; Entry-level accessibility unconfirmed; Publication date unknown; first observation is only a lower bound on age; Latest saved review rejects or deprioritizes this vacancy,2026-10-04-v3.0,,25,First observation: minimum age only,25,UNKNOWN,,PREVIOUS_REJECTION,8,REJECTED,Publication date unknown; first observation is only a lower bound on age; Latest saved review rejects or deprioritizes this vacancy,2026-10-04-v3.0,SENIORITY_UNCONFIRMED,1,No explicit entry-level or experience-level signal in title/source seniority,4
SJ_107147,Data Security Consultant,ENLIL s.r.o.,,Prague,Consultant,Security Consultant,,,,,NO,"Data & Analytics, Cybersecurity",,https://www.startupjobs.cz/nabidka/107147/data-security-consultant,2026-09-12T11:05:58+02:00,2026-09-12T11:05:58+02:00,2026-09-12T11:05:58+02:00,,,,,,,Deprioritized,0,0,OTHER,Other,Prague,25,Other,Advertisement requirements not yet verified; Entry-level accessibility unconfirmed; Publication date unknown; first observation is only a lower bound on age; Latest saved review rejects or deprioritizes this vacancy,2026-10-04-v3.0,,25,First observation: minimum age only,25,UNKNOWN,,PREVIOUS_REJECTION,8,REJECTED,Publication date unknown; first observation is only a lower bound on age; Latest saved review rejects or deprioritizes this vacancy,2026-10-04-v3.0,SENIORITY_UNCONFIRMED,1,No explicit entry-level or experience-level signal in title/source seniority,4
SJ_107163,"„CapCut, reels, AI, Canva, TALENT...“ Hledám zkušenou content creatorku",ELODY s.r.o.,,Prague,Specialist,Marketing/Communications Specialist,,,,,NO,"AI & Machine Learning, Marketing & Communications, HR & Recruitment",,https://www.startupjobs.cz/nabidka/107163/capcut-reels-ai-canva-talent-hledam-zkusenou-content-creatorku,2026-09-12T11:05:58+02:00,2026-09-12T11:05:58+02:00,2026-09-12T11:05:58+02:00,,,,,,,Deprioritized,0,0,OTHER,Other,Prague,25,Other,Advertisement requirements not yet verified; Entry-level accessibility unconfirmed; Czech-language title: workplace language needs verification; Publication date unknown; first observation is only a lower bound on age; Latest saved review rejects or deprioritizes this vacancy,2026-10-04-v3.0,,25,First observation: minimum age only,25,UNKNOWN,,PREVIOUS_REJECTION,8,REJECTED,Publication date unknown; first observation is only a lower bound on age; Latest saved review rejects or deprioritizes this vacancy,2026-10-04-v3.0,SENIORITY_UNCONFIRMED,1,No explicit entry-level or experience-level signal in title/source seniority,4
SJ_107215,IT Analytik | Klientská identifikace & Java backend,"ČSOB, a. s.",,Prague,Analyst,IT/Systems Analyst,,,,,NO,"Data & Analytics, IT & Software, Customer Service",Java,https://www.startupjobs.cz/nabidka/107215/it-analytik-klientska-identifikace-and-java-backend,2026-09-12T11:04:53+02:00,2026-09-12T11:04:53+02:00,2026-09-12T11:04:53+02:00,,,,,,,Deprioritized,0,0,SOFTWARE_BACKEND_FULLSTACK,Software Development,Prague,25,Software Development,Advertisement requirements not yet verified; Entry-level accessibility unconfirmed; Czech-language title: workplace language needs verification; Publication date unknown; first observation is only a lower bound on age; Latest saved review rejects or deprioritizes this vacancy,2026-10-04-v3.0,,25,First observation: minimum age only,25,UNKNOWN,,PREVIOUS_REJECTION,8,REJECTED,Publication date unknown; first observation is only a lower bound on age; Latest saved review rejects or deprioritizes this vacancy,2026-10-04-v3.0,SENIORITY_UNCONFIRMED,1,No explicit entry-level or experience-level signal in title/source seniority,4
SJ_105787,AI Solution Architect / Analyst | Enterprise projekty 🚀,Viable One s.r.o,,Prague,Architect,AI Architect,,,,,NO,"AI & Machine Learning, Project & Program Management",,https://www.startupjobs.cz/nabidka/105787/ai-solution-architect-analyst-enterprise-projekty,2026-09-12T11:03:48+02:00,2026-09-12T11:03:48+02:00,2026-09-12T11:03:48+02:00,,,,,,,Deprioritized,0,0,OTHER,Other,Prague,25,Other,Advertisement requirements not yet verified; Entry-level accessibility unconfirmed; Publication date unknown; first observation is only a lower bound on age; Latest saved review rejects or deprioritizes this vacancy,2026-10-04-v3.0,,25,First observation: minimum age only,25,UNKNOWN,,PREVIOUS_REJECTION,8,REJECTED,Publication date unknown; first observation is only a lower bound on age; Latest saved review rejects or deprioritizes this vacancy,2026-10-04-v3.0,SENIORITY_UNCONFIRMED,1,No explicit entry-level or experience-level signal in title/source seniority,3
SJ_106337,Project Owner — Data & AI Platform Transformation Projects,DataSentics a.s.,,Prague,Manager,Project Manager,,,,,NO,"Data & Analytics, AI & Machine Learning, Cloud & Infrastructure, Project & Program Management",,https://www.startupjobs.cz/nabidka/106337/project-owner-data-and-ai-platform-transformation-projects,2026-09-12T11:02:48+02:00,2026-09-12T11:02:48+02:00,2026-09-12T11:02:48+02:00,,,,,,,Deprioritized,0,0,OTHER,Other,Prague,25,Other,Advertisement requirements not yet verified; Senior/lead requirement needs verification; Publication date unknown; first observation is only a lower bound on age; Latest saved review rejects or deprioritizes this vacancy,2026-10-04-v3.0,,25,First observation: minimum age only,25,UNKNOWN,,PREVIOUS_REJECTION,8,REJECTED,Publication date unknown; first observation is only a lower bound on age; Latest saved review rejects or deprioritizes this vacancy,2026-10-04-v3.0,EXPERIENCED_LEVEL_SIGNAL,3,Occupational classification: Manager,3
SJ_107383,"CTO pro AI MedTech | C#/.NET, React a Azure",Aireen a.s.,,Prague,Manager,Data/AI Manager,,Executive,,Executive,NO,AI & Machine Learning,"React, Azure",https://www.startupjobs.cz/nabidka/107383/cto-pro-ai-medtech-c-net-react-a-azure,2026-09-12T11:01:43+02:00,2026-09-12T11:01:43+02:00,2026-09-12T11:01:43+02:00,,,,,,,Deprioritized,0,0,OTHER,Other,Prague,25,Other,Advertisement requirements not yet verified; Senior/lead requirement needs verification; Publication date unknown; first observation is only a lower bound on age; Latest saved review rejects or deprioritizes this vacancy,2026-10-04-v3.0,,25,First observation: minimum age only,25,UNKNOWN,,PREVIOUS_REJECTION,8,REJECTED,Publication date unknown; first observation is only a lower bound on age; Latest saved review rejects or deprioritizes this vacancy,2026-10-04-v3.0,EXPERIENCED_LEVEL_SIGNAL,3,Seniority: Executive; Occupational classification: Manager,4
SJ_107619,AI Strategist Lead,Greyson Consulting,,Prague,Manager,Data/AI Manager,,Lead/Head,,Lead/Head,NO,AI & Machine Learning,,https://www.startupjobs.cz/nabidka/107619/ai-strategist-lead,2026-09-12T10:57:33+02:00,2026-09-12T10:57:33+02:00,2026-09-12T10:57:33+02:00,,,,,,,Deprioritized,0,0,OTHER,Other,Prague,25,Other,Advertisement requirements not yet verified; Senior/lead requirement needs verification; Publication date unknown; first observation is only a lower bound on age; Latest saved review rejects or deprioritizes this vacancy,2026-10-04-v3.0,,25,First observation: minimum age only,25,UNKNOWN,,PREVIOUS_REJECTION,8,REJECTED,Publication date unknown; first observation is only a lower bound on age; Latest saved review rejects or deprioritizes this vacancy,2026-10-04-v3.0,EXPERIENCED_LEVEL_SIGNAL,3,Seniority: Lead/Head; Job title: AI Strategist Lead; Occupational classification: Manager,4
SJ_107621,IT specialist - systems administration and internal development with AI (part-time),LDparks Solutions s.r.o.,,Prague,Specialist,AI/Automation Specialist,,,,,NO,"AI & Machine Learning, IT & Software",,https://www.startupjobs.cz/nabidka/107621/it-specialist-systems-administration-and-internal-development-with-ai-part-time,2026-09-12T10:57:33+02:00,2026-09-12T10:57:33+02:00,2026-09-12T10:57:33+02:00,,,,,,,Deprioritized,0,0,OTHER,Other,Prague,25,Other,Advertisement requirements not yet verified; Entry-level accessibility unconfirmed; Publication date unknown; first observation is only a lower bound on age; Latest saved review rejects or deprioritizes this vacancy,2026-10-04-v3.0,,25,First observation: minimum age only,25,UNKNOWN,,PREVIOUS_REJECTION,8,REJECTED,Publication date unknown; first observation is only a lower bound on age; Latest saved review rejects or deprioritizes this vacancy,2026-10-04-v3.0,SENIORITY_UNCONFIRMED,1,No explicit entry-level or experience-level signal in title/source seniority,4
SJ_107633,Produktový lídr a vývojář nové AI služby,"KPCS CZ, s.r.o.",,Prague,Manager,Product Manager/Product Owner,,Lead/Head,,Lead/Head,NO,"AI & Machine Learning, IT & Software",,https://www.startupjobs.cz/nabidka/107633/produktovy-lidr-a-vyvojar-nove-ai-sluzby,2026-09-12T10:57:33+02:00,2026-09-12T10:57:33+02:00,2026-09-12T10:57:33+02:00,,,,,,,Senior/Leadership Stretch,0,0,SOFTWARE_BACKEND_FULLSTACK,Software Development,Prague,25,Software Development,Advertisement requirements not yet verified; Senior/lead requirement needs verification; Czech-language title: workplace language needs verification; Publication date unknown; first observation is only a lower bound on age; Latest saved review rejects or deprioritizes this vacancy,2026-10-04-v3.0,,25,First observation: minimum age only,25,UNKNOWN,,PREVIOUS_REJECTION,8,REJECTED,Publication date unknown; first observation is only a lower bound on age; Latest saved review rejects or deprioritizes this vacancy,2026-10-04-v3.0,EXPERIENCED_LEVEL_SIGNAL,3,Seniority: Lead/Head; Occupational classification: Manager,4
SJ_107613,🚀 PPC Specialista – AI kampaně,SIMPLY DIGITAL s.r.o.,,Prague,Specialist,Marketing/Communications Specialist,,,,,NO,"AI & Machine Learning, Marketing & Communications",,https://www.startupjobs.cz/nabidka/107613/ppc-specialista-ai-kampane,2026-09-12T10:57:33+02:00,2026-09-12T10:57:33+02:00,2026-09-12T10:57:33+02:00,,,,,,,Deprioritized,0,0,OTHER,Other,Prague,25,Other,Advertisement requirements not yet verified; Entry-level accessibility unconfirmed; Czech-language title: workplace language needs verification; Publication date unknown; first observation is only a lower bound on age; Latest saved review rejects or deprioritizes this vacancy,2026-10-04-v3.0,,25,First observation: minimum age only,25,UNKNOWN,,PREVIOUS_REJECTION,8,REJECTED,Publication date unknown; first observation is only a lower bound on age; Latest saved review rejects or deprioritizes this vacancy,2026-10-04-v3.0,SENIORITY_UNCONFIRMED,1,No explicit entry-level or experience-level signal in title/source seniority,3
SJ_103263,IT Business Analytik – Staň se mostem mezi IT a investičním světem! 🚀,CTS Trade IT a.s.,,Prague,Analyst,IT/Systems Analyst,,,,,NO,"Data & Analytics, IT & Software, Finance & Banking",,https://www.startupjobs.cz/nabidka/103263/it-business-analytik-stan-se-mostem-mezi-it-a-investicnim-svetem,2026-09-12T10:55:23+02:00,2026-09-12T10:55:23+02:00,2026-09-12T10:55:23+02:00,,,,,,,Deprioritized,0,0,ADJACENT_TECHNICAL,Adjacent Technical,Prague,25,Adjacent Technical,Advertisement requirements not yet verified; Entry-level accessibility unconfirmed; Czech-language title: workplace language needs verification; Publication date unknown; first observation is only a lower bound on age; Latest saved review rejects or deprioritizes this vacancy,2026-10-04-v3.0,,25,First observation: minimum age only,25,UNKNOWN,,PREVIOUS_REJECTION,8,REJECTED,Publication date unknown; first observation is only a lower bound on age; Latest saved review rejects or deprioritizes this vacancy,2026-10-04-v3.0,SENIORITY_UNCONFIRMED,1,No explicit entry-level or experience-level signal in title/source seniority,4
SJ_107517,Medior/Senior Data Engineer,DataSentics a.s.,,Prague,Engineer,Data Engineer,,"Medior/Mid-level, Senior",,"Medior/Mid-level, Senior",NO,"Data & Analytics, Engineering & R&D",,https://www.startupjobs.cz/nabidka/107517/medior-senior-data-engineer,2026-09-11T23:07:28+02:00,2026-09-11T23:07:28+02:00,2026-09-11T23:07:28+02:00,,,,,,,Senior/Leadership Stretch,0,0,DATA_ENGINEERING_DWH,Data Engineering & Automation,Prague,25,Data Engineering & Automation,Advertisement requirements not yet verified; Senior/lead requirement needs verification; Mid-level experience needs verification; Publication date unknown; first observation is only a lower bound on age; Latest saved review rejects or deprioritizes this vacancy,2026-10-04-v3.0,,26,First observation: minimum age only,26,UNKNOWN,,PREVIOUS_REJECTION,8,REJECTED,Publication date unknown; first observation is only a lower bound on age; Latest saved review rejects or deprioritizes this vacancy,2026-10-04-v3.0,EXPERIENCED_LEVEL_SIGNAL,3,"Seniority: Medior/Mid-level, Senior; Job title: Medior/Senior Data Engineer",3
SJ_107749,Data Analytik (m/f),Trigema a.s.,,Prague,Analyst,General Analyst,,,,,NO,Data & Analytics,,https://www.startupjobs.cz/nabidka/107749/data-analytik-m-f,2026-09-11T23:07:27+02:00,2026-09-11T23:07:27+02:00,2026-09-11T23:07:27+02:00,,,,,,,Deprioritized,0,0,OTHER,Other,Prague,25,Other,Advertisement requirements not yet verified; Entry-level accessibility unconfirmed; Czech-language title: workplace language needs verification; Publication date unknown; first observation is only a lower bound on age; Latest saved review rejects or deprioritizes this vacancy,2026-10-04-v3.0,,26,First observation: minimum age only,26,UNKNOWN,,PREVIOUS_REJECTION,8,REJECTED,Publication date unknown; first observation is only a lower bound on age; Latest saved review rejects or deprioritizes this vacancy,2026-10-04-v3.0,SENIORITY_UNCONFIRMED,1,No explicit entry-level or experience-level signal in title/source seniority,4
SJ_107121,Senior/Lead Backend Engineer – AI / HR Tech (Category-defining European Startup),Sloneek Europe s.r.o.,,Prague,Manager,IT/Engineering Manager,,"Senior, Lead/Head",,"Senior, Lead/Head",NO,"AI & Machine Learning, HR & Recruitment, Engineering & R&D",,https://www.startupjobs.cz/nabidka/107121/senior-lead-backend-engineer-ai-hr-tech-category-defining-european-startup,2026-09-11T23:07:27+02:00,2026-09-11T23:07:27+02:00,2026-09-11T23:07:27+02:00,,,,,,,Senior/Leadership Stretch,0,0,SOFTWARE_BACKEND_FULLSTACK,Software Development,Prague,25,Software Development,Advertisement requirements not yet verified; Senior/lead requirement needs verification; Publication date unknown; first observation is only a lower bound on age; Latest saved review rejects or deprioritizes this vacancy,2026-10-04-v3.0,,26,First observation: minimum age only,26,UNKNOWN,,PREVIOUS_REJECTION,8,REJECTED,Publication date unknown; first observation is only a lower bound on age; Latest saved review rejects or deprioritizes this vacancy,2026-10-04-v3.0,EXPERIENCED_LEVEL_SIGNAL,3,"Seniority: Senior, Lead/Head; Job title: Senior/Lead Backend Engineer – AI / HR Tech (Category-defining European Startup); Occupational classification: Manager",3
SJ_107495,Vývojář / developer / AI orchestrator,ORGREZ DATA s.r.o.,,Prague,Developer,General Software Developer,,,,,NO,"AI & Machine Learning, IT & Software",,https://www.startupjobs.cz/nabidka/107495/vyvojar-developer-ai-orchestrator,2026-09-11T23:07:27+02:00,2026-09-11T23:07:27+02:00,2026-09-11T23:07:27+02:00,,,,,,,Deprioritized,0,0,SOFTWARE_BACKEND_FULLSTACK,Software Development,Prague,25,Software Development,Advertisement requirements not yet verified; Entry-level accessibility unconfirmed; Czech-language title: workplace language needs verification; Publication date unknown; first observation is only a lower bound on age; Latest saved review rejects or deprioritizes this vacancy,2026-10-04-v3.0,,26,First observation: minimum age only,26,UNKNOWN,,PREVIOUS_REJECTION,8,REJECTED,Publication date unknown; first observation is only a lower bound on age; Latest saved review rejects or deprioritizes this vacancy,2026-10-04-v3.0,SENIORITY_UNCONFIRMED,1,No explicit entry-level or experience-level signal in title/source seniority,4
JB_3395,IT analytik - ​Asset Management a CMDB v Jira Service Managementu,Unicorn,,Praha – Holešovice,Analyst,IT/Systems Analyst,,,,,NO,"Data & Analytics, IT & Software",CMDB,https://www.jobs.cz/rpd/2001421699,2026-09-11T17:12:32+02:00,2026-09-11T17:12:32+02:00,2026-09-11T17:12:32+02:00,,,,,,,Deprioritized,0,0,ADJACENT_TECHNICAL,Adjacent Technical,Prague,25,Adjacent Technical,Advertisement requirements not yet verified; Entry-level accessibility unconfirmed; Czech-language title: workplace language needs verification; Publication date unknown; first observation is only a lower bound on age; Latest saved review rejects or deprioritizes this vacancy,2026-10-04-v3.0,,26,First observation: minimum age only,26,UNKNOWN,,PREVIOUS_REJECTION,8,REJECTED,Publication date unknown; first observation is only a lower bound on age; Latest saved review rejects or deprioritizes this vacancy,2026-10-04-v3.0,SENIORITY_UNCONFIRMED,1,No explicit entry-level or experience-level signal in title/source seniority,4
JB_2703,Specialista marketingové komunikace (m/ž),GTH catering a.s.,,Praha – Chodov,Specialist,Marketing/Communications Specialist,,,,,NO,Marketing & Communications,,https://www.jobs.cz/rpd/2001348510,2026-09-11T17:10:12+02:00,2026-09-11T17:10:12+02:00,2026-09-11T17:10:12+02:00,,,,,,,Deprioritized,0,0,OTHER,Other,Prague,25,Other,Advertisement requirements not yet verified; Entry-level accessibility unconfirmed; Czech-language title: workplace language needs verification; Publication date unknown; first observation is only a lower bound on age; Latest saved review rejects or deprioritizes this vacancy,2026-10-04-v3.0,,26,First observation: minimum age only,26,UNKNOWN,,PREVIOUS_REJECTION,8,REJECTED,Publication date unknown; first observation is only a lower bound on age; Latest saved review rejects or deprioritizes this vacancy,2026-10-04-v3.0,SENIORITY_UNCONFIRMED,1,No explicit entry-level or experience-level signal in title/source seniority,4
JB_5850,AI Videomaker pro Media Booster,TV Prima,,Praha – Strašnice,Specialist,AI/Automation Specialist,,,,,NO,"AI & Machine Learning, Marketing & Communications, Media & Entertainment",,https://www.jobs.cz/rpd/2001410223,2026-09-11T17:02:25+02:00,2026-09-11T17:02:25+02:00,2026-09-11T17:02:25+02:00,,,,,,,Deprioritized,0,0,OTHER,Other,Prague,25,Other,Advertisement requirements not yet verified; Entry-level accessibility unconfirmed; Publication date unknown; first observation is only a lower bound on age; Latest saved review rejects or deprioritizes this vacancy,2026-10-04-v3.0,,26,First observation: minimum age only,26,UNKNOWN,,PREVIOUS_REJECTION,8,REJECTED,Publication date unknown; first observation is only a lower bound on age; Latest saved review rejects or deprioritizes this vacancy,2026-10-04-v3.0,SENIORITY_UNCONFIRMED,1,No explicit entry-level or experience-level signal in title/source seniority,4
JB_3262,AI Innovation & Adoption Specialist (m/f),Raiffeisenbank a.s.,,Praha – Nusle,Specialist,AI/Automation Specialist,,,,,NO,"AI & Machine Learning, Engineering & R&D",,https://www.jobs.cz/rpd/2001398572,2026-09-11T17:02:09+02:00,2026-09-11T17:02:09+02:00,2026-09-11T17:02:09+02:00,,,,,,,Deprioritized,0,0,OTHER,Other,Prague,25,Other,Advertisement requirements not yet verified; Entry-level accessibility unconfirmed; Publication date unknown; first observation is only a lower bound on age; Latest saved review rejects or deprioritizes this vacancy,2026-10-04-v3.0,,26,First observation: minimum age only,26,UNKNOWN,,PREVIOUS_REJECTION,8,REJECTED,Publication date unknown; first observation is only a lower bound on age; Latest saved review rejects or deprioritizes this vacancy,2026-10-04-v3.0,SENIORITY_UNCONFIRMED,1,No explicit entry-level or experience-level signal in title/source seniority,3
JB_2820,Linux / DevOps Engineer pro AI služby,České Radiokomunikace a.s.,,Praha – Břevnov,Engineer,DevOps/SRE Engineer,,,,,NO,"AI & Machine Learning, Cloud & Infrastructure, Engineering & R&D",Linux,https://www.jobs.cz/rpd/2001364987,2026-09-11T17:02:09+02:00,2026-09-11T17:02:09+02:00,2026-09-11T17:02:09+02:00,,,,,,,Deprioritized,0,0,OTHER,Other,Prague,25,Other,Advertisement requirements not yet verified; Entry-level accessibility unconfirmed; Czech-language title: workplace language needs verification; Publication date unknown; first observation is only a lower bound on age; Latest saved review rejects or deprioritizes this vacancy,2026-10-04-v3.0,,26,First observation: minimum age only,26,UNKNOWN,,PREVIOUS_REJECTION,8,REJECTED,Publication date unknown; first observation is only a lower bound on age; Latest saved review rejects or deprioritizes this vacancy,2026-10-04-v3.0,SENIORITY_UNCONFIRMED,1,No explicit entry-level or experience-level signal in title/source seniority,4
JB_3685,Red Team Engineer |AI Security,Grafton Recruitment s.r.o.,100 000 – 130 000 Kč,Praha,Engineer,Security Engineer,,,,,NO,"AI & Machine Learning, Cybersecurity, Engineering & R&D",,https://www.jobs.cz/rpd/2001390364,2026-09-11T17:02:09+02:00,2026-09-11T17:02:09+02:00,2026-09-11T17:02:09+02:00,,,,,,,Deprioritized,0,0,OTHER,Other,Prague,25,Other,Advertisement requirements not yet verified; Entry-level accessibility unconfirmed; Publication date unknown; first observation is only a lower bound on age; Latest saved review rejects or deprioritizes this vacancy,2026-10-04-v3.0,,26,First observation: minimum age only,26,UNKNOWN,,PREVIOUS_REJECTION,8,REJECTED,Publication date unknown; first observation is only a lower bound on age; Latest saved review rejects or deprioritizes this vacancy,2026-10-04-v3.0,SENIORITY_UNCONFIRMED,1,No explicit entry-level or experience-level signal in title/source seniority,4
JB_5548,Cloud / DevOps Engineer*ka (AWS a AI),Raiffeisenbank a.s.,,Praha – Nusle,Engineer,DevOps/SRE Engineer,,,,,NO,"AI & Machine Learning, Cloud & Infrastructure, Engineering & R&D",AWS,https://www.jobs.cz/rpd/2001097401,2026-09-11T17:01:57+02:00,2026-09-11T17:01:57+02:00,2026-09-11T17:01:57+02:00,,,,,,,Deprioritized,0,0,OTHER,Other,Prague,25,Other,Advertisement requirements not yet verified; Entry-level accessibility unconfirmed; Publication date unknown; first observation is only a lower bound on age; Latest saved review rejects or deprioritizes this vacancy,2026-10-04-v3.0,,26,First observation: minimum age only,26,UNKNOWN,,PREVIOUS_REJECTION,8,REJECTED,Publication date unknown; first observation is only a lower bound on age; Latest saved review rejects or deprioritizes this vacancy,2026-10-04-v3.0,SENIORITY_UNCONFIRMED,1,No explicit entry-level or experience-level signal in title/source seniority,4
JB_8941,"Stáž v oblasti EHS procesů (Environment, Health & Safety)",Bühler Praha s.r.o.,,Praha – Nusle,Intern/Trainee,General Internship/Traineeship,,,,,NO,Quality & Safety,,https://www.jobs.cz/rpd/2001421571,2026-09-11T17:00:48+02:00,2026-09-11T17:00:48+02:00,2026-09-11T17:00:48+02:00,,,,,,,Deprioritized,0,0,OTHER,Other,Prague,25,Other,Advertisement requirements not yet verified; Entry-level accessibility unconfirmed; Czech-language title: workplace language needs verification; Publication date unknown; first observation is only a lower bound on age; Latest saved review rejects or deprioritizes this vacancy,2026-10-04-v3.0,,26,First observation: minimum age only,26,UNKNOWN,,PREVIOUS_REJECTION,8,REJECTED,Publication date unknown; first observation is only a lower bound on age; Latest saved review rejects or deprioritizes this vacancy,2026-10-04-v3.0,SENIORITY_UNCONFIRMED,1,No explicit entry-level or experience-level signal in title/source seniority,4
JB_8422,Analytik/čka personální bezpečnosti,Národní bezpečnostní úřad,,Praha – Košíře,Analyst,Security/Fraud Analyst,,,,,NO,"Data & Analytics, HR & Recruitment",,https://www.jobs.cz/rpd/2001421144,2026-09-11T16:53:41+02:00,2026-09-11T16:53:41+02:00,2026-09-11T16:53:41+02:00,,,,,,,Deprioritized,0,0,OTHER,Other,Prague,25,Other,Advertisement requirements not yet verified; Entry-level accessibility unconfirmed; Czech-language title: workplace language needs verification; Publication date unknown; first observation is only a lower bound on age; Latest saved review rejects or deprioritizes this vacancy,2026-10-04-v3.0,,26,First observation: minimum age only,26,UNKNOWN,,PREVIOUS_REJECTION,8,REJECTED,Publication date unknown; first observation is only a lower bound on age; Latest saved review rejects or deprioritizes this vacancy,2026-10-04-v3.0,SENIORITY_UNCONFIRMED,1,No explicit entry-level or experience-level signal in title/source seniority,4
JB_3154,IT Analytik - Digital Identity (m/ž),"ČSOB Československá obchodní banka, a. s.",,Praha – Radlice,Analyst,IT/Systems Analyst,,,,,NO,"Data & Analytics, IT & Software",,https://www.jobs.cz/rpd/2001394908,2026-09-11T16:53:41+02:00,2026-09-11T16:53:41+02:00,2026-09-11T16:53:41+02:00,,,,,,,Deprioritized,0,0,ADJACENT_TECHNICAL,Adjacent Technical,Prague,25,Adjacent Technical,Advertisement requirements not yet verified; Entry-level accessibility unconfirmed; Czech-language title: workplace language needs verification; Publication date unknown; first observation is only a lower bound on age; Latest saved review rejects or deprioritizes this vacancy,2026-10-04-v3.0,,26,First observation: minimum age only,26,UNKNOWN,,PREVIOUS_REJECTION,8,REJECTED,Publication date unknown; first observation is only a lower bound on age; Latest saved review rejects or deprioritizes this vacancy,2026-10-04-v3.0,SENIORITY_UNCONFIRMED,1,No explicit entry-level or experience-level signal in title/source seniority,3
JB_4856,ANALYTIK(ČKA) OCEŇOVÁNÍ FONDOVÉHO MAJETKU,Winstor investiční společnost a.s.,,Praha – Nové Město,Analyst,General Analyst,,,,,NO,Data & Analytics,,https://www.jobs.cz/rpd/2001342954,2026-09-11T16:53:30+02:00,2026-09-11T16:53:30+02:00,2026-09-11T16:53:30+02:00,,,,,,,Deprioritized,0,0,OTHER,Other,Prague,25,Other,Advertisement requirements not yet verified; Entry-level accessibility unconfirmed; Czech-language title: workplace language needs verification; Publication date unknown; first observation is only a lower bound on age; Latest saved review rejects or deprioritizes this vacancy,2026-10-04-v3.0,,26,First observation: minimum age only,26,UNKNOWN,,PREVIOUS_REJECTION,8,REJECTED,Publication date unknown; first observation is only a lower bound on age; Latest saved review rejects or deprioritizes this vacancy,2026-10-04-v3.0,SENIORITY_UNCONFIRMED,1,No explicit entry-level or experience-level signal in title/source seniority,4
JB_3508,Analytik/čka útvaru AML Governance pro oblast regulace (SK pozice) – právní pozice,"Fio banka, a.s.",,Praha – Nové Město,Analyst,General Analyst,,,,,NO,"Data & Analytics, Compliance & Risk",,https://www.jobs.cz/rpd/2001412530,2026-09-11T16:53:30+02:00,2026-09-11T16:53:30+02:00,2026-09-11T16:53:30+02:00,,,,,,,Deprioritized,0,0,OTHER,Other,Prague,25,Other,Advertisement requirements not yet verified; Entry-level accessibility unconfirmed; Czech-language title: workplace language needs verification; Publication date unknown; first observation is only a lower bound on age; Latest saved review rejects or deprioritizes this vacancy,2026-10-04-v3.0,,26,First observation: minimum age only,26,UNKNOWN,,PREVIOUS_REJECTION,8,REJECTED,Publication date unknown; first observation is only a lower bound on age; Latest saved review rejects or deprioritizes this vacancy,2026-10-04-v3.0,SENIORITY_UNCONFIRMED,1,No explicit entry-level or experience-level signal in title/source seniority,4
JB_2545,IT analytik – návrh a rozvoj informačních systémů - Praha,Skupina ICZ,,Praha – Nusle,Analyst,IT/Systems Analyst,,,,,NO,"Data & Analytics, IT & Software",,https://www.jobs.cz/rpd/2001400392,2026-09-11T16:53:08+02:00,2026-09-11T16:53:08+02:00,2026-09-11T16:53:08+02:00,,,,,,,Deprioritized,0,0,ADJACENT_TECHNICAL,Adjacent Technical,Prague,25,Adjacent Technical,Advertisement requirements not yet verified; Entry-level accessibility unconfirmed; Czech-language title: workplace language needs verification; Publication date unknown; first observation is only a lower bound on age; Latest saved review rejects or deprioritizes this vacancy,2026-10-04-v3.0,,26,First observation: minimum age only,26,UNKNOWN,,PREVIOUS_REJECTION,8,REJECTED,Publication date unknown; first observation is only a lower bound on age; Latest saved review rejects or deprioritizes this vacancy,2026-10-04-v3.0,SENIORITY_UNCONFIRMED,1,No explicit entry-level or experience-level signal in title/source seniority,4
JB_0637,IT analytik/-čka medior,"Komerční pojišťovna, a.s.",,Praha – Stodůlky,Analyst,IT/Systems Analyst,,Medior/Mid-level,,Medior/Mid-level,NO,"Data & Analytics, IT & Software",,https://www.jobs.cz/rpd/2001350197,2026-09-11T16:53:08+02:00,2026-09-11T16:53:08+02:00,2026-09-11T16:53:08+02:00,,,,,,,Deprioritized,0,0,ADJACENT_TECHNICAL,Adjacent Technical,Prague,25,Adjacent Technical,Advertisement requirements not yet verified; Mid-level experience needs verification; Czech-language title: workplace language needs verification; Publication date unknown; first observation is only a lower bound on age; Latest saved review rejects or deprioritizes this vacancy,2026-10-04-v3.0,,26,First observation: minimum age only,26,UNKNOWN,,PREVIOUS_REJECTION,8,REJECTED,Publication date unknown; first observation is only a lower bound on age; Latest saved review rejects or deprioritizes this vacancy,2026-10-04-v3.0,EXPERIENCED_LEVEL_SIGNAL,3,Seniority: Medior/Mid-level; Job title: IT analytik/-čka medior,3
JB_0307,IT Systems & Digitalization Specialist (Mid/Senior),Skyport a.s.,,Praha – Ruzyně,Specialist,IT/Systems Specialist,,Senior,,Senior,NO,IT & Software,,https://www.jobs.cz/rpd/2001414495,2026-09-11T16:52:45+02:00,2026-09-11T16:52:45+02:00,2026-09-11T16:52:45+02:00,,,,,,,Deprioritized,0,0,OTHER,Other,Prague,25,Other,Advertisement requirements not yet verified; Senior/lead requirement needs verification; Publication date unknown; first observation is only a lower bound on age; Latest saved review rejects or deprioritizes this vacancy,2026-10-04-v3.0,,26,First observation: minimum age only,26,UNKNOWN,,PREVIOUS_REJECTION,8,REJECTED,Publication date unknown; first observation is only a lower bound on age; Latest saved review rejects or deprioritizes this vacancy,2026-10-04-v3.0,EXPERIENCED_LEVEL_SIGNAL,3,Seniority: Senior; Job title: IT Systems & Digitalization Specialist (Mid/Senior),4
JB_7570,IT Analytik (m/ž),"ČSOB Československá obchodní banka, a. s.",,Praha – Radlice,Analyst,IT/Systems Analyst,,,,,NO,"Data & Analytics, IT & Software",,https://www.jobs.cz/rpd/2001399843,2026-09-11T16:52:36+02:00,2026-09-11T16:52:36+02:00,2026-09-11T16:52:36+02:00,,,,,,,Deprioritized,0,0,ADJACENT_TECHNICAL,Adjacent Technical,Prague,25,Adjacent Technical,Advertisement requirements not yet verified; Entry-level accessibility unconfirmed; Czech-language title: workplace language needs verification; Publication date unknown; first observation is only a lower bound on age; Latest saved review rejects or deprioritizes this vacancy,2026-10-04-v3.0,,26,First observation: minimum age only,26,UNKNOWN,,PREVIOUS_REJECTION,8,REJECTED,Publication date unknown; first observation is only a lower bound on age; Latest saved review rejects or deprioritizes this vacancy,2026-10-04-v3.0,SENIORITY_UNCONFIRMED,1,No explicit entry-level or experience-level signal in title/source seniority,4
JB_5355,IT Business Analytik (m/ž),"ČSOB Československá obchodní banka, a. s.",,Praha – Radlice,Analyst,IT/Systems Analyst,,,,,NO,"Data & Analytics, IT & Software",,https://www.jobs.cz/rpd/2001399846,2026-09-11T16:52:36+02:00,2026-09-11T16:52:36+02:00,2026-09-11T16:52:36+02:00,,,,,,,Deprioritized,0,0,ADJACENT_TECHNICAL,Adjacent Technical,Prague,25,Adjacent Technical,Advertisement requirements not yet verified; Entry-level accessibility unconfirmed; Czech-language title: workplace language needs verification; Publication date unknown; first observation is only a lower bound on age; Latest saved review rejects or deprioritizes this vacancy,2026-10-04-v3.0,,26,First observation: minimum age only,26,UNKNOWN,,PREVIOUS_REJECTION,8,REJECTED,Publication date unknown; first observation is only a lower bound on age; Latest saved review rejects or deprioritizes this vacancy,2026-10-04-v3.0,SENIORITY_UNCONFIRMED,1,No explicit entry-level or experience-level signal in title/source seniority,4
JB_4989,IT Business analytik materiálových procesů (m/ž),Škoda Auto a.s.,,Praha,Analyst,IT/Systems Analyst,,,,,NO,"Data & Analytics, IT & Software",,https://www.jobs.cz/rpd/2001253625,2026-09-11T16:52:36+02:00,2026-09-11T16:52:36+02:00,2026-09-11T16:52:36+02:00,,,,,,,Deprioritized,0,0,ADJACENT_TECHNICAL,Adjacent Technical,Prague,25,Adjacent Technical,Advertisement requirements not yet verified; Entry-level accessibility unconfirmed; Czech-language title: workplace language needs verification; Publication date unknown; first observation is only a lower bound on age; Latest saved review rejects or deprioritizes this vacancy,2026-10-04-v3.0,,26,First observation: minimum age only,26,UNKNOWN,,PREVIOUS_REJECTION,8,REJECTED,Publication date unknown; first observation is only a lower bound on age; Latest saved review rejects or deprioritizes this vacancy,2026-10-04-v3.0,SENIORITY_UNCONFIRMED,1,No explicit entry-level or experience-level signal in title/source seniority,3
JB_9398,Business/IT analytik,"CENDIS, s.p.",70 000 – 85 000 Kč,Praha – Holešovice,Analyst,IT/Systems Analyst,,,,,NO,"Data & Analytics, IT & Software",,https://www.jobs.cz/rpd/2001406141,2026-09-11T16:52:19+02:00,2026-09-11T16:52:19+02:00,2026-09-11T16:52:19+02:00,,,,,,,Deprioritized,0,0,ADJACENT_TECHNICAL,Adjacent Technical,Prague,25,Adjacent Technical,Advertisement requirements not yet verified; Entry-level accessibility unconfirmed; Czech-language title: workplace language needs verification; Publication date unknown; first observation is only a lower bound on age; Latest saved review rejects or deprioritizes this vacancy,2026-10-04-v3.0,,26,First observation: minimum age only,26,UNKNOWN,,PREVIOUS_REJECTION,8,REJECTED,Publication date unknown; first observation is only a lower bound on age; Latest saved review rejects or deprioritizes this vacancy,2026-10-04-v3.0,SENIORITY_UNCONFIRMED,1,No explicit entry-level or experience-level signal in title/source seniority,4
JB_0043,IT Business Analytik – Staň se mostem mezi IT a investičním světem! 🚀,CTS TRADE IT a.s.,,Praha – Krč,Analyst,IT/Systems Analyst,,,,,NO,"Data & Analytics, IT & Software, Finance & Banking",,https://www.jobs.cz/rpd/2001350008,2026-09-11T16:52:19+02:00,2026-09-11T16:52:19+02:00,2026-09-11T16:52:19+02:00,,,,,,,Deprioritized,0,0,ADJACENT_TECHNICAL,Adjacent Technical,Prague,25,Adjacent Technical,Advertisement requirements not yet verified; Entry-level accessibility unconfirmed; Czech-language title: workplace language needs verification; Publication date unknown; first observation is only a lower bound on age; Latest saved review rejects or deprioritizes this vacancy,2026-10-04-v3.0,,26,First observation: minimum age only,26,UNKNOWN,,PREVIOUS_REJECTION,8,REJECTED,Publication date unknown; first observation is only a lower bound on age; Latest saved review rejects or deprioritizes this vacancy,2026-10-04-v3.0,SENIORITY_UNCONFIRMED,1,No explicit entry-level or experience-level signal in title/source seniority,4
JB_9367,Business / IT analytik,"Seyfor, a. s.",,Praha – Karlín,Analyst,IT/Systems Analyst,,,,,NO,"Data & Analytics, IT & Software",,https://www.jobs.cz/rpd/2001381030,2026-09-11T16:44:56+02:00,2026-09-11T16:44:56+02:00,2026-09-11T16:44:56+02:00,,,,,,,Deprioritized,0,0,ADJACENT_TECHNICAL,Adjacent Technical,Prague,25,Adjacent Technical,Advertisement requirements not yet verified; Entry-level accessibility unconfirmed; Czech-language title: workplace language needs verification; Publication date unknown; first observation is only a lower bound on age; Latest saved review rejects or deprioritizes this vacancy,2026-10-04-v3.0,,26,First observation: minimum age only,26,UNKNOWN,,PREVIOUS_REJECTION,8,REJECTED,Publication date unknown; first observation is only a lower bound on age; Latest saved review rejects or deprioritizes this vacancy,2026-10-04-v3.0,SENIORITY_UNCONFIRMED,1,No explicit entry-level or experience-level signal in title/source seniority,4
JB_8985,"Content Creator & AI Innovation Specialist (part-time 0,5)",digihive s.r.o.,,Praha – Troja,Specialist,Marketing/Communications Specialist,,,,,NO,"AI & Machine Learning, Marketing & Communications, Engineering & R&D",,https://www.jobs.cz/rpd/2001383555,2026-09-11T16:44:19+02:00,2026-09-11T16:44:19+02:00,2026-09-11T16:44:19+02:00,,,,,,,Deprioritized,0,0,OTHER,Other,Prague,25,Other,Advertisement requirements not yet verified; Entry-level accessibility unconfirmed; Publication date unknown; first observation is only a lower bound on age; Latest saved review rejects or deprioritizes this vacancy,2026-10-04-v3.0,,26,First observation: minimum age only,26,UNKNOWN,,PREVIOUS_REJECTION,8,REJECTED,Publication date unknown; first observation is only a lower bound on age; Latest saved review rejects or deprioritizes this vacancy,2026-10-04-v3.0,SENIORITY_UNCONFIRMED,1,No explicit entry-level or experience-level signal in title/source seniority,4
JB_7739,Student – Test Automation Engineer in Python for Industrial Automation,"Siemens, s.r.o.",,Praha – Stodůlky,Engineer,QA/Test Engineer,,,,,NO,"Manufacturing & Production, Engineering & R&D",Python,https://www.jobs.cz/rpd/2001173625,2026-09-11T16:20:07+02:00,2026-09-11T16:20:07+02:00,2026-09-11T16:20:07+02:00,,,,,,,Deprioritized,0,0,OTHER,Other,Prague,25,Other; python,Advertisement requirements not yet verified; Entry-level accessibility unconfirmed; Publication date unknown; first observation is only a lower bound on age; Latest saved review rejects or deprioritizes this vacancy,2026-10-04-v3.0,,26,First observation: minimum age only,26,UNKNOWN,,PREVIOUS_REJECTION,8,REJECTED,Publication date unknown; first observation is only a lower bound on age; Latest saved review rejects or deprioritizes this vacancy,2026-10-04-v3.0,SENIORITY_UNCONFIRMED,1,No explicit entry-level or experience-level signal in title/source seniority,3
JB_0561,Python Developer (Medior/Senior),Datacruit s.r.o.,,Praha – Karlín,Developer,General Software Developer,,"Medior/Mid-level, Senior",,"Medior/Mid-level, Senior",NO,IT & Software,Python,https://www.jobs.cz/rpd/2001421565,2026-09-11T16:19:55+02:00,2026-09-11T16:19:55+02:00,2026-09-11T16:19:55+02:00,,,,,,,Senior/Leadership Stretch,0,0,SOFTWARE_BACKEND_FULLSTACK,Software Development,Prague,25,Software Development; python,Advertisement requirements not yet verified; Senior/lead requirement needs verification; Mid-level experience needs verification; Publication date unknown; first observation is only a lower bound on age; Latest saved review rejects or deprioritizes this vacancy,2026-10-04-v3.0,,26,First observation: minimum age only,26,UNKNOWN,,PREVIOUS_REJECTION,8,REJECTED,Publication date unknown; first observation is only a lower bound on age; Latest saved review rejects or deprioritizes this vacancy,2026-10-04-v3.0,EXPERIENCED_LEVEL_SIGNAL,3,"Seniority: Medior/Mid-level, Senior; Job title: Python Developer (Medior/Senior)",4
JB_4966,"Student Support in MCC & Client Valuation (Lebovic), Branch","COMMERZBANK Aktiengesellschaft, pobočka Praha",,Praha – Vinohrady,Support Specialist,Customer Support,,,,,NO,"Finance & Banking, Customer Service",,https://www.jobs.cz/rpd/2001417779,2026-09-11T16:19:02+02:00,2026-09-11T16:19:02+02:00,2026-09-11T16:19:02+02:00,,,,,,,Deprioritized,0,0,OTHER,Other,Prague,25,Other,Advertisement requirements not yet verified; Entry-level accessibility unconfirmed; Publication date unknown; first observation is only a lower bound on age; Latest saved review rejects or deprioritizes this vacancy,2026-10-04-v3.0,,26,First observation: minimum age only,26,UNKNOWN,,PREVIOUS_REJECTION,8,REJECTED,Publication date unknown; first observation is only a lower bound on age; Latest saved review rejects or deprioritizes this vacancy,2026-10-04-v3.0,SENIORITY_UNCONFIRMED,1,No explicit entry-level or experience-level signal in title/source seniority,4
JB_8344,AI Specialista,"Globus ČR, v.o.s.",,Praha – Čakovice,Specialist,AI/Automation Specialist,,,,,NO,AI & Machine Learning,,https://www.jobs.cz/rpd/2001409823,2026-09-11T16:18:26+02:00,2026-09-11T16:18:26+02:00,2026-09-11T16:18:26+02:00,,,,,,,Deprioritized,0,0,OTHER,Other,Prague,25,Other,Advertisement requirements not yet verified; Entry-level accessibility unconfirmed; Czech-language title: workplace language needs verification; Publication date unknown; first observation is only a lower bound on age; Latest saved review rejects or deprioritizes this vacancy,2026-10-04-v3.0,,26,First observation: minimum age only,26,UNKNOWN,,PREVIOUS_REJECTION,8,REJECTED,Publication date unknown; first observation is only a lower bound on age; Latest saved review rejects or deprioritizes this vacancy,2026-10-04-v3.0,SENIORITY_UNCONFIRMED,1,No explicit entry-level or experience-level signal in title/source seniority,3
JB_0252,Oracle PL/SQL Developer – CPLM (mid/senior level),"COMMERZBANK Aktiengesellschaft, pobočka Praha",,Praha – Nové Město,Developer,Data/Database Developer,,Senior,,Senior,NO,IT & Software,"SQL, Oracle",https://www.jobs.cz/rpd/2001384965,2026-09-11T16:18:18+02:00,2026-09-11T16:18:18+02:00,2026-09-11T16:18:18+02:00,,,,,,,Senior/Leadership Stretch,0,0,DATA_ENGINEERING_DWH,Data Engineering & Automation,Prague,25,Data Engineering & Automation; sql,Advertisement requirements not yet verified; Senior/lead requirement needs verification; Publication date unknown; first observation is only a lower bound on age; Latest saved review rejects or deprioritizes this vacancy,2026-10-04-v3.0,,26,First observation: minimum age only,26,UNKNOWN,,PREVIOUS_REJECTION,8,REJECTED,Publication date unknown; first observation is only a lower bound on age; Latest saved review rejects or deprioritizes this vacancy,2026-10-04-v3.0,EXPERIENCED_LEVEL_SIGNAL,3,Seniority: Senior; Job title: Oracle PL/SQL Developer – CPLM (mid/senior level),3
JB_5937,AI architekt,ppm factum a.s.,,Praha – Stodůlky,Architect,AI Architect,,,,,NO,AI & Machine Learning,,https://www.jobs.cz/rpd/2001414594,2026-09-11T16:18:17+02:00,2026-09-11T16:18:17+02:00,2026-09-11T16:18:17+02:00,,,,,,,Deprioritized,0,0,OTHER,Other,Prague,25,Other,Advertisement requirements not yet verified; Entry-level accessibility unconfirmed; Publication date unknown; first observation is only a lower bound on age; Latest saved review rejects or deprioritizes this vacancy,2026-10-04-v3.0,,26,First observation: minimum age only,26,UNKNOWN,,PREVIOUS_REJECTION,8,REJECTED,Publication date unknown; first observation is only a lower bound on age; Latest saved review rejects or deprioritizes this vacancy,2026-10-04-v3.0,SENIORITY_UNCONFIRMED,1,No explicit entry-level or experience-level signal in title/source seniority,4
JB_1184,Senior Linux / Infrastructure Engineer pro AI Cloud,České Radiokomunikace a.s.,,Praha – Břevnov,Engineer,Cloud/Platform Engineer,,Senior,,Senior,NO,"AI & Machine Learning, Cloud & Infrastructure, Engineering & R&D",Linux,https://www.jobs.cz/rpd/2001364978,2026-09-11T16:18:03+02:00,2026-09-11T16:18:03+02:00,2026-09-11T16:18:03+02:00,,,,,,,Deprioritized,0,0,OTHER,Other,Prague,25,Other,Advertisement requirements not yet verified; Senior/lead requirement needs verification; Publication date unknown; first observation is only a lower bound on age; Latest saved review rejects or deprioritizes this vacancy,2026-10-04-v3.0,,26,First observation: minimum age only,26,UNKNOWN,,PREVIOUS_REJECTION,8,REJECTED,Publication date unknown; first observation is only a lower bound on age; Latest saved review rejects or deprioritizes this vacancy,2026-10-04-v3.0,EXPERIENCED_LEVEL_SIGNAL,3,Seniority: Senior; Job title: Senior Linux / Infrastructure Engineer pro AI Cloud,4
JB_2484,AI Specialista (m/ž),AKESO holding a.s.,,Praha – Stodůlky,Specialist,AI/Automation Specialist,,,,,NO,AI & Machine Learning,,https://www.jobs.cz/rpd/2001390346,2026-09-11T16:17:46+02:00,2026-09-11T16:17:46+02:00,2026-09-11T16:17:46+02:00,,,,,,,Deprioritized,0,0,OTHER,Other,Prague,25,Other,Advertisement requirements not yet verified; Entry-level accessibility unconfirmed; Czech-language title: workplace language needs verification; Publication date unknown; first observation is only a lower bound on age; Latest saved review rejects or deprioritizes this vacancy,2026-10-04-v3.0,,26,First observation: minimum age only,26,UNKNOWN,,PREVIOUS_REJECTION,8,REJECTED,Publication date unknown; first observation is only a lower bound on age; Latest saved review rejects or deprioritizes this vacancy,2026-10-04-v3.0,SENIORITY_UNCONFIRMED,1,No explicit entry-level or experience-level signal in title/source seniority,4
JB_7249,Obchodně-technický konzultant/ka B2B (produkty s AI),ATLAS GROUP,50 000 – 100 000 Kč,Praha – Chodov,Consultant,AI/Transformation Consultant,,,,,NO,"AI & Machine Learning, Sales & Business Development",,https://www.jobs.cz/rpd/2001379848,2026-09-11T16:17:46+02:00,2026-09-11T16:17:46+02:00,2026-09-11T16:17:46+02:00,,,,,,,Deprioritized,0,0,OTHER,Other,Prague,25,Other,Advertisement requirements not yet verified; Entry-level accessibility unconfirmed; Czech-language title: workplace language needs verification; Publication date unknown; first observation is only a lower bound on age; Latest saved review rejects or deprioritizes this vacancy,2026-10-04-v3.0,,26,First observation: minimum age only,26,UNKNOWN,,PREVIOUS_REJECTION,8,REJECTED,Publication date unknown; first observation is only a lower bound on age; Latest saved review rejects or deprioritizes this vacancy,2026-10-04-v3.0,SENIORITY_UNCONFIRMED,1,No explicit entry-level or experience-level signal in title/source seniority,4
JB_9183,Senior Java Developer - AI-Driven Engineer (m/f),Raiffeisenbank a.s.,,Praha – Nusle,Developer,General Software Developer,,Senior,,Senior,NO,"AI & Machine Learning, IT & Software, Engineering & R&D",Java,https://www.jobs.cz/rpd/2001395811,2026-09-11T16:17:46+02:00,2026-09-11T16:17:46+02:00,2026-09-11T16:17:46+02:00,,,,,,,Senior/Leadership Stretch,0,0,SOFTWARE_BACKEND_FULLSTACK,Software Development,Prague,25,Software Development,Advertisement requirements not yet verified; Senior/lead requirement needs verification; Publication date unknown; first observation is only a lower bound on age; Latest saved review rejects or deprioritizes this vacancy,2026-10-04-v3.0,,26,First observation: minimum age only,26,UNKNOWN,,PREVIOUS_REJECTION,8,REJECTED,Publication date unknown; first observation is only a lower bound on age; Latest saved review rejects or deprioritizes this vacancy,2026-10-04-v3.0,EXPERIENCED_LEVEL_SIGNAL,3,Seniority: Senior; Job title: Senior Java Developer - AI-Driven Engineer (m/f),4
JB_7972,AI Architect,TRASK SOLUTIONS a.s.,,Praha – Krč,Architect,AI Architect,,,,,NO,AI & Machine Learning,,https://www.jobs.cz/rpd/2001419689,2026-09-11T16:17:36+02:00,2026-09-11T16:17:36+02:00,2026-09-11T16:17:36+02:00,,,,,,,Deprioritized,0,0,OTHER,Other,Prague,25,Other,Advertisement requirements not yet verified; Entry-level accessibility unconfirmed; Publication date unknown; first observation is only a lower bound on age; Latest saved review rejects or deprioritizes this vacancy,2026-10-04-v3.0,,26,First observation: minimum age only,26,UNKNOWN,,PREVIOUS_REJECTION,8,REJECTED,Publication date unknown; first observation is only a lower bound on age; Latest saved review rejects or deprioritizes this vacancy,2026-10-04-v3.0,SENIORITY_UNCONFIRMED,1,No explicit entry-level or experience-level signal in title/source seniority,4
JB_1274,Osobní bankéř/ka - Benešov,Banka CREDITAS a.s.,,Benešov,Specialist,Finance/Banking Specialist,,,,,NO,Finance & Banking,,https://www.jobs.cz/rpd/2001405573,2026-09-11T16:11:05+02:00,2026-09-11T16:11:05+02:00,2026-09-11T16:11:05+02:00,,,,,,,Deprioritized,0,0,OTHER,Other,Verify Prague eligibility,25,Other,Advertisement requirements not yet verified; Entry-level accessibility unconfirmed; Czech-language title: workplace language needs verification; Prague eligibility unresolved; Publication date unknown; first observation is only a lower bound on age; Latest saved review rejects or deprioritizes this vacancy,2026-10-04-v3.0,,26,First observation: minimum age only,26,UNKNOWN,,PREVIOUS_REJECTION,8,REJECTED,Publication date unknown; first observation is only a lower bound on age; Latest saved review rejects or deprioritizes this vacancy,2026-10-04-v3.0,SENIORITY_UNCONFIRMED,1,No explicit entry-level or experience-level signal in title/source seniority,4
JB_3472,Senior strojní inžernýr/ka,Prusa Research a.s.,,Praha – Holešovice,Engineer,Mechanical/Automotive Engineer,,Senior,,Senior,NO,,,https://www.jobs.cz/rpd/2001415543,2026-09-11T16:10:53+02:00,2026-09-11T16:10:53+02:00,2026-09-11T16:10:53+02:00,,,,,,,Deprioritized,0,0,OTHER,Other,Prague,25,Other,Advertisement requirements not yet verified; Senior/lead requirement needs verification; Czech-language title: workplace language needs verification; Publication date unknown; first observation is only a lower bound on age; Latest saved review rejects or deprioritizes this vacancy,2026-10-04-v3.0,,26,First observation: minimum age only,26,UNKNOWN,,PREVIOUS_REJECTION,8,REJECTED,Publication date unknown; first observation is only a lower bound on age; Latest saved review rejects or deprioritizes this vacancy,2026-10-04-v3.0,EXPERIENCED_LEVEL_SIGNAL,3,Seniority: Senior; Job title: Senior strojní inžernýr/ka,4
JB_4077,📌 HR Support - BRIGÁDA,Lindt & Sprüngli (CEE) s.r.o.,,Praha – Nusle,Support Specialist,HR/People Support,,,,,NO,HR & Recruitment,,https://www.jobs.cz/rpd/2001413500,2026-09-11T16:10:53+02:00,2026-09-11T16:10:53+02:00,2026-09-11T16:10:53+02:00,,,,,,,Deprioritized,0,0,OTHER,Other,Prague,25,Other,Advertisement requirements not yet verified; Entry-level accessibility unconfirmed; Publication date unknown; first observation is only a lower bound on age; Latest saved review rejects or deprioritizes this vacancy,2026-10-04-v3.0,,26,First observation: minimum age only,26,UNKNOWN,,PREVIOUS_REJECTION,8,REJECTED,Publication date unknown; first observation is only a lower bound on age; Latest saved review rejects or deprioritizes this vacancy,2026-10-04-v3.0,SENIORITY_UNCONFIRMED,1,No explicit entry-level or experience-level signal in title/source seniority,4
JB_0140,SEO & AI Search Specialista (AEO/GEO) – medior/senior,MONEE TECH GROUP s.r.o.,,Praha – Nové Město,Specialist,Marketing/Communications Specialist,,"Medior/Mid-level, Senior",,"Medior/Mid-level, Senior",NO,"AI & Machine Learning, Marketing & Communications",,https://www.jobs.cz/rpd/2001403504,2026-09-11T16:10:45+02:00,2026-09-11T16:10:45+02:00,2026-09-11T16:10:45+02:00,,,,,,,Deprioritized,0,0,OTHER,Other,Prague,25,Other,Advertisement requirements not yet verified; Senior/lead requirement needs verification; Mid-level experience needs verification; Czech-language title: workplace language needs verification; Publication date unknown; first observation is only a lower bound on age; Latest saved review rejects or deprioritizes this vacancy,2026-10-04-v3.0,,26,First observation: minimum age only,26,UNKNOWN,,PREVIOUS_REJECTION,8,REJECTED,Publication date unknown; first observation is only a lower bound on age; Latest saved review rejects or deprioritizes this vacancy,2026-10-04-v3.0,EXPERIENCED_LEVEL_SIGNAL,3,"Seniority: Medior/Mid-level, Senior; Job title: SEO & AI Search Specialista (AEO/GEO) – medior/senior",4
JB_4160,"🎥 Content creator(ka) – tvorba reklam, střih, AI",ELODY s.r.o.,55 000 – 110 000 Kč,Praha – Břevnov,Specialist,Marketing/Communications Specialist,,,,,NO,"AI & Machine Learning, Marketing & Communications",,https://www.jobs.cz/rpd/2001388524,2026-09-11T16:09:49+02:00,2026-09-11T16:09:49+02:00,2026-09-11T16:09:49+02:00,,,,,,,Deprioritized,0,0,OTHER,Other,Prague,25,Other,Advertisement requirements not yet verified; Entry-level accessibility unconfirmed; Czech-language title: workplace language needs verification; Publication date unknown; first observation is only a lower bound on age; Latest saved review rejects or deprioritizes this vacancy,2026-10-04-v3.0,,26,First observation: minimum age only,26,UNKNOWN,,PREVIOUS_REJECTION,8,REJECTED,Publication date unknown; first observation is only a lower bound on age; Latest saved review rejects or deprioritizes this vacancy,2026-10-04-v3.0,SENIORITY_UNCONFIRMED,1,No explicit entry-level or experience-level signal in title/source seniority,3
JB_6510,Cyber Security Onboarding Engineer - SOC L3 (m/ž),O2 Czech Republic a.s.,,Praha – Michle,Engineer,Security Engineer,,,,,NO,"Cybersecurity, Engineering & R&D",,https://www.jobs.cz/rpd/2001178283,2026-09-11T16:09:03+02:00,2026-09-11T16:09:03+02:00,2026-09-11T16:09:03+02:00,,,,,,,Deprioritized,0,0,OTHER,Other,Prague,25,Other,Advertisement requirements not yet verified; Entry-level accessibility unconfirmed; Czech-language title: workplace language needs verification; Publication date unknown; first observation is only a lower bound on age; Latest saved review rejects or deprioritizes this vacancy,2026-10-04-v3.0,,26,First observation: minimum age only,26,UNKNOWN,,PREVIOUS_REJECTION,8,REJECTED,Publication date unknown; first observation is only a lower bound on age; Latest saved review rejects or deprioritizes this vacancy,2026-10-04-v3.0,SENIORITY_UNCONFIRMED,1,No explicit entry-level or experience-level signal in title/source seniority,4
JB_5856,Industry Automation Specialist,Magna Automotive (CZ) s.r.o.,,okres Mladá Boleslav,Specialist,AI/Automation Specialist,,,,,NO,,,https://www.jobs.cz/rpd/2001418519,2026-09-11T16:08:24+02:00,2026-09-11T16:08:24+02:00,2026-09-11T16:08:24+02:00,,,,,,,Deprioritized,0,0,OTHER,Other,Verify Prague eligibility,25,Other,Advertisement requirements not yet verified; Entry-level accessibility unconfirmed; Prague eligibility unresolved; Publication date unknown; first observation is only a lower bound on age; Latest saved review rejects or deprioritizes this vacancy,2026-10-04-v3.0,,26,First observation: minimum age only,26,UNKNOWN,,PREVIOUS_REJECTION,8,REJECTED,Publication date unknown; first observation is only a lower bound on age; Latest saved review rejects or deprioritizes this vacancy,2026-10-04-v3.0,SENIORITY_UNCONFIRMED,1,No explicit entry-level or experience-level signal in title/source seniority,4
JB_9002,Quotation Specialist for Automation (worldwide projects),Bühler Praha s.r.o.,,Praha – Nusle,Specialist,AI/Automation Specialist,,,,,NO,,,https://www.jobs.cz/rpd/1623193249,2026-09-11T16:08:24+02:00,2026-09-11T16:08:24+02:00,2026-09-11T16:08:24+02:00,,,,,,,Deprioritized,0,0,OTHER,Other,Prague,25,Other,Advertisement requirements not yet verified; Entry-level accessibility unconfirmed; Publication date unknown; first observation is only a lower bound on age; Latest saved review rejects or deprioritizes this vacancy,2026-10-04-v3.0,,26,First observation: minimum age only,26,UNKNOWN,,PREVIOUS_REJECTION,8,REJECTED,Publication date unknown; first observation is only a lower bound on age; Latest saved review rejects or deprioritizes this vacancy,2026-10-04-v3.0,SENIORITY_UNCONFIRMED,1,No explicit entry-level or experience-level signal in title/source seniority,3
JB_5083,Cross-Brand Partnership & Sharing Specialist (m/ž),Škoda Auto a.s.,,Mladá Boleslav – Mladá Boleslav II,Specialist,Marketing/Communications Specialist,,,,,NO,Marketing & Communications,,https://www.jobs.cz/rpd/2001391726,2026-09-11T15:59:06+02:00,2026-09-11T15:59:06+02:00,2026-09-11T15:59:06+02:00,,,,,,,Deprioritized,0,0,OTHER,Other,Verify Prague eligibility,25,Other,Advertisement requirements not yet verified; Entry-level accessibility unconfirmed; Czech-language title: workplace language needs verification; Prague eligibility unresolved; Publication date unknown; first observation is only a lower bound on age; Latest saved review rejects or deprioritizes this vacancy,2026-10-04-v3.0,,26,First observation: minimum age only,26,UNKNOWN,,PREVIOUS_REJECTION,8,REJECTED,Publication date unknown; first observation is only a lower bound on age; Latest saved review rejects or deprioritizes this vacancy,2026-10-04-v3.0,SENIORITY_UNCONFIRMED,1,No explicit entry-level or experience-level signal in title/source seniority,4
JB_7201,AI Delivery & Project Steering Specialist (m/ž),Škoda Auto a.s.,,Mladá Boleslav – Mladá Boleslav II,Specialist,AI/Automation Specialist,,,,,NO,"AI & Machine Learning, Project & Program Management",,https://www.jobs.cz/rpd/2001391554,2026-09-11T15:59:05+02:00,2026-09-11T15:59:05+02:00,2026-09-11T15:59:05+02:00,,,,,,,Deprioritized,0,0,OTHER,Other,Verify Prague eligibility,25,Other,Advertisement requirements not yet verified; Entry-level accessibility unconfirmed; Czech-language title: workplace language needs verification; Prague eligibility unresolved; Publication date unknown; first observation is only a lower bound on age; Latest saved review rejects or deprioritizes this vacancy,2026-10-04-v3.0,,26,First observation: minimum age only,26,UNKNOWN,,PREVIOUS_REJECTION,8,REJECTED,Publication date unknown; first observation is only a lower bound on age; Latest saved review rejects or deprioritizes this vacancy,2026-10-04-v3.0,SENIORITY_UNCONFIRMED,1,No explicit entry-level or experience-level signal in title/source seniority,3
JB_6045,AI Knowledge & Change Specialist (m/f),Škoda Auto a.s.,,Mladá Boleslav – Mladá Boleslav II,Specialist,AI/Automation Specialist,,,,,NO,AI & Machine Learning,,https://www.jobs.cz/rpd/2001391899,2026-09-11T15:59:05+02:00,2026-09-11T15:59:05+02:00,2026-09-11T15:59:05+02:00,,,,,,,Deprioritized,0,0,OTHER,Other,Verify Prague eligibility,25,Other,Advertisement requirements not yet verified; Entry-level accessibility unconfirmed; Prague eligibility unresolved; Publication date unknown; first observation is only a lower bound on age; Latest saved review rejects or deprioritizes this vacancy,2026-10-04-v3.0,,26,First observation: minimum age only,26,UNKNOWN,,PREVIOUS_REJECTION,8,REJECTED,Publication date unknown; first observation is only a lower bound on age; Latest saved review rejects or deprioritizes this vacancy,2026-10-04-v3.0,SENIORITY_UNCONFIRMED,1,No explicit entry-level or experience-level signal in title/source seniority,4
JB_0000,AI Knowledge & Change Specialist (m/ž),Škoda Auto a.s.,,Mladá Boleslav – Mladá Boleslav II,Specialist,AI/Automation Specialist,,,,,NO,AI & Machine Learning,,https://www.jobs.cz/rpd/2001391890,2026-09-11T15:59:05+02:00,2026-09-11T15:59:05+02:00,2026-09-11T15:59:05+02:00,,,,,,,Deprioritized,0,0,OTHER,Other,Verify Prague eligibility,25,Other,Advertisement requirements not yet verified; Entry-level accessibility unconfirmed; Czech-language title: workplace language needs verification; Prague eligibility unresolved; Publication date unknown; first observation is only a lower bound on age; Latest saved review rejects or deprioritizes this vacancy,2026-10-04-v3.0,,26,First observation: minimum age only,26,UNKNOWN,,PREVIOUS_REJECTION,8,REJECTED,Publication date unknown; first observation is only a lower bound on age; Latest saved review rejects or deprioritizes this vacancy,2026-10-04-v3.0,SENIORITY_UNCONFIRMED,1,No explicit entry-level or experience-level signal in title/source seniority,4
JB_6933,AI Project & Performance Specialist (m/ž),Škoda Auto a.s.,,Mladá Boleslav – Mladá Boleslav II,Specialist,AI/Automation Specialist,,,,,NO,"AI & Machine Learning, Project & Program Management",,https://www.jobs.cz/rpd/2001391849,2026-09-11T15:59:05+02:00,2026-09-11T15:59:05+02:00,2026-09-11T15:59:05+02:00,,,,,,,Deprioritized,0,0,OTHER,Other,Verify Prague eligibility,25,Other,Advertisement requirements not yet verified; Entry-level accessibility unconfirmed; Czech-language title: workplace language needs verification; Prague eligibility unresolved; Publication date unknown; first observation is only a lower bound on age; Latest saved review rejects or deprioritizes this vacancy,2026-10-04-v3.0,,26,First observation: minimum age only,26,UNKNOWN,,PREVIOUS_REJECTION,8,REJECTED,Publication date unknown; first observation is only a lower bound on age; Latest saved review rejects or deprioritizes this vacancy,2026-10-04-v3.0,SENIORITY_UNCONFIRMED,1,No explicit entry-level or experience-level signal in title/source seniority,3
JB_1255,AI Use Case & Business Case Specialist (m/f),Škoda Auto a.s.,,Mladá Boleslav – Mladá Boleslav I,Specialist,AI/Automation Specialist,,,,,NO,AI & Machine Learning,,https://www.jobs.cz/rpd/2001391438,2026-09-11T15:59:05+02:00,2026-09-11T15:59:05+02:00,2026-09-11T15:59:05+02:00,,,,,,,Deprioritized,0,0,OTHER,Other,Verify Prague eligibility,25,Other,Advertisement requirements not yet verified; Entry-level accessibility unconfirmed; Prague eligibility unresolved; Publication date unknown; first observation is only a lower bound on age; Latest saved review rejects or deprioritizes this vacancy,2026-10-04-v3.0,,26,First observation: minimum age only,26,UNKNOWN,,PREVIOUS_REJECTION,8,REJECTED,Publication date unknown; first observation is only a lower bound on age; Latest saved review rejects or deprioritizes this vacancy,2026-10-04-v3.0,SENIORITY_UNCONFIRMED,1,No explicit entry-level or experience-level signal in title/source seniority,4
JB_7214,AI Use Case & Business Case Specialist (m/ž),Škoda Auto a.s.,,Mladá Boleslav – Mladá Boleslav I,Specialist,AI/Automation Specialist,,,,,NO,AI & Machine Learning,,https://www.jobs.cz/rpd/2001391407,2026-09-11T15:59:05+02:00,2026-09-11T15:59:05+02:00,2026-09-11T15:59:05+02:00,,,,,,,Deprioritized,0,0,OTHER,Other,Verify Prague eligibility,25,Other,Advertisement requirements not yet verified; Entry-level accessibility unconfirmed; Czech-language title: workplace language needs verification; Prague eligibility unresolved; Publication date unknown; first observation is only a lower bound on age; Latest saved review rejects or deprioritizes this vacancy,2026-10-04-v3.0,,26,First observation: minimum age only,26,UNKNOWN,,PREVIOUS_REJECTION,8,REJECTED,Publication date unknown; first observation is only a lower bound on age; Latest saved review rejects or deprioritizes this vacancy,2026-10-04-v3.0,SENIORITY_UNCONFIRMED,1,No explicit entry-level or experience-level signal in title/source seniority,3
JB_1183,AI Project & Performance Specialist (m/f),Škoda Auto a.s.,,Mladá Boleslav – Mladá Boleslav II,Specialist,AI/Automation Specialist,,,,,NO,"AI & Machine Learning, Project & Program Management",,https://www.jobs.cz/rpd/2001391878,2026-09-11T15:58:59+02:00,2026-09-11T15:58:59+02:00,2026-09-11T15:58:59+02:00,,,,,,,Deprioritized,0,0,OTHER,Other,Verify Prague eligibility,25,Other,Advertisement requirements not yet verified; Entry-level accessibility unconfirmed; Prague eligibility unresolved; Publication date unknown; first observation is only a lower bound on age; Latest saved review rejects or deprioritizes this vacancy,2026-10-04-v3.0,,26,First observation: minimum age only,26,UNKNOWN,,PREVIOUS_REJECTION,8,REJECTED,Publication date unknown; first observation is only a lower bound on age; Latest saved review rejects or deprioritizes this vacancy,2026-10-04-v3.0,SENIORITY_UNCONFIRMED,1,No explicit entry-level or experience-level signal in title/source seniority,3
JB_5376,AI Security Specialist/ka,UNIQA,,Praha – Vokovice + 1 další lokalita,Specialist,Cybersecurity Specialist,,,,,NO,"AI & Machine Learning, Cybersecurity",,https://www.jobs.cz/rpd/2001417641,2026-09-11T15:58:59+02:00,2026-09-11T15:58:59+02:00,2026-09-11T15:58:59+02:00,,,,,,,Deprioritized,0,0,OTHER,Other,Prague,25,Other,Advertisement requirements not yet verified; Entry-level accessibility unconfirmed; Publication date unknown; first observation is only a lower bound on age; Latest saved review rejects or deprioritizes this vacancy,2026-10-04-v3.0,,26,First observation: minimum age only,26,UNKNOWN,,PREVIOUS_REJECTION,8,REJECTED,Publication date unknown; first observation is only a lower bound on age; Latest saved review rejects or deprioritizes this vacancy,2026-10-04-v3.0,SENIORITY_UNCONFIRMED,1,No explicit entry-level or experience-level signal in title/source seniority,4
JB_4214,Senior Data Engineer (Oracle / PL/SQL) – Data Warehouse,"COMMERZBANK Aktiengesellschaft, pobočka Praha",,Praha – Nové Město,Engineer,Data Engineer,,Senior,,Senior,NO,"Data & Analytics, Supply Chain & Logistics, Engineering & R&D","SQL, Oracle",https://www.jobs.cz/rpd/2001153026,2026-09-11T15:58:50+02:00,2026-09-11T15:58:50+02:00,2026-09-11T15:58:50+02:00,,,,,,,Senior/Leadership Stretch,0,0,DATA_ENGINEERING_DWH,Data Engineering & Automation,Prague,25,Data Engineering & Automation; sql,Advertisement requirements not yet verified; Senior/lead requirement needs verification; Publication date unknown; first observation is only a lower bound on age; Latest saved review rejects or deprioritizes this vacancy,2026-10-04-v3.0,,26,First observation: minimum age only,26,UNKNOWN,,PREVIOUS_REJECTION,8,REJECTED,Publication date unknown; first observation is only a lower bound on age; Latest saved review rejects or deprioritizes this vacancy,2026-10-04-v3.0,EXPERIENCED_LEVEL_SIGNAL,3,Seniority: Senior; Job title: Senior Data Engineer (Oracle / PL/SQL) – Data Warehouse,4
JB_6367,German Junior Payroll Specialist - Paid training provided!,"ADP Employer Services Česká republika, a.s.",,Praha – Karlín,Specialist,HR/People Specialist,,Junior/Entry-level,,Junior/Entry-level,NO,"HR & Recruitment, Education & Research",,https://www.jobs.cz/rpd/2001364753,2026-09-11T15:58:34+02:00,2026-09-11T15:58:34+02:00,2026-09-11T15:58:34+02:00,,,,,,,Deprioritized,0,0,OTHER,Other,Prague,25,Other; Entry-level signal,Advertisement requirements not yet verified; Title names a language outside the profile; requirement needs verification; Publication date unknown; first observation is only a lower bound on age; Latest saved review rejects or deprioritizes this vacancy,2026-10-04-v3.0,,26,First observation: minimum age only,26,UNKNOWN,,PREVIOUS_REJECTION,8,REJECTED,Publication date unknown; first observation is only a lower bound on age; Latest saved review rejects or deprioritizes this vacancy,2026-10-04-v3.0,ENTRY_LEVEL_SIGNAL,0,Seniority: Junior/Entry-level; Job title: German Junior Payroll Specialist - Paid training provided!,4
JB_8655,Polish Junior Payroll Specialist - Paid training provided!,"ADP Employer Services Česká republika, a.s.",,Praha – Karlín,Specialist,HR/People Specialist,,Junior/Entry-level,,Junior/Entry-level,NO,"HR & Recruitment, Education & Research",,https://www.jobs.cz/rpd/2001364827,2026-09-11T15:58:34+02:00,2026-09-11T15:58:34+02:00,2026-09-11T15:58:34+02:00,,,,,,,Deprioritized,0,0,OTHER,Other,Prague,25,Other; Entry-level signal,Advertisement requirements not yet verified; Title names a language outside the profile; requirement needs verification; Publication date unknown; first observation is only a lower bound on age; Latest saved review rejects or deprioritizes this vacancy,2026-10-04-v3.0,,26,First observation: minimum age only,26,UNKNOWN,,PREVIOUS_REJECTION,8,REJECTED,Publication date unknown; first observation is only a lower bound on age; Latest saved review rejects or deprioritizes this vacancy,2026-10-04-v3.0,ENTRY_LEVEL_SIGNAL,0,Seniority: Junior/Entry-level; Job title: Polish Junior Payroll Specialist - Paid training provided!,4
JB_2499,RAN Orchestration & SMO Solution Designer / Technical Coordinator (f/m),T-Mobile Czech Republic a.s.,,Praha – Chodov,Designer,Mechanical/Technical Designer,,,,,NO,,,https://www.jobs.cz/rpd/2001317168,2026-09-11T15:58:25+02:00,2026-09-11T15:58:25+02:00,2026-09-11T15:58:25+02:00,,,,,,,Deprioritized,0,0,OTHER,Other,Prague,25,Other,Advertisement requirements not yet verified; Entry-level accessibility unconfirmed; Publication date unknown; first observation is only a lower bound on age; Latest saved review rejects or deprioritizes this vacancy,2026-10-04-v3.0,,26,First observation: minimum age only,26,UNKNOWN,,PREVIOUS_REJECTION,8,REJECTED,Publication date unknown; first observation is only a lower bound on age; Latest saved review rejects or deprioritizes this vacancy,2026-10-04-v3.0,SENIORITY_UNCONFIRMED,1,No explicit entry-level or experience-level signal in title/source seniority,4
JB_0788,Datový analytik / vývojář medior,Fakultní nemocnice Bulovka,,Praha – Libeň,Analyst,Data/BI Analyst,,Medior/Mid-level,,Medior/Mid-level,NO,"Data & Analytics, IT & Software",,https://www.jobs.cz/rpd/2001415384,2026-09-11T15:58:19+02:00,2026-09-11T15:58:19+02:00,2026-09-11T15:58:19+02:00,,,,,,,Deprioritized,0,0,SOFTWARE_BACKEND_FULLSTACK,Software Development,Prague,25,Software Development,Advertisement requirements not yet verified; Mid-level experience needs verification; Czech-language title: workplace language needs verification; Publication date unknown; first observation is only a lower bound on age; Latest saved review rejects or deprioritizes this vacancy,2026-10-04-v3.0,,26,First observation: minimum age only,26,UNKNOWN,,PREVIOUS_REJECTION,8,REJECTED,Publication date unknown; first observation is only a lower bound on age; Latest saved review rejects or deprioritizes this vacancy,2026-10-04-v3.0,EXPERIENCED_LEVEL_SIGNAL,3,Seniority: Medior/Mid-level; Job title: Datový analytik / vývojář medior,4
JB_5782,AI Delivery & Project Steering Specialist (m/f),Škoda Auto a.s.,,Mladá Boleslav – Mladá Boleslav II,Specialist,AI/Automation Specialist,,,,,NO,"AI & Machine Learning, Project & Program Management",,https://www.jobs.cz/rpd/2001391593,2026-09-11T15:58:06+02:00,2026-09-11T15:58:06+02:00,2026-09-11T15:58:06+02:00,,,,,,,Deprioritized,0,0,OTHER,Other,Verify Prague eligibility,25,Other,Advertisement requirements not yet verified; Entry-level accessibility unconfirmed; Prague eligibility unresolved; Publication date unknown; first observation is only a lower bound on age; Latest saved review rejects or deprioritizes this vacancy,2026-10-04-v3.0,,26,First observation: minimum age only,26,UNKNOWN,,PREVIOUS_REJECTION,8,REJECTED,Publication date unknown; first observation is only a lower bound on age; Latest saved review rejects or deprioritizes this vacancy,2026-10-04-v3.0,SENIORITY_UNCONFIRMED,1,No explicit entry-level or experience-level signal in title/source seniority,3
JB_3344,API Engineer (Python),"IDC Central Europe, the Middle East & Africa",,Praha – Staré Město,Engineer,General Engineer,,,,,NO,Engineering & R&D,Python,https://www.jobs.cz/rpd/2001394231,2026-09-11T15:58:06+02:00,2026-09-11T15:58:06+02:00,2026-09-11T15:58:06+02:00,,,,,,,Deprioritized,0,0,OTHER,Other,Prague,25,Other; python,Advertisement requirements not yet verified; Entry-level accessibility unconfirmed; Publication date unknown; first observation is only a lower bound on age; Latest saved review rejects or deprioritizes this vacancy,2026-10-04-v3.0,,26,First observation: minimum age only,26,UNKNOWN,,PREVIOUS_REJECTION,8,REJECTED,Publication date unknown; first observation is only a lower bound on age; Latest saved review rejects or deprioritizes this vacancy,2026-10-04-v3.0,SENIORITY_UNCONFIRMED,1,No explicit entry-level or experience-level signal in title/source seniority,3
JB_4444,GIS Specialist at Aon Impact Forecasting,Aon Central and Eastern Europe a.s.,,Praha – Nové Město,Specialist,General Specialist,,,,,NO,,,https://www.jobs.cz/rpd/2001375654,2026-09-11T15:58:06+02:00,2026-09-11T15:58:06+02:00,2026-09-11T15:58:06+02:00,,,,,,,Deprioritized,0,0,OTHER,Other,Prague,25,Other,Advertisement requirements not yet verified; Entry-level accessibility unconfirmed; Publication date unknown; first observation is only a lower bound on age; Latest saved review rejects or deprioritizes this vacancy,2026-10-04-v3.0,,26,First observation: minimum age only,26,UNKNOWN,,PREVIOUS_REJECTION,8,REJECTED,Publication date unknown; first observation is only a lower bound on age; Latest saved review rejects or deprioritizes this vacancy,2026-10-04-v3.0,SENIORITY_UNCONFIRMED,1,No explicit entry-level or experience-level signal in title/source seniority,3
JB_5585,IT Analytik/čka pro Digital Channels (Medior),"MONETA Money Bank, a.s.",,Praha – Michle,Analyst,IT/Systems Analyst,,Medior/Mid-level,,Medior/Mid-level,NO,"Data & Analytics, IT & Software",,https://www.jobs.cz/rpd/2001163982,2026-09-11T15:57:55+02:00,2026-09-11T15:57:55+02:00,2026-09-11T15:57:55+02:00,,,,,,,Deprioritized,0,0,ADJACENT_TECHNICAL,Adjacent Technical,Prague,25,Adjacent Technical,Advertisement requirements not yet verified; Mid-level experience needs verification; Czech-language title: workplace language needs verification; Publication date unknown; first observation is only a lower bound on age; Latest saved review rejects or deprioritizes this vacancy,2026-10-04-v3.0,,26,First observation: minimum age only,26,UNKNOWN,,PREVIOUS_REJECTION,8,REJECTED,Publication date unknown; first observation is only a lower bound on age; Latest saved review rejects or deprioritizes this vacancy,2026-10-04-v3.0,EXPERIENCED_LEVEL_SIGNAL,3,Seniority: Medior/Mid-level; Job title: IT Analytik/čka pro Digital Channels (Medior),4
JB_7017,Senior analytik/čka kapitálové přiměřenosti - Praha,"MONETA Money Bank, a.s.",,Praha – Michle,Analyst,General Analyst,,Senior,,Senior,NO,Data & Analytics,,https://www.jobs.cz/rpd/2001247516,2026-09-11T15:57:28+02:00,2026-09-11T15:57:28+02:00,2026-09-11T15:57:28+02:00,,,,,,,Deprioritized,0,0,OTHER,Other,Prague,25,Other,Advertisement requirements not yet verified; Senior/lead requirement needs verification; Czech-language title: workplace language needs verification; Publication date unknown; first observation is only a lower bound on age; Latest saved review rejects or deprioritizes this vacancy,2026-10-04-v3.0,,26,First observation: minimum age only,26,UNKNOWN,,PREVIOUS_REJECTION,8,REJECTED,Publication date unknown; first observation is only a lower bound on age; Latest saved review rejects or deprioritizes this vacancy,2026-10-04-v3.0,EXPERIENCED_LEVEL_SIGNAL,3,Seniority: Senior; Job title: Senior analytik/čka kapitálové přiměřenosti - Praha,4
JB_6102,AI analytik / analytička,"Asseco Central Europe, a.s.",,Praha – Michle,Analyst,AI/ML Analyst,,,,,NO,"Data & Analytics, AI & Machine Learning",,https://www.jobs.cz/rpd/2001376122,2026-09-11T15:57:03+02:00,2026-09-11T15:57:03+02:00,2026-09-11T15:57:03+02:00,,,,,,,Deprioritized,0,0,OTHER,Other,Prague,25,Other,Advertisement requirements not yet verified; Entry-level accessibility unconfirmed; Czech-language title: workplace language needs verification; Publication date unknown; first observation is only a lower bound on age; Latest saved review rejects or deprioritizes this vacancy,2026-10-04-v3.0,,26,First observation: minimum age only,26,UNKNOWN,,PREVIOUS_REJECTION,8,REJECTED,Publication date unknown; first observation is only a lower bound on age; Latest saved review rejects or deprioritizes this vacancy,2026-10-04-v3.0,SENIORITY_UNCONFIRMED,1,No explicit entry-level or experience-level signal in title/source seniority,4
JB_1167,"IT analytik/ analytička — DEK, a.s.",DEK a.s.,50 000 – 70 000 Kč,Praha – Malešice,Analyst,IT/Systems Analyst,,,,,NO,"Data & Analytics, IT & Software",,https://www.jobs.cz/rpd/2001257394,2026-09-11T15:57:03+02:00,2026-09-11T15:57:03+02:00,2026-09-11T15:57:03+02:00,,,,,,,Deprioritized,0,0,ADJACENT_TECHNICAL,Adjacent Technical,Prague,25,Adjacent Technical,Advertisement requirements not yet verified; Entry-level accessibility unconfirmed; Czech-language title: workplace language needs verification; Publication date unknown; first observation is only a lower bound on age; Latest saved review rejects or deprioritizes this vacancy,2026-10-04-v3.0,,26,First observation: minimum age only,26,UNKNOWN,,PREVIOUS_REJECTION,8,REJECTED,Publication date unknown; first observation is only a lower bound on age; Latest saved review rejects or deprioritizes this vacancy,2026-10-04-v3.0,SENIORITY_UNCONFIRMED,1,No explicit entry-level or experience-level signal in title/source seniority,4
JB_3911,Senior Data Engineer with Python,R4U s.r.o.,,Praha,Engineer,Data Engineer,,Senior,,Senior,NO,"Data & Analytics, Engineering & R&D",Python,https://www.jobs.cz/rpd/2001394416,2026-09-11T15:56:57+02:00,2026-09-11T15:56:57+02:00,2026-09-11T15:56:57+02:00,,,,,,,Senior/Leadership Stretch,0,0,DATA_ENGINEERING_DWH,Data Engineering & Automation,Prague,25,Data Engineering & Automation; python,Advertisement requirements not yet verified; Senior/lead requirement needs verification; Publication date unknown; first observation is only a lower bound on age; Latest saved review rejects or deprioritizes this vacancy,2026-10-04-v3.0,,26,First observation: minimum age only,26,UNKNOWN,,PREVIOUS_REJECTION,8,REJECTED,Publication date unknown; first observation is only a lower bound on age; Latest saved review rejects or deprioritizes this vacancy,2026-10-04-v3.0,EXPERIENCED_LEVEL_SIGNAL,3,Seniority: Senior; Job title: Senior Data Engineer with Python,3
JB_8944,Global HRIS Specialist - AI and Automation,Atlas Copco s.r.o.,,Praha – Nusle,Specialist,AI/Automation Specialist,,,,,NO,AI & Machine Learning,,https://www.jobs.cz/rpd/2001408450,2026-09-11T15:56:42+02:00,2026-09-11T15:56:42+02:00,2026-09-11T15:56:42+02:00,,,,,,,Deprioritized,0,0,OTHER,Other,Prague,25,Other,Advertisement requirements not yet verified; Entry-level accessibility unconfirmed; Publication date unknown; first observation is only a lower bound on age; Latest saved review rejects or deprioritizes this vacancy,2026-10-04-v3.0,,26,First observation: minimum age only,26,UNKNOWN,,PREVIOUS_REJECTION,8,REJECTED,Publication date unknown; first observation is only a lower bound on age; Latest saved review rejects or deprioritizes this vacancy,2026-10-04-v3.0,SENIORITY_UNCONFIRMED,1,No explicit entry-level or experience-level signal in title/source seniority,3
JB_7186,Medior/Senior Data Scientist,"MONETA Money Bank, a.s.",,Praha,Scientist,Data Scientist,,"Medior/Mid-level, Senior",,"Medior/Mid-level, Senior",NO,Data & Analytics,,https://www.jobs.cz/rpd/2001264086,2026-09-11T15:56:42+02:00,2026-09-11T15:56:42+02:00,2026-09-11T15:56:42+02:00,,,,,,,Senior/Leadership Stretch,0,0,DATA_SCIENCE_MODELLING,Data Science & Modelling,Prague,25,Data Science & Modelling,Advertisement requirements not yet verified; Senior/lead requirement needs verification; Mid-level experience needs verification; Publication date unknown; first observation is only a lower bound on age; Latest saved review rejects or deprioritizes this vacancy,2026-10-04-v3.0,,26,First observation: minimum age only,26,UNKNOWN,,PREVIOUS_REJECTION,8,REJECTED,Publication date unknown; first observation is only a lower bound on age; Latest saved review rejects or deprioritizes this vacancy,2026-10-04-v3.0,EXPERIENCED_LEVEL_SIGNAL,3,"Seniority: Medior/Mid-level, Senior; Job title: Medior/Senior Data Scientist",4
JB_6825,"Marketing Specialist – Digital, Data & AI",CHC Partners s.r.o.,50 000 – 65 000 Kč,Čestlice,Specialist,Marketing/Communications Specialist,,,,,NO,"Data & Analytics, AI & Machine Learning, Marketing & Communications",,https://www.jobs.cz/rpd/2001398881,2026-09-11T15:56:36+02:00,2026-09-11T15:56:36+02:00,2026-09-11T15:56:36+02:00,,,,,,,Deprioritized,0,0,OTHER,Other,Verify Prague eligibility,25,Other,Advertisement requirements not yet verified; Entry-level accessibility unconfirmed; Prague eligibility unresolved; Publication date unknown; first observation is only a lower bound on age; Latest saved review rejects or deprioritizes this vacancy,2026-10-04-v3.0,,26,First observation: minimum age only,26,UNKNOWN,,PREVIOUS_REJECTION,8,REJECTED,Publication date unknown; first observation is only a lower bound on age; Latest saved review rejects or deprioritizes this vacancy,2026-10-04-v3.0,SENIORITY_UNCONFIRMED,1,No explicit entry-level or experience-level signal in title/source seniority,4
JB_9295,"SW Quality Engineer, Selenium - Java nebo C# - AI Platform, 80% remote",BARTON Consulting s.r.o.,,Praha,Engineer,QA/Test Engineer,,,,,NO,"AI & Machine Learning, Cloud & Infrastructure, Engineering & R&D, Quality & Safety","Java, C#, Selenium",https://www.jobs.cz/rpd/2001405334,2026-09-11T15:56:36+02:00,2026-09-11T15:56:36+02:00,2026-09-11T15:56:36+02:00,,,,,,,Deprioritized,0,0,OTHER,Other,Prague,25,Other,Advertisement requirements not yet verified; Entry-level accessibility unconfirmed; Publication date unknown; first observation is only a lower bound on age; Latest saved review rejects or deprioritizes this vacancy,2026-10-04-v3.0,,26,First observation: minimum age only,26,UNKNOWN,,PREVIOUS_REJECTION,8,REJECTED,Publication date unknown; first observation is only a lower bound on age; Latest saved review rejects or deprioritizes this vacancy,2026-10-04-v3.0,SENIORITY_UNCONFIRMED,1,No explicit entry-level or experience-level signal in title/source seniority,4
JB_6031,Data Integration Engineer,PRO.MED.CS Praha a.s.,,Praha – Michle,Engineer,General Engineer,,,,,NO,"Data & Analytics, Engineering & R&D",,https://www.jobs.cz/rpd/2001322305,2026-09-11T15:56:22+02:00,2026-09-11T15:56:22+02:00,2026-09-11T15:56:22+02:00,,,,,,,Deprioritized,0,0,OTHER,Other,Prague,25,Other,Advertisement requirements not yet verified; Entry-level accessibility unconfirmed; Publication date unknown; first observation is only a lower bound on age; Latest saved review rejects or deprioritizes this vacancy,2026-10-04-v3.0,,26,First observation: minimum age only,26,UNKNOWN,,PREVIOUS_REJECTION,8,REJECTED,Publication date unknown; first observation is only a lower bound on age; Latest saved review rejects or deprioritizes this vacancy,2026-10-04-v3.0,SENIORITY_UNCONFIRMED,1,No explicit entry-level or experience-level signal in title/source seniority,4
BLT_3961,(Senior) Data Engineer,dentsu,,5 Locations,Engineer,Data Engineer,,Mid level,Mid level,Senior,YES,"Data & Analytics, Engineering & R&D",,https://builtin.com/job/senior-data-engineer/9084121,,,,,,,,,,Senior/Leadership Stretch,0,0,DATA_ENGINEERING_DWH,Data Engineering & Automation,Verify Prague eligibility,,Data Engineering & Automation,Advertisement requirements not yet verified; Senior/lead requirement needs verification; Mid-level experience needs verification; Prague eligibility unresolved; Source/title seniority conflict; Publication and observation dates unknown; Latest saved review rejects or deprioritizes this vacancy,2026-10-04-v3.0,,,Unknown,,UNKNOWN,,PREVIOUS_REJECTION,8,REJECTED,Publication and observation dates unknown; Latest saved review rejects or deprioritizes this vacancy,2026-10-04-v3.0,EXPERIENCED_LEVEL_SIGNAL,3,Seniority: Mid level; Job title: (Senior) Data Engineer,4
BLT_5916,Senior Data Engineer (Snowflake) - 6 months FTC,Massive Rocket | Global Braze & Snowflake Agency,,27 Locations,Engineer,Data Engineer,,Senior level,Senior level,Senior,YES,"Data & Analytics, Engineering & R&D",Snowflake,https://builtin.com/job/senior-data-engineer-snowflake-6-months-ftc/10868038,,,,,,,,,,Senior/Leadership Stretch,0,0,DATA_ENGINEERING_DWH,Data Engineering & Automation,Verify Prague eligibility,,Data Engineering & Automation,Advertisement requirements not yet verified; Senior/lead requirement needs verification; Prague eligibility unresolved; Source/title seniority conflict; Publication and observation dates unknown; Latest saved review rejects or deprioritizes this vacancy,2026-10-04-v3.0,,,Unknown,,UNKNOWN,,PREVIOUS_REJECTION,8,REJECTED,Publication and observation dates unknown; Latest saved review rejects or deprioritizes this vacancy,2026-10-04-v3.0,EXPERIENCED_LEVEL_SIGNAL,3,Seniority: Senior level; Job title: Senior Data Engineer (Snowflake) - 6 months FTC,4
