ID,Input_URL,Source,Evidence_Version,Evidence_Extracted_At,Auto_Czech_Requirement,Auto_Czech_Evidence,Auto_English_Acceptable,Auto_English_Evidence,Auto_Years_Experience_Min,Auto_Years_Experience_Evidence,Auto_Seniority,Auto_Seniority_Evidence,Auto_Python,Auto_Python_Evidence,Auto_SQL,Auto_SQL_Evidence,Auto_ML,Auto_ML_Evidence,Auto_Statistics,Auto_Statistics_Evidence,Auto_R,Auto_R_Evidence,Auto_Remote,Auto_Remote_Evidence,Auto_Current,Auto_Current_Evidence,Auto_Publication_Age_Days,Auto_Publication_Age_Basis,Auto_Freshness,Auto_Freshness_Evidence,Auto_Hard_Conflict,Auto_Hard_Conflict_Types,Auto_Hard_Conflict_Evidence,Auto_Review_Flags,Auto_English_Only,Auto_English_Only_Evidence,Auto_Years_Experience_Preferred,Auto_Years_Experience_Preferred_Evidence,Auto_Graduate_Eligible,Auto_Graduate_Evidence,Auto_Academic_Experience_Accepted,Auto_Academic_Experience_Evidence,Auto_Driving_Licence,Auto_Driving_Evidence,Auto_Prague_Eligibility,Auto_Prague_Evidence,Auto_Mandatory_Skill_Gaps,Auto_Advanced_Skill_Requirements,Auto_Skill_Gap_Evidence,Auto_Degree_Conflict,Auto_Degree_Evidence,Auto_Domain_Experience,Auto_Domain_Evidence,Auto_Mandatory_Language_Gaps,Auto_Language_Gap_Evidence
5317060,https://builtin.com/job/data-scientist/3961686,builtin,08_v2.1,2026-10-04T09:26:32+00:00,NOT_MENTIONED,,LIKELY,Page_Language: en,,,JUNIOR,Seniority_Input: Junior,NOT_MENTIONED,,PREFERRED,"Description: We are looking for team players who have excellent quantitative abilities and: A degree in economics, statistics, mathematics, computer science, engineering, physics, or similar fields at a leading university In-depth understanding of mathematical and statistical concepts behind most common machine…",PREFERRED,"Description: We are looking for team players who have excellent quantitative abilities and: A degree in economics, statistics, mathematics, computer science, engineering, physics, or similar fields at a leading university In-depth understanding of mathematical and statistical concepts behind most common machine…",PREFERRED,"Description: We are looking for team players who have excellent quantitative abilities and: A degree in economics, statistics, mathematics, computer science, engineering, physics, or similar fields at a leading university In-depth understanding of mathematical and statistical concepts behind most common machine…",NOT_MENTIONED,,REMOTE,Remote_Mode: Remote / telecommute,OPEN,Current_Status: OPEN | Status_Evidence: validThrough in future: 2026-09-23T00:10:26+00:00,41,EXACT,OLD,Published_At: 2026-08-24,NO,,,,UNKNOWN,,,,UNKNOWN,,UNKNOWN,,NOT_MENTIONED,,YES,GRC; NOR; ITA; ESP; HUN; CYP; FRA; POL; SWE; TUR; BEL; AUT; DEU; DNK; EST; FIN; HRV; UKR; BGR; PRT; ISL; ROU; LUX; CHE; NLD; IRL; CZE | remote / telecommute | grc; nor; ita; esp; hun; cyp; fra; pol; swe; tur; bel; aut; deu; dnk; est; fin; hrv; ukr; bgr; prt; isl; rou; lux; che; nld; irl; cze,,,,NO,,NOT_MENTIONED,,,
10592266,https://builtin.com/job/data-engineer-marketing-systems/10592266,builtin,08_v2.1,2026-10-04T09:26:32+00:00,NOT_MENTIONED,,LIKELY,Page_Language: en,,,MID,Seniority_Input: Mid level,PREFERRED,"Description: Requirements Strong Python, SQL, and Bash skills Experience with Google Tag Manager, pixels, conversion setup, and JavaScript Experience with Google Ads, Meta Ads, Bing Ads Engineering mindset and ability to work with production data systems Basic understanding of BigQuery, ClickHouse, dbt, and doc…",PREFERRED,"Description: Requirements Strong Python, SQL, and Bash skills Experience with Google Tag Manager, pixels, conversion setup, and JavaScript Experience with Google Ads, Meta Ads, Bing Ads Engineering mindset and ability to work with production data systems Basic understanding of BigQuery, ClickHouse, dbt, and doc…",NOT_MENTIONED,,NOT_MENTIONED,,NOT_MENTIONED,,REMOTE,Remote_Mode: Remote / telecommute,LIKELY_CLOSED,Current_Status: LIKELY_CLOSED | Status_Evidence: validThrough passed: 2026-09-07T14:14:21+00:00,57,EXACT,OLD,Published_At: 2026-08-08,NO,,,LIKELY_CLOSED,UNKNOWN,,,,UNKNOWN,,UNKNOWN,,NOT_MENTIONED,,NO,"GRC; EUR; ESP; MLT; HUN; CYP; LVA; POL; SRB; ALB; EST; HRV; MDA; UKR; BGR; ROU; SVK; SVN; LTU; KAZ; MNE; CZE; MKD; Georgia, USA; Dydnia, Podkarpackie, POL | remote / telecommute | grc; eur; esp; mlt; hun; cyp; lva; pol; srb; alb; est; hrv; mda; ukr; bgr; rou; svk; svn; ltu; kaz; mne; cze; mkd; usa",,,,NO,,NOT_MENTIONED,,,
BLT_5330,https://builtin.com/job/junior-data-analyst/10978603,builtin,08_v2.1,2026-10-04T09:26:32+00:00,NOT_MENTIONED,,LIKELY,Page_Language: en,1,"Description: About you: You are either a graduate or a junior Data Analyst with 1-3 years of experience, holding a Bachelor's or Master's degree in any of the following: Business Analytics, Business Informatics, Data Analytics, Data Science, Business Intelligence, Econometrics or a similar quantitative field.",JUNIOR,Seniority_Input: Junior | Job_Title_Page: Junior Data Analyst | Job_Title_Input: Junior Data Analyst,REQUIRED,Description: Experience with Python or R for data analysis.,MENTIONED,Description: Your studies or internships/professional experience included most of the following: A foundation in statistics Data processing/programming for analysis Data visualisation Hands on work with SQL and data analysis A capstone or real company data project You communicate clearly and can make data under…,NOT_MENTIONED,,PREFERRED,"Description: You have a general interest in decentralisation (Web3, Blockchain, Crypto) Nice to have: Knowledge of experimental statistics and processes.",REQUIRED,Description: Experience with Python or R for data analysis.,REMOTE,Remote_Mode: Remote / telecommute,OPEN,Current_Status: OPEN | Status_Evidence: validThrough in future: 2026-10-16T12:18:03+00:00,18,EXACT,AGING,Published_At: 2026-09-16,NO,,,,UNKNOWN,,,,UNKNOWN,,UNKNOWN,,NOT_MENTIONED,,YES,"GRC; NOR; ITA; ESP; HUN; CYP; FRA; POL; SWE; TUR; BEL; DEU; DNK; EST; FIN; HRV; UKR; BGR; PRT; ISL; ROU; Attiki, GRC; LUX; CHE; NLD; IRL; CZE; Lisbon, Lisbon, PRT; Brussels, Brussels, BEL; Harju Maakond, EST; Bucharest, București, ROU; Warsaw, Mazowieckie, POL | remote / telecommute | grc; nor; ita; esp; hun; cyp; fra; pol; swe; tur; bel; deu; dnk; est; fin; hrv; ukr; bgr; prt; isl; rou; lux; che; nld; irl; cze",,,,NO,,NOT_MENTIONED,,,
BLT_0502,https://builtin.com/job/quantitative-research-analyst/8941799,builtin,08_v2.1,2026-10-04T09:26:32+00:00,NOT_MENTIONED,,LIKELY,Page_Language: en,,,JUNIOR,Seniority_Input: Entry level,REQUIRED,"Description: Experience with Python, and its data science toolkit.",NOT_MENTIONED,,PREFERRED,Description: Ideally experience with ML and statistical modeling.,PREFERRED,Description: Ideally experience with ML and statistical modeling.,NOT_MENTIONED,,UNKNOWN,,LIKELY_CLOSED,Current_Status: LIKELY_CLOSED | Status_Evidence: validThrough passed: 2026-09-07T00:16:06+00:00,57,EXACT,OLD,Published_At: 2026-08-08,NO,,,LIKELY_CLOSED,UNKNOWN,,,,UNKNOWN,,UNKNOWN,,NOT_MENTIONED,,NO,"Prague, Prague, CZE | cze",,,,NO,,NOT_MENTIONED,,,
BLT_4479,https://builtin.com/job/product-analyst/8979355,builtin,08_v2.1,2026-10-04T09:26:32+00:00,NOT_MENTIONED,,YES,Description: …r BI tools Ownership mindset : You don’t just wait for tasks; you proactively find anomalies and propose solutions English proficiency at an intermediate level or higher Critical thinking and structured problem-solving Experience in the payments domain will be a plus…,2,"Description: You Are a Great Fit If You Have 2+ years in analytics, including at least 1 year in Product Analytics Solid foundation in mathematical statistics, strong SQL, Python for data analysis, and experience with Tableau or similar BI tools Ownership mindset : You don’t just wait for tasks",JUNIOR,Seniority_Input: Junior,REQUIRED,"Description: You Are a Great Fit If You Have 2+ years in analytics, including at least 1 year in Product Analytics Solid foundation in mathematical statistics, strong SQL, Python for data analysis, and experience with Tableau or similar BI tools Ownership mindset : You don’t just wait for tasks",REQUIRED,"Description: You Are a Great Fit If You Have 2+ years in analytics, including at least 1 year in Product Analytics Solid foundation in mathematical statistics, strong SQL, Python for data analysis, and experience with Tableau or similar BI tools Ownership mindset : You don’t just wait for tasks",NOT_MENTIONED,,REQUIRED,"Description: You Are a Great Fit If You Have 2+ years in analytics, including at least 1 year in Product Analytics Solid foundation in mathematical statistics, strong SQL, Python for data analysis, and experience with Tableau or similar BI tools Ownership mindset : You don’t just wait for tasks",NOT_MENTIONED,,REMOTE,Remote_Mode: Remote / telecommute,LIKELY_CLOSED,Current_Status: LIKELY_CLOSED | Status_Evidence: validThrough passed: 2026-09-13T00:13:30+00:00,51,EXACT,OLD,Published_At: 2026-08-14,NO,,,LIKELY_CLOSED,UNKNOWN,,,,UNKNOWN,,UNKNOWN,,NOT_MENTIONED,,YES,GRC; NOR; ITA; ESP; HUN; CYP; FRA; POL; SWE; TUR; BEL; AUT; DEU; DNK; EST; FIN; HRV; UKR; BGR; PRT; ISL; ROU; LUX; CHE; NLD; IRL; CZE | remote / telecommute | grc; nor; ita; esp; hun; cyp; fra; pol; swe; tur; bel; aut; deu; dnk; est; fin; hrv; ukr; bgr; prt; isl; rou; lux; che; nld; irl; cze,,,,NO,,NOT_MENTIONED,,,
SJ_107713,https://www.startupjobs.cz/nabidka/107713/medior-full-stack-developer-typescript-postgresql-and-ai,startupjobs,08_v2.1,2026-10-04T09:26:32+00:00,REQUIRED,Languages: Czech (level 1),YES,Languages: English (level 1); Czech (level 1),,,MID,"Seniority_Detail: medior | Seniority_Input: Medior/Mid-level | Job_Title_Page: Medior Full-Stack Developer - TypeScript, PostgreSQL & AI | Job_Title_Input: Medior Full-Stack Developer - TypeScript, PostgreSQL & AI",NOT_MENTIONED,,REQUIRED,"Description: AI s rozumem: AI nástroje používáme často, ale nechceme slepě posílat do produkce kód, kterému nikdo nerozumí. 🛠️ Technologie, se kterými budeš pracovat Databáze, PostgreSQL a TimescaleDB jako denní chleba: potřebuješ opravdu rozumět tomu, jak databáze funguje - od návrhu datového modelu přes vztah… | Skills: PostgreSQL [required]",NOT_MENTIONED,,NOT_MENTIONED,,REQUIRED,"Description: AI s rozumem: AI nástroje používáme často, ale nechceme slepě posílat do produkce kód, kterému nikdo nerozumí. 🛠️ Technologie, se kterými budeš pracovat Databáze, PostgreSQL a TimescaleDB jako denní chleba: potřebuješ opravdu rozumět tomu, jak databáze funguje - od návrhu datového modelu přes vztah…",HYBRID,Remote_Mode: hybrid; onsite; remote,OPEN,Current_Status: OPEN | Status_Evidence: startupjobs status=published,23,EXACT,AGING,Published_At: 2026-09-10T16:07:53.000Z,YES,CZECH_REQUIRED,Languages: Czech (level 1),,NO,Languages: Czech (level 1),,,UNKNOWN,,UNKNOWN,,NOT_MENTIONED,,YES,"Praha, Hlavní město Praha, Česko; Liberec, Liberecký kraj, Česko | hybrid; onsite; remote",TypeScript,,Skills: TypeScript [required],NO,,NOT_MENTIONED,,,
SJ_96471,https://www.startupjobs.cz/nabidka/96471/generative-ai-developer-velke-ai-vyzvy-viditelny-prinos,startupjobs,08_v2.1,2026-10-04T09:26:32+00:00,REQUIRED,Languages: Czech (level 3),YES,Languages: English (level 2); Czech (level 3),,,MID_SENIOR,Seniority_Detail: medior; senior,REQUIRED,Skills: Python [required],NOT_MENTIONED,,NOT_MENTIONED,,NOT_MENTIONED,,NOT_MENTIONED,,HYBRID,Remote_Mode: hybrid,CLOSED,Current_Status: CLOSED | Status_Evidence: startupjobs status=expired,393,EXACT,OLD,Published_At: 2025-09-05T12:03:18.000Z,YES,CZECH_REQUIRED | CLOSED,Languages: Czech (level 3) | Current_Status: CLOSED | Status_Evidence: startupjobs status=expired,SENIOR_LEVEL_PRESENT,NO,Languages: Czech (level 3),,,UNKNOWN,,UNKNOWN,,NOT_MENTIONED,,YES,"Prague, Czechia | hybrid",Azure,,Skills: Azure [required],NO,,NOT_MENTIONED,,,
SJ_107679,https://www.startupjobs.cz/nabidka/107679/technical-product-builder-analytic-ai-engineer-full-cycle,startupjobs,08_v2.1,2026-10-04T09:26:32+00:00,NOT_REQUIRED,"Description: Language: Fluent English (Czech or Slovak is a nice bonus, but not required).",YES,Languages: English (level 3),,,MID_SENIOR,Seniority_Detail: medior; senior,NOT_MENTIONED,,NOT_MENTIONED,,NOT_MENTIONED,,NOT_MENTIONED,,NOT_MENTIONED,,ONSITE,Remote_Mode: onsite,OPEN,Current_Status: OPEN | Status_Evidence: startupjobs status=published,24,EXACT,AGING,Published_At: 2026-09-10T08:35:11.000Z,NO,,,SENIOR_LEVEL_PRESENT,YES,"Description: Language: Fluent English (Czech or Slovak is a nice bonus, but not required).",,,UNKNOWN,,UNKNOWN,,NOT_MENTIONED,,YES,"Praha, Hlavní město Praha, Česko | onsite",React,,Skills: React JS [required],NO,,NOT_MENTIONED,,,
SJ_107109,https://www.startupjobs.cz/nabidka/107109/junior-mid-level-scala-developer,startupjobs,08_v2.1,2026-10-04T09:26:32+00:00,NOT_MENTIONED,,UNKNOWN,,,,JUNIOR_MID,"Seniority_Detail: junior; medior | Seniority_Input: Junior/Entry-level, Medior/Mid-level | Job_Title_Page: Junior / Mid-level Scala Developer | Job_Title_Input: Junior / Mid-level Scala Developer",NOT_MENTIONED,,REQUIRED,Skills: PostgreSQL [required],NOT_MENTIONED,,NOT_MENTIONED,,NOT_MENTIONED,,ONSITE,Remote_Mode: onsite,CLOSED,Current_Status: CLOSED | Status_Evidence: startupjobs status=expired,44,EXACT,OLD,Published_At: 2026-08-20T10:35:04.000Z,YES,CLOSED,Current_Status: CLOSED | Status_Evidence: startupjobs status=expired,ENGLISH_UNCLEAR,UNKNOWN,,,,UNKNOWN,,UNKNOWN,,NOT_MENTIONED,,YES,"Prague, Czechia | onsite",Scala,,Skills: Scala [required],NO,,NOT_MENTIONED,,,
SJ_107905,https://www.startupjobs.cz/nabidka/107905/data-analyst-microsoft-fabric-moznost-remote-spoluprace,startupjobs,08_v2.1,2026-10-04T09:26:32+00:00,NOT_MENTIONED,,YES,Languages: English (level 2),,,MID_SENIOR,Seniority_Detail: medior; senior,CONFLICT,"Description: Přemýšlet - kriticky, analyticky a v souvislostech SQL na velmi dobré úrovni (bez toho to nepůjde) Alespoň 2 roky zkušeností s daty, end to end procesem a datovou kvalitou (DQA) Zkušenost s ETL/ELT nebo datovými pipeline Základy datového modelování (bonus za DWH zkušenost) Chuť zkoušet nové věci a… | Skills: Python [required]",CONFLICT,"Description: Přemýšlet - kriticky, analyticky a v souvislostech SQL na velmi dobré úrovni (bez toho to nepůjde) Alespoň 2 roky zkušeností s daty, end to end procesem a datovou kvalitou (DQA) Zkušenost s ETL/ELT nebo datovými pipeline Základy datového modelování (bonus za DWH zkušenost) Chuť zkoušet nové věci a… | Skills: SQL [required]",NOT_MENTIONED,,NOT_MENTIONED,,MENTIONED,"Description: Budeš propojovat data z různých zdrojů (databáze, API, cloud) a dávat jim smysl Čistit, transformovat a připravovat data - protože garbage in = garbage out Převádět business otázky na datové odpovědi (a někdy i naopak :) ) Hledat v datech trendy, souvislosti a „aha momenty"", které mají reálný dopad… | Description: Tým super lidí a zdravou firemní kulturu založenou na svobodě, důvěře, respektu a s tím související zodpovědnosti Smysluplnou práci Prostor pro růst Flexibilitu - pracujeme nejen z Prahy, ale i z různých koutů ČR a celého světa.",HYBRID,Remote_Mode: hybrid; remote,OPEN,Current_Status: OPEN | Status_Evidence: startupjobs status=published,15,EXACT,AGING,Published_At: 2026-09-18T09:52:16.000Z,NO,,,SENIOR_LEVEL_PRESENT | CONFLICTING_SKILL_EVIDENCE,UNKNOWN,,2,"Description: Přemýšlet - kriticky, analyticky a v souvislostech SQL na velmi dobré úrovni (bez toho to nepůjde) Alespoň 2 roky zkušeností s daty, end to end procesem a datovou kvalitou (DQA) Zkušenost s ETL/ELT nebo datovými pipeline Základy datového modelování (bonus za DWH zkušenost) Chuť zkoušet nové věci a…",UNKNOWN,,UNKNOWN,,NOT_MENTIONED,,YES,"Praha, Hlavní město Praha, Česko; Liberec, Liberecký kraj, Česko; Děčín, Ústecký kraj, Česko; Brno, Jihomoravský kraj, Česko; České Budějovice, Jihočeský kraj, Česko; Ostrava, Moravskoslezský kraj, Česko; Zlín, Zlínský kraj, Česko; Hradec Králové, Královéhradecký kraj, Česko; Plzeň, Plzeňský kraj, Česko; Pardubice, Pardubický kraj, Česko; Havířov, Moravskoslezský kraj, Česko; Olomouc, Olomoucký kraj, Česko; Ústí nad Labem, Ústecký kraj, Česko; Teplice, Ústecký kraj, Česko; Opava, Moravskoslezský kraj, Česko; Kladno, Středočeský kraj, Česko; Jihlava, Kraj Vysočina, Česko; Most, Ústecký kraj, Česko | hybrid; remote",dbt,,"Skills: dbt [required] | Conflicting requirement: Description: Přemýšlet - kriticky, analyticky a v souvislostech SQL na velmi dobré úrovni (bez toho to nepůjde) Alespoň 2 roky zkušeností s daty, end to end procesem a datovou kvalitou (DQA) Zkušenost s ETL/ELT nebo datovými pipeline Základy datového modelování (bonus za DWH zkušenost) Chuť zkoušet nové věci a… | Skills: Python [required] | Conflicting requirement: Description: Přemýšlet - kriticky, analyticky a v souvislostech SQL na velmi dobré úrovni (bez toho to nepůjde) Alespoň 2 roky zkušeností s daty, end to end procesem a datovou kvalitou (DQA) Zkušenost s ETL/ELT nebo datovými pipeline Základy datového modelování (bonus za DWH zkušenost) Chuť zkoušet nové věci a… | Skills: SQL [required]",NO,,NOT_MENTIONED,,,
JST_2175,https://www.jobstack.it/it-job/ruby-on-rails-developer/660e4aad9010c,jobstack,08_v2.1,2026-10-04T09:26:32+00:00,NOT_MENTIONED,,YES,Languages: Česky – domluvit se; Anglicky – domluvit se,,,JUNIOR_MID,"Seniority_Detail: Junior; Medior | Seniority_Input: Junior, Medior | Job_Title_Page: Ruby on Rails Junior with a passion for AI | Job_Title_Input: Ruby on Rails Junior with a passion for AI",PREFERRED,Requirements: Pozice Ruby on Rails developer Python developer Základní dovednosti Ruby on Rails Ruby Výhodou Python Jazyky Česky – domluvit se Anglicky – domluvit se | Skills: Python,NOT_MENTIONED,,NOT_MENTIONED,,NOT_MENTIONED,,NOT_MENTIONED,,HYBRID,Remote_Mode: Hybrid,OPEN,Current_Status: OPEN | Status_Evidence: JobStack application link present,21,MINIMUM_AGE,AGING,Published_Upper_Bound: 2026-09-12T11:33:02+02:00 | true posting age may be older,NO,,,,UNKNOWN,,,,UNKNOWN,,UNKNOWN,,NOT_MENTIONED,,YES,"Praha 6 u metra Petřiny, hybrid | hybrid",,,Conflicting requirement: Requirements: Pozice Ruby on Rails developer Python developer Základní dovednosti Ruby on Rails Ruby Výhodou Python Jazyky Česky – domluvit se Anglicky – domluvit se | Description: What should you know: Basics of Ruby/Ruby on Rails. | Skills: Ruby on Rails; Ruby,NO,,NOT_MENTIONED,,,
JST_6087,https://www.jobstack.it/it-job/specialista-seo/68e5f3a4b5437,jobstack,08_v2.1,2026-10-04T09:26:32+00:00,NOT_MENTIONED,,YES,Languages: Česky – domluvit se; Anglicky – plynule,3,"Seniority_Detail: 3 roky | Description: What We’re Looking For 3+ years of experience in SEO, website management, or email marketing.",MID,Seniority_Detail: Medior; 3 roky; SŠ; VŠ | Seniority_Input: Medior,NOT_MENTIONED,,NOT_MENTIONED,,NOT_MENTIONED,,NOT_MENTIONED,,MENTIONED,Requirements: Pozice Specialista SEO Web/kodér Základní dovednosti CSO CMS Jazyky Česky – domluvit se Anglicky – plynule,HYBRID,Remote_Mode: Hybrid,OPEN,Current_Status: OPEN | Status_Evidence: JobStack application link present,21,MINIMUM_AGE,AGING,Published_Upper_Bound: 2026-09-12T11:33:02+02:00 | true posting age may be older,NO,,,EXPERIENCE_3_PLUS,UNKNOWN,,,,UNKNOWN,,UNKNOWN,,NOT_MENTIONED,,YES,"Táborská 619/46, Praha 4 | hybrid",,,,NO,,NOT_MENTIONED,,,
JST_9525,https://www.jobstack.it/it-job/analytik/65df3760a8da9,jobstack,08_v2.1,2026-10-04T09:26:32+00:00,NOT_MENTIONED,,YES,Languages: Anglicky – domluvit se,1,Seniority_Detail: 1 rok,JUNIOR_MID,"Seniority_Detail: Junior; Medior; 1 rok; VŠ | Seniority_Input: Junior, Medior",NOT_MENTIONED,,CONFLICT,"Requirements: Pozice Analytik Specialista Data (BI, DWH, BigData) Základní dovednosti SQL Excel Výhodou second language data science agile methodologies Softskills communication teamwork Jazyky Anglicky – domluvit se | Description: Familiarity with data analysis tools such as Excel or SQL. | Skills: SQL; Excel",MENTIONED,"Description: Previous involvement in cross-functional projects or business transformation initiatives Interest in data science concepts, including machine learning and analytics methodologies",NOT_MENTIONED,,NOT_MENTIONED,,UNKNOWN,,OPEN,Current_Status: OPEN | Status_Evidence: JobStack application link present,21,MINIMUM_AGE,AGING,Published_Upper_Bound: 2026-09-12T11:33:28+02:00 | true posting age may be older,NO,,,CONFLICTING_SKILL_EVIDENCE,UNKNOWN,,,,UNKNOWN,,UNKNOWN,,NOT_MENTIONED,,YES,"Rohanské nábřeží 19, Praha",,,"Conflicting requirement: Requirements: Pozice Analytik Specialista Data (BI, DWH, BigData) Základní dovednosti SQL Excel Výhodou second language data science agile methodologies Softskills communication teamwork Jazyky Anglicky – domluvit se | Description: Familiarity with data analysis tools such as Excel or SQL. | Skills: SQL; Excel",NO,,NOT_MENTIONED,,,
JST_8194,https://www.jobstack.it/it-job/python-developer/627a82ae181c1,jobstack,08_v2.1,2026-10-04T09:26:32+00:00,NOT_MENTIONED,,YES,Languages: Česky – domluvit se; Anglicky – domluvit se,1,Seniority_Detail: 1 rok,JUNIOR_MID,"Seniority_Detail: Junior; Medior; 1 rok | Seniority_Input: Junior, Medior | Job_Title_Page: UK startup looks for a Junior RoR dev keen to learn | Job_Title_Input: UK startup looks for a Junior RoR dev keen to learn",MENTIONED,Requirements: Pozice Python developer Ruby on Rails developer Základní dovednosti Ruby Ruby on Rails Python Django Jazyky Česky – domluvit se Anglicky – domluvit se | Skills: Python,NOT_MENTIONED,,NOT_MENTIONED,,NOT_MENTIONED,,NOT_MENTIONED,,UNKNOWN,,OPEN,Current_Status: OPEN | Status_Evidence: JobStack application link present,21,MINIMUM_AGE,AGING,Published_Upper_Bound: 2026-09-12T11:33:16+02:00 | true posting age may be older,NO,,,,UNKNOWN,,,,UNKNOWN,,UNKNOWN,,NOT_MENTIONED,,YES,"Praha 6 - Petřiny, hybrid",Ruby,,"Description: Business trips!) We don't mind if you've got no experience with Ruby but we will need you to be able to learn it so please, be prepared.",NO,,NOT_MENTIONED,,,
JST_0296,https://www.jobstack.it/it-job/ruby-on-rails-developer/607d6c3fe3cd0,jobstack,08_v2.1,2026-10-04T09:26:32+00:00,NOT_MENTIONED,,YES,Languages: Česky – domluvit se; Anglicky – domluvit se,1,Seniority_Detail: 1 rok,JUNIOR,"Seniority_Detail: Junior; 1 rok | Seniority_Input: Junior | Job_Title_Page: Junior BE programátor, co se nebojí Ruby | Job_Title_Input: Junior BE programátor, co se nebojí Ruby",MENTIONED,Requirements: Pozice Ruby on Rails developer Python developer Základní dovednosti Ruby RoR Python Django Jazyky Česky – domluvit se Anglicky – domluvit se | Skills: Python,NOT_MENTIONED,,NOT_MENTIONED,,NOT_MENTIONED,,PREFERRED,"Description: Pořádáme pravidelné Ruby srazy a další konference a akce, na kterých můžeš nasávat inspiraci a konzultovat technické výzvy. - Navýšení platu po zkušební době a další růst a bonusy v závislosti na tvém přínosu projektům. - Přátelské kolegy, kteří rádi pomohou nováčkům v týmu a proberou s tebou u kaf…",UNKNOWN,,OPEN,Current_Status: OPEN | Status_Evidence: JobStack application link present,21,MINIMUM_AGE,AGING,Published_Upper_Bound: 2026-09-12T11:33:02+02:00 | true posting age may be older,NO,,,,UNKNOWN,,,,UNKNOWN,,UNKNOWN,,NOT_MENTIONED,,YES,"Praha 6 - Petřiny, hybrid",,,,NO,,NOT_MENTIONED,,,
JB_8586,https://www.jobs.cz/rpd/2001412985/,jobscz,08_v2.1,2026-10-04T09:26:32+00:00,NOT_MENTIONED,,UNKNOWN,,,,JUNIOR_MID,"Seniority_Input: Junior/Entry-level, Medior/Mid-level | Job_Title_Input: E-commerce & AI Specialist (junior/medior)",NOT_MENTIONED,,NOT_MENTIONED,,NOT_MENTIONED,,NOT_MENTIONED,,NOT_MENTIONED,,UNKNOWN,,CLOSED,Current_Status: CLOSED | Status_Evidence: Jobs.cz vacancy URL returned HTTP 404,22,MINIMUM_AGE,AGING,Published_Upper_Bound: 2026-09-11T15:57:15+02:00 | true posting age may be older,YES,CLOSED,Current_Status: CLOSED | Status_Evidence: Jobs.cz vacancy URL returned HTTP 404,PARTIAL_EXTRACTION | ENGLISH_UNCLEAR,UNKNOWN,,,,UNKNOWN,,UNKNOWN,,NOT_MENTIONED,,UNKNOWN,,,,,NO,,NOT_MENTIONED,,,
JB_1450,https://www.jobs.cz/rpd/2001405587/,jobscz,08_v2.1,2026-10-04T09:26:32+00:00,NOT_MENTIONED,,YES,"Description: …bojíš se zeptat, když si nejsi jistý/á Máš SŠ/VŠ vzdělání se zaměřením na IT Máš plynulou znalost češtiny, znalost angličtiny pak pro potřeby práce v IT oboru Jsi proaktivní, komunikativní a chceš se profesně posouvat Dokážeš pracovat samostatně, ale zároveň být součástí týmu NA CO SE U NÁS MŮŽEŠ TĚŠ…",,,JUNIOR,Seniority_Input: Junior/Entry-level | Job_Title_Page: Junior programátor AI | Job_Title_Input: Junior programátor AI,MENTIONED,"Description: Zkušený AI architekt tě povede krok za krokem Moderní stack (Azure, Python) bez balastu starých systémů Flexibilní zapojení do IT procesů — technický dohled bez zbytečné byrokracie Když budeš šikovný/á, můžeš rychle růst a budovat svou kariéru Cafeterie - kredity si čerpáš podle vlastního výběru Př…",REQUIRED,"Description: Máš základy Pythonu, orientuješ se v API/REST službách, SQL, práci s daty a víš, k čemu slouží Git Rád/a se učíš nové věci a nebojíš se zeptat, když si nejsi jistý/á Máš SŠ/VŠ vzdělání se zaměřením na IT Máš plynulou znalost češtiny, znalost angličtiny pak pro potřeby práce v IT oboru Jsi proaktivn…",NOT_MENTIONED,,NOT_MENTIONED,,REQUIRED,"Description: Podílet se na vývoji interních nástrojů využívajících umělou inteligenci Automatizovat opakující se procesy a zpracování dokumentů Pracovat na projektech souvisejících s bezpečností a ochranou dat při nasazování AI Udržovat a vylepšovat nástroje, které už běží v ostrém provozu Postupně se zapojovat… | Description: Máš základy Pythonu, orientuješ se v API/REST službách, SQL, práci s daty a víš, k čemu slouží Git Rád/a se učíš nové věci a nebojíš se zeptat, když si nejsi jistý/á Máš SŠ/VŠ vzdělání se zaměřením na IT Máš plynulou znalost češtiny, znalost angličtiny pak pro potřeby práce v IT oboru Jsi proaktivn…",UNKNOWN,,OPEN,Current_Status: OPEN | Status_Evidence: Rendered vacancy body + application control present,22,MINIMUM_AGE,AGING,Published_Upper_Bound: 2026-09-11T16:17:54+02:00 | true posting age may be older,NO,,,,UNKNOWN,,,,UNKNOWN,,UNKNOWN,,NOT_MENTIONED,,UNKNOWN,,,,,NO,,NOT_MENTIONED,,,
JB_5724,https://www.jobs.cz/rpd/2001421579/,jobscz,08_v2.1,2026-10-04T09:26:32+00:00,NOT_MENTIONED,,UNKNOWN,,,,JUNIOR_MID,"Seniority_Input: Junior/Entry-level, Medior/Mid-level | Job_Title_Page: Data Scientist Junior / Data Scientist Medior – Corporate Banking (m/f) | Job_Title_Input: Data Scientist Junior / Data Scientist Medior – Corporate Banking (m/f)",MENTIONED,"Description: Zvládnete SQL a Python – pracujeme s Oracle, PostgreSQL a využíváme Python pro datovou analytiku i Machine Learning.",MENTIONED,"Description: Zvládnete SQL a Python – pracujeme s Oracle, PostgreSQL a využíváme Python pro datovou analytiku i Machine Learning.",MENTIONED,"Description: Zvládnete SQL a Python – pracujeme s Oracle, PostgreSQL a využíváme Python pro datovou analytiku i Machine Learning.",NOT_MENTIONED,,MENTIONED,"Description: Proaktivní přístup, flexibilita a samostatnost – umíte navrhnout řešení, nebojíte se změn a rádi spolupracujete. | Description: Prostor pro rozvoj a vzdělávání – investujeme do vašeho růstu, čekají vás školení, mentoring, sdílení know-how i interní komunity. | Description: Rádi vás poznáme. | Description: Fitko, jóga, sauna… Výběr je na tobě.",HYBRID,"Description: Data Scientist Junior / Data Scientist Medior – Corporate Banking (m/f) Lokalita: Hvězdova 1716/2b, 14000 Praha - Nusle Úvazek: Práce na plný úvazek Chcete pracovat s daty, analyzovat chování klientů a ovlivnit, jak se banka rozhoduje? V Raiffeisenbank nyní rozšiřujeme tým a hledáme dva nové kolegy…",LIKELY_OPEN,Current_Status: LIKELY_OPEN | Status_Evidence: HTTP 200 specific vacancy metadata + Alma react widget shell,22,MINIMUM_AGE,AGING,Published_Upper_Bound: 2026-09-11T15:56:42+02:00 | true posting age may be older,NO,,,ENGLISH_UNCLEAR,UNKNOWN,,,,UNKNOWN,,UNKNOWN,,NOT_MENTIONED,,YES,"Data Scientist Junior / Data Scientist Medior – Corporate Banking (m/f) : Hvězdova 1716/2b, 14000 Praha - Nusle Úvazek: Práce na plný úvazek",,,,NO,,NOT_MENTIONED,,,
JB_3127,https://www.jobs.cz/rpd/2001394085/,jobscz,08_v2.1,2026-10-04T09:26:32+00:00,NOT_MENTIONED,,YES,"Description: …ook, Occasional work from home, Refreshments on workplace, Sick days Required education University Language skills English (Advanced) Company Aon Central and Eastern Europe a.s. Work location Václavské náměstí 832/19, 11000, Praha - Nové Město, Pr…",,,UNKNOWN,,PREFERRED,"Description: What the day will look like Contribute to the design, analysis, and validation of models , ensuring methods and outputs are robust and transparent Develop and maintain statistical and machine learning models using Python, R, or a combination of both, applying modern development practices and tools…",PREFERRED,"Description: What the day will look like Contribute to the design, analysis, and validation of models , ensuring methods and outputs are robust and transparent Develop and maintain statistical and machine learning models using Python, R, or a combination of both, applying modern development practices and tools…",PREFERRED,"Description: What the day will look like Contribute to the design, analysis, and validation of models , ensuring methods and outputs are robust and transparent Develop and maintain statistical and machine learning models using Python, R, or a combination of both, applying modern development practices and tools…",PREFERRED,"Description: What the day will look like Contribute to the design, analysis, and validation of models , ensuring methods and outputs are robust and transparent Develop and maintain statistical and machine learning models using Python, R, or a combination of both, applying modern development practices and tools…",PREFERRED,"Description: What the day will look like Contribute to the design, analysis, and validation of models , ensuring methods and outputs are robust and transparent Develop and maintain statistical and machine learning models using Python, R, or a combination of both, applying modern development practices and tools…",HYBRID,"Description: This role is part of Aon Impact Forecasting team, a team of scientists, developers and client services colleagues together developing and supporting catastrophe models for various perils including flood, windstorm, earthquake, wildfire or terrorism. Statistical Modeler in Wildfire Team We are looki…",OPEN,Current_Status: OPEN | Status_Evidence: Rendered vacancy body + application control present,22,MINIMUM_AGE,AGING,Published_Upper_Bound: 2026-09-11T17:10:20+02:00 | true posting age may be older,NO,,,,UNKNOWN,,,,UNKNOWN,,UNKNOWN,,NOT_MENTIONED,,UNKNOWN,Please note applications are available for candidates with valid work permit for Czechia .,,,,NO,,NOT_MENTIONED,,,
JB_7439,https://www.jobs.cz/rpd/2001387978/,jobscz,08_v2.1,2026-10-04T09:26:32+00:00,NOT_MENTIONED,,UNKNOWN,,,,UNKNOWN,,NOT_MENTIONED,,NOT_MENTIONED,,NOT_MENTIONED,,NOT_MENTIONED,,NOT_MENTIONED,,UNKNOWN,,UNKNOWN,Current_Status: UNKNOWN,22,MINIMUM_AGE,AGING,Published_Upper_Bound: 2026-09-11T16:29:24+02:00 | true posting age may be older,NO,,,PARTIAL_EXTRACTION | ENGLISH_UNCLEAR,UNKNOWN,,,,UNKNOWN,,UNKNOWN,,NOT_MENTIONED,,UNKNOWN,,,,,NO,,NOT_MENTIONED,,,
JST_5801,https://www.jobstack.it/it-job/ruby-on-rails-developer/607d7030231e2,jobstack,08_v2.1,2026-10-04T09:26:32+00:00,NOT_MENTIONED,,YES,Languages: Česky – domluvit se; Anglicky – domluvit se,,,JUNIOR_MID,"Seniority_Detail: Junior; Medior; SŠ; VŠ | Seniority_Input: Junior, Medior | Job_Title_Page: Junior programátor Ruby, co nemá zaťatý zuby | Job_Title_Input: Junior programátor Ruby, co nemá zaťatý zuby",MENTIONED,Requirements: Pozice Ruby on Rails developer Python developer Jazyky Česky – domluvit se Anglicky – domluvit se,NOT_MENTIONED,,NOT_MENTIONED,,NOT_MENTIONED,,NOT_MENTIONED,,HYBRID,Remote_Mode: Hybrid,OPEN,Current_Status: OPEN | Status_Evidence: JobStack application link present,21,MINIMUM_AGE,AGING,Published_Upper_Bound: 2026-09-12T11:33:02+02:00 | true posting age may be older,NO,,,,UNKNOWN,,,,UNKNOWN,,UNKNOWN,,NOT_MENTIONED,,YES,"Praha 6 u metra Petřiny, hybrid | hybrid",Ruby,,Description: Při vytváření softwaru používáme Ruby a RoR na backendu a nutné minimum JavaScriptu na frontendu.,NO,,NOT_MENTIONED,,,
BLT_0726,https://builtin.com/job/software-engineer-containers/11203487,builtin,08_v2.1,2026-10-04T09:26:32+00:00,NOT_MENTIONED,,LIKELY,Page_Language: en,,,JUNIOR,Seniority_Input: Entry level,REQUIRED,"Description: WHAT YOU BRING Experience across the software development lifecycle, from design through deployment and maintenance Proficiency in Python Hands-on Linux systems experience, including service lifecycle management, user/permission administration, process behavior, and basic networking or storage trou…",NOT_MENTIONED,,NOT_MENTIONED,,NOT_MENTIONED,,NOT_MENTIONED,,ONSITE,"Description: Everpure (NYSE: P) has evolved from storage pioneer to data platform, closing fiscal 2026 with $3.7 billion in revenue, its first billion-dollar quarter, and accelerating growth into FY27. Our strategic agenda spans the companies defining the next era of technology - hyperscalers, AI labs, the AI h…",OPEN,Current_Status: OPEN | Status_Evidence: validThrough in future: 2026-10-16T12:22:17+00:00,18,EXACT,AGING,Published_At: 2026-09-16,NO,,,,UNKNOWN,,,,UNKNOWN,,UNKNOWN,,NOT_MENTIONED,,NO,"Prague, Prague, CZE | cze",,,,NO,,NOT_MENTIONED,,,
SJ_107907,https://www.startupjobs.cz/nabidka/107907/cdp-and-crm-automation-specialist-prague-czechia-hybrid-full-time,startupjobs,08_v2.1,2026-10-04T09:26:32+00:00,NOT_REQUIRED,"Description: Czech helps with Central European clients, not required.",YES,Languages: English (level 3),,,MIXED,Seniority_Detail: junior; medior; senior,NOT_MENTIONED,,NOT_MENTIONED,,NOT_MENTIONED,,NOT_MENTIONED,,NOT_MENTIONED,,HYBRID,Remote_Mode: hybrid; onsite,OPEN,Current_Status: OPEN | Status_Evidence: startupjobs status=published,15,EXACT,AGING,Published_At: 2026-09-18T09:53:26.000Z,NO,,,SENIOR_LEVEL_PRESENT,YES,"Description: Czech helps with Central European clients, not required.",,,UNKNOWN,,UNKNOWN,,NOT_MENTIONED,,YES,"Praha, Hlavní město Praha, Česko | hybrid; onsite",,,,NO,,NOT_MENTIONED,,,
JST_4663,https://www.jobstack.it/it-job/ruby-on-rails-developer/65fab87b0579d,jobstack,08_v2.1,2026-10-04T09:26:32+00:00,NOT_MENTIONED,,YES,Languages: Česky – domluvit se; Anglicky – domluvit se,1,Seniority_Detail: 1 rok,JUNIOR_MID,"Seniority_Detail: Junior; Medior; 1 rok | Seniority_Input: Junior, Medior",CONFLICT,"Requirements: Pozice Ruby on Rails developer Python developer Základní dovednosti Ruby on Rails Ruby Python Django Výhodou MVC Jazyky Česky – domluvit se Anglicky – domluvit se | Description: Budou se Ti hodit základy práce s unix-prostředím a zkušenosti ideálně s Ruby a Ruby on Rails, ale klidně i Python, Django, nebo jiný MVC framework. | Skills: Ruby on Rails; Ruby; Python; Django",NOT_MENTIONED,,NOT_MENTIONED,,NOT_MENTIONED,,REQUIRED,"Description: Koho potřebujeme: učenlivého člověka se silným analytickým myšlením, programátora, který umí naprogramovat webovou aplikaci a je ochoten se to naučit i v Ruby / Ruby on Rails, samostatného a zodpovědného parťáka, který se nestydí říct si o pomoc a naopak je ochoten pomoct ostatním. někoho, kdo uvít…",HYBRID,Remote_Mode: Hybrid,OPEN,Current_Status: OPEN | Status_Evidence: JobStack application link present,21,MINIMUM_AGE,AGING,Published_Upper_Bound: 2026-09-12T11:33:02+02:00 | true posting age may be older,NO,,,CONFLICTING_SKILL_EVIDENCE,UNKNOWN,,,,UNKNOWN,,UNKNOWN,,NOT_MENTIONED,,YES,"Praha 6 u metra Petřiny, hybrid | hybrid",,,"Conflicting requirement: Requirements: Pozice Ruby on Rails developer Python developer Základní dovednosti Ruby on Rails Ruby Python Django Výhodou MVC Jazyky Česky – domluvit se Anglicky – domluvit se | Description: Koho potřebujeme: učenlivého člověka se silným analytickým myšlením, programátora, který umí naprogramovat webovou aplikaci a je ochoten se to naučit i v Ruby / Ruby on Rails, samostatného a zodpovědného parťáka, který se nestydí říct si o pomoc a naopak je ochoten pomoct ostatním. někoho, kdo uvít… | Description: Budou se Ti hodit základy práce s unix-prostředím a zkušenosti ideálně s Ruby a Ruby on Rails, ale klidně i Python, Django, nebo jiný MVC framework. | Skills: Ruby on Rails; Ruby; Python; Django | Conflicting requirement: Requirements: Pozice Ruby on Rails developer Python developer Základní dovednosti Ruby on Rails Ruby Python Django Výhodou MVC Jazyky Česky – domluvit se Anglicky – domluvit se | Description: Budou se Ti hodit základy práce s unix-prostředím a zkušenosti ideálně s Ruby a Ruby on Rails, ale klidně i Python, Django, nebo jiný MVC framework. | Skills: Ruby on Rails; Ruby; Python; Django",NO,,NOT_MENTIONED,,,
BLT_2379,https://builtin.com/job/junior-software-engineer/9112895,builtin,08_v2.1,2026-10-04T09:26:32+00:00,NOT_MENTIONED,,LIKELY,Page_Language: en,1,"Description: Master degree in Computer Science, Engineering, or a related field, OR equivalent practical experience (approx 1-2 years of professional experience in relevant role).",JUNIOR,Seniority_Input: Junior | Job_Title_Page: Junior Software Engineer | Job_Title_Input: Junior Software Engineer,REQUIRED,Description: Experience with Python on a real-world project.,NOT_MENTIONED,,CONFLICT,"Description: Work with ML engineers to build and deploy new features for AI-powered components. | Description: Our Tech Stack: The data-driven nature of the role and the prominence of Python in the data and ML ecosystem means you will primarily work in Python and engineer data pipelines. | Description: Nice to haves: Experience working in a multi-disciplinary team of Data Scientists, ML Engineers, SREs and product managers. | Description: Experience with data analysis, relevant machine learning techniques and graph algorithms.",NOT_MENTIONED,,NOT_MENTIONED,,HYBRID,Description: Writing software is your hobby. You want to team up with great people because that’s the best way to grow and learn. You want your work to make a positive impact in the world. You love the idea that your code can help combat global crime. Is this you? Then you will fit well in our team. We are buil…,LIKELY_CLOSED,Current_Status: LIKELY_CLOSED | Status_Evidence: validThrough passed: 2026-09-01T00:12:27+00:00,63,EXACT,OLD,Published_At: 2026-08-02,NO,,,LIKELY_CLOSED | CONFLICTING_SKILL_EVIDENCE,UNKNOWN,,,,UNKNOWN,,UNKNOWN,,NOT_MENTIONED,,NO,"Prague, Prague, CZE | cze",AWS | Azure | GCP,,"Description: At least basic experience with working in cloud environment (preferably GCP, AWS or Azure).",NO,,NOT_MENTIONED,,,
JST_9151,https://www.jobstack.it/it-job/python-developer/615b13673423d,jobstack,08_v2.1,2026-10-04T09:26:32+00:00,NOT_MENTIONED,,YES,Languages: Česky – domluvit se; Anglicky – domluvit se,1,Seniority_Detail: 1 rok,MIXED,"Seniority_Detail: Junior; Medior; Senior; 1 rok | Seniority_Input: Junior, Medior, Senior",MENTIONED,Requirements: Pozice Python developer Ruby on Rails developer Základní dovednosti Ruby RoR Python Django Jazyky Česky – domluvit se Anglicky – domluvit se | Skills: Python,NOT_MENTIONED,,NOT_MENTIONED,,NOT_MENTIONED,,PREFERRED,"Description: Co můžeme nabídnout my Vám: dostanete velkou míru svobody, zodpovědnosti, ale nikdy Vás nenecháme ve štychu programujeme ve frameworku Ruby on Rails, protože víme, že byl vytvořen proto, aby se v něm progošům dobře pracovalo, a navíc se na ty naše webové aplikace / informační systémy hodí nejlíp, e…",HYBRID,Remote_Mode: Hybrid,OPEN,Current_Status: OPEN | Status_Evidence: JobStack application link present,21,MINIMUM_AGE,AGING,Published_Upper_Bound: 2026-09-12T11:33:02+02:00 | true posting age may be older,NO,,,SENIOR_LEVEL_PRESENT,UNKNOWN,,,,UNKNOWN,,UNKNOWN,,NOT_MENTIONED,,YES,"Praha 6 - Petřiny, hybrid | hybrid",,,,NO,,NOT_MENTIONED,,,
BLT_2344,https://builtin.com/job/full-stack-software-engineer/10949761,builtin,08_v2.1,2026-10-04T09:26:32+00:00,NOT_MENTIONED,,LIKELY,Page_Language: en,,,JUNIOR,Seniority_Input: Entry level,REQUIRED,"Description: Qualifications Experience in Back-End Web Development, Front-End Development, and Full-Stack Development Proficiency in Python Web Frameworks such as (Flask, FastAPI) and exposure to AI, ML and LLM development Comfortable working in a JavaScript/TypeScript environment e.g.",NOT_MENTIONED,,REQUIRED,"Description: Qualifications Experience in Back-End Web Development, Front-End Development, and Full-Stack Development Proficiency in Python Web Frameworks such as (Flask, FastAPI) and exposure to AI, ML and LLM development Comfortable working in a JavaScript/TypeScript environment e.g.",NOT_MENTIONED,,NOT_MENTIONED,,REMOTE,Remote_Mode: Remote / telecommute,OPEN,Current_Status: OPEN | Status_Evidence: validThrough in future: 2026-10-20T03:24:48+00:00,14,EXACT,RECENT,Published_At: 2026-09-20,NO,,,,UNKNOWN,,,,UNKNOWN,,UNKNOWN,,NOT_MENTIONED,,YES,"GRC; NOR; ITA; ESP; HUN; CYP; FRA; POL; SWE; TUR; BEL; AUT; DEU; DNK; EST; FIN; HRV; UKR; BGR; PRT; ISL; ROU; LUX; CHE; NLD; IRL; CZE; Munich, Bayern, DEU; London, England, GBR | remote / telecommute | grc; nor; ita; esp; hun; cyp; fra; pol; swe; tur; bel; aut; deu; dnk; est; fin; hrv; ukr; bgr; prt; isl; rou; lux; che; nld; irl; cze; gbr",React | TypeScript,,"Description: React / Next.js / Vercel Basic understanding of DevOps practices, including CI/CD pipelines, automated testing, and infrastructure as code (IaC) Knowledge of cloud platforms and deployment processes Experience with software development methodologies and best practices Comfort working in a startup e… | Description: Qualifications Experience in Back-End Web Development, Front-End Development, and Full-Stack Development Proficiency in Python Web Frameworks such as (Flask, FastAPI) and exposure to AI, ML and LLM development Comfortable working in a JavaScript/TypeScript environment e.g.",NO,,NOT_MENTIONED,,,
JST_7785,https://www.jobstack.it/it-job/python-developer/6995cc3154590,jobstack,08_v2.1,2026-10-04T09:26:32+00:00,NOT_MENTIONED,,YES,Languages: Anglicky – plynule,2,Seniority_Detail: 2 roky,MID,Seniority_Detail: Medior; 2 roky; VŠ | Seniority_Input: Medior,CONFLICT,"Requirements: Pozice Python developer Data developer (BI, DWH, BigData) Základní dovednosti Python SQL Data Engineering Snowflake Výhodou AWS Azure GenAi Softskills Organised Teamwork Communication Forward Thinking Jazyky Anglicky – plynule | Description: What You’ll Do: Develop tools and applications in Python to perform data processing, data analysis, modelling, forecasting. | Description: Design, build, and optimize Python/Snowflake-based data operation pipelines for ingesting, cleaning, transforming, and loading data. | Skills: Python; SQL; Data Engineering; Snowflake",CONFLICT,"Requirements: Pozice Python developer Data developer (BI, DWH, BigData) Základní dovednosti Python SQL Data Engineering Snowflake Výhodou AWS Azure GenAi Softskills Organised Teamwork Communication Forward Thinking Jazyky Anglicky – plynule | Skills: Python; SQL; Data Engineering; Snowflake",NOT_MENTIONED,,MENTIONED,"Description: Utilize statistical, mathematical, and algorithmic principles.",NOT_MENTIONED,,HYBRID,Remote_Mode: Hybrid,OPEN,Current_Status: OPEN | Status_Evidence: JobStack application link present,21,MINIMUM_AGE,AGING,Published_Upper_Bound: 2026-09-12T11:33:02+02:00 | true posting age may be older,NO,,,CONFLICTING_SKILL_EVIDENCE,UNKNOWN,,,,UNKNOWN,,UNKNOWN,,NOT_MENTIONED,,YES,"Malé náměstí 459/11, Praha, Staré Město | hybrid",,,"Conflicting requirement: Requirements: Pozice Python developer Data developer (BI, DWH, BigData) Základní dovednosti Python SQL Data Engineering Snowflake Výhodou AWS Azure GenAi Softskills Organised Teamwork Communication Forward Thinking Jazyky Anglicky – plynule | Description: What You’ll Do: Develop tools and applications in Python to perform data processing, data analysis, modelling, forecasting. | Description: Design, build, and optimize Python/Snowflake-based data operation pipelines for ingesting, cleaning, transforming, and loading data. | Skills: Python; SQL; Data Engineering; Snowflake | Conflicting requirement: Requirements: Pozice Python developer Data developer (BI, DWH, BigData) Základní dovednosti Python SQL Data Engineering Snowflake Výhodou AWS Azure GenAi Softskills Organised Teamwork Communication Forward Thinking Jazyky Anglicky – plynule | Skills: Python; SQL; Data Engineering; Snowflake",NO,,NOT_MENTIONED,,,
JB_8953,https://www.jobs.cz/rpd/2001381192/,jobscz,08_v2.1,2026-10-04T09:26:32+00:00,NOT_MENTIONED,,YES,Description: …engths? Your strengths You have strong analytical skills and excellent communication skills. You speak and write fluent English. You enjoy working with others in a pragmatic way. You are always happy to celebrate the successes as a team. You pr…,,,UNKNOWN,,MENTIONED,"Description: You are confident in your Python programming skills (numpy, pandas, matplotlib) and know how to use Git.",NOT_MENTIONED,,NOT_MENTIONED,,NOT_MENTIONED,,REQUIRED,Description: Profesionálové u nás mají prostor růst a rozšiřovat si dosavadní znalosti.,UNKNOWN,,OPEN,Current_Status: OPEN | Status_Evidence: Rendered vacancy body + application control present,22,MINIMUM_AGE,AGING,Published_Upper_Bound: 2026-09-11T15:56:36+02:00 | true posting age may be older,NO,,,,UNKNOWN,,,,UNKNOWN,,UNKNOWN,,NOT_MENTIONED,,UNKNOWN,O ČSOB Volná místa Copyright © 2026 ČSOB Powered by Alma Career,,,,NO,,NOT_MENTIONED,,,
BLT_9803,https://builtin.com/job/backend-engineer-nestjs-go/11070380,builtin,08_v2.1,2026-10-04T09:26:32+00:00,NOT_MENTIONED,,LIKELY,Page_Language: en,,,JUNIOR,Seniority_Input: Entry level,PREFERRED,"Description: Tech Stack Service-oriented / microservices architecture Node.js (NestJS) , Go , a bit of Python PostgreSQL as the primary database gRPC for internal service communication Hosted on Google Cloud Platform Integrations with AI assistants and AI agent systems Client applications: Next.js web app + Chr…",PREFERRED,"Description: Tech Stack Service-oriented / microservices architecture Node.js (NestJS) , Go , a bit of Python PostgreSQL as the primary database gRPC for internal service communication Hosted on Google Cloud Platform Integrations with AI assistants and AI agent systems Client applications: Next.js web app + Chr…",NOT_MENTIONED,,NOT_MENTIONED,,NOT_MENTIONED,,REMOTE,Remote_Mode: Remote / telecommute,OPEN,Current_Status: OPEN | Status_Evidence: validThrough in future: 2026-10-09T10:23:48+00:00,25,EXACT,AGING,Published_At: 2026-09-09,NO,,,,UNKNOWN,,,,UNKNOWN,,UNKNOWN,,NOT_MENTIONED,,YES,GRC; NOR; ITA; ESP; HUN; CYP; FRA; POL; SWE; TUR; BEL; AUT; DEU; DNK; EST; FIN; HRV; UKR; BGR; PRT; ISL; ROU; LUX; CHE; NLD; IRL; CZE | remote / telecommute | grc; nor; ita; esp; hun; cyp; fra; pol; swe; tur; bel; aut; deu; dnk; est; fin; hrv; ukr; bgr; prt; isl; rou; lux; che; nld; irl; cze,,,,NO,,NOT_MENTIONED,,,
JB_3384,https://www.jobs.cz/rpd/2001295360/,jobscz,08_v2.1,2026-10-04T09:26:32+00:00,NOT_MENTIONED,,UNKNOWN,,,,UNKNOWN,,PREFERRED,"Description: Pokud ovládáte Python, Databricks či užitečné vizualizace , je to výhodou, ale ne podmínkou.",MENTIONED,Description: Zkušenost s SQL je nutná – budete pracovat s komplexními datovými strukturami.,NOT_MENTIONED,,NOT_MENTIONED,,CONFLICT,"Description: Možnost ovlivnit směr firmy – vaše objevy mohou vést ke změnám ve strategii, způsobu komunikace nebo zákaznické péči. | Description: Pošlete nám CV nebo váš LinkedIn profil přes odpovědní tlačítko "" Mám zájem "" a my se s vámi rádi potkáme. | Description: Benefity Bonusy 5 týdnů dovolené Flexibilní pracovní doba Skupina ČEZ nabízí různé formy flexibilní pracovní doby tam, kde to charakter pracovní pozice a druh práce umožňuje. | Description: Cafeterie Jde nám o zdraví a pohodu našich zaměstnanců a víme, že každý má jiné potřeby, proto využíváme program Cafeterie, kde přidělené body může každý uplatnit dle svých preferencí, např. v rámci sportovních aktivit, v lékárně či na wellness nebo rodinných pobytech. | Description: Homeoffice Příspěvek na pojištění Stravenky/Příspěvek na stravování Firemní vzdělávání & osobní rozvoj Našim zaměstnancům umožňujeme rozvoj jejich potenciálu a osobnostní i profesní růst. | Description: Budeme vás motivovat k rozvíjení vašich silných stránek, k získávání nových zkušeností a ke kariérnímu růstu. | Description: Věříme, že v různorodosti je síla, proto usilujeme o rozmanitost pracovních týmů a rovnost příležitostí. | Description: Zdravotní omezení či jiné individuální okolnosti pro nás nemusí být překážkou – rádi se pobavíme o konkrétních potřebách a možnostech spolupráce.",UNKNOWN,,OPEN,Current_Status: OPEN | Status_Evidence: Rendered vacancy body + application control present,22,MINIMUM_AGE,AGING,Published_Upper_Bound: 2026-09-11T15:56:22+02:00 | true posting age may be older,NO,,,ENGLISH_UNCLEAR | CONFLICTING_SKILL_EVIDENCE,UNKNOWN,,,,UNKNOWN,,UNKNOWN,,NOT_MENTIONED,,UNKNOWN,"function getUrlParameter(name) { name = name.replace(/[\[]/, '\\[').replace(/[\]]/, '\\]'); var regex = new RegExp('[\\?&]' + name + '=([^&#]*)'); var results = regex.exec(location.search); return results === null ? '' : decodeURIComponent(results[1].replace(/\+/g, ' ')); }",,,,NO,,NOT_MENTIONED,,,
JB_0625,https://www.jobs.cz/rpd/2001412247/,jobscz,08_v2.1,2026-10-04T09:26:32+00:00,NOT_MENTIONED,,UNKNOWN,,,,JUNIOR_MID,"Seniority_Input: Junior/Entry-level, Medior/Mid-level | Job_Title_Page: Business analytik - junior/medior - (m/ž/n) - PRAHA | Job_Title_Input: Business analytik - junior/medior - (m/ž/n) - PRAHA",NOT_MENTIONED,,NOT_MENTIONED,,NOT_MENTIONED,,NOT_MENTIONED,,REQUIRED,"Description: CO JE NÁPLNÍ PRÁCE: Budete se podílet na zavádění nových funkcionalit v našich obchodních aplikacích Analyzovat a vyhodnocovat požadavky interních i externích zákazníků Prioritizovat zadání a koordinovat jejich realizaci napříč týmy Spolupracovat s produktovými specialisty, projektovými manažery, d… | Description: CO VÁM POSKYTNEME: 5 týdnů dovolené + 5 dnů osobního volna podle Vašich potřeb - t edy celkem až 6 týdnů volna pro vás 2 dny placeného volna na charitativní účely Ordinace 24 – nonstop přístup k lékaři (telefon / videohovor), včetně možnosti vystavení e-Receptu Stravenky v hodnotě 170 Kč / den Přís… | Description: Do průzkumu se zapojilo 90 % zaměstnanců, 88 % označilo ČPP za skvělé místo pro práci a celkové skóre spokojenosti dosáhlo 80 % Informace o pozici Typ úvazku Práce na plný úvazek Typ smluvního vztahu pracovní smlouva Délka pracovního poměru Na dobu neurčitou Benefity Dovolená 5 týdnů, Kafetérie, Mo…",UNKNOWN,,OPEN,Current_Status: OPEN | Status_Evidence: Rendered vacancy body + application control present,22,MINIMUM_AGE,AGING,Published_Upper_Bound: 2026-09-11T16:52:09+02:00 | true posting age may be older,NO,,,ENGLISH_UNCLEAR,UNKNOWN,,,,UNKNOWN,,UNKNOWN,,NOT_MENTIONED,,UNKNOWN,,,,,NO,,NOT_MENTIONED,,,
JB_1634,https://www.jobs.cz/rpd/2001137983/,jobscz,08_v2.1,2026-10-04T09:26:32+00:00,NOT_MENTIONED,,YES,"Description: …ického směru, ale není podmínkou). - možnost začít na částečný úvazek při VŠ studiu. Pokročilou znalost MS Office. Angličtinu na úrovni min. B1–B2 (budete ji u nás používat denně). Samostatnost, spolehlivost, prezentační dovednosti a schopnost obháj…",,,JUNIOR,Seniority_Input: Junior/Entry-level | Job_Title_Page: Junior Analytik /analytička systémových nástrojů | Job_Title_Input: Junior Analytik /analytička systémových nástrojů,NOT_MENTIONED,,NOT_MENTIONED,,NOT_MENTIONED,,NOT_MENTIONED,,MENTIONED,"Description: ČEPS, a.s. je výlučným držitelem licence na přenos elektrické energie a působí jako provozovatel přenosové soustavy v ČR. | Description: V rámci propojených soustav zajišťuje a rozvíjí mezinárodní spolupráci a uživatelům přenosové soustavy poskytuje systémové a podpůrné služby. | Description: Junior Analytik /analytička systémových nástrojů Hledáme novou posilu do týmu, který zajišťuje klíčové procesy na trhu s elektřinou v ČR i EU. | Description: Spolupráce se zahraničními provozovateli přenosových soustav a dalšími účastníky trhu s elektřinou v ČR i zahraničí. | Description: Pokud umíte anglicky a máte motivaci učit se nové věci, rádi Vás vše naučíme a podpoříme. | Description: Jedinečné know-how a práci, která má reálný dopad na energetiku ČR i EU.",UNKNOWN,,OPEN,Current_Status: OPEN | Status_Evidence: Rendered vacancy body + application control present,22,MINIMUM_AGE,AGING,Published_Upper_Bound: 2026-09-11T15:58:19+02:00 | true posting age may be older,NO,,,,UNKNOWN,,,,UNKNOWN,,UNKNOWN,,NOT_MENTIONED,,UNKNOWN,2026 Powered by Alma Career,,,,NO,,NOT_MENTIONED,,,
JB_4143,https://www.jobs.cz/rpd/2001335519/,jobscz,08_v2.1,2026-10-04T09:26:32+00:00,NOT_MENTIONED,,UNKNOWN,,,,UNKNOWN,,NOT_MENTIONED,,NOT_MENTIONED,,NOT_MENTIONED,,NOT_MENTIONED,,NOT_MENTIONED,,UNKNOWN,,OPEN,Current_Status: OPEN | Status_Evidence: Rendered vacancy body + application control present,22,MINIMUM_AGE,AGING,Published_Upper_Bound: 2026-09-11T15:57:28+02:00 | true posting age may be older,NO,,,ENGLISH_UNCLEAR,UNKNOWN,,,,UNKNOWN,,UNKNOWN,,NOT_MENTIONED,,UNKNOWN,,,,,NO,,NOT_MENTIONED,,,
JB_4276,https://www.jobs.cz/rpd/2001108862/,jobscz,08_v2.1,2026-10-04T09:26:32+00:00,MENTIONED,"Description: Personal development budget and financially supported, in-person language courses (English, Czech, German) held on-site. 5 additional vacation days.",LIKELY,Page_Language: en,20,Description: About branch About Ezpada Ezpada is a global commodity trading house with 20+ years of experience.,UNKNOWN,,PREFERRED,"Description: What You Will Be Responsible For: Develop data-driven models and analytical tools to support trading and market analysis in European energy markets Build forecasting and predictive models using historical market data, fundamentals, and external datasets Work closely with traders and analysts to tra…",PREFERRED,"Description: What You Will Be Responsible For: Develop data-driven models and analytical tools to support trading and market analysis in European energy markets Build forecasting and predictive models using historical market data, fundamentals, and external datasets Work closely with traders and analysts to tra…",PREFERRED,"Description: What You Will Be Responsible For: Develop data-driven models and analytical tools to support trading and market analysis in European energy markets Build forecasting and predictive models using historical market data, fundamentals, and external datasets Work closely with traders and analysts to tra…",PREFERRED,"Description: What You Will Be Responsible For: Develop data-driven models and analytical tools to support trading and market analysis in European energy markets Build forecasting and predictive models using historical market data, fundamentals, and external datasets Work closely with traders and analysts to tra…",MENTIONED,Description: Contact Ezpada s.r.o.,HYBRID,"Description: Ezpada Group was founded in April 2004 as a privately held company focused on the wholesale trading of electricity with physical delivery and financial settlement, as well as network capacity, coal, oil, gas, and emission allowances. We operate on global commodity markets, with a strong and diversi…",OPEN,Current_Status: OPEN | Status_Evidence: Rendered vacancy body + application control present,22,MINIMUM_AGE,AGING,Published_Upper_Bound: 2026-09-11T15:58:25+02:00 | true posting age may be older,NO,,,EXPERIENCE_3_PLUS | CZECH_SIGNAL_REVIEW,UNKNOWN,,,,UNKNOWN,,UNKNOWN,,NOT_MENTIONED,,UNKNOWN,,,,,NO,,NOT_MENTIONED,,,
JB_5806,https://www.jobs.cz/rpd/2001295427/,jobscz,08_v2.1,2026-10-04T09:26:32+00:00,NOT_MENTIONED,,UNKNOWN,,,,JUNIOR_SENIOR,"Seniority_Input: Junior/Entry-level, Senior | Job_Title_Page: DWH Developer (Junior & Senior) - Praha | Job_Title_Input: DWH Developer (Junior & Senior) - Praha",NOT_MENTIONED,,PREFERRED,"Description: Ať už jste na startu kariéry, nebo máte za sebou roky zkušeností, u nás najdete prostor růst, tvořit a ovlivňovat, jak pracujeme s daty. 📊 DWH DEVELOPER JUNIOR 💼 Co vás u nás čeká: realizace jednodušších požadavků na vývoj a úpravy DWH podle definované architektury, spolupráce na implementaci datov…",NOT_MENTIONED,,NOT_MENTIONED,,PREFERRED,"Description: Ať už jste na startu kariéry, nebo máte za sebou roky zkušeností, u nás najdete prostor růst, tvořit a ovlivňovat, jak pracujeme s daty. 📊 DWH DEVELOPER JUNIOR 💼 Co vás u nás čeká: realizace jednodušších požadavků na vývoj a úpravy DWH podle definované architektury, spolupráce na implementaci datov…",UNKNOWN,,OPEN,Current_Status: OPEN | Status_Evidence: Rendered vacancy body + application control present,22,MINIMUM_AGE,AGING,Published_Upper_Bound: 2026-09-11T16:18:18+02:00 | true posting age may be older,NO,,,SENIOR_LEVEL_PRESENT | ENGLISH_UNCLEAR,UNKNOWN,,,,UNKNOWN,,UNKNOWN,,NOT_MENTIONED,,UNKNOWN,,,,,NO,,NOT_MENTIONED,,,
JB_5411,https://www.jobs.cz/rpd/2001383520/,jobscz,08_v2.1,2026-10-04T09:26:32+00:00,NOT_MENTIONED,,UNKNOWN,,,,JUNIOR,Seniority_Input: Junior/Entry-level,NOT_MENTIONED,,NOT_MENTIONED,,NOT_MENTIONED,,NOT_MENTIONED,,NOT_MENTIONED,,UNKNOWN,,CLOSED,Current_Status: CLOSED | Status_Evidence: Jobs.cz vacancy URL returned HTTP 404,22,MINIMUM_AGE,AGING,Published_Upper_Bound: 2026-09-11T16:19:55+02:00 | true posting age may be older,YES,CLOSED,Current_Status: CLOSED | Status_Evidence: Jobs.cz vacancy URL returned HTTP 404,PARTIAL_EXTRACTION | ENGLISH_UNCLEAR,UNKNOWN,,,,UNKNOWN,,UNKNOWN,,NOT_MENTIONED,,UNKNOWN,,,,,NO,,NOT_MENTIONED,,,
JB_4768,https://www.jobs.cz/rpd/2001419249/,jobscz,08_v2.1,2026-10-04T09:26:32+00:00,NOT_MENTIONED,,UNKNOWN,,1,"Description: Markets you will suport: You will mainly be responsible for digital solutions in: Hungary Austria Baltic countries (Estonia, Latvia, Lithuania) You will also assist with incident management and issue resolution in larger markets such as: Poland Germany Knowledge, Skills & Experience: 1+ year of exp…",JUNIOR,Seniority_Input: Junior/Entry-level | Job_Title_Page: IDT Junior Marketing Business Analyst (E-Commerce) (m/f) | Job_Title_Input: IDT Junior Marketing Business Analyst (E-Commerce) (m/f),NOT_MENTIONED,,NOT_MENTIONED,,NOT_MENTIONED,,NOT_MENTIONED,,NOT_MENTIONED,,UNKNOWN,,LIKELY_OPEN,Current_Status: LIKELY_OPEN | Status_Evidence: HTTP 200 specific vacancy metadata + Alma react widget shell,22,MINIMUM_AGE,AGING,Published_Upper_Bound: 2026-09-11T16:32:03+02:00 | true posting age may be older,NO,,,ENGLISH_UNCLEAR,UNKNOWN,,,,UNKNOWN,,UNKNOWN,,NOT_MENTIONED,,UNKNOWN,,,,,NO,,NOT_MENTIONED,,,
JB_7281,https://www.jobs.cz/rpd/2000419605/,jobscz,08_v2.1,2026-10-04T09:26:32+00:00,NOT_MENTIONED,,UNKNOWN,,,,JUNIOR,Seniority_Input: Junior/Entry-level | Job_Title_Page: Hledá se Absolvent Programátor – VIAGEM a.s. | Job_Title_Input: Hledá se Absolvent Programátor,NOT_MENTIONED,,NOT_MENTIONED,,NOT_MENTIONED,,NOT_MENTIONED,,NOT_MENTIONED,,UNKNOWN,,UNKNOWN,Current_Status: UNKNOWN,22,MINIMUM_AGE,AGING,Published_Upper_Bound: 2026-09-11T16:09:03+02:00 | true posting age may be older,NO,,,PARTIAL_EXTRACTION | ENGLISH_UNCLEAR,UNKNOWN,,,,UNKNOWN,,UNKNOWN,,NOT_MENTIONED,,UNKNOWN,,,,,NO,,NOT_MENTIONED,,,
JB_1938,https://www.jobs.cz/rpd/2001371357/,jobscz,08_v2.1,2026-10-04T09:26:32+00:00,NOT_MENTIONED,,YES,"Description: …ledáme pozitivního parťáka, který se nebojí převzít odpovědnost, přichází s nápady a rád spolupracuje s ostatními. Angličtina na úrovni aktivní komunikace – budeš ji využívat při práci s odbornými materiály, moderními technologiemi i při komunikaci…",,,JUNIOR,"Seniority_Input: Junior/Entry-level | Job_Title_Page: Junior consultant – technologie, procesy, management (ž/m) | Job_Title_Input: Junior consultant – technologie, procesy, management (ž/m)",NOT_MENTIONED,,NOT_MENTIONED,,NOT_MENTIONED,,NOT_MENTIONED,,MENTIONED,"Description: Kontakt s klienty z různých odvětví – postupem času se zapojíš i do komunikace s klienty a zjistíš, jak vypadá poradenství v praxi. | Description: Hledáme člověka, který má přirozenou zvídavost a rád objevuje nové možnosti, jak technologie využít v praxi. | Description: Dokážeš se podívat na problém z různých úhlů a navrhnout vhodný postup. | Description: Proaktivní přístup a týmový duch + schopnost nebrat se tak vážně a smysl pro humor – hledáme pozitivního parťáka, který se nebojí převzít odpovědnost, přichází s nápady a rád spolupracuje s ostatními. | Description: Kontakt BDO Group s.r.o.",UNKNOWN,,OPEN,Current_Status: OPEN | Status_Evidence: Rendered vacancy body + application control present,22,MINIMUM_AGE,AGING,Published_Upper_Bound: 2026-09-11T15:58:06+02:00 | true posting age may be older,NO,,,,UNKNOWN,,,,UNKNOWN,,UNKNOWN,,NOT_MENTIONED,,UNKNOWN,,,,,NO,,NOT_MENTIONED,,,
JB_6664,https://www.jobs.cz/rpd/2001410112/,jobscz,08_v2.1,2026-10-04T09:26:32+00:00,NOT_MENTIONED,,UNKNOWN,,,,JUNIOR,Seniority_Input: Intern/Trainee,NOT_MENTIONED,,NOT_MENTIONED,,NOT_MENTIONED,,NOT_MENTIONED,,NOT_MENTIONED,,UNKNOWN,,LIKELY_OPEN,Current_Status: LIKELY_OPEN | Status_Evidence: HTTP 200 specific vacancy metadata + Alma lmc widget shell,22,MINIMUM_AGE,AGING,Published_Upper_Bound: 2026-09-11T15:56:42+02:00 | true posting age may be older,NO,,,PARTIAL_EXTRACTION | ENGLISH_UNCLEAR,UNKNOWN,,,,UNKNOWN,,UNKNOWN,,NOT_MENTIONED,,UNKNOWN,,,,,NO,,NOT_MENTIONED,,,
JB_1339,https://www.jobs.cz/rpd/2001371464/,jobscz,08_v2.1,2026-10-04T09:26:32+00:00,NOT_MENTIONED,,YES,"Description: …ernational teams Excellent communication and presentation skills Proactive, reliable, and customer-focused mindset Fluent English required | German is a plus Why join us? Global projects with real business impact International environment and d…",2,"Description: What you'll do: Lead Customer Experience projects from design to delivery Turn business questions into actionable insights and recommendations Run international surveys and customer research programs Analyze data, identify trends, and uncover opportunities Create engaging dashboards and visualizati…",UNKNOWN,,NOT_MENTIONED,,NOT_MENTIONED,,NOT_MENTIONED,,NOT_MENTIONED,,MENTIONED,"Description: Make your mark in our exciting world at Siemens and learn more: www.siemens.com Contact Jana Hornová Siemens, s.r.o.",HYBRID,"Description: Customer Experience & Insights Consultant - m/f/d Siemensova 2715/1, 15500 Praha - Stodůlky Marketing Full-time work Reply At Global Business Services (GBS), we create the Shared Services landscape of the future. As a Partner of Choice, we support companies in all sectors worldwide in digitalizing…",UNKNOWN,Current_Status: UNKNOWN,22,MINIMUM_AGE,AGING,Published_Upper_Bound: 2026-09-11T16:08:47+02:00 | true posting age may be older,NO,,,,UNKNOWN,,,,UNKNOWN,,UNKNOWN,,NOT_MENTIONED,,UNKNOWN,,,,,NO,,NOT_MENTIONED,,German,"What you'll do: Lead Customer Experience projects from design to delivery Turn business questions into actionable insights and recommendations Run international surveys and customer research programs Analyze data, identify trends, and uncover opportunities Create engaging dashboards and visualizations Present findings to stakeholders and management Drive innovation in CX and analytics solutions Improve methodologies, tools, and best practices What we're looking for: Degree in Business, Economics, Social Sciences, Data Analytics, or related field 2+ years of experience in Customer Experience, Insights, Analytics, Market Research, Consulting, or Service Design Hands-on experience with surveys, research, and customer insights Strong analytical and problem-solving skills Ability to work independently and collaborate across international teams Excellent communication and presentation skills Proactive, reliable, and customer-focused mindset Fluent English required | German is a plus Why join us?"
JB_9043,https://www.jobs.cz/rpd/2001398712/,jobscz,08_v2.1,2026-10-04T09:26:32+00:00,NOT_MENTIONED,,YES,"Description: …ation or professional training with a school-leaving exam Type of employment: Employment contract Language skills: English (advanced) Contact: SYNERGIE, s.r.o. Matej Cintula Reply Synergie je personální agentura působící na českém trhu od roku 199…",1,Description: At least 1 year of hands-on commercial experience with Databricks.,UNKNOWN,,MENTIONED,"Description: You will work with Databricks, Python and leading cloud platforms while collaborating with experienced data engineers and solution architects. | Description: Develop data transformation and automation solutions using Python. | Description: Strong Python skills, particularly for data transformation and automation. | Description: If Databricks and Python are already among your strongest tools and you want to work on larger, more technically demanding projects, we would be happy to hear from you.",PREFERRED,"Description: Nice to have Any of the following will be considered an advantage: Strong SQL knowledge, including query optimization and data modelling.",NOT_MENTIONED,,NOT_MENTIONED,,REQUIRED,Description: DATABRICKS DATA ENGINEER- (fully remote) Work location: Praha Duration of employment: Permanent Employment type: Full-time work Required education: Secondary education or professional training with a school-leaving exam Type of employment: Employment contract Language skills: English (advanced) Con…,REMOTE,Description: DATABRICKS DATA ENGINEER- (fully remote) Work location: Praha Duration of employment: Permanent Employment type: Full-time work Required education: Secondary education or professional training with a school-leaving exam Type of employment: Employment contract Language skills: English (advanced) Con…,UNKNOWN,Current_Status: UNKNOWN,22,MINIMUM_AGE,AGING,Published_Upper_Bound: 2026-09-11T15:57:28+02:00 | true posting age may be older,NO,,,,UNKNOWN,,,,UNKNOWN,,UNKNOWN,,NOT_MENTIONED,,UNKNOWN,Nenašli jste pro sebe vhodné pracovní místo? Stačí nám zaslat váš aktuální životopis,Spark | Databricks | AWS | Azure | GCP,,"Description: Experience with Apache Spark. | Description: Knowledge of Kafka, Spark Streaming or other real-time data technologies. | Description: DATABRICKS DATA ENGINEER- (fully remote) Work location: Praha Duration of employment: Permanent Employment type: Full-time work Required education: Secondary education or professional training with a school-leaving exam Type of employment: Employment contract Language skills: English (advanced) Con… | Description: At least 1 year of hands-on commercial experience with Databricks. | Description: Practical experience with at least one major cloud platform: AWS, Azure or GCP. | Description: Practical experience with at least one major cloud platform: AWS, Azure or GCP. | Description: Experience with Snowflake or Azure Synapse.",NO,,NOT_MENTIONED,,,
JB_1649,https://www.jobs.cz/rpd/2001282734/,jobscz,08_v2.1,2026-10-04T09:26:32+00:00,NOT_MENTIONED,,UNKNOWN,,,,UNKNOWN,,NOT_MENTIONED,,NOT_MENTIONED,,NOT_MENTIONED,,NOT_MENTIONED,,NOT_MENTIONED,,UNKNOWN,,UNKNOWN,Current_Status: UNKNOWN,22,MINIMUM_AGE,AGING,Published_Upper_Bound: 2026-09-11T16:18:40+02:00 | true posting age may be older,NO,,,PARTIAL_EXTRACTION | ENGLISH_UNCLEAR,UNKNOWN,,,,UNKNOWN,,UNKNOWN,,NOT_MENTIONED,,UNKNOWN,,,,,NO,,NOT_MENTIONED,,,
JB_0855,https://www.jobs.cz/rpd/2001065951/,jobscz,08_v2.1,2026-10-04T09:26:32+00:00,NOT_MENTIONED,,YES,"Description: …ook, Occasional work from home, Refreshments on workplace, Sick days Required education University Language skills English (Proficient) Company Aon Central and Eastern Europe a.s. Work location Václavské náměstí 832/19, 11000, Praha - Nové Město, P…",,,UNKNOWN,,MENTIONED,"Description: Technical Solutions Analyst (Catastrophe Modeling) On a typical day, you will Use Impact Forecasting’s catastrophe models to analyze client portfolios and explain key risk drivers Work with exposure and model output data , spotting and resolving inconsistencies or unexpected results Use SQL and/or… | Description: Python or R).",MENTIONED,"Description: Technical Solutions Analyst (Catastrophe Modeling) On a typical day, you will Use Impact Forecasting’s catastrophe models to analyze client portfolios and explain key risk drivers Work with exposure and model output data , spotting and resolving inconsistencies or unexpected results Use SQL and/or… | Description: Skills and experience that will lead to success University degree is desired – for example in informatics, statistics, natural sciences, geography, economics, finance – or other studies combined with the skills outlined below Ability to work with data using SQL and/or a scripting language (e.g.",NOT_MENTIONED,,MENTIONED,"Description: Skills and experience that will lead to success University degree is desired – for example in informatics, statistics, natural sciences, geography, economics, finance – or other studies combined with the skills outlined below Ability to work with data using SQL and/or a scripting language (e.g.",MENTIONED,Description: Python or R).,HYBRID,"Description: This role is part of Aon Impact Forecasting team, a team of scientists, developers and client services colleagues together developing and supporting catastrophe models for various perils including flood, windstorm, earthquake, wildfire or terrorism. Technical Solutions Analyst (Catastrophe Modeling…",OPEN,Current_Status: OPEN | Status_Evidence: Rendered vacancy body + application control present,22,MINIMUM_AGE,AGING,Published_Upper_Bound: 2026-09-11T15:58:59+02:00 | true posting age may be older,NO,,,,UNKNOWN,,,,UNKNOWN,,UNKNOWN,,NOT_MENTIONED,,UNKNOWN,"Aon values an innovative, diverse where all colleagues feel empowered to be their authentic selves. Aon is proud to be an equal opportunity employer.",,,,NO,,NOT_MENTIONED,,,
JB_0454,https://www.jobs.cz/rpd/2001286494/,jobscz,08_v2.1,2026-10-04T09:26:32+00:00,NOT_MENTIONED,,UNKNOWN,,,,UNKNOWN,,NOT_MENTIONED,,NOT_MENTIONED,,NOT_MENTIONED,,NOT_MENTIONED,,NOT_MENTIONED,,UNKNOWN,,UNKNOWN,Current_Status: UNKNOWN,22,MINIMUM_AGE,AGING,Published_Upper_Bound: 2026-09-11T15:58:25+02:00 | true posting age may be older,NO,,,PARTIAL_EXTRACTION | ENGLISH_UNCLEAR,UNKNOWN,,,,UNKNOWN,,UNKNOWN,,NOT_MENTIONED,,UNKNOWN,,,,,NO,,NOT_MENTIONED,,,
JB_2598,https://www.jobs.cz/rpd/2001383249/,jobscz,08_v2.1,2026-10-04T09:26:32+00:00,NOT_MENTIONED,,YES,"Description: …time work Required education: Education is not important Type of employment: Employment contract Language skills: English (advanced) Contact: SYNERGIE, s.r.o. Martina Pavelková +420 724 304 208 Reply Synergie je personální agentura působící na če…",,,UNKNOWN,,MENTIONED,"Description: Data Engineers en Praga Databricks | Snowflake | GCP | Python | Big Data ¿Trabajas en Data Engineering, hablas español y vives en Praga o en República Checa? | Description: Nos interesa experiencia con: Databricks Python PySpark / Apache Spark Data Pipelines Data Lake / Lakehouse AWS, Azure o GCP ¿Trabajas principalmente con Snowflake? | Description: Buscamos conocimientos de: Snowflake SQL Python / Scala / Java ETL / ELT Data Modelling Performance Optimization Cloud Data Platforms ¿Tu especialidad es Google Cloud? | Description: Nos interesan perfiles con: GCP / Google Cloud Platform BigQuery Dataflow Cloud Storage Airflow / Cloud Composer Python / Scala ¿Qué tipo de proyectos encontrarás? | Description: Profesionales con experiencia real en Data Engineering, Big Data o Cloud Data y experiencia comercial con al menos uno de estos entornos: Databricks | Snowflake | Google Cloud Platform SQL y Python serán especialmente relevantes.",MENTIONED,"Description: Buscamos conocimientos de: Snowflake SQL Python / Scala / Java ETL / ELT Data Modelling Performance Optimization Cloud Data Platforms ¿Tu especialidad es Google Cloud? | Description: Profesionales con experiencia real en Data Engineering, Big Data o Cloud Data y experiencia comercial con al menos uno de estos entornos: Databricks | Snowflake | Google Cloud Platform SQL y Python serán especialmente relevantes.",MENTIONED,"Description: Dependiendo de tu especialización, podrás: Diseñar y desarrollar data pipelines y plataformas escalables Trabajar con grandes volúmenes de datos Construir soluciones ETL/ELT y de transformación de datos Diseñar y optimizar arquitecturas cloud Mejorar data quality, security, reliability y performanc…",NOT_MENTIONED,,REQUIRED,"Description: DATA ENGINEERS EN PRAGA Work location: Praha Employment type: Full-time work Required education: Education is not important Type of employment: Employment contract Language skills: English (advanced) Contact: SYNERGIE, s.r.o.",UNKNOWN,,UNKNOWN,Current_Status: UNKNOWN,22,MINIMUM_AGE,AGING,Published_Upper_Bound: 2026-09-11T17:10:20+02:00 | true posting age may be older,NO,,,,UNKNOWN,,,,UNKNOWN,,UNKNOWN,,NOT_MENTIONED,,UNKNOWN,Nenašli jste pro sebe vhodné pracovní místo? Stačí nám zaslat váš aktuální životopis,,,,NO,,NOT_MENTIONED,,,
JB_5911,https://www.jobs.cz/rpd/2001383280/,jobscz,08_v2.1,2026-10-04T09:26:32+00:00,NOT_MENTIONED,,YES,"Description: …time work Required education: Education is not important Type of employment: Employment contract Language skills: English (advanced) Contact: SYNERGIE, s.r.o. Martina Pavelková +420 724 304 208 Reply Synergie je personální agentura působící na če…",,,UNKNOWN,,MENTIONED,"Description: DATA ENGINEERS EM PRAGA Databricks | Snowflake | GCP | Python | Big Data Trabalhas em Data Engineering, falas português e vives em Praga ou na República Checa? | Description: Interessa-nos experiência com: Databricks Python PySpark / Apache Spark Data Pipelines Data Lake / Lakehouse AWS, Azure ou GCP Trabalhas principalmente com Snowflake? | Description: Procuramos conhecimentos de: Snowflake SQL Python / Scala / Java ETL / ELT Data Modelling Performance Optimization Cloud Data Platforms A tua especialidade é Google Cloud? | Description: Procuramos perfis com experiência em: GCP / Google Cloud Platform BigQuery Dataflow Cloud Storage Airflow / Cloud Composer Python / Scala Que tipo de projetos vais encontrar? | Description: Profissionais com experiência real em Data Engineering, Big Data ou Cloud Data e experiência profissional com pelo menos um destes ambientes: Databricks | Snowflake | Google Cloud Platform SQL e Python serão particularmente relevantes.",MENTIONED,"Description: Procuramos conhecimentos de: Snowflake SQL Python / Scala / Java ETL / ELT Data Modelling Performance Optimization Cloud Data Platforms A tua especialidade é Google Cloud? | Description: Profissionais com experiência real em Data Engineering, Big Data ou Cloud Data e experiência profissional com pelo menos um destes ambientes: Databricks | Snowflake | Google Cloud Platform SQL e Python serão particularmente relevantes.",MENTIONED,"Description: Dependendo da tua especialização, poderás: Desenhar e desenvolver data pipelines e plataformas escaláveis Trabalhar com grandes volumes de dados Construir soluções ETL/ELT e de transformação de dados Desenhar e otimizar arquiteturas cloud Melhorar data quality, security, reliability e performance C…",NOT_MENTIONED,,REQUIRED,"Description: DATA ENGINEERS EM PRAGA Work location: Praha Employment type: Full-time work Required education: Education is not important Type of employment: Employment contract Language skills: English (advanced) Contact: SYNERGIE, s.r.o.",UNKNOWN,,UNKNOWN,Current_Status: UNKNOWN,22,MINIMUM_AGE,AGING,Published_Upper_Bound: 2026-09-11T17:10:20+02:00 | true posting age may be older,NO,,,,UNKNOWN,,,,UNKNOWN,,UNKNOWN,,NOT_MENTIONED,,UNKNOWN,Nenašli jste pro sebe vhodné pracovní místo? Stačí nám zaslat váš aktuální životopis,,,,NO,,NOT_MENTIONED,,,
JB_7965,https://www.jobs.cz/rpd/2001398714/,jobscz,08_v2.1,2026-10-04T09:26:32+00:00,NOT_MENTIONED,,YES,"Description: …ation or professional training with a school-leaving exam Type of employment: Employment contract Language skills: English (advanced) Contact: SYNERGIE, s.r.o. Matej Cintula Reply Synergie je personální agentura působící na českém trhu od roku 199…",,,UNKNOWN,,MENTIONED,"Description: Build data platforms at cloud scale BigQuery, Dataflow, Airflow and Python are more than just keywords on your CV? | Description: Develop data processing and automation components using Python and/or Scala. | Description: Good programming skills in Python and/or Scala.",MENTIONED,Description: Optimize SQL queries and data processing performance. | Description: Strong SQL knowledge.,MENTIONED,"Description: Previous involvement in analytics, Machine Learning or AI-related projects.",NOT_MENTIONED,,REQUIRED,Description: GOOGLE DATA ENGINEER- (fully remote) Work location: Praha Duration of employment: Permanent Employment type: Full-time work Required education: Secondary education or professional training with a school-leaving exam Type of employment: Employment contract Language skills: English (advanced) Contact…,REMOTE,Description: GOOGLE DATA ENGINEER- (fully remote) Work location: Praha Duration of employment: Permanent Employment type: Full-time work Required education: Secondary education or professional training with a school-leaving exam Type of employment: Employment contract Language skills: English (advanced) Contact…,UNKNOWN,Current_Status: UNKNOWN,22,MINIMUM_AGE,AGING,Published_Upper_Bound: 2026-09-11T15:57:03+02:00 | true posting age may be older,NO,,,,UNKNOWN,,,,UNKNOWN,,UNKNOWN,,NOT_MENTIONED,,UNKNOWN,Nenašli jste pro sebe vhodné pracovní místo? Stačí nám zaslat váš aktuální životopis,Airflow,,Description: Experience with Airflow or Google Cloud Composer.,NO,,NOT_MENTIONED,,,
JB_7416,https://www.jobs.cz/rpd/2001134330/,jobscz,08_v2.1,2026-10-04T09:26:32+00:00,NOT_MENTIONED,,UNKNOWN,,,,JUNIOR,"Seniority_Input: Junior/Entry-level | Job_Title_Page: Junior Media Planner / Marketing Specialist – Omnicom Media Group Czech, s.r.o. | Job_Title_Input: Junior Media Planner / Marketing Specialist",NOT_MENTIONED,,NOT_MENTIONED,,NOT_MENTIONED,,NOT_MENTIONED,,NOT_MENTIONED,,UNKNOWN,,UNKNOWN,Current_Status: UNKNOWN,22,MINIMUM_AGE,AGING,Published_Upper_Bound: 2026-09-11T15:58:49+02:00 | true posting age may be older,NO,,,PARTIAL_EXTRACTION | ENGLISH_UNCLEAR,UNKNOWN,,,,UNKNOWN,,UNKNOWN,,NOT_MENTIONED,,UNKNOWN,,,,,NO,,NOT_MENTIONED,,,
JB_3184,https://www.jobs.cz/rpd/2001415025/,jobscz,08_v2.1,2026-10-04T09:26:32+00:00,NOT_MENTIONED,,UNKNOWN,,,,JUNIOR,Seniority_Input: Intern/Trainee,REQUIRED,"Description: Experience with scripting (PowerShell, Bash, or Python).",NOT_MENTIONED,,NOT_MENTIONED,,NOT_MENTIONED,,MENTIONED,"Description: Make your mark in our exciting world at Siemens and learn more: https://www.siemens.com/global/en.html Contact Marta Nepožitková Siemens, s.r.o.",UNKNOWN,,UNKNOWN,Current_Status: UNKNOWN,22,MINIMUM_AGE,AGING,Published_Upper_Bound: 2026-09-11T16:30:10+02:00 | true posting age may be older,NO,,,ENGLISH_UNCLEAR,UNKNOWN,,,,UNKNOWN,,UNKNOWN,,NOT_MENTIONED,,UNKNOWN,,,,,NO,,NOT_MENTIONED,,,
JB_3187,https://www.jobs.cz/rpd/2001384423/,jobscz,08_v2.1,2026-10-04T09:26:32+00:00,NOT_MENTIONED,,UNKNOWN,,,,JUNIOR,Seniority_Input: Junior/Entry-level,NOT_MENTIONED,,PREFERRED,"Description: Výhodou bude i znalost SQL, VBA nebo MS Access.",NOT_MENTIONED,,NOT_MENTIONED,,REQUIRED,"Description: Speex vám poskytuje flexibilní a interaktivní výuku angličtiny, Digiskills pomáhá zlepšit základní digitální znalosti, v rámci online knihovny Bookport máte přístup k širokému spektru knih a vzdělávací platforma seduo.cz nabízí videokurzy vedení špičkovými lektory.",UNKNOWN,,OPEN,Current_Status: OPEN | Status_Evidence: Rendered vacancy body + application control present,22,MINIMUM_AGE,AGING,Published_Upper_Bound: 2026-09-11T16:18:40+02:00 | true posting age may be older,NO,,,ENGLISH_UNCLEAR,UNKNOWN,,,,UNKNOWN,,UNKNOWN,,NOT_MENTIONED,,UNKNOWN,,,,,NO,,NOT_MENTIONED,,,
JB_6907,https://www.jobs.cz/rpd/2001277555/,jobscz,08_v2.1,2026-10-04T09:26:32+00:00,NOT_MENTIONED,,UNKNOWN,,,,JUNIOR,Seniority_Input: Intern/Trainee | Job_Title_Page: IT Transformation trainee (f/m) | Job_Title_Input: IT Transformation trainee (f/m),NOT_MENTIONED,,NOT_MENTIONED,,NOT_MENTIONED,,NOT_MENTIONED,,NOT_MENTIONED,,HYBRID,"Description: Přidáno před 100 dny IT Transformation trainee (f/m) Full-time work Part-time work Trainee programs Tomíčkova 2144/1, 14800 Praha - Chodov, Česká republika Přidáno před 100 dny IT Transformation trainee (f/m) Reply Back to vacancies Zuzana Nagyová Recruiter Share vacancy You cannot build a next gen…",LIKELY_OPEN,Current_Status: LIKELY_OPEN | Status_Evidence: HTTP 200 specific vacancy metadata + Alma react widget shell,22,MINIMUM_AGE,AGING,Published_Upper_Bound: 2026-09-11T16:17:54+02:00 | true posting age may be older,NO,,,ENGLISH_UNCLEAR,UNKNOWN,,,,UNKNOWN,,UNKNOWN,,NOT_MENTIONED,,UNKNOWN,,,,,NO,,NOT_MENTIONED,,,
JB_8187,https://www.jobs.cz/rpd/2001330540/,jobscz,08_v2.1,2026-10-04T09:26:32+00:00,NOT_MENTIONED,,YES,"Description: …vního vztahu pracovní smlouva Požadované vzdělání Středoškolské nebo odborné vyučení s maturitou Požadované jazyky Angličtina (Mírně pokročilá) Společnost CPI Services, a.s. Místo pracoviště Jindřišská 1308/15, 11000, Praha - Nové Město, Praha, Česká repub…",,,UNKNOWN,,NOT_MENTIONED,,NOT_MENTIONED,,NOT_MENTIONED,,NOT_MENTIONED,,NOT_MENTIONED,,UNKNOWN,,OPEN,Current_Status: OPEN | Status_Evidence: Rendered vacancy body + application control present,22,MINIMUM_AGE,AGING,Published_Upper_Bound: 2026-09-11T16:53:41+02:00 | true posting age may be older,NO,,,,UNKNOWN,,,,UNKNOWN,,UNKNOWN,,NOT_MENTIONED,,UNKNOWN,,,,,NO,,NOT_MENTIONED,,,
JB_4229,https://www.jobs.cz/rpd/2001402871/,jobscz,08_v2.1,2026-10-04T09:26:32+00:00,NOT_MENTIONED,,UNKNOWN,,,,UNKNOWN,,NOT_MENTIONED,,NOT_MENTIONED,,NOT_MENTIONED,,NOT_MENTIONED,,NOT_MENTIONED,,UNKNOWN,,UNKNOWN,Current_Status: UNKNOWN,22,MINIMUM_AGE,AGING,Published_Upper_Bound: 2026-09-11T15:58:59+02:00 | true posting age may be older,NO,,,PARTIAL_EXTRACTION | ENGLISH_UNCLEAR,UNKNOWN,,,,UNKNOWN,,UNKNOWN,,NOT_MENTIONED,,UNKNOWN,,,,,NO,,NOT_MENTIONED,,,
JB_8816,https://www.jobs.cz/rpd/2001426672/,jobscz,08_v2.1,2026-10-04T09:26:32+00:00,NOT_MENTIONED,,YES,Description: …edge of Python programming is a definite advantage. Great communication and consulting skills are required. Fluent proficiency in the English language is a necessary skill to complete your profile. What is Siemens offering beyond great career opportunities…,2,Description: A minimum of 2 years of demonstrated experience as a Data Analyst or in a similar role is required.,UNKNOWN,,PREFERRED,Description: Knowledge of Python programming is a definite advantage.,REQUIRED,"Description: Proficiency in working with relational databases, including MySQL, is a mandatory requirement.",REQUIRED,Description: Knowledge of machine learning techniques and predictive modeling is highly desirable.,MENTIONED,"Description: Your profile - solid and ready for the future A strong foundation in Business Informatics, Data Science, Statistics, Mathematics, Computer Science, or a related field is essential.",MENTIONED,"Description: Contact Jana Hornová Siemens, s.r.o.",HYBRID,"Description: Marketing Data Analyst - m/f/d Siemensova 2715/1, 15500 Praha - Stodůlky IS/IT: Consultations, analyses, and project management Full-time work Reply At Global Business Services (GBS), we create the Shared Services landscape of the future. As a Partner of Choice, we support companies in all sectors…",UNKNOWN,Current_Status: UNKNOWN,19,MINIMUM_AGE,AGING,Published_Upper_Bound: 2026-09-15T10:55:38+02:00 | true posting age may be older,NO,,,,UNKNOWN,,,,UNKNOWN,,UNKNOWN,,NOT_MENTIONED,,UNKNOWN,"function getUrlParameter(name) { name = name.replace(/[\[]/, '\\[').replace(/[\]]/, '\\]'); var regex = new RegExp('[\\?&]' + name + '=([^&#]*)'); var results = regex.exec(location.search); return results === null ? '' : decodeURIComponent(results[1].replace(/\+/g, ' ')); }",,,,NO,,NOT_MENTIONED,,,
JB_7743,https://www.jobs.cz/rpd/2001419354/,jobscz,08_v2.1,2026-10-04T09:26:32+00:00,NOT_MENTIONED,,UNKNOWN,,,,SENIOR,Seniority_Input: Lead/Head | Job_Title_Page: Data Governance Lead – Skanska | Job_Title_Input: Data Governance Lead,NOT_MENTIONED,,NOT_MENTIONED,,NOT_MENTIONED,,NOT_MENTIONED,,MENTIONED,Description: Dnes se naše činnost rozprostírá,UNKNOWN,,UNKNOWN,Current_Status: UNKNOWN,22,MINIMUM_AGE,AGING,Published_Upper_Bound: 2026-09-11T15:56:57+02:00 | true posting age may be older,NO,,,PARTIAL_EXTRACTION | SENIOR_LEVEL_PRESENT | ENGLISH_UNCLEAR,UNKNOWN,,,,UNKNOWN,,UNKNOWN,,NOT_MENTIONED,,UNKNOWN,,,,,NO,,NOT_MENTIONED,,,
JB_1879,https://www.jobs.cz/rpd/2001411697/,jobscz,08_v2.1,2026-10-04T09:26:32+00:00,NOT_MENTIONED,,UNKNOWN,,,,UNKNOWN,,NOT_MENTIONED,,NOT_MENTIONED,,NOT_MENTIONED,,NOT_MENTIONED,,NOT_MENTIONED,,UNKNOWN,,UNKNOWN,Current_Status: UNKNOWN,22,MINIMUM_AGE,AGING,Published_Upper_Bound: 2026-09-11T15:58:59+02:00 | true posting age may be older,NO,,,PARTIAL_EXTRACTION | ENGLISH_UNCLEAR,UNKNOWN,,,,UNKNOWN,,UNKNOWN,,NOT_MENTIONED,,UNKNOWN,,,,,NO,,NOT_MENTIONED,,,
JB_2938,https://www.jobs.cz/rpd/2001433684/,jobscz,08_v2.1,2026-10-04T09:26:32+00:00,NOT_MENTIONED,,UNKNOWN,,,,UNKNOWN,,NOT_MENTIONED,,NOT_MENTIONED,,NOT_MENTIONED,,NOT_MENTIONED,,MENTIONED,"Description: Zaplo Finance s.r.o. is a member of the Mellenu Group, a dynamic international company providing its customers with fast and convenient access to financial services.",UNKNOWN,,UNKNOWN,Current_Status: UNKNOWN,15,MINIMUM_AGE,AGING,Published_Upper_Bound: 2026-09-18T17:42:28+02:00 | true posting age may be older,NO,,,PARTIAL_EXTRACTION | ENGLISH_UNCLEAR,UNKNOWN,,,,UNKNOWN,,UNKNOWN,,NOT_MENTIONED,,UNKNOWN,,,,,NO,,NOT_MENTIONED,,,
JB_2409,https://www.jobs.cz/rpd/2001374002/,jobscz,08_v2.1,2026-10-04T09:26:32+00:00,PREFERRED,"Description: Místo výkonu práce: Praha 10, Bohdalec Informace o pozici Typ úvazku Práce na plný úvazek Typ smluvního vztahu pracovní smlouva Benefity Bonusy/prémie, Dovolená více než 5 týdnů, Firemní akce, Flexibilní začátek/konec pracovní doby, Kafetérie, Mobilní telefon, Možnost občasné práce z domova, Možnos…",YES,"Description: …ními i externími kolegy mu nedělá problémy Jednou za měsíc se prostřídá s kolegy v týmu v rámci pohotovostí Ovládá angličtinu alespoň na úrovni B1. Co Vám nabízíme? Zajímavou práci, ve které získáte jedinečné know-how. Dlouhodobou perspektivu uplatnění a zá…",,,UNKNOWN,,MENTIONED,"Description: Úprava a rozvoj existujících aplikací na platformách MS SQL, VBA a Python. | Description: Má zkušenost s vývojem, či rozvojem existujících aplikací na platformách MS SQL, VBA a Python.",MENTIONED,"Description: Úprava a rozvoj existujících aplikací na platformách MS SQL, VBA a Python. | Description: Má zkušenost s vývojem, či rozvojem existujících aplikací na platformách MS SQL, VBA a Python.",NOT_MENTIONED,,NOT_MENTIONED,,MENTIONED,"Description: ČEPS, a.s. je výlučným držitelem licence na přenos elektrické energie a působí jako provozovatel přenosové soustavy v ČR. | Description: V rámci propojených soustav zajišťuje a rozvíjí mezinárodní spolupráci a uživatelům přenosové soustavy poskytuje systémové a podpůrné služby. | Description: Umí si dobře organizovat práci a komunikace s interními i externími kolegy mu nedělá problémy Jednou za měsíc se prostřídá s kolegy v týmu v rámci pohotovostí Ovládá angličtinu alespoň na úrovni B1.",UNKNOWN,,OPEN,Current_Status: OPEN | Status_Evidence: Rendered vacancy body + application control present,22,MINIMUM_AGE,AGING,Published_Upper_Bound: 2026-09-11T15:58:50+02:00 | true posting age may be older,NO,,,CZECH_SIGNAL_REVIEW,UNKNOWN,,,,UNKNOWN,,UNKNOWN,,NOT_MENTIONED,,UNKNOWN,2026 Powered by Alma Career,,,,NO,,NOT_MENTIONED,,,
JB_8701,https://www.jobs.cz/rpd/2001426678/,jobscz,08_v2.1,2026-10-04T09:26:32+00:00,NOT_MENTIONED,,UNKNOWN,,,,UNKNOWN,,NOT_MENTIONED,,NOT_MENTIONED,,NOT_MENTIONED,,NOT_MENTIONED,,NOT_MENTIONED,,UNKNOWN,,UNKNOWN,Current_Status: UNKNOWN,19,MINIMUM_AGE,AGING,Published_Upper_Bound: 2026-09-15T10:55:38+02:00 | true posting age may be older,NO,,,PARTIAL_EXTRACTION | ENGLISH_UNCLEAR,UNKNOWN,,,,UNKNOWN,,UNKNOWN,,NOT_MENTIONED,,UNKNOWN,,,,,NO,,NOT_MENTIONED,,,
JB_8174,https://www.jobs.cz/rpd/2001338427/,jobscz,08_v2.1,2026-10-04T09:26:32+00:00,NOT_MENTIONED,,YES,"Description: …ení, Zdravotní volno/sickdays Požadované vzdělání Středoškolské nebo odborné vyučení s maturitou Požadované jazyky Angličtina (Mírně pokročilá) Společnost Asseco Solutions, a.s. Místo pracoviště Zelený pruh 1560/99, 14000, Praha - Braník, Praha, Česká repu…",2,"Description: Co Vás na pozici čeká? identifikace potřeb, návrh řešení, realizace a řízení projektů u našich klientů budete navrhovat a doručovat BI řešení šitá na míru potřebám klienta prezentace koncovým uživatelům evangelizace BI uvnitř naší firmy kolegové v týmu, kteří vám na začátku pomohou Co je pro nás po…",UNKNOWN,,NOT_MENTIONED,,PREFERRED,"Description: B – aktivní řidič Co je výhodou pro obě strany? výhodou jsou praktické zkušenosti s výstavbou datových skladů (DWH, ETL procesem, SQL transformacemi) i zkušenosti s konkrétními BI nástroji (Reporting CZ, MS Power BI, GIST, Qlik, apod.) jsou výhodou AJ na komunikativní úrovni – výhodou Co nabízíme m…",NOT_MENTIONED,,NOT_MENTIONED,,NOT_MENTIONED,,UNKNOWN,,OPEN,Current_Status: OPEN | Status_Evidence: Rendered vacancy body + application control present,22,MINIMUM_AGE,AGING,Published_Upper_Bound: 2026-09-11T15:57:28+02:00 | true posting age may be older,NO,,,,UNKNOWN,,,,UNKNOWN,,UNKNOWN,,NOT_MENTIONED,,YES,"Asseco Solutions a.s. Zelený pruh 1560/99, 140 02 Praha 4 Telefon: +420 244 104 155 E-mail: jobs.cz@assecosol.com © 2026 | Powered by Alma Career",,,,NO,,NOT_MENTIONED,,,
JB_1010,https://www.jobs.cz/rpd/2001433080/,jobscz,08_v2.1,2026-10-04T09:26:32+00:00,NOT_MENTIONED,,YES,"Description: …hours, Meal tickets / catering allowance, Refreshments on workplace Required education University Language skills English (Intermediate) Company EP Commodities, a.s. Work location Klimentská 1216/46, 11000, Praha - Nové Město, Praha, Česká republika…",,,UNKNOWN,,REQUIRED,"Description: experience with programming languages such as Python, VBA, C, or analytical tools like R",NOT_MENTIONED,,MENTIONED,"Description: strong skills in modelling, software development, data science (machine learning, AI, etc.)",NOT_MENTIONED,,REQUIRED,"Description: experience with programming languages such as Python, VBA, C, or analytical tools like R",UNKNOWN,,OPEN,Current_Status: OPEN | Status_Evidence: Rendered vacancy body + application control present,15,MINIMUM_AGE,AGING,Published_Upper_Bound: 2026-09-18T13:06:12+02:00 | true posting age may be older,NO,,,,UNKNOWN,,,,UNKNOWN,,UNKNOWN,,NOT_MENTIONED,,UNKNOWN,Contact Terms of Use Powered by Alma Career,,,,NO,,NOT_MENTIONED,,,
JB_5753,https://www.jobs.cz/rpd/2001426702/,jobscz,08_v2.1,2026-10-04T09:26:32+00:00,NOT_MENTIONED,,YES,Description: …llaborative mindset with confidence to contribute perspectives and constructively challenge stakeholders Very good English skills required; additional language skills- German is plus Ready to turn customer insights into action? We'd love to hear from yo…,2,"Description: Your responsibilities Lead and deliver projects in Customer Experience, taking ownership for quality, timelines, and outcomes Advise internal clients across Siemens on data-driven decision-making and translate business needs into actionable insights Design and execute data collection and survey-bas…",UNKNOWN,,NOT_MENTIONED,,NOT_MENTIONED,,NOT_MENTIONED,,NOT_MENTIONED,,MENTIONED,"Description: Make your mark in our exciting world at Siemens and learn more: www.siemens.com Contact Jana Hornová Siemens, s.r.o.",HYBRID,"Description: Consultant – Market Intelligence & Customer Experience - m/f/d Siemensova 2715/1, 15500 Praha - Stodůlky Marketing Full-time work Reply At Global Business Services (GBS), we create the Shared Services landscape of the future. As a Partner of Choice, we support companies in all sectors worldwide in…",UNKNOWN,Current_Status: UNKNOWN,19,MINIMUM_AGE,AGING,Published_Upper_Bound: 2026-09-15T11:03:51+02:00 | true posting age may be older,NO,,,,UNKNOWN,,,,UNKNOWN,,UNKNOWN,,NOT_MENTIONED,,UNKNOWN,,,,,NO,,NOT_MENTIONED,,,
JST_2895,https://www.jobstack.it/it-job/integration-developer/6ab0e4edcc628,jobstack,08_v2.1,2026-10-04T09:26:32+00:00,NOT_MENTIONED,,YES,Languages: Česky – plynule; Anglicky – domluvit se,3,Seniority_Detail: 3 roky,MIXED,"Seniority_Detail: Junior; Medior; Senior; Expert; 3 roky; SŠ; VŠ; VŠ student | Seniority_Input: Junior, Medior, Senior, Expert",CONFLICT,"Requirements: Pozice Integrační developer Data developer (BI, DWH, BigData) Základní dovednosti MS Databricks Snowflake Python Integration Výhodou Elastic stack Softskills Komunikace Týmovost Cit pro detail Jazyky Česky – plynule Anglicky – domluvit se | Skills: MS Databricks; Snowflake; Python; Integration",REQUIRED,Description: Znalost práce s SQL a relačními databázemi.,PREFERRED,"Skills: Zkušenost s PySpark / Apache Spark . Znalost Delta Lake a konceptu Lakehouse . Zkušenost s Azure Data Factory , případně jiným ETL/ELT nástrojem. Znalost dbt . Zkušenost s Kafka nebo jinými nástroji pro stream processing. Základní přehled o Data Governance, Data Quality a bezpečnosti dat. Přesah do…",NOT_MENTIONED,,NOT_MENTIONED,,HYBRID,Remote_Mode: Hybrid,OPEN,Current_Status: OPEN | Status_Evidence: JobStack application link present,12,MINIMUM_AGE,RECENT,Published_Upper_Bound: 2026-09-21T18:52:21+02:00 | true posting age may be older,NO,,,EXPERIENCE_3_PLUS | SENIOR_LEVEL_PRESENT | CONFLICTING_SKILL_EVIDENCE,UNKNOWN,,,,UNKNOWN,,UNKNOWN,,NOT_MENTIONED,,YES,Praha | hybrid,,,"Conflicting requirement: Requirements: Pozice Integrační developer Data developer (BI, DWH, BigData) Základní dovednosti MS Databricks Snowflake Python Integration Výhodou Elastic stack Softskills Komunikace Týmovost Cit pro detail Jazyky Česky – plynule Anglicky – domluvit se | Description: Zkušenost s Microsoft Databricks nebo Snowflake . | Skills: MS Databricks; Snowflake; Python; Integration | Conflicting requirement: Description: Znalost dbt . | Skills: Zkušenost s PySpark / Apache Spark . Znalost Delta Lake a konceptu Lakehouse . Zkušenost s Azure Data Factory , případně jiným ETL/ELT nástrojem. Znalost dbt . Zkušenost s Kafka nebo jinými nástroji pro stream processing. Základní přehled o Data Governance, Data Quality a bezpečnosti dat. Přesah do… | Conflicting requirement: Requirements: Pozice Integrační developer Data developer (BI, DWH, BigData) Základní dovednosti MS Databricks Snowflake Python Integration Výhodou Elastic stack Softskills Komunikace Týmovost Cit pro detail Jazyky Česky – plynule Anglicky – domluvit se | Skills: MS Databricks; Snowflake; Python; Integration",NO,,NOT_MENTIONED,,,
SJ_107927,https://www.startupjobs.cz/nabidka/107927/junior-mid-level-scala-developer,startupjobs,08_v2.1,2026-10-04T09:26:32+00:00,NOT_MENTIONED,,UNKNOWN,,,,JUNIOR_MID,"Seniority_Detail: junior; medior | Seniority_Input: Junior/Entry-level, Medior/Mid-level | Job_Title_Page: Junior / Mid-level Scala Developer | Job_Title_Input: Junior / Mid-level Scala Developer",NOT_MENTIONED,,CONFLICT,"Description: Essential skills Good understanding of principles used in functional programming (Scala experience is not strictly necessary) Knowledge of basic principles (algebraic data types, common operations like map, fold, etc.) Knowledge of data structures, algorithms, and time/space complexity Familiarity… | Skills: PostgreSQL [required]",NOT_MENTIONED,,NOT_MENTIONED,,NOT_MENTIONED,,ONSITE,Remote_Mode: onsite,OPEN,Current_Status: OPEN | Status_Evidence: startupjobs status=published,14,EXACT,RECENT,Published_At: 2026-09-20T06:26:18.000Z,NO,,,ENGLISH_UNCLEAR | CONFLICTING_SKILL_EVIDENCE,UNKNOWN,,,,UNKNOWN,,UNKNOWN,,NOT_MENTIONED,,YES,"Praha, Hlavní město Praha, Česko | onsite",,,"Conflicting requirement: Description: We are currently looking for a Scala developer to join the team and help build and scale our trading platform and data pipelines. | Description: Essential skills Good understanding of principles used in functional programming (Scala experience is not strictly necessary) Knowledge of basic principles (algebraic data types, common operations like map, fold, etc.) Knowledge of data structures, algorithms, and time/space complexity Familiarity… | Description: Both the frontend and the backend are written in Scala, which means we can easily share non-trivial logic between the two and implement communication protocols as needed, rather than being stuck with solutions that never fit. | Description: Scala 2 (with the intention to move to Scala 3 and possibly Kyo) Scala.js, Laminar Postgres Akka HTTP Slick/Quill Juniority / Seniority We are more interested in the ability to solve technical problems than in the number of years of industry experience. | Skills: Scala [required]",YES,"However, knowledge of how things work under the hood and PhD-level knowledge of CS topics – that’s a great plus.",NOT_MENTIONED,,,
BLT_3349,https://builtin.com/job/stibo-step-business-analyst/11102293,builtin,08_v2.1,2026-10-04T09:26:32+00:00,REQUIRED,Description: Exciting projects in multinational and inspiring environments Opportunity to work with internationally recognized brands and transformation programs Become part of a team of motivated professionals who are here to stay We value loyalty and support your professional growth Respect for your private l…,YES,"Description: …onomies, and master data concepts. Ability to work effectively in cross-functional and international environments. Fluent English . Based in Czechia, Slovakia, Hungary or Poland Nice to Have Experience with Product Information Management (PIM)…",,,JUNIOR,Seniority_Input: Entry level,NOT_MENTIONED,,NOT_MENTIONED,,NOT_MENTIONED,,NOT_MENTIONED,,NOT_MENTIONED,,REMOTE,Remote_Mode: Remote / telecommute,OPEN,Current_Status: OPEN | Status_Evidence: validThrough in future: 2026-10-10T13:04:38+00:00,24,EXACT,AGING,Published_At: 2026-09-10,YES,CZECH_REQUIRED,Description: Exciting projects in multinational and inspiring environments Opportunity to work with internationally recognized brands and transformation programs Become part of a team of motivated professionals who are here to stay We value loyalty and support your professional growth Respect for your private l…,,NO,Description: Exciting projects in multinational and inspiring environments Opportunity to work with internationally recognized brands and transformation programs Become part of a team of motivated professionals who are here to stay We value loyalty and support your professional growth Respect for your private l…,,,UNKNOWN,,UNKNOWN,,NOT_MENTIONED,,NO,"Prague, Prague, CZE | remote / telecommute | cze",,,,NO,,NOT_MENTIONED,,,
SJ_386519,https://www.startupjobs.cz/nabidka/107907/cdp-and-crm-automation-specialist-on-site-or-hybrid,startupjobs,08_v2.1,2026-10-04T09:26:32+00:00,NOT_REQUIRED,"Description: Czech helps with Central European clients, not required.",YES,Languages: English (level 3),,,MIXED,Seniority_Detail: junior; medior; senior,NOT_MENTIONED,,NOT_MENTIONED,,NOT_MENTIONED,,NOT_MENTIONED,,NOT_MENTIONED,,HYBRID,Remote_Mode: hybrid; onsite,OPEN,Current_Status: OPEN | Status_Evidence: startupjobs status=published,15,EXACT,AGING,Published_At: 2026-09-18T09:53:26.000Z,NO,,,SENIOR_LEVEL_PRESENT,YES,"Description: Czech helps with Central European clients, not required.",,,UNKNOWN,,UNKNOWN,,NOT_MENTIONED,,YES,"Praha, Hlavní město Praha, Česko | hybrid; onsite",,,,NO,,NOT_MENTIONED,,,
SJ_108003,https://www.startupjobs.cz/nabidka/108003/business-intelligence-analyst-junior,startupjobs,08_v2.1,2026-10-04T09:26:32+00:00,NOT_MENTIONED,,YES,Languages: English (level 3),1,"Description: Around 1-3 years of experience in business intelligence, analytics, reporting, or a related field.",JUNIOR,Seniority_Detail: junior | Seniority_Input: Junior/Entry-level | Job_Title_Page: Business Intelligence Analyst (junior) | Job_Title_Input: Business Intelligence Analyst (junior),REQUIRED,"Description: Experience with Python for data analysis, reporting, or automation. | Skills: Python [required]",CONFLICT,"Description: You’ll have the opportunity to work across multiple data sources and technologies while continuing to build your skills in business intelligence, SQL, data visualization, and analytics. | Description: Write SQL queries to support reporting, analysis, and ad-hoc business requests. | Description: Working knowledge of SQL and experience querying and manipulating data. | Description: Nice to Have Experience with AWS Redshift, Databricks, SQL Server, or other cloud/data warehouse technologies. | Skills: SQL [required]",NOT_MENTIONED,,NOT_MENTIONED,,NOT_MENTIONED,,HYBRID,Remote_Mode: hybrid,OPEN,Current_Status: OPEN | Status_Evidence: startupjobs status=published,11,EXACT,RECENT,Published_At: 2026-09-22T14:57:57.000Z,NO,,,CONFLICTING_SKILL_EVIDENCE,UNKNOWN,,,,UNKNOWN,,UNKNOWN,,NOT_MENTIONED,,YES,"Praha, Hlavní město Praha, Česko | hybrid",,,"Conflicting requirement: Description: You’ll have the opportunity to work across multiple data sources and technologies while continuing to build your skills in business intelligence, SQL, data visualization, and analytics. | Description: Write SQL queries to support reporting, analysis, and ad-hoc business requests. | Description: Working knowledge of SQL and experience querying and manipulating data. | Description: Nice to Have Experience with AWS Redshift, Databricks, SQL Server, or other cloud/data warehouse technologies. | Skills: SQL [required]",NO,,NOT_MENTIONED,,,
JB_2012,https://www.jobs.cz/rpd/2001394246/,jobscz,08_v2.1,2026-10-04T09:26:32+00:00,NOT_MENTIONED,,UNKNOWN,,,,UNKNOWN,,NOT_MENTIONED,,NOT_MENTIONED,,NOT_MENTIONED,,NOT_MENTIONED,,NOT_MENTIONED,,UNKNOWN,,UNKNOWN,Current_Status: UNKNOWN,22,MINIMUM_AGE,AGING,Published_Upper_Bound: 2026-09-11T15:56:42+02:00 | true posting age may be older,NO,,,PARTIAL_EXTRACTION | ENGLISH_UNCLEAR,UNKNOWN,,,,UNKNOWN,,UNKNOWN,,NOT_MENTIONED,,UNKNOWN,,,,,NO,,NOT_MENTIONED,,,
SJ_107779,https://www.startupjobs.cz/nabidka/107779/django-python-developer-ka,startupjobs,08_v2.1,2026-10-04T09:26:32+00:00,NOT_MENTIONED,,YES,Languages: English (level 3),,,MID_SENIOR,Seniority_Detail: medior; senior,CONFLICT,"Description: Vyvíjíme systémy, ve kterých Python backend zajišťuje zpracování dat, integrace, asynchronní úlohy a komunikaci s AI/ML komponentami. | Description: Výhodou je: Zkušenost s AI/ML systémy nebo datově náročnými aplikacemi Zkušenost s LLM inference a provozem modelů Práce s embedding modely, retrievalem nebo vektorovými databázemi Zkušenost s LangChain, CrewAI nebo jinými agentními frameworky Zkušenost s Kafka nebo jinými message/event streaming s… | Skills: Python [required]",CONFLICT,"Description: Co budeš dělat: Navrhovat a implementovat backendové služby v Pythonu, Django Navrhovat API a integrační vrstvy mezi AI modely, agenty, daty a dalšími systémy Vytvářet datové a processing pipeline pro AI/ML workloady Řešit asynchronous a distributed processing Pracovat s PostgreSQL, Redis, Celery a… | Description: Výhodou je: Zkušenost s AI/ML systémy nebo datově náročnými aplikacemi Zkušenost s LLM inference a provozem modelů Práce s embedding modely, retrievalem nebo vektorovými databázemi Zkušenost s LangChain, CrewAI nebo jinými agentními frameworky Zkušenost s Kafka nebo jinými message/event streaming s… | Skills: PostgreSQL [required]",CONFLICT,"Description: Vyvíjíme systémy, ve kterých Python backend zajišťuje zpracování dat, integrace, asynchronní úlohy a komunikaci s AI/ML komponentami. | Description: Co budeš dělat: Navrhovat a implementovat backendové služby v Pythonu, Django Navrhovat API a integrační vrstvy mezi AI modely, agenty, daty a dalšími systémy Vytvářet datové a processing pipeline pro AI/ML workloady Řešit asynchronous a distributed processing Pracovat s PostgreSQL, Redis, Celery a… | Description: Výhodou je: Zkušenost s AI/ML systémy nebo datově náročnými aplikacemi Zkušenost s LLM inference a provozem modelů Práce s embedding modely, retrievalem nebo vektorovými databázemi Zkušenost s LangChain, CrewAI nebo jinými agentními frameworky Zkušenost s Kafka nebo jinými message/event streaming s…",PREFERRED,"Description: Výhodou je: Zkušenost s AI/ML systémy nebo datově náročnými aplikacemi Zkušenost s LLM inference a provozem modelů Práce s embedding modely, retrievalem nebo vektorovými databázemi Zkušenost s LangChain, CrewAI nebo jinými agentními frameworky Zkušenost s Kafka nebo jinými message/event streaming s…",REQUIRED,"Description: Flexibilní pracovní doba pomáhá držet zdravý work-life balance Prostor pro inovace: Máš čas zkoušet nové věci a přinášet vlastní nápady, které mohou ovlivnit technický směr projektů Růst a vzdělávání: Podpoříme tě vzdělávacími kurzy, sdílením znalostí i příležitostí růst spolu s technologicky silný…",HYBRID,Remote_Mode: hybrid,OPEN,Current_Status: OPEN | Status_Evidence: startupjobs status=published,19,EXACT,AGING,Published_At: 2026-09-14T11:58:08.000Z,NO,,,SENIOR_LEVEL_PRESENT | CONFLICTING_SKILL_EVIDENCE,UNKNOWN,,,,UNKNOWN,,UNKNOWN,,NOT_MENTIONED,,YES,"Praha, Hlavní město Praha, Česko | hybrid",,,"Conflicting requirement: Description: Co budeš dělat: Navrhovat a implementovat backendové služby v Pythonu, Django Navrhovat API a integrační vrstvy mezi AI modely, agenty, daty a dalšími systémy Vytvářet datové a processing pipeline pro AI/ML workloady Řešit asynchronous a distributed processing Pracovat s PostgreSQL, Redis, Celery a… | Description: Výhodou je: Zkušenost s AI/ML systémy nebo datově náročnými aplikacemi Zkušenost s LLM inference a provozem modelů Práce s embedding modely, retrievalem nebo vektorovými databázemi Zkušenost s LangChain, CrewAI nebo jinými agentními frameworky Zkušenost s Kafka nebo jinými message/event streaming s… | Conflicting requirement: Description: Vyvíjíme systémy, ve kterých Python backend zajišťuje zpracování dat, integrace, asynchronní úlohy a komunikaci s AI/ML komponentami. | Description: Výhodou je: Zkušenost s AI/ML systémy nebo datově náročnými aplikacemi Zkušenost s LLM inference a provozem modelů Práce s embedding modely, retrievalem nebo vektorovými databázemi Zkušenost s LangChain, CrewAI nebo jinými agentními frameworky Zkušenost s Kafka nebo jinými message/event streaming s… | Skills: Python [required]",NO,,NOT_MENTIONED,,,
JB_3752,https://www.jobs.cz/rpd/2001193496/,jobscz,08_v2.1,2026-10-04T09:26:32+00:00,REQUIRED,"Description: Každý z nás má benefitní balíček v roční výši až 30 000 Kč , který si sami skládáme tak, jak to vyhovuje právě nám – na výběr máme stravenkový paušál, příspěvek ke mzdě, na kartu MultiSport, penzijní spoření, životní pojištění nebo DIP (dlouhodobý investiční produkt) Pracujeme v moderním prostředí…",UNKNOWN,,2,"Description: Co bude Vaší hlavní činností Připravovat datové analýzy a reporty pro řízení produktového portfolia banky Podporovat obchodní a produktové týmy interpretací výsledků a doporučeními Pracovat s daty o výkonnosti produktů, chování klientů a dopadech změn Automatizovat reporting a zvyšovat jeho kvalitu…",UNKNOWN,,REQUIRED,"Description: Co bude Vaší hlavní činností Připravovat datové analýzy a reporty pro řízení produktového portfolia banky Podporovat obchodní a produktové týmy interpretací výsledků a doporučeními Pracovat s daty o výkonnosti produktů, chování klientů a dopadech změn Automatizovat reporting a zvyšovat jeho kvalitu…",REQUIRED,"Description: Co bude Vaší hlavní činností Připravovat datové analýzy a reporty pro řízení produktového portfolia banky Podporovat obchodní a produktové týmy interpretací výsledků a doporučeními Pracovat s daty o výkonnosti produktů, chování klientů a dopadech změn Automatizovat reporting a zvyšovat jeho kvalitu…",NOT_MENTIONED,,NOT_MENTIONED,,REQUIRED,"Description: Každý z nás má benefitní balíček v roční výši až 30 000 Kč , který si sami skládáme tak, jak to vyhovuje právě nám – na výběr máme stravenkový paušál, příspěvek ke mzdě, na kartu MultiSport, penzijní spoření, životní pojištění nebo DIP (dlouhodobý investiční produkt) Pracujeme v moderním prostředí…",REMOTE,"Description: Volné pozice Data Analyst Products Praha Oddělení Produkty Obor Bankovnictví a finanční služby Lokalita Praha Úvazek Práce na plný úvazek Společnost MONETA Money Bank, a.s. Chci k vám Těší se na Vás Kristýna Čechová Zobrazit profil Baví vás práce s čísly a daty, dokážete si poradit i se složitými ú…",LIKELY_OPEN,Current_Status: LIKELY_OPEN | Status_Evidence: HTTP 200 specific vacancy metadata + Alma react widget shell,22,MINIMUM_AGE,AGING,Published_Upper_Bound: 2026-09-11T15:56:36+02:00 | true posting age may be older,YES,CZECH_REQUIRED,"Description: Každý z nás má benefitní balíček v roční výši až 30 000 Kč , který si sami skládáme tak, jak to vyhovuje právě nám – na výběr máme stravenkový paušál, příspěvek ke mzdě, na kartu MultiSport, penzijní spoření, životní pojištění nebo DIP (dlouhodobý investiční produkt) Pracujeme v moderním prostředí…",ENGLISH_UNCLEAR,NO,"Description: Každý z nás má benefitní balíček v roční výši až 30 000 Kč , který si sami skládáme tak, jak to vyhovuje právě nám – na výběr máme stravenkový paušál, příspěvek ke mzdě, na kartu MultiSport, penzijní spoření, životní pojištění nebo DIP (dlouhodobý investiční produkt) Pracujeme v moderním prostředí…",,,YES,Kariérní stránky Podobné pracovní příležitosti Bankovní poradce/kyně – Polička (bez praxe) Polička Práce na plný úvazek Bankovnictví a finanční služby Detail pozice Bankéř/ka (PRAXE NENÍ NUTNÁ) - České Budějovice České Budějovice Práce na plný úvazek Bankovnictví a finanční služby Detail pozice Investiční specialista/ka – Ostravsko Ostrava Práce na plný úvazek Bankovnictví a finanční služby Detail pozice Zobrazit více pozic,UNKNOWN,,NOT_MENTIONED,,UNKNOWN,,,,,NO,,NOT_MENTIONED,,Slovak,"Každý z nás má benefitní balíček v roční výši až 30 000 Kč , který si sami skládáme tak, jak to vyhovuje právě nám – na výběr máme stravenkový paušál, příspěvek ke mzdě, na kartu MultiSport, penzijní spoření, životní pojištění nebo DIP (dlouhodobý investiční produkt) Pracujeme v moderním prostředí s terasou s výhledem na Prahu, náš open space je uzpůsobený agilnímu životu + každý máme v kanceláři vlastní pracovní místo (žádný desk-sharing) a můžeme pracovat také z domova formou homeoffice až 4 dny v měsíci Kromě 25 dní dovolené máme i dalších 5 dní volna navíc na cokoli se hodí Další 2 volné dny pak můžeme využít na dobrovolnické aktivity v rámci naší iniciativy Pácháme dobro Naše bankovní produkty si můžeme pořídit za zvýhodněné zaměstnanecké sazby Každý z nás má příležitost pro kariérní i osobní růst Zakládáme si na vzdělávání, protože víme, že bez kvalitního zaškolení a dalšího rozvoje nemůžeme držet krok s ostatními Získáte přátelský tým a práci, do které se budete těšit Doplňující informace Adresa pražské centrály, kde pracujeme – Brumlovka Business Center, Vyskočilova 1442/1b, Praha 4 – Michle Forma spolupráce výhradně na HPP (hlavní pracovní poměr), ne IČO Práci plně z domova (full remote) neumožňujeme The ability to communicate in the Czech or Slovak language is required (at least level B2) Chci k vám Zpět na volná místa Rozviňte svůj potenciál ve skupině MONETA Zajímá Vás jak bude probíhat výběrové řízení, jak vypadají naše prostory, nebo jaké máme benefity?"
JB_9027,https://www.jobs.cz/rpd/2001298967/,jobscz,08_v2.1,2026-10-04T09:26:32+00:00,NOT_MENTIONED,,UNKNOWN,,,,UNKNOWN,,NOT_MENTIONED,,MENTIONED,"Description: Process Optimization: Evaluating and preparing proposals for system changes and functional improvements. who we are looking for SQL Expertise: Practical, hands-on experience querying and managing data.",NOT_MENTIONED,,NOT_MENTIONED,,PREFERRED,"Description: Financial Data Analyst (m/f) Před měsícem Pracovní poměr Práce na plný úvazek Smluvní vztah Pracovní smlouva Benefity Bonusy/prémie, Dovolená 5 týdnů, Firemní akce, Flexibilní začátek/konec pracovní doby, Kafetérie, Mobilní telefon, Možnost občasné práce z domova, Notebook, Příspěvek na penzijní/ži…",UNKNOWN,,OPEN,Current_Status: OPEN | Status_Evidence: Rendered vacancy body + application control present,22,MINIMUM_AGE,AGING,Published_Upper_Bound: 2026-09-11T15:56:36+02:00 | true posting age may be older,NO,,,ENGLISH_UNCLEAR,UNKNOWN,,,,UNKNOWN,,UNKNOWN,,NOT_MENTIONED,,UNKNOWN,"nabídky práce proč Randstad náš tým kontakty Zůstaňte s námi ve spojení i v případě, že si momentálně z nabídky zaměstnání nevyberete, vždy je dobré probrat, jaké možnosti se vás do budoucna mohou týkat. sledujte nás © 2026 Randstad HR Solutions s.r.o. | Powered by Alma Career",,,,NO,,NOT_MENTIONED,,,
JB_7828,https://www.jobs.cz/rpd/2001397904/,jobscz,08_v2.1,2026-10-04T09:26:32+00:00,NOT_MENTIONED,,UNKNOWN,,,,UNKNOWN,,NOT_MENTIONED,,NOT_MENTIONED,,NOT_MENTIONED,,NOT_MENTIONED,,NOT_MENTIONED,,UNKNOWN,,UNKNOWN,Current_Status: UNKNOWN,22,MINIMUM_AGE,AGING,Published_Upper_Bound: 2026-09-11T15:56:22+02:00 | true posting age may be older,NO,,,PARTIAL_EXTRACTION | ENGLISH_UNCLEAR,UNKNOWN,,,,UNKNOWN,,UNKNOWN,,NOT_MENTIONED,,UNKNOWN,,,,,NO,,NOT_MENTIONED,,,
JB_6631,https://www.jobs.cz/rpd/2001367610/,jobscz,08_v2.1,2026-10-04T09:26:32+00:00,NOT_MENTIONED,,UNKNOWN,,,,UNKNOWN,,NOT_MENTIONED,,NOT_MENTIONED,,NOT_MENTIONED,,NOT_MENTIONED,,MENTIONED,"Description: Jsme mediální skupina VLTAVA LABE MEDIA a.s., která se díky svému dynamickému růstu dlouhodobě řadí mezi nejsilnější mediální domy na českém trhu Naše online portfolio zahrnuje více než 130 webů a 70",UNKNOWN,,UNKNOWN,Current_Status: UNKNOWN,14,MINIMUM_AGE,RECENT,Published_Upper_Bound: 2026-09-20T09:43:01+02:00 | true posting age may be older,NO,,,PARTIAL_EXTRACTION | ENGLISH_UNCLEAR,UNKNOWN,,,,UNKNOWN,,UNKNOWN,,NOT_MENTIONED,,UNKNOWN,,,,,NO,,NOT_MENTIONED,,,
JB_8030,https://www.jobs.cz/rpd/2001272827/,jobscz,08_v2.1,2026-10-04T09:26:32+00:00,NOT_MENTIONED,,YES,"Description: …se naučíš. Samostatnost a zodpovědný přístup – nebojíš se rozhodnout, snažíš se hledat řešení a učit se nové věci. Angličtina na úrovni B1/B2 – budeš ji používat při čtení dokumentace a komunikaci s kolegy. Znalosti APEX, Azure, Python, ELT, ITIL a…",,,JUNIOR_MID,"Seniority_Input: Junior/Entry-level, Medior/Mid-level | Job_Title_Page: IT BI/DWH specialista*ka – junior/medior | Job_Title_Input: IT BI/DWH specialista*ka – junior/medior",PREFERRED,"Description: Znalosti APEX, Azure, Python, ELT, ITIL a DWH principů jsou výhodou – nejsou nutné, ale pokud už něco umíš, budeš mít u nás prostor růst.",REQUIRED,Description: Znalost SQL v databázi Oracle – pomůže ti optimalizovat databázová řešení,NOT_MENTIONED,,NOT_MENTIONED,,PREFERRED,"Description: Znalosti APEX, Azure, Python, ELT, ITIL a DWH principů jsou výhodou – nejsou nutné, ale pokud už něco umíš, budeš mít u nás prostor růst.",HYBRID,"Description: IT BI/DWH specialista*ka – junior/medior Lokalita: Hvězdova 1716/2b, 14000 Praha - Nusle Úvazek: Práce na plný úvazek Baví tě IT a hledáš místo, kde můžeš růst a učit se nové věci? U nás v Raiffce tě přivítá 5členný tým, kde tě rádi podpoří na začátku i během dalšího rozvoje. Pokud máš chuť učit se…",LIKELY_OPEN,Current_Status: LIKELY_OPEN | Status_Evidence: HTTP 200 specific vacancy metadata + Alma react widget shell,12,MINIMUM_AGE,RECENT,Published_Upper_Bound: 2026-09-21T17:35:11+02:00 | true posting age may be older,NO,,,,UNKNOWN,,,,UNKNOWN,,UNKNOWN,,NOT_MENTIONED,,YES,"IT BI/DWH specialista*ka – junior/medior : Hvězdova 1716/2b, 14000 Praha - Nusle Úvazek: Práce na plný úvazek",,,,NO,,NOT_MENTIONED,,,
JB_3410,https://www.jobs.cz/rpd/2001438728/,jobscz,08_v2.1,2026-10-04T09:26:32+00:00,NOT_MENTIONED,,UNKNOWN,,,,UNKNOWN,,NOT_MENTIONED,,NOT_MENTIONED,,NOT_MENTIONED,,NOT_MENTIONED,,NOT_MENTIONED,,UNKNOWN,,UNKNOWN,Current_Status: UNKNOWN,12,MINIMUM_AGE,RECENT,Published_Upper_Bound: 2026-09-21T17:35:02+02:00 | true posting age may be older,NO,,,PARTIAL_EXTRACTION | ENGLISH_UNCLEAR,UNKNOWN,,,,UNKNOWN,,UNKNOWN,,NOT_MENTIONED,,UNKNOWN,,,,,NO,,NOT_MENTIONED,,,
JB_9221,https://www.jobs.cz/rpd/2001438847/,jobscz,08_v2.1,2026-10-04T09:26:32+00:00,NOT_MENTIONED,,UNKNOWN,,,,UNKNOWN,,NOT_MENTIONED,,NOT_MENTIONED,,NOT_MENTIONED,,NOT_MENTIONED,,NOT_MENTIONED,,UNKNOWN,,UNKNOWN,Current_Status: UNKNOWN,12,MINIMUM_AGE,RECENT,Published_Upper_Bound: 2026-09-21T17:23:01+02:00 | true posting age may be older,NO,,,PARTIAL_EXTRACTION | ENGLISH_UNCLEAR,UNKNOWN,,,,UNKNOWN,,UNKNOWN,,NOT_MENTIONED,,UNKNOWN,,,,,NO,,NOT_MENTIONED,,,
JB_8296,https://www.jobs.cz/rpd/2001358369/,jobscz,08_v2.1,2026-10-04T09:26:32+00:00,NOT_MENTIONED,,UNKNOWN,,,,JUNIOR,Seniority_Input: Intern/Trainee | Job_Title_Page: Trainee pro Data CoE - Data analytik/čka s přesahem do Data Engineering | Job_Title_Input: Trainee pro Data CoE - Data analytik/čka s přesahem do Data Engineering,PREFERRED,"Description: Zájem o data, technologie a IT prostředí Základní znalost SQL nebo ochotu se ji rychle naučit Chuť proniknout do analýzy pomocí Python Analytické myšlení a chuť hledat souvislosti Pokročilou orientaci v Excelu Chuť učit se nové věci a ptát se Schopnost komunikovat a spolupracovat v týmu Výhodou (al…",PREFERRED,"Description: Zájem o data, technologie a IT prostředí Základní znalost SQL nebo ochotu se ji rychle naučit Chuť proniknout do analýzy pomocí Python Analytické myšlení a chuť hledat souvislosti Pokročilou orientaci v Excelu Chuť učit se nové věci a ptát se Schopnost komunikovat a spolupracovat v týmu Výhodou (al…",NOT_MENTIONED,,NOT_MENTIONED,,REQUIRED,"Description: Mentor, buddy a další kolegové, kteří se s tebou rádi podělí o své odborné znalosti a pracovní zkušenosti.",UNKNOWN,,OPEN,Current_Status: OPEN | Status_Evidence: Rendered vacancy body + application control present,12,MINIMUM_AGE,RECENT,Published_Upper_Bound: 2026-09-21T17:22:21+02:00 | true posting age may be older,NO,,,ENGLISH_UNCLEAR,UNKNOWN,,,,UNKNOWN,,UNKNOWN,,NOT_MENTIONED,,UNKNOWN,Jsme na sítích Facebook Instagram LinkedIn YouTube X Powered by Alma Career,,,,NO,,NOT_MENTIONED,,,
JB_7243,https://www.jobs.cz/rpd/2001364173/,jobscz,08_v2.1,2026-10-04T09:26:32+00:00,NOT_MENTIONED,,UNKNOWN,,,,JUNIOR,Seniority_Input: Junior/Entry-level | Job_Title_Page: Junior Data Specialist (Risk & Finance) - zástup za MD/RD | Job_Title_Input: Junior Data Specialist (Risk & Finance) - zástup za MD/RD,NOT_MENTIONED,,CONFLICT,"Description: Chcete pracovat s daty, naučit se VBA nebo SQL v praxi a vidět reálný dopad své práce na řízení rizik a finance? | Description: Postupné zapojení do práce s VBA a SQL (vše potřebné Vás rádi naučíme 📈). | Description: Chuť učit se nové nástroje (VBA, SQL) – znalost není podmínkou. | Description: Možnost naučit se VBA, SQL i práci s daty přímo v praxi.",NOT_MENTIONED,,NOT_MENTIONED,,REQUIRED,Description: Postupné zapojení do práce s VBA a SQL (vše potřebné Vás rádi naučíme 📈).,HYBRID,"Description: Junior Data Specialist (Risk & Finance) - zástup za MD/RD Pozice vhodná pro muže i ženy Pozice je vhodná i pro absolventy Práce na plný úvazek Práce na zkrácený úvazek innogy Česká republika, a.s. Limuzská 3135/12, 10000 Praha - Strašnice, Česká republika Jak to máte daleko? Chcete pracovat s daty,…",LIKELY_OPEN,Current_Status: LIKELY_OPEN | Status_Evidence: HTTP 200 specific vacancy metadata + Alma react widget shell,11,MINIMUM_AGE,RECENT,Published_Upper_Bound: 2026-09-22T19:00:06+02:00 | true posting age may be older,NO,,,ENGLISH_UNCLEAR | CONFLICTING_SKILL_EVIDENCE,UNKNOWN,,,,UNKNOWN,,UNKNOWN,,NOT_MENTIONED,,UNKNOWN,"function getUrlParameter(name) { name = name.replace(/[\[]/, '\\[').replace(/[\]]/, '\\]'); var regex = new RegExp('[\\?&]' + name + '=([^&#]*)'); var results = regex.exec(location.search); return results === null ? '' : decodeURIComponent(results[1].replace(/\+/g, ' ')); }",,,"Conflicting requirement: Description: Chcete pracovat s daty, naučit se VBA nebo SQL v praxi a vidět reálný dopad své práce na řízení rizik a finance? | Description: Postupné zapojení do práce s VBA a SQL (vše potřebné Vás rádi naučíme 📈). | Description: Chuť učit se nové nástroje (VBA, SQL) – znalost není podmínkou. | Description: Možnost naučit se VBA, SQL i práci s daty přímo v praxi.",NO,,NOT_MENTIONED,,,
JB_9917,https://www.jobs.cz/rpd/2001437959/,jobscz,08_v2.1,2026-10-04T09:26:32+00:00,NOT_MENTIONED,,YES,"Description: …anizace náplně práce, Vzdělávací kurzy, školení Požadované vzdělání Středoškolské nebo odborné vyučení s maturitou Požadované jazyky Angličtina (Výborná) Společnost Skupina Klik.cz Místo pracoviště Rohanské nábřeží 678/29, 18600, Praha - Karlín, Praha, Česká…",3,"Description: Požadavky 3+ roky praktických zkušeností v oblasti dat, ideálně včetně práce ve skupinovém nebo multi-entitním datovém prostředí.",UNKNOWN,,NOT_MENTIONED,,REQUIRED,"Description: Jistá a sebevědomá znalost SQL a Pythonu, spolu se solidními pracovními návyky v oblasti Gitu a vývoje s podporou AI.",NOT_MENTIONED,,NOT_MENTIONED,,MENTIONED,"Description: Integrovat data z různorodých zdrojů napříč dceřinými společnostmi do jednotných, znovupoužitelných datasetů, které zajišťují konzistentní insighty.",UNKNOWN,,OPEN,Current_Status: OPEN | Status_Evidence: Rendered vacancy body + application control present,12,MINIMUM_AGE,RECENT,Published_Upper_Bound: 2026-09-21T17:22:11+02:00 | true posting age may be older,NO,,,EXPERIENCE_3_PLUS,UNKNOWN,,,,UNKNOWN,,UNKNOWN,,NOT_MENTIONED,,UNKNOWN,"© 2026 Skupina Klik.cz, všechna práva vyhrazena.",,,,NO,,NOT_MENTIONED,,,
JB_4947,https://www.jobs.cz/rpd/2001441195/,jobscz,08_v2.1,2026-10-04T09:26:32+00:00,NOT_MENTIONED,,YES,"Description: …ní, Vzdělávací kurzy, školení Požadované vzdělání Středoškolské nebo odborné vyučení s maturitou Požadované jazyky Angličtina (Středně pokročilá) Společnost ROSSMANN,spol.s r.o. Místo pracoviště Na Pankráci 1683/127, 14000, Praha - Nusle, Praha, Česká republ…",,,UNKNOWN,,NOT_MENTIONED,,PREFERRED,"Description: výhodou SQL) Zkušenost s Power BI (nebo jiným BI nástrojem) Základní znalost dodavatelského řetězce Analýza příčin problémů (root cause, Pareto) a návrh nápravných opatření Velmi dobré komunikační a sociální dovednosti (schopnost spolupracovat napříč týmy, vysvětlit závěry i ne-technickému publiku,…",NOT_MENTIONED,,NOT_MENTIONED,,REQUIRED,"Description: Pomoc mohou využít i rodinní příslušníci Cafetérie (můžete nakupovat v e-shopech, v lékárnách, optikách a knihkupectvích, vyrazit do fitka, na wellness, do kina nebo si třeba šetřit na dovolenou u moře nebo na horách.) Prostor pro osobní rozvoj a seberealizaci Moderní zázemí v kancelářích přímo u m…",UNKNOWN,,OPEN,Current_Status: OPEN | Status_Evidence: Rendered vacancy body + application control present,11,MINIMUM_AGE,RECENT,Published_Upper_Bound: 2026-09-22T19:00:32+02:00 | true posting age may be older,NO,,,,UNKNOWN,,,,UNKNOWN,,UNKNOWN,,NOT_MENTIONED,,UNKNOWN,"© 2026 ROSSMANN, spol. s.r.o. Všechna práva vyhrazena | Powered by Alma Career",,,,NO,,NOT_MENTIONED,,,
JB_8751,https://www.jobs.cz/rpd/2001440840/,jobscz,08_v2.1,2026-10-04T09:26:32+00:00,NOT_MENTIONED,,UNKNOWN,,,,UNKNOWN,,NOT_MENTIONED,,REQUIRED,Description: Pracoviště: Pardubice / Praha Budeme si rozumět pokud: máte strukturované myšlení a aktivní přístup. máte chuť a potřebu rozumět datům. používáte SQL na analytické úrovni. máte znalost prostředí datového skladu nebo businessu v pojišťovnictví. jste schopni a ochotni se neustále učit. ovládáte angli…,NOT_MENTIONED,,NOT_MENTIONED,,MENTIONED,"Description: Začneme skvělým pocitem z dobře vykonané práce, která dělá radost, dává smysl a je fér. | Description: Nicméně vypustit páru je možné na různých akcích, které pojišťovna pro zaměstnance připravuje.",UNKNOWN,,OPEN,Current_Status: OPEN | Status_Evidence: Rendered vacancy body + application control present,11,MINIMUM_AGE,RECENT,Published_Upper_Bound: 2026-09-22T18:59:53+02:00 | true posting age may be older,NO,,,ENGLISH_UNCLEAR,UNKNOWN,,,,UNKNOWN,,UNKNOWN,,NOT_MENTIONED,,UNKNOWN,,,,,NO,,NOT_MENTIONED,,,
JB_2233,https://www.jobs.cz/rpd/2001439136/,jobscz,08_v2.1,2026-10-04T09:26:32+00:00,NOT_MENTIONED,,UNKNOWN,,,,UNKNOWN,,NOT_MENTIONED,,NOT_MENTIONED,,NOT_MENTIONED,,NOT_MENTIONED,,NOT_MENTIONED,,UNKNOWN,,UNKNOWN,Current_Status: UNKNOWN,12,MINIMUM_AGE,RECENT,Published_Upper_Bound: 2026-09-21T17:23:52+02:00 | true posting age may be older,NO,,,PARTIAL_EXTRACTION | ENGLISH_UNCLEAR,UNKNOWN,,,,UNKNOWN,,UNKNOWN,,NOT_MENTIONED,,UNKNOWN,,,,,NO,,NOT_MENTIONED,,,
SJ_108049,https://www.startupjobs.cz/nabidka/108049/qa-tester-ai-and-automation-student-or-entry-level-job,startupjobs,08_v2.1,2026-10-04T09:26:32+00:00,NOT_MENTIONED,,YES,Languages: English (level 2),,,JUNIOR,"Seniority_Detail: junior | Seniority_Input: Junior/Entry-level | Job_Title_Page: QA Tester, AI and automation (student or entry level job) | Job_Title_Input: QA Tester, AI and automation (student or entry level job)",NOT_MENTIONED,,NOT_MENTIONED,,NOT_MENTIONED,,REQUIRED,Skills: Regression Testing [required],NOT_MENTIONED,,REMOTE,Remote_Mode: Remote / telecommute,OPEN,Current_Status: OPEN | Status_Evidence: startupjobs status=published,10,EXACT,RECENT,Published_At: 2026-09-23T16:27:13.000Z,NO,,,,UNKNOWN,,,,UNKNOWN,,UNKNOWN,,NOT_MENTIONED,,YES,"Praha, Hlavní město Praha, Česko | remote / telecommute | cesko",,,,NO,,NOT_MENTIONED,,,
BLT_2781,https://builtin.com/job/data-analytics-engineer/11311665,builtin,08_v2.1,2026-10-04T09:26:32+00:00,NOT_MENTIONED,,LIKELY,Page_Language: en,3,"Description: What You Bring: Required: BA/BS in Computer Science, Mathematics, Statistics, Data Engineering or equivalent experience (3-5 years) in related fields. 1-2 years of relevant work experience in a technical role, preferably with experience managing individuals for team outcomes.",JUNIOR,Seniority_Input: Junior,REQUIRED,"Description: Proficiency with Python and SQL-based environments, preferably Snowflake, or similar databases (e.g., MySQL, PostgreSQL, Oracle, or Microsoft SQL).",REQUIRED,"Description: Proficiency with Python and SQL-based environments, preferably Snowflake, or similar databases (e.g., MySQL, PostgreSQL, Oracle, or Microsoft SQL).",MENTIONED,Description: Familiarity with machine learning and Gen AI.,REQUIRED,"Description: What You Bring: Required: BA/BS in Computer Science, Mathematics, Statistics, Data Engineering or equivalent experience (3-5 years) in related fields. 1-2 years of relevant work experience in a technical role, preferably with experience managing individuals for team outcomes.",NOT_MENTIONED,,HYBRID,"Description: Overview While this role is not open at this time, we are actively identifying and engaging with high-quality candidates in anticipation of future openings. This posting allows us to get to know potential talent, understand the market, and move quickly when timing aligns. Candidates who apply may b…",OPEN,Current_Status: OPEN | Status_Evidence: validThrough in future: 2026-10-22T16:56:43+00:00,12,EXACT,RECENT,Published_At: 2026-09-22,NO,,,EXPERIENCE_3_PLUS,UNKNOWN,,,,UNKNOWN,,UNKNOWN,,NOT_MENTIONED,,NO,"Prague, Prague, CZE | cze",,,,NO,,NOT_MENTIONED,,,
JB_9593,https://www.jobs.cz/rpd/2000932703/,jobscz,08_v2.1,2026-10-04T09:26:32+00:00,NOT_MENTIONED,,UNKNOWN,,,,UNKNOWN,,NOT_MENTIONED,,NOT_MENTIONED,,NOT_MENTIONED,,NOT_MENTIONED,,NOT_MENTIONED,,UNKNOWN,,UNKNOWN,Current_Status: UNKNOWN,10,MINIMUM_AGE,RECENT,Published_Upper_Bound: 2026-09-23T20:05:26+02:00 | true posting age may be older,NO,,,PARTIAL_EXTRACTION | ENGLISH_UNCLEAR,UNKNOWN,,,,UNKNOWN,,UNKNOWN,,NOT_MENTIONED,,UNKNOWN,,,,,NO,,NOT_MENTIONED,,,
JB_1181,https://www.jobs.cz/rpd/2001446123/,jobscz,08_v2.1,2026-10-04T09:26:32+00:00,NOT_MENTIONED,,YES,"Description: …ti pro využití AI v oblasti reportingu a business analýz. Co od tebe očekáváme? SQL Power BI Excel Power Query DAX Angličtinu na komunikativní úrovni AI je pro nás klíčová Koho hledáme? Hledáme člověka, který již aktivně využívá AI při práci s daty a analýzami. M…",,,UNKNOWN,,NOT_MENTIONED,,MENTIONED,Description: SQL Power BI Excel Power Query DAX Angličtinu na komunikativní úrovni AI je pro nás klíčová Koho hledáme?,NOT_MENTIONED,,NOT_MENTIONED,,MENTIONED,"Description: Rádi dáme příležitost i šikovnému absolventovi nebo juniornějšímu kandidátovi, který má silné analytické myšlení, chuť učit se nové věci a zájem o AI. | Description: Možnost profesního růstu v prostředí jedné z největších technologických společností. | Description: A na závěr: Ve Vodafonu vytváříme prostředí, kde může každý dosahovat nejlepších výsledků a být sám sebou. | Description: Zaměstnanecké benefity, které čekají jen na vás Nejen prací je člověk živ Pracovní a osobní život si rádi držíme v rovnováze a totéž můžete očekávat i vy. | Description: Jestli si na pár položek z popisu pozice nevěříte, nevadí. | Description: Všechno se dá naučit a my vám v tom rádi pomůžeme. | Description: Nové pozice se u nás otevírají každý měsíc a my vám o tom dáme rádi vědět.",HYBRID,"Description: Business Intelligence Analyst | AI & Data Analytics Praha Pracovní smlouva Na dobu neurčitou Práce vhodná i pro absolventy Hledáme nového kolegu nebo kolegyni do týmu Sales Development, který pomůže managementu dělat lepší obchodní rozhodnutí na základě dat a současně posune využití AI v našem týmu…",LIKELY_OPEN,Current_Status: LIKELY_OPEN | Status_Evidence: HTTP 200 specific vacancy metadata + Alma react widget shell,9,MINIMUM_AGE,RECENT,Published_Upper_Bound: 2026-09-25T10:05:19+02:00 | true posting age may be older,NO,,,,UNKNOWN,,,,UNKNOWN,,UNKNOWN,,NOT_MENTIONED,,UNKNOWN,,,,,NO,,NOT_MENTIONED,,,
JB_1733,https://www.jobs.cz/rpd/2001445086/,jobscz,08_v2.1,2026-10-04T09:26:32+00:00,NOT_MENTIONED,,UNKNOWN,,,,UNKNOWN,,NOT_MENTIONED,,NOT_MENTIONED,,NOT_MENTIONED,,NOT_MENTIONED,,NOT_MENTIONED,,UNKNOWN,,UNKNOWN,Current_Status: UNKNOWN,9,MINIMUM_AGE,RECENT,Published_Upper_Bound: 2026-09-25T10:05:19+02:00 | true posting age may be older,NO,,,PARTIAL_EXTRACTION | ENGLISH_UNCLEAR,UNKNOWN,,,,UNKNOWN,,UNKNOWN,,NOT_MENTIONED,,UNKNOWN,,,,,NO,,NOT_MENTIONED,,,
JB_4607,https://www.jobs.cz/rpd/2001444921/,jobscz,08_v2.1,2026-10-04T09:26:32+00:00,NOT_MENTIONED,,UNKNOWN,,,,UNKNOWN,,NOT_MENTIONED,,PREFERRED,"Description: Zkušenost s PL/SQL, Power BI, SAS , datovým modelováním nebo Data Mesh je výhodou, ne podmínkou.",NOT_MENTIONED,,NOT_MENTIONED,,MENTIONED,"Description: Čeká Vás práce se SQL, Databricks a cloudovými technologiemi i spolupráce s různými týmy. | Description: Propojování businessu a technologií – čeká Vás spolupráce s různými odděleními Retailu, analytiky, vývojáři i IT, hledání souvislostí a vytváření řešení využitelných napříč bankou. | Description: Školení, konference a prostor pro profesní rozvoj – investujeme do Vašeho růstu. | Description: Rádi Vám ukážeme, na čem pracujeme a kam chceme naše data společně posunout. | Description: Fitko, jóga, sauna… Výběr je na tobě. | Description: Váš HR partner “Věřím, že když se v týmu potkají různé generace a zkušenosti, dokážeme velké věci.” Kamila Němcová Mám o pozici zájem Kontakt Raiffeisenbank a.s.",HYBRID,"Description: Data Engineer*ka - Praha Lokalita: Praha Úvazek: Práce na plný úvazek Data, která nekončí v reportu. Data, která mění Retail. Hledáme Data Engineera*ku, který*á nám pomůže posouvat práci s daty napříč celým Retailem. Vaše řešení budou mít přesah napříč bankou – budete propojovat business s technolo…",LIKELY_OPEN,Current_Status: LIKELY_OPEN | Status_Evidence: HTTP 200 specific vacancy metadata + Alma react widget shell,9,MINIMUM_AGE,RECENT,Published_Upper_Bound: 2026-09-25T10:05:25+02:00 | true posting age may be older,NO,,,ENGLISH_UNCLEAR,UNKNOWN,,,,UNKNOWN,,UNKNOWN,,NOT_MENTIONED,,YES,Data Engineer*ka - Praha : Praha Úvazek: Práce na plný úvazek,,,,NO,,NOT_MENTIONED,,,
JB_9818,https://www.jobs.cz/rpd/2001433421/,jobscz,08_v2.1,2026-10-04T09:26:32+00:00,NOT_MENTIONED,,UNKNOWN,,,,UNKNOWN,,NOT_MENTIONED,,PREFERRED,"Description: Co bude vaše práce Tvorba nových a pravidelná aktualizace obchodních a regulatorních reportů, jejich automatizace Analýzy dat a jejich interpretace pro další rozhodování Spolupráce s managementem, business architekty, produktovými a procesními analytiky Bez čeho se u nás neobejdete Logického myšlen…",NOT_MENTIONED,,NOT_MENTIONED,,REQUIRED,Description: Profesionálové u nás mají prostor růst a rozšiřovat si dosavadní znalosti.,UNKNOWN,,OPEN,Current_Status: OPEN | Status_Evidence: Rendered vacancy body + application control present,9,MINIMUM_AGE,RECENT,Published_Upper_Bound: 2026-09-25T10:06:08+02:00 | true posting age may be older,NO,,,ENGLISH_UNCLEAR,UNKNOWN,,,,UNKNOWN,,UNKNOWN,,NOT_MENTIONED,,UNKNOWN,O ČSOB Volná místa Copyright © 2026 ČSOB Powered by Alma Career,,,,NO,,NOT_MENTIONED,,,
JB_2403,https://www.jobs.cz/rpd/2001437917/,jobscz,08_v2.1,2026-10-04T09:26:32+00:00,NOT_MENTIONED,,UNKNOWN,,,,UNKNOWN,,NOT_MENTIONED,,PREFERRED,"Description: GIT, Maven, Bamboo) Test driven development Previous exposure to: Spring Boot & Java EE Database and integration technologies We welcome: Basic SQL and CI/CD pipelines REST APIs and JSON Apache POI for XLS Issue tracking tools (e.g., JIRA) An array of benefits for you: An extra week of holiday (25…",NOT_MENTIONED,,NOT_MENTIONED,,MENTIONED,Description: I'm interested Reply Back to vacancies Share this position: Contact DHL Information Services (Europe) s.r.o.,HYBRID,"Description: Associate Software Engineer - Full Stack Reply Location: V parku 2308/10, 14800 Praha - Chodov CompanyName: DHL Information Services With a global team of 5600+ IT professionals, DHL IT Services connects people and keeps the global economy running by continuously innovating and creating sustainable…",UNKNOWN,Current_Status: UNKNOWN,12,MINIMUM_AGE,RECENT,Published_Upper_Bound: 2026-09-21T18:25:03+02:00 | true posting age may be older,NO,,,ENGLISH_UNCLEAR,UNKNOWN,,,,UNKNOWN,,UNKNOWN,,NOT_MENTIONED,,YES,": V parku 2308/10, 14800 Praha - Chodov",,,"Conflicting requirement: Description: In your role you will maintain, enhance, and modernize legacy applications built in Java, Hibernate, and JZeno (custom server-side framework). | Description: Here’s what we are looking for: Good knowledge of: Java 1.8+ (in general, we follow the LTS release of Java if technically possible) Object Oriented design & development Persistence API & Hibernate 4+ JSP, HMTL, CSS & JavaScript. | Description: GIT, Maven, Bamboo) Test driven development Previous exposure to: Spring Boot & Java EE Database and integration technologies We welcome: Basic SQL and CI/CD pipelines REST APIs and JSON Apache POI for XLS Issue tracking tools (e.g., JIRA) An array of benefits for you: An extra week of holiday (25… | Description: Hana Svehlova V parku 2308 14800 Praha - Chodov Česká republika Similar vacancies Senior Forward Deployed Engineer: AI Agent Platform Senior DevOps Manager Software Engineer - Java",NO,,NOT_MENTIONED,,,
IND_2220,https://cz.indeed.com/viewjob?jk=f963525977ac850d,indeed,08_v2.1,2026-10-04T09:26:32+00:00,NOT_MENTIONED,,UNKNOWN,,,,UNKNOWN,,NOT_MENTIONED,,NOT_MENTIONED,,NOT_MENTIONED,,NOT_MENTIONED,,NOT_MENTIONED,,UNKNOWN,,REQUEST_FAILED,Current_Status: REQUEST_FAILED | Status_Evidence: IgnoreRequest,,UNKNOWN,UNKNOWN,,NO,,,EXTRACTION_UNAVAILABLE | CURRENT_STATUS_UNCERTAIN | ENGLISH_UNCLEAR,UNKNOWN,,,,UNKNOWN,,UNKNOWN,,NOT_MENTIONED,,UNKNOWN,,,,,NO,,NOT_MENTIONED,,,
IND_1256,https://cz.indeed.com/viewjob?jk=6bb3fb4ca04cc31d,indeed,08_v2.1,2026-10-04T09:26:32+00:00,NOT_MENTIONED,,UNKNOWN,,,,JUNIOR,Seniority_Input: Junior/Entry-level | Job_Title_Input: Datový analytik junior,NOT_MENTIONED,,NOT_MENTIONED,,NOT_MENTIONED,,NOT_MENTIONED,,NOT_MENTIONED,,UNKNOWN,,REQUEST_FAILED,Current_Status: REQUEST_FAILED | Status_Evidence: IgnoreRequest,,UNKNOWN,UNKNOWN,,NO,,,EXTRACTION_UNAVAILABLE | CURRENT_STATUS_UNCERTAIN | ENGLISH_UNCLEAR,UNKNOWN,,,,UNKNOWN,,UNKNOWN,,NOT_MENTIONED,,UNKNOWN,,,,,NO,,NOT_MENTIONED,,,
IND_4043,https://cz.indeed.com/viewjob?jk=189e9fa523f7d793,indeed,08_v2.1,2026-10-04T09:26:32+00:00,NOT_MENTIONED,,UNKNOWN,,,,UNKNOWN,,NOT_MENTIONED,,NOT_MENTIONED,,NOT_MENTIONED,,NOT_MENTIONED,,NOT_MENTIONED,,UNKNOWN,,REQUEST_FAILED,Current_Status: REQUEST_FAILED | Status_Evidence: IgnoreRequest,,UNKNOWN,UNKNOWN,,NO,,,EXTRACTION_UNAVAILABLE | CURRENT_STATUS_UNCERTAIN | ENGLISH_UNCLEAR,UNKNOWN,,,,UNKNOWN,,UNKNOWN,,NOT_MENTIONED,,UNKNOWN,,,,,NO,,NOT_MENTIONED,,,
