ID,Job Title,Company,Location,Salary,URL,Mining_Date
JB_8601,IT Analytik pro transformační a integrační projekty,"Profinit EU, s.r.o.",Praha – Karlín,,https://www.jobs.cz/rpd/2001384830/,2026-09-11T15:56:22+02:00
JB_3054,Finanční analytik/analytička,"Profinit EU, s.r.o.",Praha – Karlín,,https://www.jobs.cz/rpd/2001408972/,2026-09-11T15:56:22+02:00
JB_2172,AI Engineer pro bankovní transformační projekt,"Profinit EU, s.r.o.",Praha – Karlín,,https://www.jobs.cz/rpd/2000930746/,2026-09-11T15:56:22+02:00
JB_2385,Mzdová účetní/HR specialista,"ÚJV Řež, a. s.",Husinec – Řež,,https://www.jobs.cz/rpd/2001319401/,2026-09-11T15:56:22+02:00
JB_3364,Konzultant - Virtual Desktop,"Seyfor, a. s.",Praha – Krč,100 000 – 110 000 Kč,https://www.jobs.cz/rpd/2001417634/,2026-09-11T15:56:22+02:00
JB_3648,Sales Lead – Small Enterprises,Alma Career Czechia s.r.o.,Praha – Libeň,90 000 Kč,https://www.jobs.cz/rpd/2001378660/,2026-09-11T15:56:22+02:00
JB_2657,"Ředitel/ka Auditu, řízení rizik a compliance","Letiště Praha, a. s.",Praha – Ruzyně,,https://www.jobs.cz/rpd/2001364901/,2026-09-11T15:56:22+02:00
JB_9299,Specialista/ka datové kvality (Data Quality),Skupina ČEZ,Praha – Michle,,https://www.jobs.cz/rpd/2001283488/,2026-09-11T15:56:22+02:00
JB_9202,AI Data & Systems Readiness Specialist (m/f),Škoda Auto a.s.,Mladá Boleslav – Mladá Boleslav II,,https://www.jobs.cz/rpd/2001391651/,2026-09-11T15:56:22+02:00
JB_2586,Business Analyst – Data & Automation – Central Europe (CZ/SK/DE),STOCK Plzeň-Božkov s.r.o.,Praha – Jinonice,,https://www.jobs.cz/rpd/2001403679/,2026-09-11T15:56:22+02:00
JB_9107,"Business Analyst | Operations, Supply Chain & Data Analytics",Grafton Recruitment s.r.o.,Praha,,https://www.jobs.cz/rpd/2001297698/,2026-09-11T15:56:22+02:00
JB_6390,Chief Data Steward se zaměřením na Master data,Skupina ČEZ,Praha – Michle,,https://www.jobs.cz/rpd/2001283266/,2026-09-11T15:56:22+02:00
JB_1910,Business data analyst,Skupina ČEZ,Praha – Michle,,https://www.jobs.cz/rpd/2001253997/,2026-09-11T15:56:22+02:00
JB_7828,Data Analyst - Financial Crime team,"PricewaterhouseCoopers Česká republika, s.r.o.",Praha – Nusle + 1 další lokalita,,https://www.jobs.cz/rpd/2001397904/,2026-09-11T15:56:22+02:00
JB_6031,Data Integration Engineer,PRO.MED.CS Praha a.s.,Praha – Michle,,https://www.jobs.cz/rpd/2001322305/,2026-09-11T15:56:22+02:00
JB_9676,Specialista/ka Data Governance se zaměřením na referenční data,Skupina ČEZ,Praha – Michle,,https://www.jobs.cz/rpd/2001283419/,2026-09-11T15:56:22+02:00
JB_3384,Data insight analyst,Skupina ČEZ,Praha – Michle,,https://www.jobs.cz/rpd/2001295360/,2026-09-11T15:56:22+02:00
JB_3780,Geographic Data and Risk Analyst - junior/senior,PŘEDVÝBĚR.CZ a.s.,Praha – Michle,,https://www.jobs.cz/rpd/2001281051/,2026-09-11T15:56:22+02:00
JB_5179,Data Quality & Governance Specialist (f/m/d),Deutsche Börse Group,Praha – Karlín,,https://www.jobs.cz/rpd/2001384725/,2026-09-11T15:56:22+02:00
JB_5431,Business Performance & Data Intelligence Specialist,Mercedes-Benz Česká republika s.r.o.,Praha – Chodov,,https://www.jobs.cz/rpd/2001381341/,2026-09-11T15:56:22+02:00
JB_4152,Data Quality Specialist,"VIG RE zajišťovna, a.s.",Praha – Michle,,https://www.jobs.cz/rpd/2001389566/,2026-09-11T15:56:22+02:00
JB_3353,Data/business analytik – Consultant,"KPMG Česká republika, s.r.o.",Praha – Karlín,,https://www.jobs.cz/rpd/2001410251/,2026-09-11T15:56:22+02:00
JB_5862,Power BI & Data Governance Specialist,Skanska,okres Praha,,https://www.jobs.cz/rpd/2001419392/,2026-09-11T15:56:22+02:00
JB_2791,CAD Data Specialist,"VOLKSWAGEN GROUP SERVICES, s.r.o.",Praha – Michle,,https://www.jobs.cz/rpd/2001304834/,2026-09-11T15:56:22+02:00
JB_0550,Head of Data,Direct,Praha – Holešovice,,https://www.jobs.cz/rpd/2001398903/,2026-09-11T15:56:22+02:00
JB_3961,Data Analyst - Imaging and Printing Research team,"IDC Central Europe, the Middle East & Africa",Praha – Staré Město,,https://www.jobs.cz/rpd/2001396645/,2026-09-11T15:56:22+02:00
JB_7652,DATA ANALYST | Power BI | Python | B2C | Praha / Hybrid,DRILL Business Services,Praha,70 000 – 85 000 Kč,https://www.jobs.cz/rpd/2001405780/,2026-09-11T15:56:22+02:00
JB_1723,DATA ANALYST | Power BI | Python | B2C | Praha / Hybrid,DRILL Business Services,Praha,70 000 – 85 000 Kč,https://www.jobs.cz/rpd/2001391805/,2026-09-11T15:56:22+02:00
JB_5255,Data Engineer (JPO27634),Alza.cz a.s.,Praha – Holešovice,,https://www.jobs.cz/rpd/2001393765/,2026-09-11T15:56:22+02:00
JB_8999,DWH / BI data analytik a datový engineer,Dr.Max,Praha – Nové Město,,https://www.jobs.cz/rpd/2001415469/,2026-09-11T15:56:22+02:00
JB_6221,Senior Data Scientist,R4U s.r.o.,Praha – Chodov,,https://www.jobs.cz/rpd/2001018979/,2026-09-11T15:56:36+02:00
JB_8483,Data Analyst / Risk Management Consultant,Quantitative Consulting s.r.o.,Praha – Nové Město,,https://www.jobs.cz/rpd/2001417774/,2026-09-11T15:56:36+02:00
JB_5860,Data Analyst | Data with Impact,Pluxee,Praha – Smíchov,,https://www.jobs.cz/rpd/2001381187/,2026-09-11T15:56:36+02:00
JB_6864,DATA ENGINEER - DWH & DATA MODELING,VŠEOBECNÁ ZDRAVOTNÍ POJIŠŤOVNA ČESKÉ REPUBLIKY,Praha – Vinohrady,,https://www.jobs.cz/rpd/2001381265/,2026-09-11T15:56:36+02:00
JB_5304,Business Analyst – Insights & Reporting – Central Europe (CZ/SK/DE),STOCK Plzeň-Božkov s.r.o.,Praha – Jinonice,,https://www.jobs.cz/rpd/2001403688/,2026-09-11T15:56:36+02:00
JB_8729,Data Engineer (se zaměřením na Big Data),"ADASTRA, s.r.o.",Praha – Karlín,,https://www.jobs.cz/rpd/2001307234/,2026-09-11T15:56:36+02:00
JB_9027,Financial Data Analyst (m/f),Randstad HR Solutions s.r.o.,Praha,,https://www.jobs.cz/rpd/2001298967/,2026-09-11T15:56:36+02:00
JB_0503,"Senior Expert for Life Savings, Pension & Investment Fund Business with Data Analytics",UNIQA,Praha – Vokovice + 1 další lokalita,,https://www.jobs.cz/rpd/2001417900/,2026-09-11T15:56:36+02:00
JB_7424,HR Data Analyst / HR Analytik – Praha (junior/senior),NO77 s.r.o.,Praha – Nové Město,,https://www.jobs.cz/rpd/2000739085/,2026-09-11T15:56:36+02:00
JB_4700,Head of Business Reporting & Data Management,mBank,Praha – Karlín,,https://www.jobs.cz/rpd/2001370227/,2026-09-11T15:56:36+02:00
JB_1067,Data Operations Engineer (m/ž),O2 Czech Republic a.s.,Praha – Michle,,https://www.jobs.cz/rpd/2001193909/,2026-09-11T15:56:36+02:00
JB_8953,Data analyst for credit risk modeling,"ČSOB Československá obchodní banka, a. s.",Hlavní město Praha,,https://www.jobs.cz/rpd/2001381192/,2026-09-11T15:56:36+02:00
JB_7564,Data & Product Engineer,UNIQA,Praha – Vokovice,,https://www.jobs.cz/rpd/2001318768/,2026-09-11T15:56:36+02:00
JB_2051,Data Scientist/ka (zaměření na AML) - Praha,"MONETA Money Bank, a.s.",Praha – Michle,,https://www.jobs.cz/rpd/2001420783/,2026-09-11T15:56:36+02:00
JB_6151,Data & Trading Support Specialist - Prague,"EP Commodities, a.s.",Praha – Nové Město,,https://www.jobs.cz/rpd/2001418730/,2026-09-11T15:56:36+02:00
JB_0217,Senior Data Engineer,Zásilkovna s.r.o.,Praha – Libeň,,https://www.jobs.cz/rpd/2001408338/,2026-09-11T15:56:36+02:00
JB_8885,Data Analyst,"W.A.G. payment solutions, a.s.",Praha – Nusle,,https://www.jobs.cz/rpd/2001419533/,2026-09-11T15:56:36+02:00
JB_2555,"Senior Data Engineer - ""tradiční stack"" nebo moderní datové platformy nebo cloud","ADASTRA, s.r.o.",Hlavní město Praha,,https://www.jobs.cz/rpd/2000749437/,2026-09-11T15:56:36+02:00
JB_3733,Senior Data Engineer (m/ž),Skupina E.ON,Praha – Smíchov + 1 další lokalita,,https://www.jobs.cz/rpd/2000906725/,2026-09-11T15:56:36+02:00
JB_9557,IT Core Process Specialist - Cloud & Architecture (full or part-time) (f/m/d),Deutsche Börse Group,Praha – Karlín,,https://www.jobs.cz/rpd/2001412765/,2026-09-11T15:56:36+02:00
JB_6769,AI Data & Systems Readiness Specialist (m/ž),Škoda Auto a.s.,Mladá Boleslav – Mladá Boleslav II,,https://www.jobs.cz/rpd/2001391631/,2026-09-11T15:56:36+02:00
JB_3752,Data Analyst Products,"MONETA Money Bank, a.s.",Praha,,https://www.jobs.cz/rpd/2001193496/,2026-09-11T15:56:36+02:00
JB_4471,Data Scientist,PŘEDVÝBĚR.CZ a.s.,Praha – Libeň,60 000 – 75 000 Kč,https://www.jobs.cz/rpd/2001371969/,2026-09-11T15:56:36+02:00
JB_0619,AWS Data Engineer (m/ž),"ČSOB Československá obchodní banka, a. s.",Hlavní město Praha,,https://www.jobs.cz/rpd/2001371694/,2026-09-11T15:56:36+02:00
JB_9496,Information Security Specialist,Skupina ČEZ,Praha – Michle,,https://www.jobs.cz/rpd/2001401600/,2026-09-11T15:56:36+02:00
JB_7347,Technical Business Analyst,Kuoni Destination Management s.r.o.,Praha – Karlín,,https://www.jobs.cz/rpd/2001251201/,2026-09-11T15:56:36+02:00
JB_6825,"Marketing Specialist – Digital, Data & AI",CHC Partners s.r.o.,Čestlice,50 000 – 65 000 Kč,https://www.jobs.cz/rpd/2001398881/,2026-09-11T15:56:36+02:00
JB_9295,"SW Quality Engineer, Selenium - Java nebo C# - AI Platform, 80% remote",BARTON Consulting s.r.o.,Praha,,https://www.jobs.cz/rpd/2001405334/,2026-09-11T15:56:36+02:00
JB_6344,Finanční data analytik/čka pro Investiční bankovnictví,"Komerční banka, a.s.",Praha – Stodůlky,,https://www.jobs.cz/rpd/2001113492/,2026-09-11T15:56:36+02:00
JB_2253,Finanční/data analytik/čka,"Komerční banka, a.s.",Praha – Stodůlky,,https://www.jobs.cz/rpd/2001405810/,2026-09-11T15:56:36+02:00
JB_8402,Head of Data Engineering & AI - full remote,BARTON Consulting s.r.o.,Praha,,https://www.jobs.cz/rpd/2001325666/,2026-09-11T15:56:42+02:00
JB_9996,Data Analyst with Python,R4U s.r.o.,Praha,,https://www.jobs.cz/rpd/2001407706/,2026-09-11T15:56:42+02:00
JB_8301,Senior IT Business Analytik | Integrace a návrh řešení,Recrutech s.r.o.,Praha,90 000 – 110 000 Kč,https://www.jobs.cz/rpd/2001389725/,2026-09-11T15:56:42+02:00
JB_0558,Data Scientist / ML Engineer – Interested in Knowledge Graphs? - Full remote,BARTON Consulting s.r.o.,Praha,,https://www.jobs.cz/rpd/2001381338/,2026-09-11T15:56:42+02:00
JB_0035,Intern in the Cloud & Data Analytics Department (f/m/d),"Porsche Engineering Services, s.r.o.",Praha – Jinonice + 1 další lokalita,,https://www.jobs.cz/rpd/2001414351/,2026-09-11T15:56:42+02:00
JB_6681,Datový architekt,2N TELEKOMUNIKACE a.s.,Praha – Nusle,,https://www.jobs.cz/rpd/2001221949/,2026-09-11T15:56:42+02:00
JB_9389,Treasury Data Analyst - Prague,"EP Commodities, a.s.",Praha – Nové Město,,https://www.jobs.cz/rpd/2001394336/,2026-09-11T15:56:42+02:00
JB_5361,Customer Data and Digital Campaign Analyst,NN,Praha – Smíchov,,https://www.jobs.cz/rpd/2001396566/,2026-09-11T15:56:42+02:00
JB_2012,Data Analyst (fintech),Orka Group Services a.s.,Praha – Smíchov,,https://www.jobs.cz/rpd/2001394246/,2026-09-11T15:56:42+02:00
JB_9596,DATOVÝ ANALYTIK – DATA WAREHOUSE & REPORTING,"RENOMIA, a. s.",Praha – Nové Město + 1 další lokalita,,https://www.jobs.cz/rpd/2001381502/,2026-09-11T15:56:42+02:00
JB_5648,*Business Operations Analyst with Spanish (f/m/d),CEMEX Services Group,Praha – Smíchov,,https://www.jobs.cz/rpd/2001319549/,2026-09-11T15:56:42+02:00
JB_8944,Global HRIS Specialist - AI and Automation,Atlas Copco s.r.o.,Praha – Nusle,,https://www.jobs.cz/rpd/2001408450/,2026-09-11T15:56:42+02:00
JB_6901,Group Finance Applications Analyst,Atlas Copco s.r.o.,Praha – Nusle,,https://www.jobs.cz/rpd/2001401667/,2026-09-11T15:56:42+02:00
JB_8283,Senior Business Analyst,"VIG RE zajišťovna, a.s.",Praha – Michle,,https://www.jobs.cz/rpd/2001408586/,2026-09-11T15:56:42+02:00
JB_1988,Webový Analytik - Online Marketing (m/ž),O2 Czech Republic a.s.,Praha – Michle,,https://www.jobs.cz/rpd/2001313015/,2026-09-11T15:56:42+02:00
JB_3797,Senior specialist data center,"ORLEN Unipetrol RPA, s.r.o.",Praha – Krč + 1 další lokalita,,https://www.jobs.cz/rpd/2001228193/,2026-09-11T15:56:42+02:00
JB_7186,Medior/Senior Data Scientist,"MONETA Money Bank, a.s.",Praha,,https://www.jobs.cz/rpd/2001264086/,2026-09-11T15:56:42+02:00
JB_9918,Medior Functional Analyst in Credit Risk (Prague or Brno),KBC Global Services NV,Praha – Radlice + 1 další lokalita,,https://www.jobs.cz/rpd/2001414923/,2026-09-11T15:56:42+02:00
JB_3957,Senior Functional Analyst in Credit Risk (Prague or Brno),KBC Global Services NV,Praha – Radlice + 1 další lokalita,,https://www.jobs.cz/rpd/2001240742/,2026-09-11T15:56:42+02:00
JB_8839,Specialista ISO a systémů řízení,"Asseco Solutions, a.s.",Praha – Braník,,https://www.jobs.cz/rpd/2001419355/,2026-09-11T15:56:42+02:00
JB_3865,Senior Business Analyst,"MONETA Money Bank, a.s.",Praha – Michle,,https://www.jobs.cz/rpd/2001237361/,2026-09-11T15:56:42+02:00
JB_2298,Senior AI & Data Transformation Konzultant,EY,Praha – Nové Město,,https://www.jobs.cz/rpd/2001401642/,2026-09-11T15:56:42+02:00
JB_6664,AI & Data Analytics Intern – 20 hrs/week,"Axial Personnel Agency, s.r.o.",Praha,,https://www.jobs.cz/rpd/2001410112/,2026-09-11T15:56:42+02:00
JB_4355,Systémový analytik – Contract Management System,CETIN a.s.,Praha – Libeň,,https://www.jobs.cz/rpd/2001417150/,2026-09-11T15:56:42+02:00
JB_2900,IT Analytik API & Data management (m/ž),Škoda Auto a.s.,Mladá Boleslav,,https://www.jobs.cz/rpd/2001271954/,2026-09-11T15:56:42+02:00
JB_7613,HR Data Master,Vodafone Czech Republic a.s.,Praha – Stodůlky,,https://www.jobs.cz/rpd/2001400549/,2026-09-11T15:56:42+02:00
JB_5724,Data Scientist Junior / Data Scientist Medior – Corporate Banking (m/f),Raiffeisenbank a.s.,Praha – Nusle,,https://www.jobs.cz/rpd/2001421579/,2026-09-11T15:56:42+02:00
JB_3950,Senior Data Engineer,"IDC Central Europe, the Middle East & Africa",Praha – Staré Město,,https://www.jobs.cz/rpd/2001386551/,2026-09-11T15:56:42+02:00
JB_9547,Sales Data Analyst (Route-to-Market Planner),Coca-Cola,Praha – Kyje,,https://www.jobs.cz/rpd/2001385285/,2026-09-11T15:56:42+02:00
JB_7562,Zkušený SQL / databázový specialista,"Medor Solutions, s.r.o.",Praha – Libeň,60 000 – 80 000 Kč,https://www.jobs.cz/rpd/2001400970/,2026-09-11T15:56:42+02:00
JB_1670,UX & Data Support,"Conseq Investment Management, a.s.",Praha – Staré Město,,https://www.jobs.cz/rpd/2001104783/,2026-09-11T15:56:57+02:00
JB_2045,Datový analytik (m/ž),"ČSOB Československá obchodní banka, a. s.",Praha – Radlice,,https://www.jobs.cz/rpd/2001392233/,2026-09-11T15:56:57+02:00
JB_1285,Senior IT Auditor (m/f),"Komerční banka, a.s.",Praha – Stodůlky,,https://www.jobs.cz/rpd/2000978899/,2026-09-11T15:56:57+02:00
JB_0398,Analytik Security Operations Center (SOC),Alintrust s.r.o.,Praha – Michle,,https://www.jobs.cz/rpd/2001392178/,2026-09-11T15:56:57+02:00
JB_1036,Information Security Risk & Resilience Analyst,Skupina ČEZ,Praha – Michle,,https://www.jobs.cz/rpd/2001406277/,2026-09-11T15:56:57+02:00
JB_4913,Power BI analytik (m/ž),"ČSOB Československá obchodní banka, a. s.",Hlavní město Praha,,https://www.jobs.cz/rpd/2001367875/,2026-09-11T15:56:57+02:00
JB_2913,Senior Data Engineer,UNIQA,Praha – Vokovice + 1 další lokalita,,https://www.jobs.cz/rpd/2001417690/,2026-09-11T15:56:57+02:00
JB_9261,Business Analyst / Solution Architect - bankovnictví,"ADASTRA, s.r.o.",Praha – Karlín,,https://www.jobs.cz/rpd/2000546437/,2026-09-11T15:56:57+02:00
JB_8875,Master Data Specialist,"PFANNER, spol. s r.o.",Hostivice,,https://www.jobs.cz/rpd/2001421273/,2026-09-11T15:56:57+02:00
JB_3911,Senior Data Engineer with Python,R4U s.r.o.,Praha,,https://www.jobs.cz/rpd/2001394416/,2026-09-11T15:56:57+02:00
JB_0598,Senior Data Lead,UNIQA,Praha – Vokovice + 1 další lokalita,,https://www.jobs.cz/rpd/2001389280/,2026-09-11T15:56:57+02:00
JB_9911,Enterprise Datový Architekt/ka,Skupina ČEZ,Praha – Michle,,https://www.jobs.cz/rpd/2001307514/,2026-09-11T15:56:57+02:00
JB_8738,Team Lead Business Analyst,Škoda Transportation,Praha – Stodůlky,,https://www.jobs.cz/rpd/2001417476/,2026-09-11T15:56:57+02:00
JB_9494,IT Business analytik (m/ž),"Kooperativa pojišťovna, a.s., VIG",Praha – Karlín,,https://www.jobs.cz/rpd/2001401309/,2026-09-11T15:56:57+02:00
JB_0265,IT Business Analyst - SW Engineering projekty,"ADASTRA, s.r.o.",Praha – Karlín,,https://www.jobs.cz/rpd/2001406478/,2026-09-11T15:56:57+02:00
JB_2618,Business analytik/analytička pro agregaci flexibility,Skupina ČEZ,Praha – Smíchov,,https://www.jobs.cz/rpd/2001402290/,2026-09-11T15:56:57+02:00
JB_6789,SENIOR DATA ENGINEER - INTRADAY TRADING,ČEZ Trading,Praha – Michle,,https://www.jobs.cz/rpd/2001322379/,2026-09-11T15:56:57+02:00
JB_8739,Quality & Safety Specialist,"KONE, a.s.",Praha – Vokovice,,https://www.jobs.cz/rpd/2001387066/,2026-09-11T15:56:57+02:00
JB_0568,AI Engineer,R4U s.r.o.,Praha – Chodov,,https://www.jobs.cz/rpd/2000532548/,2026-09-11T15:56:57+02:00
JB_1965,Investor Relations Analyst,CSG,Praha,,https://www.jobs.cz/rpd/2001353746/,2026-09-11T15:56:57+02:00
JB_6040,E-COMMERCE BUSINESS DEVELOPMENT SPECIALIST,BENU Česká republika s.r.o.,Praha – Hostivař,,https://www.jobs.cz/rpd/2001405338/,2026-09-11T15:56:57+02:00
JB_8142,Datový analytik | BI (m/ž),TIPSPORT,Beroun,,https://www.jobs.cz/rpd/2001419424/,2026-09-11T15:56:57+02:00
JB_7743,Data Governance Lead,Skanska,okres Praha,,https://www.jobs.cz/rpd/2001419354/,2026-09-11T15:56:57+02:00
JB_0302,IT Analytik/čka v investiční společnosti,Generali Investments CEE,Praha – Michle,,https://www.jobs.cz/rpd/2001375769/,2026-09-11T15:56:57+02:00
JB_7512,Marketing Data Team Lead,"Seznam.cz, a.s.",Praha – Smíchov,,https://www.jobs.cz/rpd/2000844890/,2026-09-11T15:56:57+02:00
JB_8676,TV analytik mediálního obchodu,TV Prima,Praha – Strašnice,,https://www.jobs.cz/rpd/2001381621/,2026-09-11T15:56:57+02:00
JB_4195,Datový analytik,TRAFICON TOBACCO RETAIL s.r.o.,Praha – Karlín,,https://www.jobs.cz/rpd/2001320839/,2026-09-11T15:56:57+02:00
JB_6711,Senior M&A Analyst/Advisor,Linet spol. s r.o.,Slaný,,https://www.jobs.cz/rpd/2001380736/,2026-09-11T15:56:57+02:00
JB_2284,"IT Governance, Risk & Compliance Director",Recrutech s.r.o.,Praha,,https://www.jobs.cz/rpd/2001417768/,2026-09-11T15:56:57+02:00
JB_3574,Business Analyst with Camunda (f/m),T-Mobile Czech Republic a.s.,Praha – Chodov,,https://www.jobs.cz/rpd/2001341714/,2026-09-11T15:56:57+02:00
JB_7078,Senior specialista/ka datové analytiky a optimalizace obchodu,"Gas Storage CZ, a.s.",Praha – Strašnice,90 000 – 105 000 Kč,https://www.jobs.cz/rpd/2001379538/,2026-09-11T15:57:03+02:00
JB_4879,PR specialista/ka a Data Steward,"Etnologický ústav AV ČR, v. v. i.",Praha – Nové Město,49 000 Kč,https://www.jobs.cz/rpd/2001381004/,2026-09-11T15:57:03+02:00
JB_6990,Senior Data Engineer (f/m),T-Mobile Czech Republic a.s.,Praha – Chodov,,https://www.jobs.cz/rpd/2001373678/,2026-09-11T15:57:03+02:00
JB_7153,Business Intelligence Expert (Czech/Slovak speaker),Hilti ČR spol. s r.o.,Praha – Chodov,,https://www.jobs.cz/rpd/2001410318/,2026-09-11T15:57:03+02:00
JB_4533,Business Analyst Team Leader – Central Europe (CZ/SK/DE),STOCK Plzeň-Božkov s.r.o.,Praha – Jinonice,,https://www.jobs.cz/rpd/2001396463/,2026-09-11T15:57:03+02:00
JB_5829,Data Engineer - Hey George,"Česká spořitelna, a.s.",Praha – Michle,,https://www.jobs.cz/rpd/2001362402/,2026-09-11T15:57:03+02:00
JB_8315,Datový analytik - Retailová obchodní podpora (m/ž),"ČSOB Československá obchodní banka, a. s.",Praha – Radlice,,https://www.jobs.cz/rpd/2001396093/,2026-09-11T15:57:03+02:00
JB_2684,SNOWFLAKE DATA ENGINEER- (fully remote),"SYNERGIE, s.r.o.",okres Praha,,https://www.jobs.cz/rpd/2001398710/,2026-09-11T15:57:03+02:00
JB_7965,GOOGLE DATA ENGINEER- (fully remote),"SYNERGIE, s.r.o.",okres Praha,,https://www.jobs.cz/rpd/2001398714/,2026-09-11T15:57:03+02:00
JB_9963,Senior AI Solution Architect,NN,Praha – Smíchov,,https://www.jobs.cz/rpd/2001337881/,2026-09-11T15:57:03+02:00
JB_8094,IT analytik - Microsoft Dynamics 365 (Kladno),LOGISTEED Czechia s.r.o.,Kladno – Dubí,,https://www.jobs.cz/rpd/2001234181/,2026-09-11T15:57:03+02:00
JB_3040,Analytik kybernetické bezpečnosti (EDR/NGFW/IoMT/SIEM),Fakultní nemocnice Motol a Homolka,Praha – Motol,,https://www.jobs.cz/rpd/2001414572/,2026-09-11T15:57:03+02:00
JB_1085,Performance management analyst,Skupina ČEZ,Praha – Michle,,https://www.jobs.cz/rpd/2001393545/,2026-09-11T15:57:03+02:00
JB_4677,IT Business Analytik – procesy a změny senior/junior (m/ž),TETA drogerie (Solvent ČR s.r.o.),Praha,,https://www.jobs.cz/rpd/2001152793/,2026-09-11T15:57:03+02:00
JB_2995,DWH specialista/ka,PRO.MED.CS Praha a.s.,Praha – Michle,,https://www.jobs.cz/rpd/2001308162/,2026-09-11T15:57:03+02:00
JB_6102,AI analytik / analytička,"Asseco Central Europe, a.s.",Praha – Michle,,https://www.jobs.cz/rpd/2001376122/,2026-09-11T15:57:03+02:00
JB_3296,Datový analytik-statistik,CEEOR spol. s r.o.,Praha – Smíchov,,https://www.jobs.cz/rpd/2001190770/,2026-09-11T15:57:03+02:00
JB_6873,Analytik/analytička pro komoditní produkty,Skupina ČEZ,Praha – Smíchov,,https://www.jobs.cz/rpd/2001364477/,2026-09-11T15:57:03+02:00
JB_2719,Junior IT Analytik - skvělý start tvé kariéry v IT!,SOFTEC,Praha – Krč,,https://www.jobs.cz/rpd/2001338015/,2026-09-11T15:57:03+02:00
JB_6504,Analytik pro zakázkový vývoj,"MoroSystems, s.r.o.",Praha – Karlín,,https://www.jobs.cz/rpd/2001244805/,2026-09-11T15:57:03+02:00
JB_1167,"IT analytik/ analytička — DEK, a.s.",DEK a.s.,Praha – Malešice,50 000 – 70 000 Kč,https://www.jobs.cz/rpd/2001257394/,2026-09-11T15:57:03+02:00
JB_5490,Senior Analyst Finance Planning & Analysis,rohlik.cz,Praha – Karlín,,https://www.jobs.cz/rpd/2001385552/,2026-09-11T15:57:03+02:00
JB_4619,Product Owner – Online sjednání pojištění,"Pojišťovna VZP, a.s.",Praha – Nové Město,,https://www.jobs.cz/rpd/2001387211/,2026-09-11T15:57:03+02:00
JB_5368,Risk Analyst – Natural & Supply Chain Risks (Automotive),Trenkwalder a.s.,Praha,,https://www.jobs.cz/rpd/2001375324/,2026-09-11T15:57:03+02:00
JB_2347,PROCESNÍ ANALYTIK - vhodné pro absolventy,"PHOENIX lékárenský velkoobchod, s.r.o.",Praha – Hostivař,,https://www.jobs.cz/rpd/2001405355/,2026-09-11T15:57:03+02:00
JB_5043,Microsoft Azure Security Governance & Compliance Specialist (f/m),T-Mobile Czech Republic a.s.,Praha – Chodov,,https://www.jobs.cz/rpd/2001094671/,2026-09-11T15:57:03+02:00
JB_3194,Business analytik P&L (m/ž),"Komerční banka, a.s.",Praha – Stodůlky,,https://www.jobs.cz/rpd/2001355171/,2026-09-11T15:57:03+02:00
JB_9435,SAP BI/BW konzultant M/Ž,"Pražská plynárenská, a.s.",Praha – Michle,,https://www.jobs.cz/rpd/2001107013/,2026-09-11T15:57:03+02:00
JB_3240,Specialista/tka správy dat/Middle Office Specialist - investiční společnost,Generali Investments CEE,Praha – Michle,,https://www.jobs.cz/rpd/2001297524/,2026-09-11T15:57:03+02:00
JB_5421,BI Business Analyst,Škoda Transportation,Praha – Stodůlky,,https://www.jobs.cz/rpd/2001274007/,2026-09-11T15:57:03+02:00
JB_5019,IT Business Analytik - finanční trhy,PPF banka a.s.,Praha – Dejvice,,https://www.jobs.cz/rpd/2001055953/,2026-09-11T15:57:15+02:00
JB_7922,Branch JUNIOR Operations Analyst (f/m/x),"Deutsche Bank Aktiengesellschaft Filiale Prag, organizační složka",Praha – Nové Město,,https://www.jobs.cz/rpd/2001383418/,2026-09-11T15:57:15+02:00
JB_9141,*Accounting Analyst with French (f/m/d),CEMEX Services Group,Praha – Smíchov,,https://www.jobs.cz/rpd/2001270319/,2026-09-11T15:57:15+02:00
JB_0427,Real Estate Analyst | Investment & Asset Management,TRINITY BANK a.s.,Praha,,https://www.jobs.cz/rpd/2001263852/,2026-09-11T15:57:15+02:00
JB_8653,Junior business analytik ICT,Ředitelství silnic a dálnic s. p.,Praha – Krč,,https://www.jobs.cz/rpd/2001415649/,2026-09-11T15:57:15+02:00
JB_8932,Middle Office Analyst - Prague,"EP Commodities, a.s.",Praha – Nové Město,,https://www.jobs.cz/rpd/2001418723/,2026-09-11T15:57:15+02:00
JB_3255,Product Data & Systems Specialist,VAFO PRODUCTION,Chrášťany,,https://www.jobs.cz/rpd/2001364143/,2026-09-11T15:57:15+02:00
JB_5049,Quality Engineer / Analytik kvality,Mi - King s.r.o.,Kolín – Kolín IV,,https://www.jobs.cz/rpd/2001419192/,2026-09-11T15:57:15+02:00
JB_9381,Master-Data & Compliance Specialist,Bath Deluxe s.r.o.,Praha – Michle,50 000 – 70 000 Kč,https://www.jobs.cz/rpd/2001417805/,2026-09-11T15:57:15+02:00
JB_3587,Datový analytik / datová analytička,Středočeský kraj,Praha – Smíchov,,https://www.jobs.cz/rpd/2001299090/,2026-09-11T15:57:15+02:00
JB_1203,Analytik / Analytička řízení rizik,PPF banka a.s.,Praha – Dejvice,,https://www.jobs.cz/rpd/2001211167/,2026-09-11T15:57:15+02:00
JB_3178,Business Analyst for CRM and Loyalty,Notino s.r.o.,Česká republika,,https://www.jobs.cz/rpd/2001363041/,2026-09-11T15:57:15+02:00
JB_0506,IT Analyst,Skupina ČEZ,Praha – Michle,,https://www.jobs.cz/rpd/2001316585/,2026-09-11T15:57:15+02:00
JB_7714,Data Architect,"Česká spořitelna, a.s.",Praha,90 000 – 119 000 Kč,https://www.jobs.cz/rpd/2001372042/,2026-09-11T15:57:15+02:00
JB_1249,Business Analytik (m/ž),Ayvens s.r.o.,Praha – Malešice,,https://www.jobs.cz/rpd/2001396641/,2026-09-11T15:57:15+02:00
JB_8586,E-commerce & AI Specialist (junior/medior),OXYGENIC s.r.o.,Dobrovíz,60 000 – 70 000 Kč,https://www.jobs.cz/rpd/2001412985/,2026-09-11T15:57:15+02:00
JB_2505,Business Process Analyst(Fintech),RONDA INVEST a.s.,Praha – Nové Město,70 000 – 80 000 Kč,https://www.jobs.cz/rpd/2001327447/,2026-09-11T15:57:15+02:00
JB_0249,Quantitative Analyst - Prague,"EP Commodities, a.s.",Praha – Nové Město,,https://www.jobs.cz/rpd/2001415440/,2026-09-11T15:57:15+02:00
JB_6094,IT Business Analytik - CRM,PPF banka a.s.,Praha – Dejvice,,https://www.jobs.cz/rpd/2001238858/,2026-09-11T15:57:15+02:00
JB_1502,Senior pojistný/á matematik/matematička pricingu neživotního pojištění,UNIQA,Praha – Vokovice + 1 další lokalita,,https://www.jobs.cz/rpd/2001394262/,2026-09-11T15:57:15+02:00
JB_5246,"Business analyst | Reporting, forecast & supply chain | International environmen",Grafton Recruitment s.r.o.,Praha,40 000 – 60 000 Kč,https://www.jobs.cz/rpd/2001379409/,2026-09-11T15:57:15+02:00
JB_2958,Business Intelligence Analyst,"Zentiva, k.s.",Praha – Dolní Měcholupy,,https://www.jobs.cz/rpd/2001396502/,2026-09-11T15:57:15+02:00
JB_9948,Business Analyst / SQL / Remote / Full-time,Manpower IT,Praha + 2 další lokality,,https://www.jobs.cz/rpd/2001293507/,2026-09-11T15:57:15+02:00
JB_9720,Finance Operations & Controlling Specialist,TKC ARTA s.r.o.,Praha – Nové Město,,https://www.jobs.cz/rpd/2001403708/,2026-09-11T15:57:15+02:00
JB_6495,(Senior) ICT Risk Management Specialist,"COMMERZBANK Aktiengesellschaft, pobočka Praha",Praha – Vinohrady,,https://www.jobs.cz/rpd/2001405953/,2026-09-11T15:57:15+02:00
JB_4869,BI Analyst & Business Partner,TV Nova s.r.o.,Praha – Hlubočepy,,https://www.jobs.cz/rpd/2001325017/,2026-09-11T15:57:15+02:00
JB_8892,Hydrological Modelling and GIS Analyst,Aon Central and Eastern Europe a.s.,Praha – Nové Město,,https://www.jobs.cz/rpd/2001381248/,2026-09-11T15:57:15+02:00
JB_2320,Analytik/čka rizik,"Advanced Risk Management, s.r.o.",Praha – Košíře,,https://www.jobs.cz/rpd/2001395841/,2026-09-11T15:57:15+02:00
JB_0190,Operations Support Consultant,"Albert Česká republika, s.r.o.",Praha – Jinonice,,https://www.jobs.cz/rpd/2001331625/,2026-09-11T15:57:15+02:00
JB_2718,Digital Change Project Manager 🔄- Food Industry,"La Lorraine, a.s.",Kladno – Kročehlavy,,https://www.jobs.cz/rpd/2001405667/,2026-09-11T15:57:15+02:00
JB_7362,Account Creation Specialists/ASAP/ENG/Full time/Fixed-term contract until 31.12.2026,Tessero Czech Republic s.r.o.,Praha,,https://www.jobs.cz/rpd/2001398720/,2026-09-11T15:57:28+02:00
JB_8174,BI konzultant,"Asseco Solutions, a.s.",Praha – Braník,,https://www.jobs.cz/rpd/2001338427/,2026-09-11T15:57:28+02:00
JB_7593,Category Management Specialist – Central Europe (CZ/SK/DE),STOCK Plzeň-Božkov s.r.o.,Praha – Jinonice,,https://www.jobs.cz/rpd/2001403652/,2026-09-11T15:57:28+02:00
JB_5759,IT specialista - Praha,KOVOŠROT GROUP CZ s.r.o.,Praha – Dolní Měcholupy,,https://www.jobs.cz/rpd/2001412140/,2026-09-11T15:57:28+02:00
JB_3767,Specialista analýzy výrobních dat Giga odlitků (m/ž),Škoda Auto a.s.,Mladá Boleslav – Mladá Boleslav II,,https://www.jobs.cz/rpd/2001384433/,2026-09-11T15:57:28+02:00
JB_8768,Junior technický konzultant/konzultantka - Cyber Security,EY,Praha – Nové Město,50 000 – 55 000 Kč,https://www.jobs.cz/rpd/2000766617/,2026-09-11T15:57:28+02:00
JB_9926,Banking (kvantitativní rizika) – Junior konzultant/ka,"KPMG Česká republika, s.r.o.",Praha – Karlín,,https://www.jobs.cz/rpd/2001214504/,2026-09-11T15:57:28+02:00
JB_1226,CRM a Sales Operations Specialist | Klíčová role pro správu CRM,Manpower IT,Praha,,https://www.jobs.cz/rpd/2001379049/,2026-09-11T15:57:28+02:00
JB_0876,Retail Business konzultant s angličtinou,Logio s.r.o.,Praha – Dejvice,70 000 – 120 000 Kč,https://www.jobs.cz/rpd/2001381334/,2026-09-11T15:57:28+02:00
JB_5197,Junior Middleware Administrator (f/m/d),Deutsche Börse Group,Praha – Karlín,,https://www.jobs.cz/rpd/2001412775/,2026-09-11T15:57:28+02:00
JB_1017,People Support Specialist with German & Czech,JNTL Consumer Health (Czech Republic) s.r.o.,Praha – Jinonice,,https://www.jobs.cz/rpd/2001402884/,2026-09-11T15:57:28+02:00
JB_0658,Finance Manager/ka s němčinou,Operations Management s.r.o.,Praha,100 000 – 130 000 Kč,https://www.jobs.cz/rpd/2001399400/,2026-09-11T15:57:28+02:00
JB_3216,Analytics Engineer - Branch Performance,"Česká spořitelna, a.s.",Praha – Michle,,https://www.jobs.cz/rpd/2001357660/,2026-09-11T15:57:28+02:00
JB_5522,SQL DATABASE ADMINISTRATOR,TOTAL SERVICE a.s.,Praha,,https://www.jobs.cz/rpd/2001408717/,2026-09-11T15:57:28+02:00
JB_3867,Senior Sales Analyst – CEE Sales Analytics,"Invia.cz, a.s.",Praha,,https://www.jobs.cz/rpd/2001415785/,2026-09-11T15:57:28+02:00
JB_9539,IT Strategy and Governance Specialist (m/f),Raiffeisenbank a.s.,Praha – Nusle,,https://www.jobs.cz/rpd/2001301648/,2026-09-11T15:57:28+02:00
JB_5992,Data Lead Senior - Customer Insights Domain,"Česká spořitelna, a.s.",Praha – Michle,,https://www.jobs.cz/rpd/2001203909/,2026-09-11T15:57:28+02:00
JB_7717,Supply Chain Analyst,Košík.cz s.r.o.,Praha – Dejvice,,https://www.jobs.cz/rpd/2001396647/,2026-09-11T15:57:28+02:00
JB_9101,IT Analytik/čka pro klíčové bankovní aplikace,"MONETA Money Bank, a.s.",Praha – Michle,,https://www.jobs.cz/rpd/2001418854/,2026-09-11T15:57:28+02:00
JB_0800,Specialista / Specialistka řízení bezpečnostních a IT rizik,PPF banka a.s.,Praha – Dejvice,,https://www.jobs.cz/rpd/2001322653/,2026-09-11T15:57:28+02:00
JB_9698,Bussines/IT Analytik,STAVMAT STAVEBNINY,Rudná,,https://www.jobs.cz/rpd/2001370385/,2026-09-11T15:57:28+02:00
JB_2476,Vedoucí analytického oddělení,Albatros Media,Praha – Nusle,,https://www.jobs.cz/rpd/2001284565/,2026-09-11T15:57:28+02:00
JB_8973,IT Systems Development Engineer,Raylyst Solar s.r.o.,Praha – Chodov,,https://www.jobs.cz/rpd/2001380099/,2026-09-11T15:57:28+02:00
JB_7667,AI Engineer,AGEL a.s.,Praha,,https://www.jobs.cz/rpd/2001225361/,2026-09-11T15:57:28+02:00
JB_4143,Konzultant AI/Data transformace a change management (m/ž),Škoda Auto a.s.,Mladá Boleslav – Mladá Boleslav II,,https://www.jobs.cz/rpd/2001335519/,2026-09-11T15:57:28+02:00
JB_9043,DATABRICKS DATA ENGINEER- (fully remote),"SYNERGIE, s.r.o.",okres Praha,,https://www.jobs.cz/rpd/2001398712/,2026-09-11T15:57:28+02:00
JB_6012,Big Data Administrátor/ka - Cloudera a Databricks,"Komerční banka, a.s.",Praha – Stodůlky,,https://www.jobs.cz/rpd/2001065600/,2026-09-11T15:57:28+02:00
JB_9523,Technický produktový manažer pro doporučovací systém,"Seznam.cz, a.s.",Praha,,https://www.jobs.cz/rpd/2001234158/,2026-09-11T15:57:28+02:00
JB_3555,Financial Instruments Accounting – Konzultant/ka,"KPMG Česká republika, s.r.o.",Praha – Karlín,,https://www.jobs.cz/rpd/2001213569/,2026-09-11T15:57:28+02:00
JB_7017,Senior analytik/čka kapitálové přiměřenosti - Praha,"MONETA Money Bank, a.s.",Praha – Michle,,https://www.jobs.cz/rpd/2001247516/,2026-09-11T15:57:28+02:00
JB_2633,Group Data Architect,CME Services s.r.o.,Praha – Hlubočepy,,https://www.jobs.cz/rpd/2001405743/,2026-09-11T15:57:43+02:00
JB_6899,Controlling Specialist,České Radiokomunikace a.s.,Praha – Břevnov,,https://www.jobs.cz/rpd/2001396748/,2026-09-11T15:57:43+02:00
JB_7238,Senior analytik/čka úvěrového rizika - Praha,"MONETA Money Bank, a.s.",Praha – Michle,,https://www.jobs.cz/rpd/2001413276/,2026-09-11T15:57:43+02:00
JB_8230,Analytik/čka operačního rizika - Praha,"MONETA Money Bank, a.s.",Praha – Michle,,https://www.jobs.cz/rpd/2001419205/,2026-09-11T15:57:43+02:00
JB_3463,Analytik provozního controllingu,ANEXIA s.r.o.,Rakovník,,https://www.jobs.cz/rpd/2001408229/,2026-09-11T15:57:43+02:00
JB_5328,Analyst/Associate v týmu Oceňování – Top Clients,"KPMG Česká republika, s.r.o.",Praha – Karlín,,https://www.jobs.cz/rpd/2001400344/,2026-09-11T15:57:43+02:00
JB_4610,JUNIOR ANALYTIK KYBERNETICKÉ BEZPEČNOSTI,Bezpečnostní informační služba,Praha,,https://www.jobs.cz/rpd/2001394578/,2026-09-11T15:57:43+02:00
JB_8209,BUSINESS TRANSFORMATION MANAGER - IT | AI | Data | Automation,Prušák Group s.r.o.,Praha,110 000 – 140 000 Kč,https://www.jobs.cz/rpd/2001415599/,2026-09-11T15:57:43+02:00
JB_6740,Credit Risk Analyst Mercedes-Benz Financial Services Česká republika,Mercedes-Benz Financial Services Česká republika s.r.o.,Praha – Chodov,,https://www.jobs.cz/rpd/2001328884/,2026-09-11T15:57:43+02:00
JB_6449,🔥 Continuous improvement specialist (m/ž) | výroba,Manuvia a.s.,Praha – Letňany,60 000 – 70 000 Kč,https://www.jobs.cz/rpd/2001417293/,2026-09-11T15:57:43+02:00
JB_2461,Regulatory Affairs Specialist/Junior specialista kvality a regulatorních záležitostí,Videris s.r.o.,Praha – Vokovice,15 000 – 25 000 Kč,https://www.jobs.cz/rpd/2001421027/,2026-09-11T15:57:43+02:00
JB_9364,Order Management & AR Collection Specialist with Italian,REED SPECIALIST RECRUITMENT,Praha,57 000 – 65 000 Kč,https://www.jobs.cz/rpd/2001412433/,2026-09-11T15:57:43+02:00
JB_3084,Power BI konzultant / analytik (junior/medior),ARTEX informační systémy spol. s r.o.,Praha – Smíchov + 1 další lokalita,,https://www.jobs.cz/rpd/2000977772/,2026-09-11T15:57:43+02:00
JB_0444,Konzultant a analytik pro ekonomický systém Pohoda / Praha,ARION spol. s r.o.,Praha – Vršovice,70 000 – 90 000 Kč,https://www.jobs.cz/rpd/2001388308/,2026-09-11T15:57:43+02:00
JB_4299,Senior finanční analytik/analytička — DEK a.s.,DEK a.s.,Praha – Malešice,60 000 – 100 000 Kč,https://www.jobs.cz/rpd/2001274196/,2026-09-11T15:57:43+02:00
JB_9566,Konzultant a analytik pro ERP HELIOS iNuvio / Praha,ARION spol. s r.o.,Praha – Vršovice,80 000 – 120 000 Kč,https://www.jobs.cz/rpd/2001388307/,2026-09-11T15:57:43+02:00
JB_5107,Finanční analytik se zaměřením na oblast personálních nákladů (m/ž),"Komerční banka, a.s.",Praha – Stodůlky,,https://www.jobs.cz/rpd/2001247427/,2026-09-11T15:57:43+02:00
JB_8504,Valuation Analyst,"Accolade, s.r.o.",Praha – Karlín,,https://www.jobs.cz/rpd/2001382667/,2026-09-11T15:57:43+02:00
JB_4111,Finanční analytik / kontroler,TEMPUS NEXT a.s.,Praha – Chodov,,https://www.jobs.cz/rpd/2001382725/,2026-09-11T15:57:43+02:00
JB_4356,Finanční analytik/čka - Praha,"MONETA Money Bank, a.s.",Praha – Michle,,https://www.jobs.cz/rpd/2001065077/,2026-09-11T15:57:43+02:00
JB_5951,Ekonom - analytik,EKOSPOL a.s.,Praha – Holešovice,70 000 – 92 000 Kč,https://www.jobs.cz/rpd/2001400247/,2026-09-11T15:57:43+02:00
JB_3370,Specialista/ka kapacitních výpočtů distribuční soustavy,"GasNet, s.r.o.",Praha – Prosek + 3 další lokality,,https://www.jobs.cz/rpd/2001327315/,2026-09-11T15:57:43+02:00
JB_7137,Data Engineer (m/f),Trigema a.s.,Praha – Stodůlky,,https://www.jobs.cz/rpd/2001421352/,2026-09-11T15:57:43+02:00
JB_4139,Financial Data & Process Analyst,"Česká spořitelna, a.s.",Praha,,https://www.jobs.cz/rpd/2001414590/,2026-09-11T15:57:43+02:00
JB_6757,DATA ENGINEER,Zátiší Catering a.s.,Praha – Nusle,,https://www.jobs.cz/rpd/2001348297/,2026-09-11T15:57:43+02:00
JB_7053,IT Analytik - kontraktor,Philip Morris ČR,Kutná Hora – Sedlec,,https://www.jobs.cz/rpd/2001356830/,2026-09-11T15:57:43+02:00
JB_1065,Senior Finance/Accounting AI Automation Specialist,rohlik.cz,Praha – Karlín,,https://www.jobs.cz/rpd/2001330572/,2026-09-11T15:57:43+02:00
JB_3658,Customer Sales Analyst,Notino s.r.o.,Praha – Karlín + 1 další lokalita,,https://www.jobs.cz/rpd/2001346369/,2026-09-11T15:57:43+02:00
JB_6014,Global HR Information Systems Specialist - Farmacie,PRO.MED.CS Praha a.s.,Praha – Michle,,https://www.jobs.cz/rpd/2001345735/,2026-09-11T15:57:43+02:00
JB_2699,IT Analytik/ IT Architekt - medior (m/ž),"Komerční banka, a.s.",Praha – Stodůlky,,https://www.jobs.cz/rpd/2001325080/,2026-09-11T15:57:43+02:00
JB_2055,Výrobní analytik & Supervisor | Měňte výrobní data v reálná řešení,Yanfeng International Automotive Technology Czechia s.r.o.,Bitozeves – Bitozeves-Průmyslová zóna Triangle,,https://www.jobs.cz/rpd/2001347837/,2026-09-11T15:57:55+02:00
JB_9187,"IT Analyst/Consultant - buď partnerem při tvorbě řešení, která mají skutečný dopad",SOFTEC,Praha – Krč,,https://www.jobs.cz/rpd/2001338001/,2026-09-11T15:57:55+02:00
JB_9302,"IT Director – Infrastruktura, systémy & IT Security",21 Consult Group s.r.o.,Praha,130 000 – 150 000 Kč,https://www.jobs.cz/rpd/2001406987/,2026-09-11T15:57:55+02:00
JB_4761,IT analytik / aplikační architekt,Moore Czech Republic s.r.o.,Praha – Karlín,,https://www.jobs.cz/rpd/2001260871/,2026-09-11T15:57:55+02:00
JB_4555,"BI datový analytik (Oracle, MSSQL, BI) -Praha",Banka CREDITAS a.s.,Praha – Karlín,,https://www.jobs.cz/rpd/2001210635/,2026-09-11T15:57:55+02:00
JB_0552,IT Analytik (m/ž),"ČSOB Československá obchodní banka, a. s.",Praha – Radlice,,https://www.jobs.cz/rpd/2001400943/,2026-09-11T15:57:55+02:00
JB_0176,IT Security Analyst,"Radio Free Europe/Radio Liberty - Rádio Svobodná Evropa, Inc.",Praha – Strašnice,,https://www.jobs.cz/rpd/2001297962/,2026-09-11T15:57:55+02:00
JB_4837,IT analytik/čka – API integrace,"MONETA Money Bank, a.s.",Praha – Michle,,https://www.jobs.cz/rpd/2001396526/,2026-09-11T15:57:55+02:00
JB_0495,Systémový IT analytik/čka,Air Bank a.s.,Praha + 1 další lokalita,95 000 – 110 000 Kč,https://www.jobs.cz/rpd/2001418833/,2026-09-11T15:57:55+02:00
JB_5585,IT Analytik/čka pro Digital Channels (Medior),"MONETA Money Bank, a.s.",Praha – Michle,,https://www.jobs.cz/rpd/2001163982/,2026-09-11T15:57:55+02:00
JB_2344,SW engineer_Analytik/čka do týmu Digitální podpis,"Česká spořitelna, a.s.",Praha – Krč,70 000 – 85 000 Kč,https://www.jobs.cz/rpd/2001409574/,2026-09-11T15:57:55+02:00
JB_1567,IT Analyst,Unicorn,Praha – Holešovice,,https://www.jobs.cz/rpd/2001380781/,2026-09-11T15:57:55+02:00
JB_1763,Customer Master Data Specialist,MAKRO Cash & Carry ČR s.r.o.,Praha – Stodůlky,,https://www.jobs.cz/rpd/2001396001/,2026-09-11T15:57:55+02:00
JB_9036,EQUITY ANALYST,J&T BANKA,Praha – Karlín,,https://www.jobs.cz/rpd/2001304647/,2026-09-11T15:57:55+02:00
JB_7429,Junior Analyst - valuation,"KNIGHT FRANK, spol. s r.o.",Praha – Nové Město,,https://www.jobs.cz/rpd/2001382944/,2026-09-11T15:57:55+02:00
JB_4729,Finanční analytik / Full time/ Praha/ ENG+ČJ,Tessero Czech Republic s.r.o.,Praha,,https://www.jobs.cz/rpd/2001396609/,2026-09-11T15:57:55+02:00
JB_4047,Analytik finančních rizik / Financial Risk Analyst,"INVESTIKA, investiční společnost, a.s.",Praha,,https://www.jobs.cz/rpd/2001378652/,2026-09-11T15:57:55+02:00
JB_5934,Senior Operations Controller,Zásilkovna s.r.o.,Praha – Libeň,,https://www.jobs.cz/rpd/2001373623/,2026-09-11T15:57:55+02:00
JB_5985,Cyber Security Auditor,České Radiokomunikace a.s.,Praha – Břevnov,,https://www.jobs.cz/rpd/2001380652/,2026-09-11T15:57:55+02:00
JB_7020,Analyst with German– Corporates International,"COMMERZBANK Aktiengesellschaft, pobočka Praha",Praha – Vinohrady,,https://www.jobs.cz/rpd/2000609958/,2026-09-11T15:57:55+02:00
JB_4636,PRICING ANALYST - ANALYTIK PŘEPRAV,Expeditors International ČR s.r.o.,Praha – Ruzyně,,https://www.jobs.cz/rpd/2001381020/,2026-09-11T15:57:55+02:00
JB_7016,⭕ Finanční controller s přesahem do datové analytiky - Praha,"ProfesKontakt, s.r.o.",Hlavní město Praha,60 000 – 75 000 Kč,https://www.jobs.cz/rpd/2001380482/,2026-09-11T15:57:55+02:00
JB_0958,Finance Operations Manager (m/ž),Geetoo Holding a.s.,Praha – Nusle,,https://www.jobs.cz/rpd/2001385456/,2026-09-11T15:57:55+02:00
JB_2025,Documentation Specialist / Service Center Coordinator,Greencarrier Consolidators Czech Republic s.r.o.,Praha – Hlubočepy,,https://www.jobs.cz/rpd/2001398089/,2026-09-11T15:57:55+02:00
JB_4429,HR Compensation & Benefits Senior Analyst EMEA,Bobcat,Dobříš,,https://www.jobs.cz/rpd/2001350452/,2026-09-11T15:57:55+02:00
JB_7489,Data Protection Specialist (m/f),Raiffeisenbank a.s.,Praha,,https://www.jobs.cz/rpd/2001390469/,2026-09-11T15:57:55+02:00
JB_7605,Datový vývojář/ka cloudového DWH,Skupina ČEZ,Praha – Michle + 1 další lokalita,,https://www.jobs.cz/rpd/2001389558/,2026-09-11T15:57:55+02:00
JB_1877,PROVIZNÍ SPECIALISTA/KA,Generali Česká pojišťovna,Praha – Michle,,https://www.jobs.cz/rpd/2001400800/,2026-09-11T15:57:55+02:00
JB_4565,GDPR Specialist/Data Protection Lawyer,TV Nova s.r.o.,Praha – Hlubočepy,,https://www.jobs.cz/rpd/2001396786/,2026-09-11T15:57:55+02:00
JB_4583,CRM Analyst (m/f) - Corporate Banking,Raiffeisenbank a.s.,Praha – Nusle,,https://www.jobs.cz/rpd/2001421566/,2026-09-11T15:57:56+02:00
JB_3326,Finance Business Partner,rohlik.cz,Praha – Karlín,,https://www.jobs.cz/rpd/2001322688/,2026-09-11T15:58:06+02:00
JB_9281,FINANČNÍ ANALYTIK,J&T BANKA,Praha – Karlín,,https://www.jobs.cz/rpd/2001184004/,2026-09-11T15:58:06+02:00
JB_1742,Finanční analytik/analytička,KKIG Services s.r.o.,Praha – Vinohrady,80 000 – 85 000 Kč,https://www.jobs.cz/rpd/2001319208/,2026-09-11T15:58:06+02:00
JB_3771,Technicko-ekonomický analytik výstavby - zaměření TZB,CENTRAL GROUP a.s.,Praha – Nusle,90 000 – 100 000 Kč,https://www.jobs.cz/rpd/2001415730/,2026-09-11T15:58:06+02:00
JB_2170,JUNIORNÍ DATOVÝ ANALYTIK,Linet spol. s r.o.,Slaný,,https://www.jobs.cz/rpd/2001401252/,2026-09-11T15:58:06+02:00
JB_2425,Analytik finančního reportingu (m/ž),"Kooperativa pojišťovna, a.s., VIG",Praha – Karlín,,https://www.jobs.cz/rpd/2001350746/,2026-09-11T15:58:06+02:00
JB_6761,IT Analytik | Vhodné pro juniory | Praha,Manpower IT,Praha,,https://www.jobs.cz/rpd/2001416676/,2026-09-11T15:58:06+02:00
JB_9417,IT Analytik VW Group BW BI (m/ž),Škoda Auto a.s.,Mladá Boleslav,,https://www.jobs.cz/rpd/2001256289/,2026-09-11T15:58:06+02:00
JB_6523,BI Test Analyst – Oneplay,TV Nova s.r.o.,Praha – Hlubočepy,,https://www.jobs.cz/rpd/2001345901/,2026-09-11T15:58:06+02:00
JB_7258,Senior Security Architect - AI Security & Governance,"ČSOB Československá obchodní banka, a. s.",Praha – Radlice,,https://www.jobs.cz/rpd/2001394877/,2026-09-11T15:58:06+02:00
JB_6958,Enterprise architekt/ka,"CENDIS, s.p.",Praha – Holešovice,,https://www.jobs.cz/rpd/2001391634/,2026-09-11T15:58:06+02:00
JB_3344,API Engineer (Python),"IDC Central Europe, the Middle East & Africa",Praha – Staré Město,,https://www.jobs.cz/rpd/2001394231/,2026-09-11T15:58:06+02:00
JB_5113,Senior Supply Chain Specialist,rohlik.cz,Praha – Karlín,,https://www.jobs.cz/rpd/2001279171/,2026-09-11T15:58:06+02:00
JB_3525,Business Controller,"Asseco Solutions, a.s.",Praha – Braník,,https://www.jobs.cz/rpd/2001372097/,2026-09-11T15:58:06+02:00
JB_4792,Patent Specialist (junior) / Technický analytik inovací (Medical Devices),BTL Medical Development a.s.,Praha – Vokovice,,https://www.jobs.cz/rpd/2001341891/,2026-09-11T15:58:06+02:00
JB_6214,Freight Audit Senior Specialist,Anheuser-Busch InBev Czech s.r.o.,Praha – Michle,,https://www.jobs.cz/rpd/2001398116/,2026-09-11T15:58:06+02:00
JB_5782,AI Delivery & Project Steering Specialist (m/f),Škoda Auto a.s.,Mladá Boleslav – Mladá Boleslav II,,https://www.jobs.cz/rpd/2001391593/,2026-09-11T15:58:06+02:00
JB_4444,GIS Specialist at Aon Impact Forecasting,Aon Central and Eastern Europe a.s.,Praha – Nové Město,,https://www.jobs.cz/rpd/2001375654/,2026-09-11T15:58:06+02:00
JB_1938,"Junior consultant – technologie, procesy, management (ž/m)",BDO Group s.r.o.,Praha – Chodov,,https://www.jobs.cz/rpd/2001371357/,2026-09-11T15:58:06+02:00
JB_8070,Junior Automotive Product Content Specialist,"VOLKSWAGEN GROUP SERVICES, s.r.o.",Praha – Michle,,https://www.jobs.cz/rpd/2001379665/,2026-09-11T15:58:06+02:00
JB_3398,Business Controller / Retail & B2B Sales / CZ+ENG,Tessero Czech Republic s.r.o.,Praha,,https://www.jobs.cz/rpd/2001402991/,2026-09-11T15:58:06+02:00
JB_7036,Promo Planning Specialist,Penny Market s.r.o.,Radonice,,https://www.jobs.cz/rpd/2001386998/,2026-09-11T15:58:06+02:00
JB_1430,Intercompany Services Contract Specialist / Manager (f/m/d),Deutsche Börse Group,Praha – Karlín,,https://www.jobs.cz/rpd/2001412757/,2026-09-11T15:58:06+02:00
JB_6662,Intercompany Services Contract Specialist / Manager - Time limited (Maternity Cover) (f/m/,Deutsche Börse Group,Praha – Karlín,,https://www.jobs.cz/rpd/2001412750/,2026-09-11T15:58:06+02:00
JB_1867,Site Continuous Improvement Specialist | Od nápadu až po realizaci,"Zentiva, k.s.",Praha – Dolní Měcholupy,,https://www.jobs.cz/rpd/2001390417/,2026-09-11T15:58:06+02:00
JB_3413,Sales Support Specialist,CWS Hygiene Czech Republic s.r.o.,Praha – Horní Počernice,,https://www.jobs.cz/rpd/2001400146/,2026-09-11T15:58:07+02:00
JB_8320,Specialist in Process Development,SOTIO a.s.,Praha – Holešovice,,https://www.jobs.cz/rpd/2001386621/,2026-09-11T15:58:07+02:00
JB_1007,Group Promotion Specialist,Fortuna Group,Praha – Vinohrady,,https://www.jobs.cz/rpd/2001396239/,2026-09-11T15:58:07+02:00
JB_0092,Sales Support Specialist,"Global Payments Europe, s.r.o.",Praha – Strašnice,,https://www.jobs.cz/rpd/2001391660/,2026-09-11T15:58:07+02:00
JB_4328,Group Senior Promotion Specialist,Fortuna Group,Praha – Vinohrady,,https://www.jobs.cz/rpd/2001396240/,2026-09-11T15:58:07+02:00
JB_4840,Customer Care Specialist | Reklamace & Servis,Raylyst Solar s.r.o.,Praha – Chodov,,https://www.jobs.cz/rpd/2001380101/,2026-09-11T15:58:19+02:00
JB_0577,Specialista datových analýz a reportingu (vhodné i pro absolventy),"NET4GAS, s.r.o.",Praha – Nusle,,https://www.jobs.cz/rpd/2001419288/,2026-09-11T15:58:19+02:00
JB_9387,Quality Engineer,LATECOERE Czech Republic s.r.o.,Praha – Letňany,,https://www.jobs.cz/rpd/2001149363/,2026-09-11T15:58:19+02:00
JB_7857,Quality Engineer (Quality Product) half time,LATECOERE Czech Republic s.r.o.,Praha – Letňany,,https://www.jobs.cz/rpd/2001149377/,2026-09-11T15:58:19+02:00
JB_1634,Junior Analytik /analytička systémových nástrojů,"ČEPS, a.s.",Praha – Michle,,https://www.jobs.cz/rpd/2001137983/,2026-09-11T15:58:19+02:00
JB_7518,Datový analytik junior,Fakultní nemocnice Bulovka,Praha – Libeň,,https://www.jobs.cz/rpd/2001415391/,2026-09-11T15:58:19+02:00
JB_0788,Datový analytik / vývojář medior,Fakultní nemocnice Bulovka,Praha – Libeň,,https://www.jobs.cz/rpd/2001415384/,2026-09-11T15:58:19+02:00
JB_6107,Analytik/analytička evaluace,Nadační fond Eduzměna,Praha – Holešovice,55 000 – 60 000 Kč,https://www.jobs.cz/rpd/2001409536/,2026-09-11T15:58:19+02:00
JB_1541,Specialista*ka implementace úvěrových strategií,Raiffeisenbank a.s.,Praha,,https://www.jobs.cz/rpd/2001387119/,2026-09-11T15:58:19+02:00
JB_4981,Quality Assurance Manager,AmRest s.r.o.,Praha – Jinonice,,https://www.jobs.cz/rpd/2001409187/,2026-09-11T15:58:19+02:00
JB_0493,Cyber Security Automation Engineer– SOC L3 (m/ž),O2 Czech Republic a.s.,Praha – Michle,,https://www.jobs.cz/rpd/2001279114/,2026-09-11T15:58:19+02:00
JB_5318,💣 Senior Financial Controller & Business Partner,CIE HR s.r.o.,Žebrák,110 000 – 130 000 Kč,https://www.jobs.cz/rpd/2001400649/,2026-09-11T15:58:19+02:00
JB_0589,Product security architect,Skupina ČEZ,Praha – Michle + 1 další lokalita,,https://www.jobs.cz/rpd/2001328756/,2026-09-11T15:58:19+02:00
JB_4222,Administrativní asistent/ka pro daňové oddělení (CAT),EY,Praha – Nové Město,40 000 Kč,https://www.jobs.cz/rpd/2001396545/,2026-09-11T15:58:19+02:00
JB_0049,Senior Procurement Controller,"Innomotics, s.r.o.",Praha – Stodůlky + 1 další lokalita,,https://www.jobs.cz/rpd/2001284339/,2026-09-11T15:58:19+02:00
JB_0529,Sales & PMO specialista,LinkSoft Technologies a.s.,Praha – Smíchov,,https://www.jobs.cz/rpd/2001417487/,2026-09-11T15:58:19+02:00
JB_7830,Team Leader - AntiFraud,"Penta Bank, a. s., pobočka Česká republika",Praha – Nové Město,,https://www.jobs.cz/rpd/2001358878/,2026-09-11T15:58:19+02:00
JB_1610,Pricing and Discount Specialist with Dutch/French,Anheuser-Busch InBev Czech s.r.o.,Praha – Michle,,https://www.jobs.cz/rpd/2001380991/,2026-09-11T15:58:19+02:00
JB_2714,Finance & Pricing Specialist,ARVAL CZ s.r.o.,Praha – Krč,,https://www.jobs.cz/rpd/2001178027/,2026-09-11T15:58:19+02:00
JB_6183,Junior Controlling Specialist (Chrášťany u Prahy),Rhenus Logistics s.r.o.,Chrášťany,,https://www.jobs.cz/rpd/2001393839/,2026-09-11T15:58:19+02:00
JB_6229,KYC & Supplier Onboarding Specialist - Mezinárodní advokátní kancelář,SBR Recruiting,Praha – Karlín,,https://www.jobs.cz/rpd/2001400593/,2026-09-11T15:58:19+02:00
JB_5978,Trainee do finančního oddělení ( CFO office ) - Nové Butovice,DRILL Business Services,Praha,45 000 – 49 000 Kč,https://www.jobs.cz/rpd/2001374222/,2026-09-11T15:58:19+02:00
JB_7585,Purchasing Coordinator (elektro) - Praha-západ,BayWa r.e. Solar Systems s.r.o.,Chrášťany,,https://www.jobs.cz/rpd/2001402384/,2026-09-11T15:58:19+02:00
JB_2145,Lead Generation Specialist/ka - B2B - Finance,Coface Czech Services spol. s r.o.,Praha – Nusle,,https://www.jobs.cz/rpd/2001199084/,2026-09-11T15:58:19+02:00
JB_3697,Senior Cloud and DevOps Engineer,"NAKIT, s. p.",Praha – Vršovice,,https://www.jobs.cz/rpd/2000894257/,2026-09-11T15:58:19+02:00
JB_8826,Production Planner & Supply Chain Coordinator,AAS Automotive s.r.o.,Milovice – Mladá,65 000 – 80 000 Kč,https://www.jobs.cz/rpd/2001372026/,2026-09-11T15:58:19+02:00
JB_0235,Warehouse & Material Planner Coordinator,AAS Automotive s.r.o.,Milovice – Mladá,65 000 – 80 000 Kč,https://www.jobs.cz/rpd/2001372027/,2026-09-11T15:58:19+02:00
JB_3534,Retention Specialist,Philip Morris ČR,Praha – Nové Město,,https://www.jobs.cz/rpd/2001358257/,2026-09-11T15:58:19+02:00
JB_8629,Produktový manažer / manažerka– senior (internetové a mobilní bankovnictví),PPF banka a.s.,Praha – Dejvice,,https://www.jobs.cz/rpd/2001228367/,2026-09-11T15:58:19+02:00
JB_6429,Aplikační specialista/ specialistka – ekonomické informační systémy,NÁRODNÍ DIVADLO,Praha – Nové Město,,https://www.jobs.cz/rpd/2001356601/,2026-09-11T15:58:19+02:00
JB_2565,SPECIALISTA HR SYSTÉMŮ,"Technická správa komunikací hl. m. Prahy, a.s.",Praha – Holešovice,,https://www.jobs.cz/rpd/2001198448/,2026-09-11T15:58:25+02:00
JB_1694,Specialista SW podpory BIM projektů,ENERGOPROJEKT PRAHA s.r.o.,Praha – Libeň,,https://www.jobs.cz/rpd/2000978044/,2026-09-11T15:58:25+02:00
JB_8432,Vedoucí Gastro Category Managementu,"MOL Česká republika, s.r.o.",Praha – Smíchov,,https://www.jobs.cz/rpd/2001410368/,2026-09-11T15:58:25+02:00
JB_0454,RISK & AI ENGINEER,MONEE TECH GROUP s.r.o.,Praha – Nové Město,,https://www.jobs.cz/rpd/2001286494/,2026-09-11T15:58:25+02:00
JB_4295,Produktový/á specialista/ka pro korporátní divizi 💼,"UniCredit Bank Czech Republic and Slovakia, a.s.",Praha,,https://www.jobs.cz/rpd/2001383017/,2026-09-11T15:58:25+02:00
JB_9030,SPECIALISTA/KA FINANČNÍCH DAT,Acredité,Praha – Michle,,https://www.jobs.cz/rpd/2001415570/,2026-09-11T15:58:25+02:00
JB_6803,Asistent/ka facility managementu,RENTEL FACILITY MANAGEMENT s.r.o.,Praha – Radlice,,https://www.jobs.cz/rpd/2001132890/,2026-09-11T15:58:25+02:00
JB_8702,Specialista/ka reportingu,Lidl Česká republika s.r.o.,Praha – Stodůlky,,https://www.jobs.cz/rpd/2001407546/,2026-09-11T15:58:25+02:00
JB_8370,BS Coordinator / SAP & Systems Support,Trenkwalder a.s.,Jevany,,https://www.jobs.cz/rpd/2001414771/,2026-09-11T15:58:25+02:00
JB_2818,Specialista/ka v oblasti datové infrastruktury a služeb (Life Sciences),"Ústav molekulární genetiky AV ČR, v.v.i.",Praha – Krč,,https://www.jobs.cz/rpd/2001345737/,2026-09-11T15:58:25+02:00
JB_0870,Procesní poradenství a řízení rizik – Consultant,"KPMG Česká republika, s.r.o.",Praha – Karlín,,https://www.jobs.cz/rpd/2001260642/,2026-09-11T15:58:25+02:00
JB_3656,Senior Cybersecurity Consultant (m/ž),O2 Czech Republic a.s.,Praha – Michle,,https://www.jobs.cz/rpd/2001178121/,2026-09-11T15:58:25+02:00
JB_7248,📲 Digital Product Owner pro mobilní aplikaci,PPL CZ s.r.o.,Praha – Štěrboholy,,https://www.jobs.cz/rpd/2001421598/,2026-09-11T15:58:25+02:00
JB_9132,Konzultant SAP,"con4PAS, a.s.",Praha – Lhotka,,https://www.jobs.cz/rpd/2001326481/,2026-09-11T15:58:25+02:00
JB_4334,Výrobní controller,SAINT-GOBAIN,Hořovice,,https://www.jobs.cz/rpd/2001408914/,2026-09-11T15:58:25+02:00
JB_2701,Manažer nemovitostí - trainee program 80.000 kč čistého,VIAGEM a.s.,Praha – Karlín,60 000 – 80 000 Kč,https://www.jobs.cz/rpd/2001288683/,2026-09-11T15:58:25+02:00
JB_1387,IT Infrastructure a Integrations Specialist | Provoz a rozvoj klíčové interní platformy,Manpower IT,Praha,,https://www.jobs.cz/rpd/2001394425/,2026-09-11T15:58:25+02:00
JB_9310,Senior Reward Specialist,"Invia.cz, a.s.",Praha – Vinohrady,,https://www.jobs.cz/rpd/2001413401/,2026-09-11T15:58:25+02:00
JB_2226,Vedoucí Strategického Asset Managementu (m/ž),"EG.D, s.r.o.",Praha + 2 další lokality,,https://www.jobs.cz/rpd/2001417341/,2026-09-11T15:58:25+02:00
JB_4276,Data Scientist,Ezpada s.r.o.,Praha – Nové Město,,https://www.jobs.cz/rpd/2001108862/,2026-09-11T15:58:25+02:00
JB_9325,Data Scientist (COPS cluster / OMR cell) with German,"COMMERZBANK Aktiengesellschaft, pobočka Praha",Praha – Nové Město,,https://www.jobs.cz/rpd/2001340504/,2026-09-11T15:58:25+02:00
JB_7193,Senior Engineer – Engineering Quality & Independent Monitoring,GE Aviation Czech s.r.o.,Praha – Letňany,5 000 Kč,https://www.jobs.cz/rpd/2001419536/,2026-09-11T15:58:25+02:00
JB_0106,Executive Management Assistant,NEWTON University,Praha – Nusle,,https://www.jobs.cz/rpd/2001402951/,2026-09-11T15:58:25+02:00
JB_6918,Global Labelling & Material Compliance Coordinator,ADECCO spol.s r.o.,Praha,,https://www.jobs.cz/rpd/2001383288/,2026-09-11T15:58:25+02:00
JB_2499,RAN Orchestration & SMO Solution Designer / Technical Coordinator (f/m),T-Mobile Czech Republic a.s.,Praha – Chodov,,https://www.jobs.cz/rpd/2001317168/,2026-09-11T15:58:25+02:00
JB_7021,Financial Coordinator for International Degree Programs,"Univerzita Karlova, Fakulta sociálních věd",Praha – Staré Město,,https://www.jobs.cz/rpd/2001397790/,2026-09-11T15:58:25+02:00
JB_5461,Health Safety Environment Coordinator,Sodexo strategic clients s.r.o.,Praha – Smíchov,,https://www.jobs.cz/rpd/2001383190/,2026-09-11T15:58:25+02:00
JB_6386,Legal Assistant & Office Coordinator,KKCG Services a.s.,Praha – Vokovice,,https://www.jobs.cz/rpd/2001398693/,2026-09-11T15:58:25+02:00
JB_9072,BUSINESS COORDINATOR MANAGER/KA,Generali Česká pojišťovna,Praha – Michle,,https://www.jobs.cz/rpd/2001405050/,2026-09-11T15:58:25+02:00
JB_0261,CEE Learning Projects Coordinator (Generali CEE Holding),Generali CEE Holding,Praha – Michle,,https://www.jobs.cz/rpd/2001417505/,2026-09-11T15:58:25+02:00
JB_1839,Technical Service Coordinator with German - Zličín,DRILL Business Services,Praha – Zličín,50 000 – 65 000 Kč,https://www.jobs.cz/rpd/2001417355/,2026-09-11T15:58:34+02:00
JB_6100,Sales Operations Coordinator,"4Life Direct Insurance Services s.r.o., odštěpný závod",Praha – Karlín,,https://www.jobs.cz/rpd/2001415064/,2026-09-11T15:58:34+02:00
JB_8219,Sales Back Office Coordinator,Košík.cz s.r.o.,Praha – Dejvice,,https://www.jobs.cz/rpd/2001385186/,2026-09-11T15:58:34+02:00
JB_1396,Loss Prevention Coordinator - Audit - němčina podmínkou,"LPP Czech Republic, s.r.o.",Praha – Prosek,,https://www.jobs.cz/rpd/2001400626/,2026-09-11T15:58:34+02:00
JB_6579,Security & Emergency Response Planning Coordinator,"Smartwings, a.s.",Praha – Ruzyně,,https://www.jobs.cz/rpd/2001410356/,2026-09-11T15:58:34+02:00
JB_6227,HR Coordinator - Clarion Congress Hotel Prague****,"CPI Hotels, a.s.",Praha – Vysočany,,https://www.jobs.cz/rpd/2001400174/,2026-09-11T15:58:34+02:00
JB_9798,Executive & Business Coordinator,"Personální institut, s.r.o.",Hlavní město Praha,50 000 – 65 000 Kč,https://www.jobs.cz/rpd/2001397367/,2026-09-11T15:58:34+02:00
JB_8270,Service Coordinator,"Johnson Controls Building Solutions, spol. s r.o.",Praha – Chodov,,https://www.jobs.cz/rpd/2001412844/,2026-09-11T15:58:34+02:00
JB_2807,Investigativní specialista /tka- interní bezpečnost a ochrana firemních dat,"BeeMedia, s.r.o.",Praha – Nové Město,60 000 – 90 000 Kč,https://www.jobs.cz/rpd/2001381386/,2026-09-11T15:58:34+02:00
JB_7639,Specialista Asset managementu,"NET4GAS, s.r.o.",Praha – Nusle,,https://www.jobs.cz/rpd/2001415689/,2026-09-11T15:58:34+02:00
JB_9570,Trainee v oblasti managementu kvality - part time,Carrier Refrigeration Operation Czech Republic s.r.o./dříve Linde Frigera spol. s r.o.,Beroun – Beroun-Závodí,,https://www.jobs.cz/rpd/2001415838/,2026-09-11T15:58:34+02:00
JB_6434,TECHNIK / TECHNIČKA ENERGETICKÉHO MANAGEMENTU A OZE,Ředitelství silnic a dálnic s. p.,Praha – Krč,,https://www.jobs.cz/rpd/2001403122/,2026-09-11T15:58:34+02:00
JB_9379,Asistant to Management,"VOLKSWAGEN GROUP SERVICES, s.r.o.",Praha – Michle,,https://www.jobs.cz/rpd/2001393532/,2026-09-11T15:58:34+02:00
JB_8241,Sales Manager (Specimen Management) Eastern Europe,Becton Dickinson,Praha,3 012 – 3 708 EUR,https://www.jobs.cz/rpd/2001381464/,2026-09-11T15:58:34+02:00
JB_1342,Sales Representatives/Consultant - Energy Management System,SBR Recruiting,Praha – Chodov,,https://www.jobs.cz/rpd/2001413069/,2026-09-11T15:58:34+02:00
JB_2288,Specialista vývoje - test management řídící jednotky BCM (m/ž),Škoda Auto a.s.,Mladá Boleslav,,https://www.jobs.cz/rpd/2001258338/,2026-09-11T15:58:34+02:00
JB_5215,Trainee program - Management,Kaufland Česká republika v.o.s.,Praha – Břevnov,,https://www.jobs.cz/rpd/2001286480/,2026-09-11T15:58:34+02:00
JB_0846,Bezpečnostní analytik,"ALEF NULA,a.s.",Praha – Karlín,,https://www.jobs.cz/rpd/2001398627/,2026-09-11T15:58:34+02:00
JB_2321,SIEM analytik a Security consultant - až 3 dny home office možné,BARTON Consulting s.r.o.,Praha,,https://www.jobs.cz/rpd/2001419522/,2026-09-11T15:58:34+02:00
JB_6119,PPC Specialist (HPP neurčitá),"Omnicom Media Group Czech, s.r.o.",Praha – Nusle,,https://www.jobs.cz/rpd/2001237469/,2026-09-11T15:58:34+02:00
JB_0732,Senior Performance Marketing Specialist,"kalkulator.cz, s.r.o.",Praha – Libeň,70 000 – 90 000 Kč,https://www.jobs.cz/rpd/2001333985/,2026-09-11T15:58:34+02:00
JB_5616,Master Data Co-Ordinator,JNTL Consumer Health (Czech Republic) s.r.o.,Praha – Jinonice,,https://www.jobs.cz/rpd/2001394664/,2026-09-11T15:58:34+02:00
JB_0797,🤝 Back-Office Specialist | Part-Time,Talentinno s.r.o.,Praha – Holešovice,18 000 – 27 000 Kč,https://www.jobs.cz/rpd/2001376595/,2026-09-11T15:58:34+02:00
JB_6367,German Junior Payroll Specialist - Paid training provided!,"ADP Employer Services Česká republika, a.s.",Praha – Karlín,,https://www.jobs.cz/rpd/2001364753/,2026-09-11T15:58:34+02:00
JB_6945,French Junior Payroll Specialist - Paid training provided!,"ADP Employer Services Česká republika, a.s.",Praha – Karlín,,https://www.jobs.cz/rpd/2001408285/,2026-09-11T15:58:34+02:00
JB_6627,English Junior Payroll Specialist - Paid training provided!,"ADP Employer Services Česká republika, a.s.",Praha – Karlín,,https://www.jobs.cz/rpd/2001408301/,2026-09-11T15:58:34+02:00
JB_8655,Polish Junior Payroll Specialist - Paid training provided!,"ADP Employer Services Česká republika, a.s.",Praha – Karlín,,https://www.jobs.cz/rpd/2001364827/,2026-09-11T15:58:34+02:00
JB_1510,Portuguese Junior Payroll Specialist - Paid training provided!,"ADP Employer Services Česká republika, a.s.",Praha – Karlín,,https://www.jobs.cz/rpd/2001408282/,2026-09-11T15:58:34+02:00
JB_6471,English Junior Payroll Specialist - Paid training provided!,"ADP Employer Services Česká republika, a.s.",Praha – Karlín,,https://www.jobs.cz/rpd/2001406220/,2026-09-11T15:58:34+02:00
JB_0562,Product Specialist_Asistent/ka nákupčího,MAKRO Cash & Carry ČR s.r.o.,Praha – Stodůlky,,https://www.jobs.cz/rpd/2001353762/,2026-09-11T15:58:34+02:00
JB_9904,Investment Analyst,BONDSTER Marketplace s.r.o.,Praha – Libeň,,https://www.jobs.cz/rpd/2001410431/,2026-09-11T15:58:49+02:00
JB_7416,Junior Media Planner / Marketing Specialist,"Omnicom Media Group Czech, s.r.o.",Praha – Nusle,,https://www.jobs.cz/rpd/2001134330/,2026-09-11T15:58:49+02:00
JB_2237,Digital Marketing Specialist (m/ž),O2 Czech Republic a.s.,Praha – Michle,,https://www.jobs.cz/rpd/2001395733/,2026-09-11T15:58:49+02:00
JB_3901,Performance Marketing Specialist (m/ž),TIPSPORT,Beroun,,https://www.jobs.cz/rpd/2001415197/,2026-09-11T15:58:49+02:00
JB_5055,Data Science Team Lead,Processand s.r.o.,Praha – Karlín,,https://www.jobs.cz/rpd/2001383531/,2026-09-11T15:58:49+02:00
JB_3997,Senior Data & AI Engineer,Aon Central and Eastern Europe a.s.,Praha – Nové Město,,https://www.jobs.cz/rpd/2001293452/,2026-09-11T15:58:49+02:00
JB_5646,Senior Data Engineer,CME Services s.r.o.,Praha – Hlubočepy,,https://www.jobs.cz/rpd/2001272890/,2026-09-11T15:58:49+02:00
JB_2632,Data Engineer Manager,Manpower IT,Praha,120 000 – 170 000 Kč,https://www.jobs.cz/rpd/2001392364/,2026-09-11T15:58:49+02:00
JB_1154,Senior Data Scientist & Machine Learning,"Agnostix, s.r.o.",Praha – Nové Město,150 000 – 175 000 Kč,https://www.jobs.cz/rpd/2001279170/,2026-09-11T15:58:49+02:00
JB_0554,AI Delivery manager - Procurement & Data (m/ž),Škoda Auto a.s.,Praha – Vysočany,,https://www.jobs.cz/rpd/2001308852/,2026-09-11T15:58:49+02:00
JB_2029,Webový analytik a SEO specialista,Ušetřeno.cz s.r.o.,Praha – Nusle,,https://www.jobs.cz/rpd/2001395953/,2026-09-11T15:58:50+02:00
JB_2409,Specialista datového skladu,"ČEPS, a.s.",Praha – Michle,,https://www.jobs.cz/rpd/2001374002/,2026-09-11T15:58:50+02:00
JB_3386,Industrialization Data Engineer,"Sécheron Hasler CZ, spol. s r.o.",Praha – Běchovice,,https://www.jobs.cz/rpd/2001413333/,2026-09-11T15:58:50+02:00
JB_1399,Trading System administrator,Skupina ČEZ,Praha – Michle,,https://www.jobs.cz/rpd/2001090875/,2026-09-11T15:58:50+02:00
JB_4214,Senior Data Engineer (Oracle / PL/SQL) – Data Warehouse,"COMMERZBANK Aktiengesellschaft, pobočka Praha",Praha – Nové Město,,https://www.jobs.cz/rpd/2001153026/,2026-09-11T15:58:50+02:00
JB_6590,Data Engineer,Avenga Czechia s.r.o.,Praha – Libeň,,https://www.jobs.cz/rpd/2001371850/,2026-09-11T15:58:50+02:00
JB_4559,Data Architect – Oneplay,TV Nova s.r.o.,Praha – Hlubočepy,,https://www.jobs.cz/rpd/2001352455/,2026-09-11T15:58:50+02:00
JB_0920,Teamleader O2 Media & Business Development (m/ž),O2 Czech Republic a.s.,Praha – Michle,,https://www.jobs.cz/rpd/2001380643/,2026-09-11T15:58:50+02:00
JB_0798,Data Engineer,"Seznam.cz, a.s.",Praha – Smíchov + 1 další lokalita,,https://www.jobs.cz/rpd/2001408974/,2026-09-11T15:58:50+02:00
JB_1033,B2B Business Development Manager - Bolt Business,Bolt Services CZ s.r.o.,Praha – Karlín,90 000 – 130 000 Kč,https://www.jobs.cz/rpd/2000989630/,2026-09-11T15:58:50+02:00
JB_4568,IT Tester/QA Analyst,Unicorn,Praha – Holešovice,,https://www.jobs.cz/rpd/2001394204/,2026-09-11T15:58:50+02:00
JB_8940,IT Analytik (m/ž),Skupina E.ON,Praha + 2 další lokality,,https://www.jobs.cz/rpd/2001175063/,2026-09-11T15:58:50+02:00
JB_4548,Agilní Test Analytik Digitálních kanálů,"ČSOB Československá obchodní banka, a. s.",Praha – Radlice,,https://www.jobs.cz/rpd/2001394385/,2026-09-11T15:58:50+02:00
JB_0170,Vedoucí oddělení akvizic obsahu,TV Prima,Praha – Strašnice,,https://www.jobs.cz/rpd/2001403329/,2026-09-11T15:58:50+02:00
JB_8335,Pricing Analyst - vhodné i pro absolventy SŠ/VŠ dopravní,DSV Road s.r.o.,Pavlov,,https://www.jobs.cz/rpd/2001392279/,2026-09-11T15:58:50+02:00
JB_8167,Development Engineer – Vehicle Dynamics (MBS) (f/m),"Porsche Engineering Services, s.r.o.",Praha – Jinonice,,https://www.jobs.cz/rpd/2001208592/,2026-09-11T15:58:50+02:00
JB_8722,Credit Controller with German,Atlas Copco s.r.o.,Praha – Nusle,,https://www.jobs.cz/rpd/2001417303/,2026-09-11T15:58:50+02:00
JB_5980,IT Application Support Specialist,REED SPECIALIST RECRUITMENT,Praha,,https://www.jobs.cz/rpd/2001414805/,2026-09-11T15:58:50+02:00
JB_1970,SOC / CSIRT Analytik L3 pro skupinu CSG,CSG,Praha – Karlín,,https://www.jobs.cz/rpd/2001246733/,2026-09-11T15:58:50+02:00
JB_5826,SENIOR BUSINESS DISCOVERY DESIGNER/KA,Generali Česká pojišťovna,Praha – Michle,,https://www.jobs.cz/rpd/2001342433/,2026-09-11T15:58:50+02:00
JB_0855,Technical Solutions Analyst (Catastrophe Modeling),Aon Central and Eastern Europe a.s.,Praha – Nové Město,,https://www.jobs.cz/rpd/2001065951/,2026-09-11T15:58:59+02:00
JB_7854,Analytik/analytička pro sociální oblast,Charita Česká republika,Praha – Nové Město,,https://www.jobs.cz/rpd/2001393806/,2026-09-11T15:58:59+02:00
JB_5108,Analytik kybernetické bezpečnosti - i pro absolventy,"Letiště Praha, a. s.",Praha – Ruzyně,,https://www.jobs.cz/rpd/2001212299/,2026-09-11T15:58:59+02:00
JB_2103,Test Analytik (m/ž),"ČSOB Československá obchodní banka, a. s.",Praha – Radlice,,https://www.jobs.cz/rpd/2001394372/,2026-09-11T15:58:59+02:00
JB_6962,Strategy & Transformation - Associate Consultant,"KPMG Česká republika, s.r.o.",Praha – Karlín,,https://www.jobs.cz/rpd/2001382900/,2026-09-11T15:58:59+02:00
JB_2410,Vedoucí oddělení informační bezpečnosti,Skupina ČEZ,Praha – Michle + 1 další lokalita,,https://www.jobs.cz/rpd/2001295128/,2026-09-11T15:58:59+02:00
JB_9200,HR Business Partner,CGI CS&EE,Praha – Stodůlky,,https://www.jobs.cz/rpd/2001400400/,2026-09-11T15:58:59+02:00
JB_1879,RESEARCH AND SALES ANALYST- DEVELOPER - REAL ESTATE,Prušák Group s.r.o.,Praha,60 000 – 80 000 Kč,https://www.jobs.cz/rpd/2001411697/,2026-09-11T15:58:59+02:00
JB_4229,RESEARCH AND SALES ANALYST- DEVELOPER - REAL ESTATE,Prušák Group s.r.o.,Praha,60 000 – 80 000 Kč,https://www.jobs.cz/rpd/2001402871/,2026-09-11T15:58:59+02:00
JB_7199,Odhadce/odhadkyně nemovitého majetku - 80 tis. čistého,VIAGEM a.s.,Praha – Karlín,70 000 – 80 000 Kč,https://www.jobs.cz/rpd/2000327358/,2026-09-11T15:58:59+02:00
JB_5514,Manažer/ka digitalizace a inovací,"EUROMEDIA GROUP, a.s.",Praha – Smíchov,,https://www.jobs.cz/rpd/2001420487/,2026-09-11T15:58:59+02:00
JB_3223,Specialista/ka BRRD - Praha,Banka CREDITAS a.s.,Praha – Karlín,,https://www.jobs.cz/rpd/2001316647/,2026-09-11T15:58:59+02:00
JB_5392,Metodik - specialista uživatelského rozvoje aplikací,"Pražská energetika, a.s.",Praha – Vršovice,,https://www.jobs.cz/rpd/2001394102/,2026-09-11T15:58:59+02:00
JB_2880,Interní auditor/ka,Fakultní nemocnice Motol a Homolka,Praha – Motol,,https://www.jobs.cz/rpd/2001414369/,2026-09-11T15:58:59+02:00
JB_6247,Reporting & Obchodní admin,HELI FOOD FRESH a.s.,Milín,,https://www.jobs.cz/rpd/2001373285/,2026-09-11T15:58:59+02:00
JB_0688,ESG Specialist (Green Finance & Reporting),"Accolade, s.r.o.",Praha – Karlín,,https://www.jobs.cz/rpd/2001415470/,2026-09-11T15:58:59+02:00
JB_3649,Expansion Specialist BB,"Crocodille ČR, spol. s r.o.",Praha – Hloubětín,50 000 – 60 000 Kč,https://www.jobs.cz/rpd/2001283565/,2026-09-11T15:58:59+02:00
JB_5376,AI Security Specialist/ka,UNIQA,Praha – Vokovice + 1 další lokalita,,https://www.jobs.cz/rpd/2001417641/,2026-09-11T15:58:59+02:00
JB_5145,INFORMATION SECURITY SPECIALIST,"PHOENIX lékárenský velkoobchod, s.r.o.",Praha – Hostivař,,https://www.jobs.cz/rpd/2001419480/,2026-09-11T15:58:59+02:00
JB_8071,INFORMATION SECURITY SPECIALIST,"PHOENIX lékárenský velkoobchod, s.r.o.",Praha – Hostivař,,https://www.jobs.cz/rpd/2001376210/,2026-09-11T15:58:59+02:00
JB_8161,Network Security Specialist,NTT Czech Republic s.r.o.,Praha – Krč,,https://www.jobs.cz/rpd/2001322924/,2026-09-11T15:58:59+02:00
JB_1183,AI Project & Performance Specialist (m/f),Škoda Auto a.s.,Mladá Boleslav – Mladá Boleslav II,,https://www.jobs.cz/rpd/2001391878/,2026-09-11T15:58:59+02:00
JB_7190,3D electron diffraction specialist in cryo-EM core facility,"Ústav organické chemie a biochemie AV ČR, v. v. i.",Praha – Dejvice,,https://www.jobs.cz/rpd/2001400846/,2026-09-11T15:58:59+02:00
JB_0294,Analytik/Analytička (LBA),QUINTA-ANALYTICA s.r.o.,Praha – Hostivař,,https://www.jobs.cz/rpd/2001381649/,2026-09-11T15:58:59+02:00
JB_7954,Senior Risk Analyst,"FCM BANK Praha, odštěpný závod",Praha – Staré Město,,https://www.jobs.cz/rpd/2001391529/,2026-09-11T15:58:59+02:00
JB_4244,Junior analytik provozu energetických zdrojů,innogy Česká republika a.s.,Praha + 2 další lokality,,https://www.jobs.cz/rpd/2001318594/,2026-09-11T15:58:59+02:00
JB_7373,DATOVÝ ANALYTIK / STATISTIK,Centrum pro zjišťování výsledků vzdělávání,Praha – Holešovice,,https://www.jobs.cz/rpd/2001385247/,2026-09-11T15:58:59+02:00
JB_9773,Analytik fiskální politiky,ČESKÁ NÁRODNÍ BANKA,Praha – Nové Město,,https://www.jobs.cz/rpd/2001417668/,2026-09-11T15:58:59+02:00
JB_5097,Matematik / Analytik,Internet-Handel s.r.o.,Praha – Modřany,,https://www.jobs.cz/rpd/2001371063/,2026-09-11T15:58:59+02:00
JB_6880,Insurance Claims Analyst with Danish,Accenture,Praha – Holešovice,,https://www.jobs.cz/rpd/2001410819/,2026-09-11T15:58:59+02:00
JB_2769,Security Analyst – Cloud Applications,ComAp a.s.,Praha – Holešovice,,https://www.jobs.cz/rpd/2001378503/,2026-09-11T15:59:05+02:00
JB_4532,FSI Audit Analyst | Ideální start kariéry pro absolventy | Praha,Deloitte,Praha – Vinohrady,,https://www.jobs.cz/rpd/2001287949/,2026-09-11T15:59:05+02:00
JB_7214,AI Use Case & Business Case Specialist (m/ž),Škoda Auto a.s.,Mladá Boleslav – Mladá Boleslav I,,https://www.jobs.cz/rpd/2001391407/,2026-09-11T15:59:05+02:00
JB_1386,E2E & Cross-Brand Adoption Specialist (m/f),Škoda Auto a.s.,Mladá Boleslav – Mladá Boleslav II,,https://www.jobs.cz/rpd/2001391698/,2026-09-11T15:59:05+02:00
JB_7201,AI Delivery & Project Steering Specialist (m/ž),Škoda Auto a.s.,Mladá Boleslav – Mladá Boleslav II,,https://www.jobs.cz/rpd/2001391554/,2026-09-11T15:59:05+02:00
JB_0000,AI Knowledge & Change Specialist (m/ž),Škoda Auto a.s.,Mladá Boleslav – Mladá Boleslav II,,https://www.jobs.cz/rpd/2001391890/,2026-09-11T15:59:05+02:00
JB_8496,E2E & Cross-Brand Adoption Specialist (m/ž),Škoda Auto a.s.,Mladá Boleslav – Mladá Boleslav II,,https://www.jobs.cz/rpd/2001391685/,2026-09-11T15:59:05+02:00
JB_1255,AI Use Case & Business Case Specialist (m/f),Škoda Auto a.s.,Mladá Boleslav – Mladá Boleslav I,,https://www.jobs.cz/rpd/2001391438/,2026-09-11T15:59:05+02:00
JB_6045,AI Knowledge & Change Specialist (m/f),Škoda Auto a.s.,Mladá Boleslav – Mladá Boleslav II,,https://www.jobs.cz/rpd/2001391899/,2026-09-11T15:59:05+02:00
JB_6933,AI Project & Performance Specialist (m/ž),Škoda Auto a.s.,Mladá Boleslav – Mladá Boleslav II,,https://www.jobs.cz/rpd/2001391849/,2026-09-11T15:59:05+02:00
JB_1421,Cross-Brand Partnership & Sharing Specialist (m/f),Škoda Auto a.s.,Mladá Boleslav – Mladá Boleslav II,,https://www.jobs.cz/rpd/2001391834/,2026-09-11T15:59:06+02:00
JB_5083,Cross-Brand Partnership & Sharing Specialist (m/ž),Škoda Auto a.s.,Mladá Boleslav – Mladá Boleslav II,,https://www.jobs.cz/rpd/2001391726/,2026-09-11T15:59:06+02:00
JB_5468,Senior System Support Specialist,DHL Information Services (Europe) s.r.o.,Praha – Chodov,,https://www.jobs.cz/rpd/2001286809/,2026-09-11T15:59:06+02:00
JB_5836,IT specialista SAP Archiving - OpenText / IT specialist SAP Archiving OpenText (m/ž),Škoda Auto a.s.,Praha – Vysočany,,https://www.jobs.cz/rpd/2001322155/,2026-09-11T15:59:06+02:00
JB_0515,ICT Server Specialist,CSG,Praha – Karlín,,https://www.jobs.cz/rpd/2000759540/,2026-09-11T15:59:06+02:00
JB_2132,Social Media Specialist | Events & Community,Trigema a.s.,Praha – Stodůlky,,https://www.jobs.cz/rpd/2001390309/,2026-09-11T15:59:06+02:00
JB_1783,Senior Cloud & Infrastructure Consultant (m/ž),O2 Czech Republic a.s.,Praha – Michle,,https://www.jobs.cz/rpd/2001178160/,2026-09-11T15:59:06+02:00
JB_3453,⭕ JUNIOR specialista/ka plánování 📊 | 📍Praha-západ | 💰cca 50.000 Kč + bonusy,"ProfesKontakt, s.r.o.",okres Praha-západ,45 000 – 55 000 Kč,https://www.jobs.cz/rpd/2001399790/,2026-09-11T15:59:06+02:00
JB_1472,Specialist(k)a vypořádání / Settlement Specialist,"INVESTIKA, investiční společnost, a.s.",Praha,,https://www.jobs.cz/rpd/2001401088/,2026-09-11T15:59:06+02:00
JB_5807,Brand Specialist,IMPERIAL BRANDS,Praha – Smíchov,,https://www.jobs.cz/rpd/2001385480/,2026-09-11T15:59:06+02:00
JB_3239,"Specialist/ka péče o individuální dárce (úvazek 0,8-1,0)",Zdravotní klaun,Praha – Vysočany,33 600 – 42 000 Kč,https://www.jobs.cz/rpd/2001403487/,2026-09-11T15:59:06+02:00
JB_6530,Specialist/ka logistiky (m/ž/x),Mondelez Czech Republic s.r.o.,Lovosice,,https://www.jobs.cz/rpd/2001412709/,2026-09-11T15:59:06+02:00
JB_1357,Senior Marketing Specialist,"ALEF NULA,a.s.",Praha – Karlín,,https://www.jobs.cz/rpd/2001392213/,2026-09-11T15:59:06+02:00
JB_5203,⋙🚀 E-Commerce Specialist/Manager - European market launch⋘,"mBlue Czech, s.r.o.",Praha,,https://www.jobs.cz/rpd/2001389225/,2026-09-11T15:59:06+02:00
JB_6729,CYBER SECURITY / SecOps SPECIALIST M/Ž,"Pražská plynárenská, a.s.",Praha – Michle,,https://www.jobs.cz/rpd/2001383058/,2026-09-11T15:59:06+02:00
JB_4427,Wholesale Operations & Account Specialist,GAP,Praha – Smíchov,,https://www.jobs.cz/rpd/2001417329/,2026-09-11T15:59:06+02:00
JB_2895,Social Media & Event Specialist,"Career Power, s.r.o.",Praha,45 000 – 65 000 Kč,https://www.jobs.cz/rpd/2001399405/,2026-09-11T15:59:06+02:00
JB_3098,Senior Social Media Specialist pro Samsung,"Cheil Germany GmbH, organizační složka",Praha – Chodov,,https://www.jobs.cz/rpd/2001381519/,2026-09-11T15:59:06+02:00
JB_9812,CRM Specialist | Digital Growth Marketing | Praha | Direct Group,Direct,Praha – Holešovice,,https://www.jobs.cz/rpd/2001379448/,2026-09-11T15:59:06+02:00
JB_2789,Senior Payroll Specialist - Maternity Cover (f/m/d),Deutsche Börse Group,Praha – Karlín,,https://www.jobs.cz/rpd/2001398621/,2026-09-11T15:59:06+02:00
JB_5770,Omnichannel Specialist (modernizace letiště),"Letiště Praha, a. s.",Praha – Ruzyně,,https://www.jobs.cz/rpd/2001228480/,2026-09-11T15:59:12+02:00
JB_2837,Digital Marketing Specialist,"Prague British International School, s.r.o.",Praha – Kamýk,,https://www.jobs.cz/rpd/2001345789/,2026-09-11T15:59:12+02:00
JB_9362,Group Reporting Specialist,P3 Logistic Parks s.r.o.,Praha – Nové Město,,https://www.jobs.cz/rpd/2001415679/,2026-09-11T15:59:12+02:00
JB_0344,Associate Payroll Specialist EMEA,NonStop Consulting s.r.o.,Hlavní město Praha,55 000 – 63 000 Kč,https://www.jobs.cz/rpd/2001421112/,2026-09-11T15:59:12+02:00
JB_9810,Meta Ads Specialist / Performance Specialist,VONDRÁK&HEISIG s.r.o.,Praha – Krč,20 000 – 40 000 Kč,https://www.jobs.cz/rpd/2001413687/,2026-09-11T15:59:12+02:00
JB_5591,Specialist(k)a logistiky - palety a vratné obaly,STAVMAT STAVEBNINY,Rudná,,https://www.jobs.cz/rpd/2001387209/,2026-09-11T15:59:12+02:00
JB_7806,PPC & Performance Marketing Specialist,"Advantage Consulting, s.r.o.",Praha,60 000 – 90 000 Kč,https://www.jobs.cz/rpd/2001376290/,2026-09-11T15:59:12+02:00
JB_0343,DEMAND & SUPPLY PLANNER,"Jan Becher - Karlovarská Becherovka, a.s.",Praha – Karlín,,https://www.jobs.cz/rpd/2001394502/,2026-09-11T15:59:12+02:00
JB_1630,Talent Acquisition Specialist,Atlas Copco s.r.o.,Praha – Nusle,,https://www.jobs.cz/rpd/2001401668/,2026-09-11T15:59:12+02:00
JB_7602,HR Services Project Specialist,Vodafone Czech Republic a.s.,Praha – Stodůlky,,https://www.jobs.cz/rpd/2001413272/,2026-09-11T15:59:12+02:00
JB_4515,Online Marketing Specialist/ka,"MONETA Money Bank, a.s.",Praha – Michle,,https://www.jobs.cz/rpd/2001327256/,2026-09-11T15:59:12+02:00
JB_1552,Senior Personnel Administration Specialist / Payroll Accountant,"ADASTRA, s.r.o.",Hlavní město Praha,,https://www.jobs.cz/rpd/2001382924/,2026-09-11T15:59:12+02:00
JB_9884,B2B Marketing Specialist (hands-on role s ambicí vyrůst v CMO),Fly4Future s.r.o.,Praha – Nové Město,56 000 – 84 000 Kč,https://www.jobs.cz/rpd/2001400844/,2026-09-11T15:59:12+02:00
JB_1373,Digital Marketing Specialist CEE,"AXA ASSISTANCE CZ, s.r.o.",Praha – Dejvice,,https://www.jobs.cz/rpd/2001387413/,2026-09-11T15:59:12+02:00
JB_2642,HR Specialist,"Global Payments Europe, s.r.o.",Praha – Strašnice,,https://www.jobs.cz/rpd/2001401402/,2026-09-11T15:59:12+02:00
JB_1103,Group Rewards Specialist,Fortuna Group,Praha – Vinohrady,,https://www.jobs.cz/rpd/2001352093/,2026-09-11T15:59:12+02:00
JB_0981,Senior Specialist – Operations,"iStyle CZ, s.r.o.",Praha – Staré Město,50 000 – 70 000 Kč,https://www.jobs.cz/rpd/2001390527/,2026-09-11T15:59:12+02:00
JB_0708,Digital Marketing Specialist – Junior/Medior,"ACEMA Credit Czech, a.s.",Praha – Libeň,,https://www.jobs.cz/rpd/2001389228/,2026-09-11T15:59:12+02:00
JB_7052,Packaging Specialist m/ž,ZF Passive Safety Czech s.r.o.,Hlavenec + 1 další lokalita,55 000 – 60 000 Kč,https://www.jobs.cz/rpd/2001405317/,2026-09-11T15:59:12+02:00
JB_7957,Fraud and Risk Specialist (JPO08010),Alza.cz a.s.,Praha – Holešovice,,https://www.jobs.cz/rpd/2001419429/,2026-09-11T15:59:12+02:00
JB_0887,Junior Service Sales Specialist,Huawei Technologies (Czech) s.r.o.,Praha – Michle,,https://www.jobs.cz/rpd/2001419517/,2026-09-11T16:08:02+02:00
JB_2973,Junior Service Sales Specialist,Huawei Technologies (Czech) s.r.o.,Praha – Michle,,https://www.jobs.cz/rpd/2001413583/,2026-09-11T16:08:02+02:00
JB_0895,HR Operations Specialist – Workforce & Talent,NonStop Consulting s.r.o.,Hlavní město Praha,50 000 – 55 000 Kč,https://www.jobs.cz/rpd/2001391756/,2026-09-11T16:08:02+02:00
JB_7947,HR Specialist - Recruiter,Ahrend a.s.,Praha – Hostivař,,https://www.jobs.cz/rpd/2001405407/,2026-09-11T16:08:02+02:00
JB_1323,B2B Marketing Specialist/ Marketing Manager,IXTENT s.r.o.,Praha – Holešovice,50 000 – 80 000 Kč,https://www.jobs.cz/rpd/2001398115/,2026-09-11T16:08:02+02:00
JB_4172,Billing Specialist pro advokátní kancelář v centru Prahy,"Employment Express, s.r.o.",Praha,,https://www.jobs.cz/rpd/2001371599/,2026-09-11T16:08:02+02:00
JB_2912,Pricing Expert (f/m),T-Mobile Czech Republic a.s.,Praha – Chodov,,https://www.jobs.cz/rpd/2001392092/,2026-09-11T16:08:02+02:00
JB_9232,Produktový manažer (non-paint portfolio),SERVIND s.r.o.,Tuchoměřice,,https://www.jobs.cz/rpd/2001419082/,2026-09-11T16:08:02+02:00
JB_7389,E-Commerce Pricing & Promotions Specialist,"VAFO PRAHA, s.r.o.",Chrášťany,,https://www.jobs.cz/rpd/2001338530/,2026-09-11T16:08:02+02:00
JB_9612,»» 🚀Specialista na zlepšování výroby - Lean/OPEX Specialist - m/ž ««,"ALPLA, spol. s r.o.",Bystřice – Petrovice,,https://www.jobs.cz/rpd/2001396200/,2026-09-11T16:08:02+02:00
JB_2592,Purchase Order Specialist,Philip Morris ČR,Praha – Nové Město,,https://www.jobs.cz/rpd/2001421545/,2026-09-11T16:08:10+02:00
JB_0994,Social performance & Creative specialist/ka,Direct,Hlavní město Praha,,https://www.jobs.cz/rpd/2001383407/,2026-09-11T16:08:10+02:00
JB_2850,Purchasing Specialist,"KONE, a.s.",Praha – Vokovice,,https://www.jobs.cz/rpd/2001366886/,2026-09-11T16:08:10+02:00
JB_4197,New Channels & E-commerce Specialist,Allwyn Česko a.s.,Praha – Vokovice,,https://www.jobs.cz/rpd/2001256764/,2026-09-11T16:08:10+02:00
JB_9703,Project Risk Specialist,Škoda Transportation,Praha – Stodůlky + 1 další lokalita,,https://www.jobs.cz/rpd/2001410341/,2026-09-11T16:08:10+02:00
JB_1431,Mechanical Engineer - Technical Configurator Specialist,Bühler Praha s.r.o.,Praha – Nusle,,https://www.jobs.cz/rpd/2001318965/,2026-09-11T16:08:10+02:00
JB_4831,Business Development Specialist,Dr.Max,Praha – Nové Město,,https://www.jobs.cz/rpd/2001378474/,2026-09-11T16:08:10+02:00
JB_4404,Collateral Specialist with German,"COMMERZBANK Aktiengesellschaft, pobočka Praha",Praha – Vinohrady,,https://www.jobs.cz/rpd/2000609977/,2026-09-11T16:08:10+02:00
JB_1571,Pricing & Revenue Specialist,Kofola,Praha – Zbraslav,,https://www.jobs.cz/rpd/2001421007/,2026-09-11T16:08:10+02:00
JB_9012,Finance & Accounting Specialist,ARB Europe s.r.o.,Kunice,,https://www.jobs.cz/rpd/2001408273/,2026-09-11T16:08:10+02:00
JB_4585,IT Support Specialist,Form Factory s.r.o.,Praha – Vinohrady,,https://www.jobs.cz/rpd/2001384826/,2026-09-11T16:08:10+02:00
JB_9177,"Customer Care - Specialist Commercial Customer Care, Orders",SICK spol. s r.o.,Praha – Vršovice,40 000 – 50 000 Kč,https://www.jobs.cz/rpd/2001369250/,2026-09-11T16:08:10+02:00
JB_6321,Sales support specialist,"I.D.C. Praha, a.s. - SEDITA",Praha – Vršovice,,https://www.jobs.cz/rpd/2001385079/,2026-09-11T16:08:10+02:00
JB_0539,Marketing & Communication Specialist,SICK spol. s r.o.,Praha – Vršovice,50 000 – 70 000 Kč,https://www.jobs.cz/rpd/2001358298/,2026-09-11T16:08:10+02:00
JB_7500,Group Senior SEO Specialist,Fortuna Group,Praha – Vinohrady,,https://www.jobs.cz/rpd/2001387428/,2026-09-11T16:08:10+02:00
JB_2972,Digital Customer Engagement Specialist,Keyloop (Česká Republika) s.r.o.,Praha – Karlín,,https://www.jobs.cz/rpd/2001214015/,2026-09-11T16:08:10+02:00
JB_2173,Business Support Specialist Major Account,RICOH Czech Republic s.r.o.,Praha – Michle,,https://www.jobs.cz/rpd/2001415438/,2026-09-11T16:08:10+02:00
JB_8265,Senior Strategic Marketing Specialist,ManpowerGroup s.r.o.,Rudná,,https://www.jobs.cz/rpd/2001406232/,2026-09-11T16:08:10+02:00
JB_2859,Regulatory Reporting Senior Specialist,"Penta Bank, a. s., pobočka Česká republika",Praha – Nové Město,,https://www.jobs.cz/rpd/2001413125/,2026-09-11T16:08:10+02:00
JB_2297,Associate Payroll Specialist EMEA,"Axial Personnel Agency, s.r.o.",Praha,55 000 – 63 000 Kč,https://www.jobs.cz/rpd/2001417674/,2026-09-11T16:08:10+02:00
JB_0139,Marketing Specialist – Poland,fabini brand s.r.o.,Praha – Holešovice,50 000 – 80 000 Kč,https://www.jobs.cz/rpd/2001416983/,2026-09-11T16:08:10+02:00
JB_2579,Business Process Organization Specialist (BPO Specialist),DHL Global Forwarding (CZ)s.r.o.,Praha – Stodůlky,,https://www.jobs.cz/rpd/2001415464/,2026-09-11T16:08:10+02:00
JB_2997,Purchasing Specialist/Specialista nákupu - Pozice vhodná i pro absolventy,"Puratos CZ, a.s.",Klíčany + 1 další lokalita,45 000 – 55 000 Kč,https://www.jobs.cz/rpd/2001415213/,2026-09-11T16:08:10+02:00
JB_9505,"Environment, Health, Safety Specialist - Intern - Brigáda vhodná pro studenty VŠ",Edwards (Brno),Česká republika + 1 další lokalita,,https://www.jobs.cz/rpd/2001350465/,2026-09-11T16:08:10+02:00
JB_2556,Legal Complaints Specialist,Provident Financial s.r.o.,Česká republika + 1 další lokalita,35 000 – 38 000 Kč,https://www.jobs.cz/rpd/2001403063/,2026-09-11T16:08:10+02:00
JB_5883,Key Account Specialist,"Letiště Praha, a. s.",Praha – Ruzyně,,https://www.jobs.cz/rpd/2001316141/,2026-09-11T16:08:10+02:00
JB_6725,Social Media Specialist,Hilti ČR spol. s r.o.,Praha – Chodov,,https://www.jobs.cz/rpd/2001386981/,2026-09-11T16:08:10+02:00
JB_7875,B2B Campaign Specialist,Košík.cz s.r.o.,Praha – Dejvice,,https://www.jobs.cz/rpd/2001381180/,2026-09-11T16:08:10+02:00
JB_7683,Senior IFRS Consolidation Specialist,Heat & Lark s.r.o.,Praha,100 000 – 125 000 Kč,https://www.jobs.cz/rpd/2001164239/,2026-09-11T16:08:10+02:00
JB_3221,Czech Junior Payroll Specialist - Paid training provided!,"ADP Employer Services Česká republika, a.s.",Praha – Karlín,,https://www.jobs.cz/rpd/2001368296/,2026-09-11T16:08:10+02:00
JB_4215,R&D Packaging Specialist,VAFO PRODUCTION,Chrášťany,,https://www.jobs.cz/rpd/2001392368/,2026-09-11T16:08:24+02:00
JB_9259,Payroll Specialist - UK experience,ManpowerGroup s.r.o.,Praha,,https://www.jobs.cz/rpd/2001387417/,2026-09-11T16:08:24+02:00
JB_9384,Customer Care Specialist (němčina) - (ZKRÁCENÝ úvazek/20hod. týdně),rohlik.cz,Praha – Karlín,,https://www.jobs.cz/rpd/2001383004/,2026-09-11T16:08:24+02:00
JB_8136,Customer Care Specialist (němčina),rohlik.cz,Praha – Karlín,,https://www.jobs.cz/rpd/2001190933/,2026-09-11T16:08:24+02:00
JB_5467,Customer Care Specialist,rohlik.cz,Praha – Karlín,,https://www.jobs.cz/rpd/2001371609/,2026-09-11T16:08:24+02:00
JB_5436,Customer Service Specialist B2B CZ/SK & CEE,"VAFO PRAHA, s.r.o.",Pavlov,45 000 – 50 000 Kč,https://www.jobs.cz/rpd/2001376213/,2026-09-11T16:08:24+02:00
JB_7946,Financial Crime Prevention Specialist - AML,"PAYMONT, UAB",Praha – Nové Město,60 000 – 70 000 Kč,https://www.jobs.cz/rpd/2001387133/,2026-09-11T16:08:24+02:00
JB_2154,Presales Specialist – Telco pro veřejnou správu,CETIN a.s.,Praha – Libeň,,https://www.jobs.cz/rpd/2001367315/,2026-09-11T16:08:24+02:00
JB_3354,Procurement Specialist Trainee - part time,Carrier Refrigeration Operation Czech Republic s.r.o./dříve Linde Frigera spol. s r.o.,Beroun – Beroun-Závodí,,https://www.jobs.cz/rpd/2001342100/,2026-09-11T16:08:24+02:00
JB_5856,Industry Automation Specialist,Magna Automotive (CZ) s.r.o.,okres Mladá Boleslav,,https://www.jobs.cz/rpd/2001418519/,2026-09-11T16:08:24+02:00
JB_0457,AP & GRNI Specialist/ Specialista pro dodavatelskou fakturaci,Trane Technologies s.r.o.,Ovčáry,,https://www.jobs.cz/rpd/2001345587/,2026-09-11T16:08:24+02:00
JB_6795,🚀Real Estate & Expansion Specialist v Alza.cz (JPO10966),Alza.cz a.s.,Praha – Holešovice,,https://www.jobs.cz/rpd/2001417870/,2026-09-11T16:08:24+02:00
JB_6531,Specialist(k)a Nadace ORLEN Unipetrol,"ORLEN Unipetrol RPA, s.r.o.",Praha – Krč,,https://www.jobs.cz/rpd/2001415493/,2026-09-11T16:08:24+02:00
JB_9002,Quotation Specialist for Automation (worldwide projects),Bühler Praha s.r.o.,Praha – Nusle,,https://www.jobs.cz/rpd/1623193249/,2026-09-11T16:08:24+02:00
JB_8669,HR & OFFICE SPECIALIST || Praha,2JCP a.s.,Praha,35 000 – 45 000 Kč,https://www.jobs.cz/rpd/2001379160/,2026-09-11T16:08:24+02:00
JB_5447,Customer Service Specialist,"Fresenius Medical Care - DS, s.r.o.",Praha – Vokovice,,https://www.jobs.cz/rpd/2001403058/,2026-09-11T16:08:24+02:00
JB_4767,🚀Real Estate Specialist v Alza.cz (JPO10966),Alza.cz a.s.,Praha – Holešovice,,https://www.jobs.cz/rpd/2001402304/,2026-09-11T16:08:24+02:00
JB_8913,IT Risk & Control Specialist,"Albert Česká republika, s.r.o.",Praha – Jinonice,,https://www.jobs.cz/rpd/2001398255/,2026-09-11T16:08:24+02:00
JB_3137,🚀Real Estate Specialist v Alza.cz (JPO10966),Alza.cz a.s.,Praha – Holešovice,,https://www.jobs.cz/rpd/2001394785/,2026-09-11T16:08:24+02:00
JB_3745,Sales Specialist - top marketingové služby pro lovebrandy,Acomware,Praha – Michle,,https://www.jobs.cz/rpd/2001282294/,2026-09-11T16:08:24+02:00
JB_6885,IT Specialist,Magna Automotive (CZ) s.r.o.,okres Mladá Boleslav,,https://www.jobs.cz/rpd/2001385354/,2026-09-11T16:08:24+02:00
JB_8327,PURCHASING TRADE SPECIALIST,"PHOENIX lékárenský velkoobchod, s.r.o.",Praha – Hostivař,,https://www.jobs.cz/rpd/2001384964/,2026-09-11T16:08:24+02:00
JB_4560,Key Account Specialist – Tým Pronájmu nemovitostí,"Letiště Praha, a. s.",Praha – Ruzyně,25 000 – 50 000 Kč,https://www.jobs.cz/rpd/2001380613/,2026-09-11T16:08:24+02:00
JB_7876,🚀Real Estate Specialist v Alza.cz (JPO10966),Alza.cz a.s.,Praha – Holešovice,,https://www.jobs.cz/rpd/2001378454/,2026-09-11T16:08:24+02:00
JB_0291,Marketing Mobile Performance & Strategist (m/ž),O2 Czech Republic a.s.,Praha – Michle,,https://www.jobs.cz/rpd/2001293561/,2026-09-11T16:08:24+02:00
JB_7463,Manager týmu Transakčního poradenství,"KPMG Česká republika, s.r.o.",Praha – Karlín,,https://www.jobs.cz/rpd/2001360031/,2026-09-11T16:08:24+02:00
JB_3365,Treasury Expert,"SATPO management, s.r.o.",Praha – Smíchov,,https://www.jobs.cz/rpd/2001405932/,2026-09-11T16:08:24+02:00
JB_8319,Sales manager - New Business | IT Services,Analytics Data Factory s.r.o.,Praha – Nusle,,https://www.jobs.cz/rpd/2001342293/,2026-09-11T16:08:24+02:00
JB_0466,Specialista/ka obchodního řízení,Skupina ČEZ,Praha – Michle,,https://www.jobs.cz/rpd/2001319430/,2026-09-11T16:08:24+02:00
JB_0845,Senior specialista/ka finančního reportingu - Praha,"MONETA Money Bank, a.s.",Praha – Michle,,https://www.jobs.cz/rpd/2001384531/,2026-09-11T16:08:24+02:00
JB_2829,Senior Buyer / Nákupčí - retail,REED SPECIALIST RECRUITMENT,Praha,,https://www.jobs.cz/rpd/2001419210/,2026-09-11T16:08:36+02:00
JB_7542,Sales/Business Controller,REED SPECIALIST RECRUITMENT,Praha,90 000 – 110 000 Kč,https://www.jobs.cz/rpd/2001329484/,2026-09-11T16:08:36+02:00
JB_9759,Key Account Manager,Salutem Group,Praha – Malá Strana,,https://www.jobs.cz/rpd/2000997169/,2026-09-11T16:08:36+02:00
JB_0240,Proprietary Portfolio Strategist,KAPRAIN a.s.,Praha – Libeň,,https://www.jobs.cz/rpd/2001053296/,2026-09-11T16:08:36+02:00
JB_9772,"Administrátor serverových systémů, virtualizace a správce infrastruktury datového centra","AGROFERT, a.s.",Praha – Chodov,,https://www.jobs.cz/rpd/2001259463/,2026-09-11T16:08:36+02:00
JB_4657,Trader pro krátkodobé energetické trhy | AMPower,BIGYSTONE s.r.o.,Praha – Karlín,150 000 – 300 000 Kč,https://www.jobs.cz/rpd/2001401518/,2026-09-11T16:08:36+02:00
JB_3085,FINANČNÍ CONTROLLER,Purem Rakovník spol. s r.o.,Rakovník – Rakovník II,,https://www.jobs.cz/rpd/2001380497/,2026-09-11T16:08:36+02:00
JB_3899,Senior/Consultant v týmu Oceňování – Top Clients,"KPMG Česká republika, s.r.o.",Praha – Karlín,,https://www.jobs.cz/rpd/2001400357/,2026-09-11T16:08:36+02:00
JB_5222,"Finanční controller junior - DPČ, DPP","PETROTRANS, s.r.o.",Praha – Vysočany,,https://www.jobs.cz/rpd/2001390317/,2026-09-11T16:08:36+02:00
JB_2543,Junior konzultant/ka – Finanční Due Diligence (M&A),EY,Praha – Nové Město,,https://www.jobs.cz/rpd/2000612574/,2026-09-11T16:08:36+02:00
JB_7095,Podpora e-learningu,"Ambis Univerzita, a. s.",Praha – Karlín,39 000 – 42 000 Kč,https://www.jobs.cz/rpd/2001338255/,2026-09-11T16:08:36+02:00
JB_2571,Senior consultant - Financial Due Diligence (M&A),EY,Praha – Nové Město,,https://www.jobs.cz/rpd/2000612577/,2026-09-11T16:08:36+02:00
JB_8546,Finanční kontroler/ka (možnost zkráceného úvazku),EY,Praha – Nové Město,,https://www.jobs.cz/rpd/2001339514/,2026-09-11T16:08:36+02:00
JB_4156,Senior Group Controller,ATENVIA Holding a.s.,Praha – Smíchov,80 000 – 120 000 Kč,https://www.jobs.cz/rpd/2001374216/,2026-09-11T16:08:36+02:00
JB_3104,SENIOR FINANČNÍ CONTROLLER/KA,UMBRELLA Coach & Buses s.r.o.,Praha – Kunratice,,https://www.jobs.cz/rpd/2001387206/,2026-09-11T16:08:36+02:00
JB_4151,SENIOR FINANCIAL CONTROLLING,ARETE Property s.r.o.,Praha – Smíchov,,https://www.jobs.cz/rpd/2001374206/,2026-09-11T16:08:36+02:00
JB_7797,"Finanční specialista senior (účetnictví, daně, controlling) - služební automobil","CZ LOKO, a.s.",Nymburk,,https://www.jobs.cz/rpd/2001405999/,2026-09-11T16:08:36+02:00
JB_7156,Portfolio Manager - Power,MVM CEEnergy CZ s.r.o.,Praha – Strašnice,,https://www.jobs.cz/rpd/2001357841/,2026-09-11T16:08:36+02:00
JB_1905,referent Oddělení finančního reportingu EU (Praha),Státní zemědělský intervenční fond,Praha – Nové Město,35 000 – 48 000 Kč,https://www.jobs.cz/rpd/2001406205/,2026-09-11T16:08:36+02:00
JB_5559,Supply Chain Process & Systems Lead (m/ž),FLOSMAN s.r.o.,Praha – Horní Počernice,60 000 – 90 000 Kč,https://www.jobs.cz/rpd/2001334749/,2026-09-11T16:08:36+02:00
JB_5496,SAP Consultant – Sales & Distribution,"KPMG Česká republika, s.r.o.",Praha – Karlín,,https://www.jobs.cz/rpd/2001390006/,2026-09-11T16:08:36+02:00
JB_8236,IT Audit & Licence SW - junior,"KPMG Česká republika, s.r.o.",Praha – Karlín,,https://www.jobs.cz/rpd/2001227090/,2026-09-11T16:08:36+02:00
JB_5608,SAP Senior Consultant / Project Manager / Architekt,"KPMG Česká republika, s.r.o.",Praha – Karlín,,https://www.jobs.cz/rpd/2000817494/,2026-09-11T16:08:36+02:00
JB_7644,PROGRAMÁTOR/KA | Desktopová aplikace 3D /2D CAD system (C#) | Praha - Holešovice,EPLAN Solutions s.r.o.,Praha – Holešovice,,https://www.jobs.cz/rpd/2001263543/,2026-09-11T16:08:36+02:00
JB_6206,Konzultant/ka – Finanční Due Dilligence,"KPMG Česká republika, s.r.o.",Praha – Karlín,,https://www.jobs.cz/rpd/2000670165/,2026-09-11T16:08:36+02:00
JB_2638,Back office specialista,RENTEL FACILITY MANAGEMENT s.r.o.,Říčany,,https://www.jobs.cz/rpd/2001324308/,2026-09-11T16:08:36+02:00
JB_8310,Cost Manager / Rozpočtář/ka nákladů projektu | RUBY Praha,RUBY Project Management s.r.o.,Praha – Karlín,,https://www.jobs.cz/rpd/2001393580/,2026-09-11T16:08:36+02:00
JB_5505,Senior obchodní manažer realitních projektů (fix 80 - 100 000 + bonus 20%),"SATPO management, s.r.o.",Praha – Smíchov,85 000 – 100 000 Kč,https://www.jobs.cz/rpd/2000626201/,2026-09-11T16:08:36+02:00
JB_5320,Projektový manažer,InTeFi Management s.r.o.,Praha – Nusle,,https://www.jobs.cz/rpd/2001410400/,2026-09-11T16:08:36+02:00
JB_6850,Manažer akvizic (rezidenční projekty),"SATPO management, s.r.o.",Praha – Smíchov,90 000 – 120 000 Kč,https://www.jobs.cz/rpd/2001196111/,2026-09-11T16:08:36+02:00
JB_1468,Specialista poplatkové politiky - oblast neúvěrových produktů (m/ž),"ČSOB Československá obchodní banka, a. s.",Hlavní město Praha,,https://www.jobs.cz/rpd/2001415564/,2026-09-11T16:08:47+02:00
JB_5089,🚀 Obchodník / Junior obchodník | Praha – Anděl 🚀,Škola Investorů s.r.o.,Praha – Smíchov,40 000 – 80 000 Kč,https://www.jobs.cz/rpd/2001384579/,2026-09-11T16:08:47+02:00
JB_6345,Accounting Expert,PPF banka a.s.,Praha – Dejvice,,https://www.jobs.cz/rpd/2001299277/,2026-09-11T16:08:47+02:00
JB_4123,Specialista HR controllingu a odměňování,"ČEPS, a.s.",Praha – Michle,,https://www.jobs.cz/rpd/2001398295/,2026-09-11T16:08:47+02:00
JB_2508,Finanční kontrolor/ka,Jobsyno Global s.r.o.,Úžice,,https://www.jobs.cz/rpd/2001418594/,2026-09-11T16:08:47+02:00
JB_4304,Senior Product Owner,AAA Auto (AURES Holdings a.s.),Praha – Dolní Chabry,,https://www.jobs.cz/rpd/2001391831/,2026-09-11T16:08:47+02:00
JB_2662,CRM specialista – Customer Loyalty,Allwyn Česko a.s.,Praha – Vokovice,,https://www.jobs.cz/rpd/2001392269/,2026-09-11T16:08:47+02:00
JB_1639,Interní auditor / auditorka - senior,PPF banka a.s.,Praha – Dejvice,55 000 – 110 000 Kč,https://www.jobs.cz/rpd/2001385042/,2026-09-11T16:08:47+02:00
JB_8084,Senior tester / senior testerka,Skupina ČEZ,Praha – Michle,,https://www.jobs.cz/rpd/2001387300/,2026-09-11T16:08:47+02:00
JB_1698,Tester - oblast investičního bankovnictví,CTS TRADE IT a.s.,Praha – Krč,,https://www.jobs.cz/rpd/2001417199/,2026-09-11T16:08:47+02:00
JB_6875,Test Automation Engineer,Skupina ČEZ,Praha – Michle,,https://www.jobs.cz/rpd/2001348221/,2026-09-11T16:08:47+02:00
JB_5554,Programátor/vývojář SAP,"con4PAS, a.s.",Praha – Lhotka,,https://www.jobs.cz/rpd/2001326470/,2026-09-11T16:08:47+02:00
JB_6833,Hlavní architekt mobilní aplikace MyŠkoda (m/ž),Škoda Auto a.s.,Mladá Boleslav,,https://www.jobs.cz/rpd/2000932364/,2026-09-11T16:08:47+02:00
JB_1746,🔐 Specialista informační bezpečnosti | ✈️ Chraň s námi svět letadel,AERO Vodochody AEROSPACE a.s.,Odolena Voda – Dolínek,,https://www.jobs.cz/rpd/2001386957/,2026-09-11T16:08:47+02:00
JB_1414,Specialista/ka MISS/IMDS – Automotive,"AUFEER DESIGN, s.r.o.",Mladá Boleslav – Mladá Boleslav IV,,https://www.jobs.cz/rpd/2001347841/,2026-09-11T16:08:47+02:00
JB_1339,Customer Experience & Insights Consultant - m/f/d,"Siemens, s.r.o.",Praha – Stodůlky,,https://www.jobs.cz/rpd/2001371464/,2026-09-11T16:08:47+02:00
JB_9192,E-commerce marketingový specialista,"Grada Publishing, a.s.",Praha – Holešovice,,https://www.jobs.cz/rpd/2001392469/,2026-09-11T16:08:47+02:00
JB_1951,CYBER SECURITY SPECIALISTA - vhodné i pro absolventy,"EKO-KOM, a.s.",Praha – Nusle,,https://www.jobs.cz/rpd/2001378351/,2026-09-11T16:08:47+02:00
JB_2023,Finanční Controller*ka,Raiffeisenbank a.s.,Praha – Nusle,,https://www.jobs.cz/rpd/2001406520/,2026-09-11T16:08:47+02:00
JB_0548,"Controller/ka – Retail, PEREX a projekty",SPORTISIMO s.r.o.,Praha – Zličín,,https://www.jobs.cz/rpd/2001416724/,2026-09-11T16:08:47+02:00
JB_7520,⋙ Senior účetní | 63 000 Kč | Praha 4 | Home office | Flexibilní pracovní doba ⋘,"mBlue Czech, s.r.o.",Praha – Kunratice,60 000 – 63 000 Kč,https://www.jobs.cz/rpd/2001405296/,2026-09-11T16:08:47+02:00
JB_3857,Commercial Finance Expert - Discounts & Accruals,Anheuser-Busch InBev Czech s.r.o.,Praha – Michle,,https://www.jobs.cz/rpd/2001380769/,2026-09-11T16:08:47+02:00
JB_7073,Senior Finance Controller,NonStop Consulting s.r.o.,Praha,80 000 – 110 000 Kč,https://www.jobs.cz/rpd/2001419077/,2026-09-11T16:08:47+02:00
JB_0569,Consultant M&A (ž/m),BDO Group s.r.o.,Praha – Chodov,,https://www.jobs.cz/rpd/2001349251/,2026-09-11T16:08:47+02:00
JB_8863,Controlling - junior (M/Ž),"Bright HR, s.r.o.",okres Praha,45 000 – 50 000 Kč,https://www.jobs.cz/rpd/2001416943/,2026-09-11T16:08:47+02:00
JB_6812,Specialista pro udržitelnost komerčního bankovnictví (m/ž),"ČSOB Československá obchodní banka, a. s.",Hlavní město Praha,,https://www.jobs.cz/rpd/2001407614/,2026-09-11T16:08:47+02:00
JB_2921,Finanční specialista/ka – Konsolidace & IFRS,PŘEDVÝBĚR.CZ a.s.,Praha – Stodůlky,,https://www.jobs.cz/rpd/2001412555/,2026-09-11T16:08:47+02:00
JB_0209,Valuation Consultant - oceňování nemovitostí,PKF APOGEO Group,Praha – Karlín,,https://www.jobs.cz/rpd/2001247036/,2026-09-11T16:08:47+02:00
JB_2844,Junior Valuation Consultant - oceňování nemovitostí,PKF APOGEO Group,Praha – Karlín,,https://www.jobs.cz/rpd/2001178246/,2026-09-11T16:08:47+02:00
JB_5172,Trainee - Finance (M/Ž),Foxconn Czech Republic,okres Kutná Hora,,https://www.jobs.cz/rpd/2001262227/,2026-09-11T16:08:47+02:00
JB_9516,Interní auditor/ka,"ORLEN Unipetrol RPA, s.r.o.",Praha – Krč,,https://www.jobs.cz/rpd/2001125773/,2026-09-11T16:09:03+02:00
JB_7000,Valuation Consultant - oceňování podniků,PKF APOGEO Group,Praha – Karlín,,https://www.jobs.cz/rpd/2000304097/,2026-09-11T16:09:03+02:00
JB_4901,Junior Accountant / Finance Support (0.5 úvazek přes agenturu práce) - UniCredit S.p.A. or,"UniCredit Bank Czech Republic and Slovakia, a.s.",Praha,,https://www.jobs.cz/rpd/2001371444/,2026-09-11T16:09:03+02:00
JB_0785,Technical Presales - IBM,"Arrow Electronics, Inc.",Praha,,https://www.jobs.cz/rpd/2001375536/,2026-09-11T16:09:03+02:00
JB_6670,Specialista marketingu - CRM | TETA drogerie 📩 (m/ž),TETA drogerie (Solvent ČR s.r.o.),Praha,,https://www.jobs.cz/rpd/2001145485/,2026-09-11T16:09:03+02:00
JB_4157,IT Infrastructure Support Senior,DPD,Praha – Vinohrady + 1 další lokalita,,https://www.jobs.cz/rpd/2001268670/,2026-09-11T16:09:03+02:00
JB_6510,Cyber Security Onboarding Engineer - SOC L3 (m/ž),O2 Czech Republic a.s.,Praha – Michle,,https://www.jobs.cz/rpd/2001178283/,2026-09-11T16:09:03+02:00
JB_9568,IT Specialista bezpečnosti informací,TZMO Czech Republic s.r.o.,Nehvizdy,65 000 – 75 000 Kč,https://www.jobs.cz/rpd/2001382471/,2026-09-11T16:09:03+02:00
JB_6614,IT Security Assistant,"KPMG Česká republika, s.r.o.",Praha – Karlín,,https://www.jobs.cz/rpd/2001390541/,2026-09-11T16:09:03+02:00
JB_4595,Informatik - architekt kybernetické bezpečnosti,"Pražská energetika, a.s.",Praha – Vršovice,,https://www.jobs.cz/rpd/2000711841/,2026-09-11T16:09:03+02:00
JB_6694,Cyber Security Threat Hunting Engineer – SOC L3 (m/ž),O2 Czech Republic a.s.,Praha – Michle,,https://www.jobs.cz/rpd/2001219043/,2026-09-11T16:09:03+02:00
JB_0359,Kontrolor kvality (M/Ž),Strojmetal Aluminium Forging a.s.,Kamenice,,https://www.jobs.cz/rpd/2001236197/,2026-09-11T16:09:03+02:00
JB_4656,Head of Supply Chain – Czech Republic,rohlik.cz,Praha – Karlín,,https://www.jobs.cz/rpd/2001270561/,2026-09-11T16:09:03+02:00
JB_4506,Specialista pro cenotvorbu (pricing) pojištění,"Pojišťovna VZP, a.s.",Praha – Nové Město,,https://www.jobs.cz/rpd/2001378304/,2026-09-11T16:09:03+02:00
JB_7098,Senior CRM Specialista/Specialistka,T-Mobile Czech Republic a.s.,Praha – Chodov,,https://www.jobs.cz/rpd/2001175036/,2026-09-11T16:09:03+02:00
JB_2439,Demand Planner,VAFO PRIVATE LABEL,Chrášťany,,https://www.jobs.cz/rpd/2001394032/,2026-09-11T16:09:03+02:00
JB_5605,Controlling Manager (15),Delirest services s.r.o.,Praha – Holešovice,,https://www.jobs.cz/rpd/2001398037/,2026-09-11T16:09:03+02:00
JB_9120,Koordinátor/ka zásobování prodejen,Penny Market s.r.o.,Radonice,,https://www.jobs.cz/rpd/2001398188/,2026-09-11T16:09:03+02:00
JB_8740,BRAND MANAGER privátních značek,BENU Česká republika s.r.o.,Praha – Hostivař,,https://www.jobs.cz/rpd/2001379146/,2026-09-11T16:09:03+02:00
JB_1956,Threat Research Software Engineer (m/f/n),ESET Research Czech Republic s.r.o.,Praha – Holešovice,,https://www.jobs.cz/rpd/2001374102/,2026-09-11T16:09:03+02:00
JB_2634,SPECIALISTA KVALITY VE VÝROBNÍ SPOLEČNOSTI (70 - 75 000 Kč),TresJob s.r.o.,Mochov,70 000 – 75 000 Kč,https://www.jobs.cz/rpd/2001419751/,2026-09-11T16:09:03+02:00
JB_2214,Global Compensation & Benefits Partner,PRO.MED.CS Praha a.s.,Praha – Michle,,https://www.jobs.cz/rpd/2001415474/,2026-09-11T16:09:03+02:00
JB_0726,DIGITAL & E-COMMERCE MANAGER pro UGO,Kofola,Praha,,https://www.jobs.cz/rpd/2001378603/,2026-09-11T16:09:03+02:00
JB_0208,Specialista CMDB (m/ž),"Technologie hlavního města Prahy, a.s.",Praha – Holešovice,,https://www.jobs.cz/rpd/2001111563/,2026-09-11T16:09:03+02:00
JB_9985,Presales konzultant pro Datová centra (m/ž),O2 Czech Republic a.s.,Praha – Michle,,https://www.jobs.cz/rpd/2001368258/,2026-09-11T16:09:03+02:00
JB_3930,SAP SD Konzultant (m/ž),Škoda Auto a.s.,Praha – Vysočany,,https://www.jobs.cz/rpd/2000943967/,2026-09-11T16:09:03+02:00
JB_5229,Senior SEO & AI Search Specialista (AEO/GEO),Prochazka & Partners s.r.o.,Praha – Nové Město,,https://www.jobs.cz/rpd/2001417143/,2026-09-11T16:09:03+02:00
JB_7281,Hledá se Absolvent Programátor,VIAGEM a.s.,Praha – Karlín,50 000 – 100 000 Kč,https://www.jobs.cz/rpd/2000419605/,2026-09-11T16:09:03+02:00
JB_6992,Pohodový kolega do kanceláře (Bez praxe),Bonypay s.r.o.,Praha – Nusle,32 000 – 55 000 Kč,https://www.jobs.cz/rpd/2001421359/,2026-09-11T16:09:03+02:00
JB_9903,SALESMAN – Vydělej si u nás ročně 720 000 Kč / I BEZ PRAXE,ALBEC MEDIA s.r.o.,Praha – Nusle,30 000 – 60 000 Kč,https://www.jobs.cz/rpd/2001410492/,2026-09-11T16:09:03+02:00
JB_2611,HRIS & Process Excellence Partner,ITIS Holding a.s.,Praha – Holešovice,,https://www.jobs.cz/rpd/2001319426/,2026-09-11T16:09:09+02:00
JB_3729,"🔍 SEO & Content Manager pro e-commerce (e-shop, produktový obsah, AI 🤖) (m/ž)",TETA drogerie (Solvent ČR s.r.o.),Praha,,https://www.jobs.cz/rpd/2001183104/,2026-09-11T16:09:09+02:00
JB_6717,🚀 Junior PPC specialista - Vybuduj si kariéru v online marketingu!,myTimi s.r.o.,Praha – Libeň,30 000 – 40 000 Kč,https://www.jobs.cz/rpd/2001415278/,2026-09-11T16:09:09+02:00
JB_5740,Demand Planning / Forecasting Manager,rohlik.cz,Praha – Karlín,,https://www.jobs.cz/rpd/2001285873/,2026-09-11T16:09:09+02:00
JB_2797,CRM Manager,"VAFO PRAHA, s.r.o.",Chrášťany,,https://www.jobs.cz/rpd/2001338149/,2026-09-11T16:09:09+02:00
JB_3276,AI Engineer Senior/Expert (f/m),T-Mobile Czech Republic a.s.,Praha – Chodov,,https://www.jobs.cz/rpd/2001306870/,2026-09-11T16:09:09+02:00
JB_1822,Senior AI Engineer for Dataclair AI Centre (m/f),O2 Czech Republic a.s.,Praha – Michle,,https://www.jobs.cz/rpd/2000557655/,2026-09-11T16:09:09+02:00
JB_0556,AI/ML Engineer,CETIN a.s.,Praha – Libeň,,https://www.jobs.cz/rpd/2001413672/,2026-09-11T16:09:09+02:00
JB_8314,Research Area (R&D) Lead – Classical Communication & Compute (f/m),T-Mobile Czech Republic a.s.,Praha – Chodov,,https://www.jobs.cz/rpd/2001294966/,2026-09-11T16:09:09+02:00
JB_3920,Research Area (R&D) Lead – Network Capabilities (f/m),T-Mobile Czech Republic a.s.,Praha – Chodov,,https://www.jobs.cz/rpd/2001295020/,2026-09-11T16:09:09+02:00
JB_7676,Odborný pracovník oddělení všeobecné klimatologie (M/Ž),Český hydrometeorologický ústav,Praha – Komořany,,https://www.jobs.cz/rpd/2001409620/,2026-09-11T16:09:09+02:00
JB_0611,AI Engineer for Dataclair AI Centre (m/f),O2 Czech Republic a.s.,Praha – Michle,,https://www.jobs.cz/rpd/2000579860/,2026-09-11T16:09:09+02:00
JB_0003,Senior AI Engineer,NN,Praha – Smíchov,,https://www.jobs.cz/rpd/2001265820/,2026-09-11T16:09:09+02:00
JB_5708,Technický specialista – posuzování vozidel,Carvago s.r.o.,Praha – Holešovice,45 000 – 55 000 Kč,https://www.jobs.cz/rpd/2001381437/,2026-09-11T16:09:09+02:00
JB_7041,Disponent/ka námořních přeprav,MSC Czech Republic s.r.o.,Praha – Smíchov,,https://www.jobs.cz/rpd/2001413138/,2026-09-11T16:09:09+02:00
JB_6786,Finanční a personální administrativa,STUDENT AGENCY k.s.,Praha – Dolní Měcholupy,,https://www.jobs.cz/rpd/2001400260/,2026-09-11T16:09:09+02:00
JB_4987,Trainee - Sales support - segment Construction & Agri,Trainee program v KB,Praha – Stodůlky,,https://www.jobs.cz/rpd/2001260827/,2026-09-11T16:09:09+02:00
JB_2597,HEAD OF SALES / OBCHODNÍ ŘEDITEL - LOGISTIKA & SPEDICE,Rhenus Logistics s.r.o.,Chrášťany,,https://www.jobs.cz/rpd/2001402822/,2026-09-11T16:09:09+02:00
JB_2602,Pracovník prodeje - produktový specialista,"Pražská energetika, a.s.",Praha – Vršovice,,https://www.jobs.cz/rpd/2001396002/,2026-09-11T16:09:09+02:00
JB_8569,IT test manažer / manažerka,PPF banka a.s.,Praha – Dejvice,,https://www.jobs.cz/rpd/2001370523/,2026-09-11T16:09:09+02:00
JB_3111,Pracovník/pracovnice zákaznické a technické podpory – mzdové aplikace,"DATACENTRUM systems & consulting, a.s.",Praha – Kamýk,,https://www.jobs.cz/rpd/2001404954/,2026-09-11T16:09:09+02:00
JB_9508,Senior Developer,VIAGEM a.s.,Praha – Karlín,80 000 – 90 000 Kč,https://www.jobs.cz/rpd/2000994652/,2026-09-11T16:09:09+02:00
JB_1986,L2 Support / Junior Cloud Engineer,Shift2Cloud s.r.o.,Praha – Slivenec,,https://www.jobs.cz/rpd/2001403439/,2026-09-11T16:09:09+02:00
JB_2753,Aplikační inženýr – finanční trhy,PPF banka a.s.,Praha – Dejvice,,https://www.jobs.cz/rpd/2000739873/,2026-09-11T16:09:09+02:00
JB_5796,Key Account Manager,Allwyn Česko a.s.,Praha – Vokovice,,https://www.jobs.cz/rpd/2001380923/,2026-09-11T16:09:09+02:00
JB_5952,Plánovač/ka výroby / Production Planner #3028,"Jobs Contact Personal, s.r.o.",Zásmuky,,https://www.jobs.cz/rpd/2001397934/,2026-09-11T16:09:09+02:00
JB_0400,Specialista/ka Kybernetické bezpečnosti (ISMS) 2-3r zkušeností / PRAHA,Cybrela s.r.o.,Praha – Holešovice,,https://www.jobs.cz/rpd/2001219824/,2026-09-11T16:09:09+02:00
JB_9137,Specialista projektového balení Nymburk,Magna Exteriors (Bohemia) s.r.o.,Nymburk,,https://www.jobs.cz/rpd/2001346350/,2026-09-11T16:09:09+02:00
JB_6122,Partnership Development Manager / Manažer pro rozvoj partnerství,SmartResearch s.r.o.,Praha – Nusle,38 000 – 60 000 Kč,https://www.jobs.cz/rpd/2001386915/,2026-09-11T16:09:09+02:00
JB_5489,Koordinátor multi-country projektů s angličtinou,IPSOS s.r.o.,Praha – Nové Město,,https://www.jobs.cz/rpd/2001403568/,2026-09-11T16:09:09+02:00
JB_4852,Produkťák v mezinárodním vydavatelství - vhodné pro absolventy,Nakladatelství FORUM s.r.o.,Praha – Kobylisy,30 000 – 32 000 Kč,https://www.jobs.cz/rpd/2001272296/,2026-09-11T16:09:22+02:00
JB_6109,Administrativní podpora obchodního týmu,DNS a.s.,Praha – Nusle,,https://www.jobs.cz/rpd/2001391475/,2026-09-11T16:09:22+02:00
JB_4086,Specialista finančních operací,Pineal s.r.o.,Praha – Nusle,36 000 – 65 000 Kč,https://www.jobs.cz/rpd/2001417075/,2026-09-11T16:09:22+02:00
JB_5630,"Nová práce bez 1000 pohovorů? Přijď na kafe, domluvíme se. (Praha)","Czech Invest Solutions, s.r.o.",Praha – Vinohrady,47 000 – 69 000 Kč,https://www.jobs.cz/rpd/2001407604/,2026-09-11T16:09:22+02:00
JB_2428,Chyť příležitost za pačesy. Tvoje budoucnost začíná u nás - Praha,"Czech Invest Solutions, s.r.o.",Praha – Vinohrady,47 000 – 69 000 Kč,https://www.jobs.cz/rpd/2001389295/,2026-09-11T16:09:22+02:00
JB_6774,"Hledáš práci, která ti zajistí stabilní a vysoký příjem? - Praha","Czech Invest Solutions, s.r.o.",Praha – Vinohrady,47 000 – 69 000 Kč,https://www.jobs.cz/rpd/2001378221/,2026-09-11T16:09:22+02:00
JB_8674,GV Manager with English,"ADP Employer Services Česká republika, a.s.",Praha – Karlín,,https://www.jobs.cz/rpd/2001408286/,2026-09-11T16:09:22+02:00
JB_4587,Zpracování reklamací ve Zdibech u Prahy až 36 000 Kč (JPO02508),Alza.cz a.s.,Klecany – Zdibsko,33 500 – 36 000 Kč,https://www.jobs.cz/rpd/2001179550/,2026-09-11T16:09:22+02:00
JB_9260,Administrátor online reklamy,TV Prima,Praha – Strašnice,,https://www.jobs.cz/rpd/2001401639/,2026-09-11T16:09:22+02:00
JB_9474,GV Manager with German,"ADP Employer Services Česká republika, a.s.",Praha – Karlín,,https://www.jobs.cz/rpd/2001382888/,2026-09-11T16:09:22+02:00
JB_3348,Dispatch Agent,Hemmersbach Czech s.r.o.,Praha – Podolí,,https://www.jobs.cz/rpd/2001352512/,2026-09-11T16:09:22+02:00
JB_0634,XXXLutz Trainee nákup – od absolventa k nákupčímu,XXXLutz,Čestlice,,https://www.jobs.cz/rpd/2001381539/,2026-09-11T16:09:22+02:00
JB_2300,EXECUTIVE ASSISTANT - ASISTENT/KA ČLENA VEDENÍ,METALIMEX a. s.,Praha – Nové Město,,https://www.jobs.cz/rpd/2001400370/,2026-09-11T16:09:22+02:00
JB_8664,Security Architect,"Komerční banka, a.s.",Praha – Stodůlky,,https://www.jobs.cz/rpd/2001290499/,2026-09-11T16:09:22+02:00
JB_6810,Senior architekt/ka kybernetické bezpečnosti,"Česká spořitelna, a.s.",Praha – Krč,,https://www.jobs.cz/rpd/2001414928/,2026-09-11T16:09:22+02:00
JB_4323,IT Infrastructure Security Engineer,Alpiq Services CZ s.r.o.,Praha – Nové Město,,https://www.jobs.cz/rpd/2001289017/,2026-09-11T16:09:22+02:00
JB_1565,Security Consultant,NTT Czech Republic s.r.o.,Praha – Krč,,https://www.jobs.cz/rpd/2001283666/,2026-09-11T16:09:22+02:00
JB_4060,Specialista informační a kybernetické bezpečnosti,"Penta Hospitals CZ, s.r.o.",Praha – Nové Město,,https://www.jobs.cz/rpd/2001249928/,2026-09-11T16:09:22+02:00
JB_0545,SENIOR ADMINISTRÁTOR/KA INFORMAČNÍCH SYSTÉMŮ,AE Holding a.s.,Praha – Modřany,,https://www.jobs.cz/rpd/2001402968/,2026-09-11T16:09:22+02:00
JB_5532,Specialista B2B integrace | SAP PI/PO & Cloud Integration,"HOPI HOLDING, a.s.",Modletice,,https://www.jobs.cz/rpd/2001380914/,2026-09-11T16:09:22+02:00
JB_5581,Junior Security Consultant,NTT Czech Republic s.r.o.,Praha – Krč,,https://www.jobs.cz/rpd/2001264458/,2026-09-11T16:09:22+02:00
JB_7814,Správce integrací (M/Ž),"Státní pokladna Centrum sdílených služeb, s. p.",Praha – Žižkov,,https://www.jobs.cz/rpd/2001405753/,2026-09-11T16:09:22+02:00
JB_0695,Specialista na informační a kybernetickou bezpečnost (ISMS),SELECOS a.s.,Praha – Slivenec,,https://www.jobs.cz/rpd/2001403471/,2026-09-11T16:09:22+02:00
JB_6472,Senior Network Engineer - Cisco,ANECT a.s.,Praha – Nusle + 1 další lokalita,,https://www.jobs.cz/rpd/2001381412/,2026-09-11T16:09:22+02:00
JB_4089,"Systémový administrátor IT / VmWare, Hyper-V, servery a datová pole Dell / Praha",ARION spol. s r.o.,Praha – Vršovice,50 000 – 80 000 Kč,https://www.jobs.cz/rpd/2001388306/,2026-09-11T16:09:22+02:00
JB_5838,Systémový administrátor IT / Microsoft 365 / Praha,ARION spol. s r.o.,Praha – Vršovice,50 000 – 80 000 Kč,https://www.jobs.cz/rpd/2001388305/,2026-09-11T16:09:22+02:00
JB_6993,SENIOR AI ENGINEER & ARCHITECT,"RENOMIA, a. s.",Praha – Nové Město,,https://www.jobs.cz/rpd/2001313033/,2026-09-11T16:09:22+02:00
JB_7250,Komunikační designer/ka (CRM),"Česká spořitelna, a.s.",Praha – Michle,,https://www.jobs.cz/rpd/2001407877/,2026-09-11T16:09:22+02:00
JB_3460,Podpora controllingu - 20 h týdně,JUST CS spol. s r.o.,Praha – Hostivař,,https://www.jobs.cz/rpd/2001389575/,2026-09-11T16:09:22+02:00
JB_9774,Koordinátor/ka retenčního týmu | Buďte u zrodu nového týmu v UNIQA,UNIQA,Praha – Vokovice,,https://www.jobs.cz/rpd/2001408389/,2026-09-11T16:09:22+02:00
JB_1994,Digitální zákaznická zkušenost: pojď ji posouvat s námi (m/ž),O2 Czech Republic a.s.,Praha – Michle,,https://www.jobs.cz/rpd/2001325636/,2026-09-11T16:09:34+02:00
JB_1904,Digital Marketing Strategist pro mobilní aplikace,"Seznam.cz, a.s.",Praha,,https://www.jobs.cz/rpd/2001316492/,2026-09-11T16:09:34+02:00
JB_1908,Obchodní zástupce pro komunální sektor (středočeský kraj / práce z domu),JRK Česká republika s.r.o.,Praha – Nové Město,40 000 – 80 000 Kč,https://www.jobs.cz/rpd/2001358594/,2026-09-11T16:09:34+02:00
JB_7244,Administrativní specialista /ka ve financích - zkrácený úvazek pro invalidní důchodce,Deklarace odpovědného podnikání z. s.,Praha – Radlice,16 000 – 24 000 Kč,https://www.jobs.cz/rpd/2001359818/,2026-09-11T16:09:34+02:00
JB_9366,GROWTH MANAGER pro NICEBOY 💛,NICEBOY s.r.o.,Praha – Nusle,,https://www.jobs.cz/rpd/2001408620/,2026-09-11T16:09:34+02:00
JB_4265,Specialista zpracování transakcí finančních trhů (m/ž),"ČSOB Československá obchodní banka, a. s.",Hlavní město Praha,,https://www.jobs.cz/rpd/2001394542/,2026-09-11T16:09:34+02:00
JB_1744,Transport Planner (m/ž),Zásilkovna s.r.o.,Praha – Libeň,,https://www.jobs.cz/rpd/2001382935/,2026-09-11T16:09:34+02:00
JB_9123,Production Planner,"iRecruit, s.r.o.",okres Beroun,70 000 – 80 000 Kč,https://www.jobs.cz/rpd/2001418927/,2026-09-11T16:09:34+02:00
JB_4200,⭕ Specialista nákupu s přesahem do logistiky s AJ,"ProfesKontakt, s.r.o.",Hlavní město Praha,55 000 – 65 000 Kč,https://www.jobs.cz/rpd/2001419125/,2026-09-11T16:09:34+02:00
JB_9297,Koordinátor vzdělávacích akcí (m/ž),B. Braun,Praha – Chodov,,https://www.jobs.cz/rpd/2001389967/,2026-09-11T16:09:34+02:00
JB_2217,📦 Vedoucí logistiky a plánování,BeeClever HR s.r.o.,Ústecký kraj,,https://www.jobs.cz/rpd/2001380833/,2026-09-11T16:09:34+02:00
JB_5373,Junior Brand Manager,IMPERIAL BRANDS,Praha – Smíchov,,https://www.jobs.cz/rpd/2001385509/,2026-09-11T16:09:34+02:00
JB_7956,Plánovač výroby,SAINT-GOBAIN,Hořovice,,https://www.jobs.cz/rpd/2001408970/,2026-09-11T16:09:34+02:00
JB_0136,Portfolio Administrator,UNIQA,Praha – Vokovice,,https://www.jobs.cz/rpd/2001239220/,2026-09-11T16:09:34+02:00
JB_8942,HLEDÁME LEKTORY Z BANKOVNÍ PRAXE,NAVIGO Praha z.s.,Praha – Vysočany,,https://www.jobs.cz/rpd/2001421610/,2026-09-11T16:09:34+02:00
JB_3666,Junior marketingový koordinátor/ka,Yoggies s.r.o.,Zlonice,30 000 – 40 000 Kč,https://www.jobs.cz/rpd/2001419660/,2026-09-11T16:09:34+02:00
JB_9416,KOORDINÁTOR/KA SBĚRNÉ SÍTĚ,ECOBAT s.r.o.,Praha – Dejvice,,https://www.jobs.cz/rpd/2001402805/,2026-09-11T16:09:34+02:00
JB_4819,Dispečer/ka logistiky,VAFO PRODUCTION,Rudná,40 000 – 45 000 Kč,https://www.jobs.cz/rpd/2001410302/,2026-09-11T16:09:34+02:00
JB_5214,European Senior Product Designer,Provident Financial s.r.o.,Středočeský kraj,,https://www.jobs.cz/rpd/2001400596/,2026-09-11T16:09:34+02:00
JB_9867,Supply Chain Import Planner (m/ž),Coca-Cola,Praha – Kyje,,https://www.jobs.cz/rpd/2001401635/,2026-09-11T16:09:34+02:00
JB_7582,Information Security Manager Senior (m/ž),Skupina E.ON,Praha + 2 další lokality,,https://www.jobs.cz/rpd/2001324381/,2026-09-11T16:09:34+02:00
JB_2676,Finanční ředitel/ka – ziskovost a výkonnost společnosti,EUPHORIA s.r.o.,Praha – Dejvice,75 000 – 95 000 Kč,https://www.jobs.cz/rpd/2001412832/,2026-09-11T16:09:34+02:00
JB_2009,HR Generalist,HD Construction Equipment Develon Europe s.r.o.,Praha – Karlín,,https://www.jobs.cz/rpd/2001421015/,2026-09-11T16:09:34+02:00
JB_8349,Cloud Security Engineer,"MSF Shared IT Services, z.s.",Praha – Nusle,,https://www.jobs.cz/rpd/2001352549/,2026-09-11T16:09:34+02:00
JB_8486,Security Analytics Expert,Škoda Transportation,Praha – Stodůlky,,https://www.jobs.cz/rpd/2001274206/,2026-09-11T16:09:34+02:00
JB_6566,Senior Demand & Supply Planner / S&OP Lead – CZ/SK,MagnaPharm CZ s.r.o.,Praha – Smíchov,,https://www.jobs.cz/rpd/2001413342/,2026-09-11T16:09:34+02:00
JB_5582,Category manager/nákupčí,"MOL Česká republika, s.r.o.",Praha – Smíchov,,https://www.jobs.cz/rpd/2001408502/,2026-09-11T16:09:34+02:00
JB_3799,"Brand and Marketing Manager | Fly Vista | restaurace, bar & nightlife",Infinite X Prague s.r.o.,Praha – Nové Město + 1 další lokalita,,https://www.jobs.cz/rpd/2000305051/,2026-09-11T16:09:34+02:00
JB_8964,Product Development Partner,VAFO PRODUCTION,Chrášťany,,https://www.jobs.cz/rpd/2001364078/,2026-09-11T16:09:34+02:00
JB_3665,Product Manager - Automotive,Randstad HR Solutions s.r.o.,Praha,,https://www.jobs.cz/rpd/2001403696/,2026-09-11T16:09:34+02:00
JB_9000,Produktový/á manažer/ka pro tým pojištění,"MONETA Money Bank, a.s.",Praha – Michle,,https://www.jobs.cz/rpd/2001414701/,2026-09-11T16:09:49+02:00
JB_2580,Trade Marketing Manager / On Trade,"Brown-Forman Czechia, s.r.o.",Praha – Nové Město,,https://www.jobs.cz/rpd/2001408570/,2026-09-11T16:09:49+02:00
JB_1442,"R2R ACCOUNTING FOR EMEA| UP TO 70,000 CZK+BONUS",Prušák Group s.r.o.,Hlavní město Praha,65 000 – 70 000 Kč,https://www.jobs.cz/rpd/2001421275/,2026-09-11T16:09:49+02:00
JB_0410,INDUSTRIAL PLANNING MANAGER,ALSTOM Czech Republic a.s.,Česká Lípa,,https://www.jobs.cz/rpd/2001403562/,2026-09-11T16:09:49+02:00
JB_1004,Category manažer,Sunnysoft s.r.o.,Praha – Libeň,60 000 – 80 000 Kč,https://www.jobs.cz/rpd/2001386451/,2026-09-11T16:09:49+02:00
JB_4256,Enterprise Mobility Engineer (f/m),T-Mobile Czech Republic a.s.,Praha – Chodov,,https://www.jobs.cz/rpd/2001269819/,2026-09-11T16:09:49+02:00
JB_0050,"R2R ACCOUNTING FOR EMEA| UP TO 70,000 CZK+BONUS",Prušák Group s.r.o.,Hlavní město Praha,65 000 – 70 000 Kč,https://www.jobs.cz/rpd/2001387131/,2026-09-11T16:09:49+02:00
JB_5669,"🤝 Vedoucí fundraisingu Svobody zvířat (HPP 0,7-1,0)","Svoboda zvířat, z.s.",Praha – Vinohrady,28 000 – 43 000 Kč,https://www.jobs.cz/rpd/2001372512/,2026-09-11T16:09:49+02:00
JB_1875,⋙🚀 Supply Chain Manager | Řiďte celý dodavatelský řetězec⋘,"mBlue Czech, s.r.o.",Praha – Zličín,,https://www.jobs.cz/rpd/2001417777/,2026-09-11T16:09:49+02:00
JB_1028,Group Marketing Specialista,"ALEF NULA,a.s.",Praha – Karlín,55 000 – 65 000 Kč,https://www.jobs.cz/rpd/2001322828/,2026-09-11T16:09:49+02:00
JB_3581,Planning Leader (Plánovač výroby) - Cerhovice plant,NOVARES CZ Cerhovice s.r.o.,Cerhovice,,https://www.jobs.cz/rpd/2000668008/,2026-09-11T16:09:49+02:00
JB_2052,Cyber Security Detection Engineer – SOC L3 (m/ž),O2 Czech Republic a.s.,Praha – Michle,,https://www.jobs.cz/rpd/2001219179/,2026-09-11T16:09:49+02:00
JB_9215,IT Technik/Interní podpora,SCS Software s.r.o.,Praha – Chodov,,https://www.jobs.cz/rpd/2001420831/,2026-09-11T16:09:49+02:00
JB_0480,Security & Infrastructure Engineer,LASVIT s.r.o.,Středočeský kraj,,https://www.jobs.cz/rpd/2001081764/,2026-09-11T16:09:49+02:00
JB_3595,Specialista/tka na práci s bezpečnostními logy,"Česká spořitelna, a.s.",Praha – Krč,,https://www.jobs.cz/rpd/2001113468/,2026-09-11T16:09:49+02:00
JB_0411,Inženýr technických analýz a reklamací (Warranty Engineer) m/f/d,VALEO PRAHA,Praha – Strašnice,,https://www.jobs.cz/rpd/2001371299/,2026-09-11T16:09:49+02:00
JB_5363,Vedoucí odboru controllingu,Všeobecná fakultní nemocnice v Praze,Praha – Nové Město,,https://www.jobs.cz/rpd/2001380614/,2026-09-11T16:09:49+02:00
JB_7279,HR Generalist,DHL Global Forwarding (CZ)s.r.o.,Praha – Stodůlky,,https://www.jobs.cz/rpd/2001419009/,2026-09-11T16:09:49+02:00
JB_5180,PR and Communications Manager pro ESET,ESET software spol. s r.o.,Praha – Holešovice,,https://www.jobs.cz/rpd/2001319469/,2026-09-11T16:09:49+02:00
JB_3755,Junior specialista finančního reportingu a IFRS (m/ž),"ČD Cargo, a.s.",Praha – Holešovice,,https://www.jobs.cz/rpd/2001367835/,2026-09-11T16:09:49+02:00
JB_6368,Podpora investic a penzí,"Broker Trust , a.s.",Praha – Michle,,https://www.jobs.cz/rpd/2001384441/,2026-09-11T16:09:49+02:00
JB_9032,Asistent/ka finančního oddělení (20h týdně),ESONIC a.s.,Praha – Křeslice,,https://www.jobs.cz/rpd/2001381359/,2026-09-11T16:09:49+02:00
JB_4067,Logistik - obalový specialista,ManpowerGroup s.r.o.,Nymburk,50 000 – 65 000 Kč,https://www.jobs.cz/rpd/2001297142/,2026-09-11T16:09:49+02:00
JB_4160,"🎥 Content creator(ka) – tvorba reklam, střih, AI",ELODY s.r.o.,Praha – Břevnov,55 000 – 110 000 Kč,https://www.jobs.cz/rpd/2001388524/,2026-09-11T16:09:49+02:00
JB_5933,Programátor K2,"ALO jewelry CZ, s.r.o.",Praha – Holešovice,,https://www.jobs.cz/rpd/2000910419/,2026-09-11T16:09:49+02:00
JB_6078,"Finanční ředitel/ka Svobody zvířat 🦉 (HPP 0,75 - 1,0)","Svoboda zvířat, z.s.",Praha – Vinohrady,30 000 – 43 000 Kč,https://www.jobs.cz/rpd/2001229094/,2026-09-11T16:09:49+02:00
JB_3922,Value Proposition Manager,Allegro Retail a.s.,Hlavní město Praha,,https://www.jobs.cz/rpd/2001413605/,2026-09-11T16:09:49+02:00
JB_6311,Fraud Prevention Manager,"Partners Banka, a.s.",Praha – Chodov,,https://www.jobs.cz/rpd/2001398628/,2026-09-11T16:09:49+02:00
JB_7402,IT Specialista podnikových systémů,"COLAS CZ, a.s.",Praha – Vysočany,,https://www.jobs.cz/rpd/2001415666/,2026-09-11T16:09:49+02:00
JB_2472,Specialista HR systému a mezd (M/Ž) Praha,"ČEPRO, a.s.",Praha – Holešovice,,https://www.jobs.cz/rpd/2001383538/,2026-09-11T16:09:49+02:00
JB_5434,ERP Konzultant / Specialista implementací (Money ERP),PŘEDVÝBĚR.CZ a.s.,Praha – Nusle,65 000 – 90 000 Kč,https://www.jobs.cz/rpd/2001256462/,2026-09-11T16:10:04+02:00
JB_6529,Specialista digitalizace výroby baterií (m/ž),Škoda Auto a.s.,Mladá Boleslav,,https://www.jobs.cz/rpd/2001224629/,2026-09-11T16:10:04+02:00
JB_7928,DATABÁZOVÝ/Á ADMINISTRÁTOR/KA,VŠEOBECNÁ ZDRAVOTNÍ POJIŠŤOVNA ČESKÉ REPUBLIKY,Praha – Vinohrady + 1 další lokalita,,https://www.jobs.cz/rpd/2001413093/,2026-09-11T16:10:04+02:00
JB_0328,Database Administrator,TRASK SOLUTIONS a.s.,Praha – Krč,,https://www.jobs.cz/rpd/2001403164/,2026-09-11T16:10:04+02:00
JB_2279,Storage & Backup Infrastructure Engineer,"Česká spořitelna, a.s.",Praha – Krč,,https://www.jobs.cz/rpd/2001109022/,2026-09-11T16:10:04+02:00
JB_5789,Sales Manager – ERP & Cloud Solutions,"Asseco Solutions, a.s.",Praha – Braník + 1 další lokalita,,https://www.jobs.cz/rpd/2001394527/,2026-09-11T16:10:04+02:00
JB_7747,Social Ads Team Leader,Publicis Groupe,Praha – Libeň,,https://www.jobs.cz/rpd/2001321111/,2026-09-11T16:10:04+02:00
JB_7401,Head of Social Media,TV Prima,Praha – Strašnice,,https://www.jobs.cz/rpd/2001421058/,2026-09-11T16:10:04+02:00
JB_2346,Senior Manager /-ka controllingu a reportingu,"Bright HR, s.r.o.",okres Praha,,https://www.jobs.cz/rpd/2001417415/,2026-09-11T16:10:04+02:00
JB_6506,Accountant Accounts Payable (all genders),Schleich GmbH,Praha,,https://www.jobs.cz/rpd/2001418719/,2026-09-11T16:10:04+02:00
JB_3940,"ADMINISTRATIVNÍ PODPORA, TÝM RENOMIA BENEFIT🌟","RENOMIA, a. s.",Praha – Nové Město,,https://www.jobs.cz/rpd/2000509785/,2026-09-11T16:10:04+02:00
JB_8763,Hlavní / senior účetní v herním studiu 🐎,Warhorse Studios s.r.o.,Praha – Libeň,,https://www.jobs.cz/rpd/2001385296/,2026-09-11T16:10:04+02:00
JB_7442,PPC performance specialista/ka,Direct auto s.r.o.,Hlavní město Praha,,https://www.jobs.cz/rpd/2001184783/,2026-09-11T16:10:04+02:00
JB_4235,Senior PPC Specialista,"ALENSA, s.r.o.",Praha – Libeň,,https://www.jobs.cz/rpd/2001387365/,2026-09-11T16:10:04+02:00
JB_7213,Loyalty/Brand Manager - GANT/Vermont Holding,GANT Central Europe s.r.o.,Praha – Hradčany,,https://www.jobs.cz/rpd/2001408026/,2026-09-11T16:10:04+02:00
JB_5275,Specialista/tka CRM a klientské komunikace - Praha/Olomouc,Banka CREDITAS a.s.,Praha + 1 další lokalita,,https://www.jobs.cz/rpd/2001391460/,2026-09-11T16:10:04+02:00
JB_5362,Specialista informačních systémů,"Czech Airlines Technics, a.s.",Praha – Ruzyně,,https://www.jobs.cz/rpd/2001406102/,2026-09-11T16:10:04+02:00
JB_4342,"CRM & Customer Lifecycle Manager – automatizace, konverze a růst",NAVIGO Praha z.s.,Praha – Vysočany + 1 další lokalita,120 000 – 150 000 Kč,https://www.jobs.cz/rpd/2001372005/,2026-09-11T16:10:04+02:00
JB_3089,Sales Application Developer (m/ž) - Praha,Raiffeisenbank a.s.,Praha – Nusle,,https://www.jobs.cz/rpd/2001408960/,2026-09-11T16:10:04+02:00
JB_1644,✨MARKETING MANAGER - REZIDENČNÍ REAL ESTATE DEVELOPER🏢,Prušák Group s.r.o.,Praha,90 000 – 110 000 Kč,https://www.jobs.cz/rpd/2001382813/,2026-09-11T16:10:04+02:00
JB_0865,Social media specialista,CzechBusiness,Praha – Nové Město,,https://www.jobs.cz/rpd/2001409583/,2026-09-11T16:10:04+02:00
JB_6708,IT Recruiter s HR přesahem,"ARBES Technologies, a.s.",Praha – Smíchov,50 000 – 55 000 Kč,https://www.jobs.cz/rpd/2001304338/,2026-09-11T16:10:04+02:00
JB_5542,Specialista/ka investic do energetických úspor a obnovitelných zdrojů energie,"Národní rozvojová banka, a.s.",Praha – Žižkov,,https://www.jobs.cz/rpd/2001371282/,2026-09-11T16:10:04+02:00
JB_0356,Obchodní konzultant | 2Bminer,Precise sales s.r.o.,Praha – Karlín,60 000 – 120 000 Kč,https://www.jobs.cz/rpd/2001403070/,2026-09-11T16:10:04+02:00
JB_3103,Employee Relations Partner pro Rex Concepts,Rex Concepts,Praha,,https://www.jobs.cz/rpd/2001412708/,2026-09-11T16:10:04+02:00
JB_2124,Finanční manažer/ka grantových projektů,"Český institut informatiky, robotiky a kybernetiky",Praha – Dejvice,32 500 – 37 500 Kč,https://www.jobs.cz/rpd/2001352222/,2026-09-11T16:10:04+02:00
JB_4704,Daňový specialista/specialistka,"ÚJV Řež, a. s.",Husinec – Řež,,https://www.jobs.cz/rpd/2001343065/,2026-09-11T16:10:04+02:00
JB_0721,Regional HR Strategy & Operations Manager with native Czech/Slovak,DRILL Business Services,Hlavní město Praha,,https://www.jobs.cz/rpd/2001403295/,2026-09-11T16:10:04+02:00
JB_1192,Manažer/ka provizního oddělení,UNIQA,Praha – Vokovice,,https://www.jobs.cz/rpd/2001261229/,2026-09-11T16:10:04+02:00
JB_5171,Planning consultant - příležitost pro absolventy ekonomických a IT oborů s praxí při škole,"ADASTRA, s.r.o.",Hlavní město Praha,,https://www.jobs.cz/rpd/2001387390/,2026-09-11T16:10:04+02:00
JB_2164,Mechanical Designer - R&D,Bühler Praha s.r.o.,Praha – Nusle,,https://www.jobs.cz/rpd/2001408263/,2026-09-11T16:10:20+02:00
JB_3114,Mechanical Designer (2D/3D CAD) - R&D,Bühler Praha s.r.o.,Praha – Nusle,,https://www.jobs.cz/rpd/2001338336/,2026-09-11T16:10:20+02:00
JB_5406,Junior Mechanical Designer,Bühler Praha s.r.o.,Praha – Nusle,,https://www.jobs.cz/rpd/2001408483/,2026-09-11T16:10:20+02:00
JB_4278,Sales Manager - IT,NTT Czech Republic s.r.o.,Praha – Krč,,https://www.jobs.cz/rpd/2001331213/,2026-09-11T16:10:20+02:00
JB_9883,✈️REGIONAL MARKETING SUPERVISOR | B2B | REAL ESTATE ✈️,Prušák Group s.r.o.,Praha,80 000 – 110 000 Kč,https://www.jobs.cz/rpd/2001398181/,2026-09-11T16:10:20+02:00
JB_9204,Head of Labour Procurement,rohlik.cz,Praha – Karlín,,https://www.jobs.cz/rpd/2001352608/,2026-09-11T16:10:20+02:00
JB_1770,Specialista pro správu a rozvoj e-shopů,NIKARO s.r.o.,okres Benešov,,https://www.jobs.cz/rpd/2001377628/,2026-09-11T16:10:20+02:00
JB_7111,Regional Manager EU,Solarity s.r.o.,Praha – Nové Město,,https://www.jobs.cz/rpd/2001398755/,2026-09-11T16:10:20+02:00
JB_6038,Kampaňový specialista ve Fidoo!,Direct,Praha – Holešovice,,https://www.jobs.cz/rpd/2001385523/,2026-09-11T16:10:20+02:00
JB_8577,HR Administrator,GE Aviation Czech s.r.o.,Praha – Letňany,,https://www.jobs.cz/rpd/2001309317/,2026-09-11T16:10:20+02:00
JB_0320,Senior specialista odměňování (m/ž),"Kooperativa pojišťovna, a.s., VIG",Praha – Karlín,,https://www.jobs.cz/rpd/2001415613/,2026-09-11T16:10:20+02:00
JB_1479,Technical Developer/Designer,KBC Global Services NV,Praha – Radlice,,https://www.jobs.cz/rpd/2001310592/,2026-09-11T16:10:20+02:00
JB_0199,ICT – Azure/On-prem DevOps Engineer - Olomouc/ Praha,Banka CREDITAS a.s.,Praha – Karlín + 1 další lokalita,,https://www.jobs.cz/rpd/2001258676/,2026-09-11T16:10:20+02:00
JB_6511,GROUP HEAD OF OPERATIONS & TRANSFORMATION,Farkasova International s.r.o.,Praha,,https://www.jobs.cz/rpd/2001388796/,2026-09-11T16:10:20+02:00
JB_9709,Group CFO — Rockin Capital a.s. (Praha),Prochazka & Partners s.r.o.,Praha – Nové Město,,https://www.jobs.cz/rpd/2001390124/,2026-09-11T16:10:20+02:00
JB_7077,Group B2B Marketing Lead,Heureka Group a.s.,Praha,,https://www.jobs.cz/rpd/2001414056/,2026-09-11T16:10:20+02:00
JB_2494,Software Engineer - Snowflake,DHL Information Services (Europe) s.r.o.,Praha – Chodov,,https://www.jobs.cz/rpd/2001366463/,2026-09-11T16:10:20+02:00
JB_9666,Manager/ka veřejných zakázek,Moore Czech Republic s.r.o.,Praha,,https://www.jobs.cz/rpd/2001382547/,2026-09-11T16:10:20+02:00
JB_1125,Finanční ředitel / CFO výrobního závodu,"mBlue Czech, s.r.o.",okres Benešov,,https://www.jobs.cz/rpd/2001400464/,2026-09-11T16:10:20+02:00
JB_2195,Manažer akvizičního týmu,PPL CZ s.r.o.,Praha – Štěrboholy,,https://www.jobs.cz/rpd/2001419059/,2026-09-11T16:10:20+02:00
JB_4903,Chief of Operations - pravá ruka v mezinárodní investiční skupině,Sleepy Bird s.r.o.,Praha – Smíchov,180 000 – 300 000 Kč,https://www.jobs.cz/rpd/2001366065/,2026-09-11T16:10:20+02:00
JB_2453,E-commerce & Digital Media Manager,Oniverse,Praha – Karlín,,https://www.jobs.cz/rpd/2001343654/,2026-09-11T16:10:20+02:00
JB_8966,Segment Manager – Mobile Base Development in Household (f/m),T-Mobile Czech Republic a.s.,Praha – Chodov,,https://www.jobs.cz/rpd/2001398273/,2026-09-11T16:10:20+02:00
JB_4372,OBCHODNÍ ŘEDITEL/KA RENOMIA ČESKÁ REPUBLIKA,"RENOMIA, a. s.",Praha – Nové Město,,https://www.jobs.cz/rpd/2001390595/,2026-09-11T16:10:20+02:00
JB_4575,Regional Operations Manager (w/m/d),Apleona MTS GmbH,Praha,,https://www.jobs.cz/rpd/2001392280/,2026-09-11T16:10:20+02:00
JB_8747,CFO (BUSINESS & OPERATIONS PARTNER TO CEO),Talentem s.r.o.,Praha,,https://www.jobs.cz/rpd/2001417197/,2026-09-11T16:10:20+02:00
JB_7906,Tribe Controller (m/ž),Skupina E.ON,Praha + 1 další lokalita,,https://www.jobs.cz/rpd/2001412817/,2026-09-11T16:10:20+02:00
JB_3604,HR OPERATIONS & TECHNOLOGY MANAGER,BENU Česká republika s.r.o.,Praha – Hostivař,,https://www.jobs.cz/rpd/2001394777/,2026-09-11T16:10:20+02:00
JB_4886,Ředitel / Ředitelka divize AVIATION,"VZLU AEROSPACE, a.s.",Praha – Letňany,,https://www.jobs.cz/rpd/2001395667/,2026-09-11T16:10:20+02:00
JB_5403,🔥 Hledá se LÍDR nového obchodního týmu v PRAZE 🔥,"SIRIUS FINANCE, a. s.",Praha – Holešovice,70 000 – 140 000 Kč,https://www.jobs.cz/rpd/2001411443/,2026-09-11T16:10:20+02:00
JB_5687,COUNTRY MANAGER FOR THE CZECH REPUBLIC | TRANSPORT & LOGISTICS,People Support,Jeneč,,https://www.jobs.cz/rpd/2001405806/,2026-09-11T16:10:33+02:00
JB_2992,PRŮMYSLOVÝ INŽENÝR - NOVÝ PROJEKT (75-85.000 KČ),"Advantage Consulting, s.r.o.",Říčany,75 000 – 85 000 Kč,https://www.jobs.cz/rpd/2001379379/,2026-09-11T16:10:33+02:00
JB_3749,Manažer*ka rozvoje zdrojů a partnerství,GreenpeaceCouncil - Greenpeace Česká republika,Praha – Karlín,,https://www.jobs.cz/rpd/2001274394/,2026-09-11T16:10:33+02:00
JB_3498,Podnikejte s DODO (jako franšízant) - Praha,DoDo Czech s.r.o.,Praha,,https://www.jobs.cz/rpd/2001400551/,2026-09-11T16:10:33+02:00
JB_7557,Podnikejte s DODO (jako franšízant) - Kladno,DoDo Czech s.r.o.,Kladno,,https://www.jobs.cz/rpd/2001400547/,2026-09-11T16:10:33+02:00
JB_4420,Selfcare Project Manager,JNTL Consumer Health (Czech Republic) s.r.o.,Praha – Jinonice,,https://www.jobs.cz/rpd/2001394676/,2026-09-11T16:10:33+02:00
JB_1483,HR MANAGER | výrobní společnost,HOFMANN WIZARD s.r.o.,Brandýs nad Labem-Stará Boleslav – Brandýs nad Labem,,https://www.jobs.cz/rpd/2001406543/,2026-09-11T16:10:33+02:00
JB_3569,Production Manager (Senior),"Cheil Germany GmbH, organizační složka",Černíky,,https://www.jobs.cz/rpd/2001411657/,2026-09-11T16:10:33+02:00
JB_6341,Segment Manager for Devices & Hardware in Household (f/m),T-Mobile Czech Republic a.s.,Praha – Chodov,,https://www.jobs.cz/rpd/2001417418/,2026-09-11T16:10:33+02:00
JB_9565,Head of Domestic Transport / Manažer tuzemské přepravy CZ & SK,"Freight People, s.r.o.",Praha,,https://www.jobs.cz/rpd/2001415751/,2026-09-11T16:10:33+02:00
JB_1619,Tribe Business Partner (m/ž),Skupina E.ON,Praha + 1 další lokalita,,https://www.jobs.cz/rpd/2001412795/,2026-09-11T16:10:33+02:00
JB_6665,Portfolio Manager OTC,PŘEDVÝBĚR.CZ a.s.,Praha – Modřany,,https://www.jobs.cz/rpd/2001391420/,2026-09-11T16:10:33+02:00
JB_2827,Assistant Store Manager,Primark Prodejny s.r.o.,Praha – Třebonice,,https://www.jobs.cz/rpd/2001397941/,2026-09-11T16:10:33+02:00
JB_3628,Seniorní projektový manažer |m/ž|,Manuvia a.s.,Praha,,https://www.jobs.cz/rpd/2001420722/,2026-09-11T16:10:33+02:00
JB_5088,Vedoucí ekonomického oddělení,PŘEDVÝBĚR.CZ a.s.,Praha – Vinohrady,,https://www.jobs.cz/rpd/2001417852/,2026-09-11T16:10:33+02:00
JB_3337,Operations Manager (Výroba a Logistika),AAS Automotive s.r.o.,Milovice – Mladá,,https://www.jobs.cz/rpd/2001372069/,2026-09-11T16:10:33+02:00
JB_1073,"🎯VEDOUCÍ VÝROBNÍ HALY 🎯| Buďte lídrem, který udává směr výrobě",ALLTUB CENTRAL EUROPE s.r.o.,Kolín – Kolín IV,,https://www.jobs.cz/rpd/2001393833/,2026-09-11T16:10:33+02:00
JB_0430,Obchodník s cestou do leadershipu | AI Everbot | Nová pobočka v Praze,Everbot s.r.o.,Hlavní město Praha,100 000 – 200 000 Kč,https://www.jobs.cz/rpd/2001405150/,2026-09-11T16:10:33+02:00
JB_6732,Koordinátor/ka v logistice a HR podpora v Praze nebo Hradci Královém,Deklarace odpovědného podnikání z. s.,Praha – Radlice,40 000 – 45 000 Kč,https://www.jobs.cz/rpd/2001337400/,2026-09-11T16:10:33+02:00
JB_4467,Team Leader v logistickém centru,Bookbot s.r.o.,Praha – Hostivař,50 000 – 65 000 Kč,https://www.jobs.cz/rpd/2001411394/,2026-09-11T16:10:33+02:00
JB_3484,🚀 Growth & Marketing Manager,Bohemian Estates International s.r.o.,Praha – Holešovice,,https://www.jobs.cz/rpd/2001376261/,2026-09-11T16:10:33+02:00
JB_9138,System Architect,KBC Global Services NV,Praha – Radlice,,https://www.jobs.cz/rpd/2001395937/,2026-09-11T16:10:33+02:00
JB_9266,Specialista/ka marketingu a komunikace s dárci,UNICAplasma s.r.o.,Praha – Dejvice,50 000 – 55 000 Kč,https://www.jobs.cz/rpd/2001373842/,2026-09-11T16:10:33+02:00
JB_8824,Group Head of Total Rewards & HR Controlling,"ADASTRA, s.r.o.",Praha – Karlín,,https://www.jobs.cz/rpd/2001323929/,2026-09-11T16:10:33+02:00
JB_7976,Head of Performance & Reward,Notino s.r.o.,Praha + 1 další lokalita,,https://www.jobs.cz/rpd/2001395981/,2026-09-11T16:10:33+02:00
JB_4411,Projektový/á manažer/ka pro evropské a mezinárodní projekty ve vědě a výzkumu,Univerzita Karlova - Filozofická fakulta,Praha – Nové Město,50 000 – 53 000 Kč,https://www.jobs.cz/rpd/2001374099/,2026-09-11T16:10:33+02:00
JB_9708,Segmentový manažer / Segmentová manažerka,Skupina ČEZ,Praha – Michle,,https://www.jobs.cz/rpd/2001413518/,2026-09-11T16:10:33+02:00
JB_1992,Logistics Partner Account Manager,rohlik.cz,Praha – Ruzyně,,https://www.jobs.cz/rpd/2001327400/,2026-09-11T16:10:33+02:00
JB_3783,Learning & Performance Business Partner,Vodafone Czech Republic a.s.,Praha – Stodůlky,,https://www.jobs.cz/rpd/2001385540/,2026-09-11T16:10:33+02:00
JB_0541,Brand Manager Starbucks,AmRest s.r.o.,Praha – Jinonice,,https://www.jobs.cz/rpd/2001334443/,2026-09-11T16:10:33+02:00
JB_0027,IT Core PL/SQL Developer*ka,Raiffeisenbank a.s.,Praha – Nusle,,https://www.jobs.cz/rpd/2001418953/,2026-09-11T16:10:45+02:00
JB_5965,Náborář (m/ž),O2 Czech Republic a.s.,Praha – Michle,,https://www.jobs.cz/rpd/2001415365/,2026-09-11T16:10:45+02:00
JB_2245,Vývojář Python aplikací pro automatizaci s podporou AI,Dlubal Software s.r.o.,Praha – Vinohrady,,https://www.jobs.cz/rpd/2001413393/,2026-09-11T16:10:45+02:00
JB_0140,SEO & AI Search Specialista (AEO/GEO) – medior/senior,MONEE TECH GROUP s.r.o.,Praha – Nové Město,,https://www.jobs.cz/rpd/2001403504/,2026-09-11T16:10:45+02:00
JB_5321,Operations Officer,"Industrial and Commercial Bank of China Limited, Prague Branch",Praha – Nusle,,https://www.jobs.cz/rpd/2001394709/,2026-09-11T16:10:45+02:00
JB_5999,Head of Opavia Brand (f/m/x),Mondelez Czech Republic s.r.o.,Praha – Karlín,,https://www.jobs.cz/rpd/2001419201/,2026-09-11T16:10:45+02:00
JB_6898,ERP specialista,PRIMAGAS s.r.o.,Praha – Nusle,,https://www.jobs.cz/rpd/2001403169/,2026-09-11T16:10:45+02:00
JB_0538,Head of Total Rewards & Performance,"Kooperativa pojišťovna, a.s., VIG",Praha – Karlín,,https://www.jobs.cz/rpd/2001419843/,2026-09-11T16:10:45+02:00
JB_6887,PRAHA – ACCOUNT MANAGER se zaškolením,Rail clinic s.r.o.,Praha – Malá Strana,35 000 – 45 000 Kč,https://www.jobs.cz/rpd/2001379659/,2026-09-11T16:10:45+02:00
JB_2857,Marketing (Product) Manager / Medical Devices / PRAHA,Pharmonia s.r.o.,Hlavní město Praha,,https://www.jobs.cz/rpd/2001412808/,2026-09-11T16:10:45+02:00
JB_1186,INTERNATIONAL TAX MANAGER|BIG4 EXPERIENCE WELCOME|CZ+ENG,Prušák Group s.r.o.,Hlavní město Praha,,https://www.jobs.cz/rpd/2001417636/,2026-09-11T16:10:45+02:00
JB_0543,INTERNATIONAL TAX MANAGER|BIG4 EXPERIENCE WELCOME|CZ+ENG,Prušák Group s.r.o.,Hlavní město Praha,,https://www.jobs.cz/rpd/2001391292/,2026-09-11T16:10:45+02:00
JB_3636,Marketing Manager,"INVESTIKA, investiční společnost, a.s.",Praha,,https://www.jobs.cz/rpd/2001396265/,2026-09-11T16:10:45+02:00
JB_3405,HR Specialista,SAINT-GOBAIN,Hořovice,,https://www.jobs.cz/rpd/2001408950/,2026-09-11T16:10:45+02:00
JB_1957,"HR manažer (nábor, HR marketing, péče)",RegioJet a.s.,Praha – Nové Město,,https://www.jobs.cz/rpd/2001100499/,2026-09-11T16:10:45+02:00
JB_7066,Marketing Digital Specialista(M/Ž),"KNAUF Praha, spol. s r. o.",Praha – Kbely,,https://www.jobs.cz/rpd/2001398325/,2026-09-11T16:10:45+02:00
JB_1487,Account Manager – Public Relations,EMBASSY Public Relations s.r.o.,Praha – Smíchov,40 000 – 60 000 Kč,https://www.jobs.cz/rpd/2001068074/,2026-09-11T16:10:45+02:00
JB_3418,Vedoucí logistiky,ManpowerGroup s.r.o.,Čestlice,,https://www.jobs.cz/rpd/2001399378/,2026-09-11T16:10:45+02:00
JB_4753,Elektro specialista VN,"Letiště Praha, a. s.",Praha – Ruzyně,,https://www.jobs.cz/rpd/2000492705/,2026-09-11T16:10:45+02:00
JB_0395,Group Tax Manager – Real Estate Development,Heat & Lark s.r.o.,Praha,,https://www.jobs.cz/rpd/2001410029/,2026-09-11T16:10:45+02:00
JB_9176,Treasury manažer/ka,KBP Back Office s.r.o.,Praha – Nusle,,https://www.jobs.cz/rpd/2001409367/,2026-09-11T16:10:45+02:00
JB_6734,Staňte se naším SENIOR Business Partnerem v železniční dopravě v Malešicích,ARRIVA,Praha – Malešice,,https://www.jobs.cz/rpd/2001417700/,2026-09-11T16:10:45+02:00
JB_2450,Compensation & Benefits Manager (ž/m),NO77 s.r.o.,Praha,,https://www.jobs.cz/rpd/2001417853/,2026-09-11T16:10:45+02:00
JB_9611,Specialista marketingové komunikace,Generální finanční ředitelství,Praha – Nové Město,42 736 – 61 248 Kč,https://www.jobs.cz/rpd/2001416876/,2026-09-11T16:10:45+02:00
JB_6938,Vedoucí směny logistického centra Jirny,DATART,Praha – Horní Počernice,,https://www.jobs.cz/rpd/2001384794/,2026-09-11T16:10:45+02:00
JB_8609,HR Generalist: pro zahraniční pobočky 🌍,"Sécheron Hasler CZ, spol. s r.o.",Praha – Běchovice,,https://www.jobs.cz/rpd/2001393891/,2026-09-11T16:10:45+02:00
JB_4877,Dotační manažer - možnost práce mimo Prahu,"Penta Hospitals CZ, s.r.o.",Praha – Nové Město,,https://www.jobs.cz/rpd/2001224209/,2026-09-11T16:10:45+02:00
JB_4654,HR Administrator,rohlik.cz,Praha – Liboc,,https://www.jobs.cz/rpd/2001408646/,2026-09-11T16:10:45+02:00
JB_5557,Administrátor nákupního systému - Junior,"PHOENIX lékárenský velkoobchod, s.r.o.",Praha – Hostivař,,https://www.jobs.cz/rpd/2001374176/,2026-09-11T16:10:45+02:00
JB_7870,Vlakový specialista,"METRANS, a.s.",Praha – Uhříněves,40 000 – 42 000 Kč,https://www.jobs.cz/rpd/2001415489/,2026-09-11T16:10:45+02:00
JB_4412,Asistent/ka plánování výroby - Junior Supply Chain Planner,"Uzeniny Příbram, a.s.",Příbram – Příbram I,,https://www.jobs.cz/rpd/2001373735/,2026-09-11T16:10:53+02:00
JB_5051,Junior technik procesů a údržby (start pro studenty/absolventy),VALEO RAKOVNÍK 1,Rakovník – Rakovník II,,https://www.jobs.cz/rpd/2001417469/,2026-09-11T16:10:53+02:00
JB_9437,KONSTRUKTÉR - DŘEVO VÝROBA,MORIS design s.r.o.,Český Brod,60 000 – 90 000 Kč,https://www.jobs.cz/rpd/2001393921/,2026-09-11T16:10:53+02:00
JB_7788,Fundraiser / fundraiserka pro firemní agendu,Nadační fond Eduzměna,Praha – Holešovice,,https://www.jobs.cz/rpd/2001186479/,2026-09-11T16:10:53+02:00
JB_2482,Senior marketingový specialista / specialistka,NUTRIADAPT s.r.o.,Praha – Vinohrady,,https://www.jobs.cz/rpd/2001413599/,2026-09-11T16:10:53+02:00
JB_0243,Customer Success Manager,LutherOne a.s.,Praha – Karlín,,https://www.jobs.cz/rpd/2001390281/,2026-09-11T16:10:53+02:00
JB_3265,Produkční administrátor,"Czech Airlines Technics, a.s.",Praha – Ruzyně,,https://www.jobs.cz/rpd/2001413013/,2026-09-11T16:10:53+02:00
JB_2564,Specialista/ka digitalizace ekonomických procesů,Institut postgraduálního vzdělávání ve zdravotnictví,Praha – Vinohrady,,https://www.jobs.cz/rpd/2001409573/,2026-09-11T16:10:53+02:00
JB_4178,Provozní nákupční,AmRest s.r.o.,Praha – Jinonice,,https://www.jobs.cz/rpd/2001394495/,2026-09-11T16:10:53+02:00
JB_3472,Senior strojní inžernýr/ka,Prusa Research a.s.,Praha – Holešovice,,https://www.jobs.cz/rpd/2001415543/,2026-09-11T16:10:53+02:00
JB_9713,Procesní inženýr logistiky,PST CLC Mitsui-Soko a.s.,Kutná Hora – Sedlec,,https://www.jobs.cz/rpd/2001380478/,2026-09-11T16:10:53+02:00
JB_9095,Head of Accounting,fabini brand s.r.o.,Praha – Holešovice,,https://www.jobs.cz/rpd/2001379658/,2026-09-11T16:10:53+02:00
JB_4077,📌 HR Support - BRIGÁDA,Lindt & Sprüngli (CEE) s.r.o.,Praha – Nusle,,https://www.jobs.cz/rpd/2001413500/,2026-09-11T16:10:53+02:00
JB_3499,Nabídka dlouhodobé spolupráce na DPČ,CETIN a.s.,Praha – Libeň,,https://www.jobs.cz/rpd/2001272622/,2026-09-11T16:10:53+02:00
JB_0724,Deputy Finance Manager,Provident Financial s.r.o.,Praha,,https://www.jobs.cz/rpd/2001401547/,2026-09-11T16:10:53+02:00
JB_1024,SPECIALISTA BACK OFFICE - SENIOR,J&T BANKA,Praha – Karlín,,https://www.jobs.cz/rpd/2001252067/,2026-09-11T16:10:53+02:00
JB_7254,VEDOUCÍ/MANAŽER SKLADU,PŘEDVÝBĚR.CZ a.s.,Kněževes,60 000 – 70 000 Kč,https://www.jobs.cz/rpd/2001400963/,2026-09-11T16:10:53+02:00
JB_6197,Oblastní manažer/ka provozu logistiky - Celá ČR (Depa),Zásilkovna s.r.o.,Praha – Libeň,,https://www.jobs.cz/rpd/2001328956/,2026-09-11T16:10:53+02:00
JB_3662,Koordinátor/ka marketingu centra Hydropolis,Pražské vodovody a kanalizace a.s.,Praha – Vinohrady,,https://www.jobs.cz/rpd/2001399452/,2026-09-11T16:10:53+02:00
JB_0555,Senior Accountant pro Alza.HU (JPO31754),Alza.cz a.s.,Praha – Holešovice,,https://www.jobs.cz/rpd/2001396624/,2026-09-11T16:10:53+02:00
JB_5114,Country Buyer,AmRest s.r.o.,Praha – Jinonice,,https://www.jobs.cz/rpd/2001387045/,2026-09-11T16:10:53+02:00
JB_3503,Area Manager / Vedoucí směny,rohlik.cz,Praha – Horní Počernice,,https://www.jobs.cz/rpd/2001373228/,2026-09-11T16:10:53+02:00
JB_9039,DISPEČER / OPERÁTOR FRONT OFFICE (m/f) – Externí spolupráce na IČO,Drivalia Lease Czech Republic s.r.o.,Praha – Ruzyně,,https://www.jobs.cz/rpd/2001387134/,2026-09-11T16:10:53+02:00
JB_5381,Junior Network Administrator,WIA spol. s r.o.,Praha – Krč,40 000 Kč,https://www.jobs.cz/rpd/2001326398/,2026-09-11T16:10:53+02:00
JB_2831,Relationship Manager - Remote Corporate banking,"Česká spořitelna, a.s.",Praha – Krč,,https://www.jobs.cz/rpd/2001335627/,2026-09-11T16:10:53+02:00
JB_9583,Osobní bankéř/ka - Praha (Lazarská a Florenc),Banka CREDITAS a.s.,Praha,,https://www.jobs.cz/rpd/2000711512/,2026-09-11T16:10:53+02:00
JB_0250,Technik,Future Recruitment s.r.o.,Praha,,https://www.jobs.cz/rpd/2001385514/,2026-09-11T16:10:53+02:00
JB_1484,Manažer logistiky,"LINDE + WIEMANN CZ, s.r.o.",Nymburk,,https://www.jobs.cz/rpd/2001385390/,2026-09-11T16:10:53+02:00
JB_8235,Specialista krizové připravenosti - dotační agenda (m/ž),Všeobecná fakultní nemocnice v Praze,Praha – Nové Město,,https://www.jobs.cz/rpd/2001419511/,2026-09-11T16:10:53+02:00
JB_9091,Specialista krizové připravenosti – krizové informační a svolávací systémy (m/ž),Všeobecná fakultní nemocnice v Praze,Praha – Nové Město,,https://www.jobs.cz/rpd/2001419486/,2026-09-11T16:10:53+02:00
JB_6690,Manažer přípravy vozidel do hry (Vehicle Preproduction Manager),SCS Software s.r.o.,Praha – Chodov,,https://www.jobs.cz/rpd/2001394740/,2026-09-11T16:11:05+02:00
JB_0609,DISPONENT REGIONÁLNÍCH DODACÍCH SLUŽEB,Expeditors International ČR s.r.o.,Tuchoměřice,,https://www.jobs.cz/rpd/2001373755/,2026-09-11T16:11:05+02:00
JB_2171,Disponent(ka) mezinárodních leteckých zásilek,ZOOM-CARGO s.r.o.,Praha – Bubeneč,40 000 – 55 000 Kč,https://www.jobs.cz/rpd/2001407938/,2026-09-11T16:11:05+02:00
JB_3491,"Lektor*ka pro školní programy (0,1–0,2)","Junák - český skaut, Skautský institut, z. s.",Praha – Staré Město,,https://www.jobs.cz/rpd/2001384644/,2026-09-11T16:11:05+02:00
JB_4153,Účetní,TRASK SOLUTIONS a.s.,Praha – Krč,,https://www.jobs.cz/rpd/2001384743/,2026-09-11T16:11:05+02:00
JB_4658,Specialista logistických projektů VDÚ,Magna Exteriors (Bohemia) s.r.o.,Nymburk,,https://www.jobs.cz/rpd/2001358322/,2026-09-11T16:11:05+02:00
JB_9829,Nákupčí,COFFEEBREAK s.r.o.,Praha – Třebonice,,https://www.jobs.cz/rpd/2001417908/,2026-09-11T16:11:05+02:00
JB_2590,Junior HR Specialista,KAPRAIN a.s.,Praha – Libeň,,https://www.jobs.cz/rpd/2001372056/,2026-09-11T16:11:05+02:00
JB_3995,HR SPECIALISTA/KA,K & V ELEKTRO a.s.,Praha – Smíchov,,https://www.jobs.cz/rpd/2001406201/,2026-09-11T16:11:05+02:00
JB_5717,Business Operations Assistant,3GENES distribution a.s.,Praha,40 000 – 45 000 Kč,https://www.jobs.cz/rpd/2001415362/,2026-09-11T16:11:05+02:00
JB_1345,Finanční účetní/Junior Controller,"TÜV NORD Czech, s.r.o.",Praha – Libeň,,https://www.jobs.cz/rpd/2001415827/,2026-09-11T16:11:05+02:00
JB_1220,Trainee - Shopper/Trade Marketing (part-time),JACOBS DOUWE EGBERTS CZ s.r.o.,Praha – Nusle,15 000 – 20 000 Kč,https://www.jobs.cz/rpd/2001403231/,2026-09-11T16:11:05+02:00
JB_9515,⭕Disponent námořních přeprav/ Ocean Freight -JUNIOŘI VÍTÁNI!,"ProfesKontakt, s.r.o.",Hlavní město Praha,40 000 – 65 000 Kč,https://www.jobs.cz/rpd/2001414765/,2026-09-11T16:11:05+02:00
JB_4599,FINANČNÍ ÚČETNÍ,invelt - s.r.o.,Praha – Stodůlky,45 000 – 65 000 Kč,https://www.jobs.cz/rpd/2001413543/,2026-09-11T16:11:05+02:00
JB_8279,Senior Účetní,FTMO s.r.o.,Praha – Nové Město,,https://www.jobs.cz/rpd/2001390184/,2026-09-11T16:11:05+02:00
JB_9493,SPECIALISTA ENERGETIKY | ENERGETICKÁ EFEKTIVITA A ÚSPORY | MEZINÁRODNÍ DEVELOPER,Prušák Group s.r.o.,Praha,50 000 – 70 000 Kč,https://www.jobs.cz/rpd/2001411700/,2026-09-11T16:11:05+02:00
JB_8644,Vedoucí personálního a mzdového oddělení,ANEXIA s.r.o.,Rakovník,,https://www.jobs.cz/rpd/2001409978/,2026-09-11T16:11:05+02:00
JB_4104,💻 HR Trainee | Příležitost pro studenty,FORVIA Faurecia Group,Bakov nad Jizerou – Horka,,https://www.jobs.cz/rpd/2001350121/,2026-09-11T16:11:05+02:00
JB_6439,Lead (Outbound)/Koordinátor úseku skladu,rohlik.cz,Chrášťany,,https://www.jobs.cz/rpd/2001407778/,2026-09-11T16:11:05+02:00
JB_1872,"HR SPECIALISTA | nábor, HR agenda & employer branding",HOFMANN WIZARD s.r.o.,Brandýs nad Labem-Stará Boleslav – Stará Boleslav,,https://www.jobs.cz/rpd/2001406548/,2026-09-11T16:11:05+02:00
JB_5685,Specialista přepravy (m/ž)🚛mzda od 40 000 Kč,"MAXIN'S People Czech, s.r.o.",Kolín – Kolín I,40 000 – 45 000 Kč,https://www.jobs.cz/rpd/2001405899/,2026-09-11T16:11:05+02:00
JB_1274,Osobní bankéř/ka - Benešov,Banka CREDITAS a.s.,Benešov,,https://www.jobs.cz/rpd/2001405573/,2026-09-11T16:11:05+02:00
JB_7519,"HR & PAYROLL ADMINISTRATOR, nástup možný ihned, PHA 4","Axial Personnel Agency, s.r.o.",Praha,50 000 – 60 000 Kč,https://www.jobs.cz/rpd/2001405401/,2026-09-11T16:11:05+02:00
JB_3449,Personalista junior (M/Ž) - Praha,M2C,Praha – Nové Město,,https://www.jobs.cz/rpd/2000934290/,2026-09-11T16:11:05+02:00
JB_5086,Growth Manager,PŘEDVÝBĚR.CZ a.s.,Praha – Nové Město,70 000 – 90 000 Kč,https://www.jobs.cz/rpd/2001400618/,2026-09-11T16:11:05+02:00
JB_9337,Projektant se zaměřením na elektro s ČKAIT,"Letiště Praha, a. s.",Praha – Ruzyně,,https://www.jobs.cz/rpd/2000930406/,2026-09-11T16:11:05+02:00
JB_1287,SPECIALISTA ENERGETIKY | ENERGETICKÁ EFEKTIVITA A ÚSPORY | MEZINÁRODNÍ DEVELOPER,Prušák Group s.r.o.,Praha,50 000 – 70 000 Kč,https://www.jobs.cz/rpd/2001399875/,2026-09-11T16:11:05+02:00
JB_4504,MZDOVÁ ÚČETNÍ / PERSONALISTA,"Technická správa komunikací hl. m. Prahy, a.s.",Praha – Holešovice,,https://www.jobs.cz/rpd/2001398233/,2026-09-11T16:11:05+02:00
JB_9644,Administrativní specialista/specialistka pohledávek | Fix až 55 000 Kč,TRANS FACTORING s.r.o.,Praha – Miškovice,50 000 – 55 000 Kč,https://www.jobs.cz/rpd/2001375673/,2026-09-11T16:11:05+02:00
JB_6857,Marketing manažer,PŘEDVÝBĚR.CZ a.s.,Praha,70 000 – 110 000 Kč,https://www.jobs.cz/rpd/2001396691/,2026-09-11T16:11:05+02:00
JB_1638,Media Planner,Allwyn Česko a.s.,Praha – Vokovice,,https://www.jobs.cz/rpd/2001396606/,2026-09-11T16:11:17+02:00
JB_5307,TECHNICKÝ SPECIALISTA OTEVŘENÝCH ZDROJŮ,Bezpečnostní informační služba,Praha – Stodůlky,,https://www.jobs.cz/rpd/2001394421/,2026-09-11T16:11:17+02:00
JB_8128,ÚČETNÍ HLAVNÍ/SENIOR – doprava a logistika | Kozomín u Prahy,"HrubyMOVING TRANSPORT, a.s.",Kozomín,,https://www.jobs.cz/rpd/2001278392/,2026-09-11T16:11:17+02:00
JB_1612,SPECIALISTA ENERGETIKY | ENERGETICKÁ EFEKTIVITA A ÚSPORY | MEZINÁRODNÍ DEVELOPER,Prušák Group s.r.o.,Praha,50 000 – 70 000 Kč,https://www.jobs.cz/rpd/2001391784/,2026-09-11T16:11:17+02:00
JB_7961,⭕Disponent námořních přeprav/ Ocean Freight -JUNIOŘI VÍTÁNI!,"ProfesKontakt, s.r.o.",Hlavní město Praha,40 000 – 65 000 Kč,https://www.jobs.cz/rpd/2001391187/,2026-09-11T16:11:17+02:00
JB_0979,Accountant,PKF APOGEO Group,Praha – Karlín + 1 další lokalita,,https://www.jobs.cz/rpd/2001151945/,2026-09-11T16:11:17+02:00
JB_9093,Pracovník koordinace zásob skladu (ž/m),Kaufland Česká republika v.o.s.,Modletice,,https://www.jobs.cz/rpd/2001123654/,2026-09-11T16:11:17+02:00
JB_4946,KOORDINÁTOR/KA LOGISTIKY SKLADU DATART,DATART,Jirny,35 000 – 39 000 Kč,https://www.jobs.cz/rpd/2001384782/,2026-09-11T16:11:17+02:00
JB_7796,Správce/správkyně knihovních prvků sekundární techniky v AutoCADu,"ČEPS Invest, a.s.",Praha – Vinohrady,,https://www.jobs.cz/rpd/2000753901/,2026-09-11T16:11:17+02:00
JB_5689,⭕ Specialisté logistiky s AJ - Karlín ► JUNIOR/SENIOR ◄ (40.000 - 60.000 Kč + 13. mzda),"ProfesKontakt, s.r.o.",Hlavní město Praha,40 000 – 60 000 Kč,https://www.jobs.cz/rpd/2001383535/,2026-09-11T16:11:17+02:00
JB_9871,Referent zákaznického servisu s AJ - Pavlov (DSV CL),DSV Road s.r.o.,Pavlov,,https://www.jobs.cz/rpd/2001383095/,2026-09-11T16:11:17+02:00
JB_4934,SENIOR GROUP BRAND MANAGER - TOP FMCG SPOLEČNOST - BRATISLAVA (hybrid) a PRAHA (2 pozice),DRILL Business Services,Praha + 1 další lokalita,90 000 – 140 000 Kč,https://www.jobs.cz/rpd/2001381189/,2026-09-11T16:11:17+02:00
JB_1034,Účetní (m/ž),B. Braun,Praha – Chodov,,https://www.jobs.cz/rpd/2001193191/,2026-09-11T16:11:17+02:00
JB_9076,Koordinátor/ka distribuce,MAKRO Cash & Carry ČR s.r.o.,Praha – Stodůlky,,https://www.jobs.cz/rpd/2001281399/,2026-09-11T16:11:17+02:00
JB_8234,SPECIALISTA ENERGETIKY | ENERGETICKÁ EFEKTIVITA A ÚSPORY | MEZINÁRODNÍ DEVELOPER,Prušák Group s.r.o.,Praha,50 000 – 70 000 Kč,https://www.jobs.cz/rpd/2001372229/,2026-09-11T16:11:17+02:00
JB_5272,Máte chuť zpracovat mzdy pro RegioJet/Student Agency?,RegioJet a.s.,Praha – Nové Město,,https://www.jobs.cz/rpd/2001372087/,2026-09-11T16:11:17+02:00
JB_6099,⭕Disponent námořních přeprav/ Ocean Freight -JUNIOŘI VÍTÁNI!,"ProfesKontakt, s.r.o.",Hlavní město Praha,40 000 – 65 000 Kč,https://www.jobs.cz/rpd/2001371211/,2026-09-11T16:11:17+02:00
JB_7886,"Senior Engineer, AI Engineering",NKT s.r.o.,Hlavní město Praha,,https://www.jobs.cz/rpd/2001330697/,2026-09-11T16:11:17+02:00
JB_6654,Engineering Lead pro Direct Auto,Direct,Praha – Holešovice,,https://www.jobs.cz/rpd/2001380677/,2026-09-11T16:11:17+02:00
JB_9100,2nd Level Application Support for BCS/SAP,"COMMERZBANK Aktiengesellschaft, pobočka Praha",Praha – Nové Město,,https://www.jobs.cz/rpd/2001283822/,2026-09-11T16:11:17+02:00
JB_1738,ředitel Výpočetního a informačního centra ČVUT v Praze,České vysoké učení technické v Praze,Praha – Dejvice,130 000 – 160 000 Kč,https://www.jobs.cz/rpd/2001405293/,2026-09-11T16:11:17+02:00
JB_9476,Senior AI Platform Engineer | LLM Serving & AI Operations,České Radiokomunikace a.s.,Praha – Břevnov,,https://www.jobs.cz/rpd/2001364990/,2026-09-11T16:11:17+02:00
JB_2071,ServiceNow Security Operations Engineer,"COMMERZBANK Aktiengesellschaft, pobočka Praha",Praha – Nové Město,,https://www.jobs.cz/rpd/2001317006/,2026-09-11T16:11:17+02:00
JB_2152,CUSTOMER EXPERIENCE DESIGNER JUNIOR,Generali Česká pojišťovna a.s.,Praha – Michle,,https://www.jobs.cz/rpd/2001402606/,2026-09-11T16:11:17+02:00
JB_9994,SAP Business Expert – SAP Project Systems,"COMMERZBANK Aktiengesellschaft, pobočka Praha",Praha – Nové Město,,https://www.jobs.cz/rpd/2001331668/,2026-09-11T16:11:17+02:00
JB_4746,Finance Controller senior,Future Recruitment s.r.o.,Hlavní město Praha,,https://www.jobs.cz/rpd/2001385752/,2026-09-11T16:11:17+02:00
JB_6213,Group FP&A Controller – Real Estate Development,Heat & Lark s.r.o.,Praha,70 000 – 85 000 Kč,https://www.jobs.cz/rpd/2001383545/,2026-09-11T16:11:17+02:00
JB_4912,Finance Controller,NonStop Consulting s.r.o.,Krušovice,60 000 – 80 000 Kč,https://www.jobs.cz/rpd/2001401746/,2026-09-11T16:11:17+02:00
JB_7724,Interní auditor/interní auditorka junior,"Česká pošta, s.p.",Praha – Nové Město,,https://www.jobs.cz/rpd/2001409426/,2026-09-11T16:11:17+02:00
JB_7045,Finanční controller (m/ž),OBI Česká republika s.r.o.,Praha – Michle,,https://www.jobs.cz/rpd/2001379080/,2026-09-11T16:11:17+02:00
JB_2704,Projektový manažer,Resilient a.s.,Praha – Modřany,100 000 – 120 000 Kč,https://www.jobs.cz/rpd/2001399372/,2026-09-11T16:11:23+02:00
JB_6737,Účetní závazků a zákaznických bonusů | SAP | Praha,Tessero Czech Republic s.r.o.,Praha,45 000 – 55 000 Kč,https://www.jobs.cz/rpd/2001394753/,2026-09-11T16:11:23+02:00
JB_4687,Service Asset Configuration Manager,Generali Operation Service Platform,Praha – Michle,,https://www.jobs.cz/rpd/2001325290/,2026-09-11T16:11:23+02:00
JB_6399,Solution Architect pro bankovní projekty,TRASK SOLUTIONS a.s.,Praha – Krč,,https://www.jobs.cz/rpd/2001397944/,2026-09-11T16:11:23+02:00
JB_1043,Partnership Manager,BigHub s.r.o.,Praha – Nové Město,60 000 – 75 000 Kč,https://www.jobs.cz/rpd/2001383138/,2026-09-11T16:11:23+02:00
JB_7546,IT Architect ​,Unicorn,Praha – Holešovice,,https://www.jobs.cz/rpd/2001380886/,2026-09-11T16:11:23+02:00
JB_8779,Technical Product Owner,Good at IT s.r.o.,Praha – Hradčany,,https://www.jobs.cz/rpd/2001382707/,2026-09-11T16:11:23+02:00
JB_1869,Projektový manažer s přesahem do datové oblasti,Skupina ČEZ,Praha – Michle,,https://www.jobs.cz/rpd/2001410235/,2026-09-11T16:11:23+02:00
JB_1149,Product owner robotika a datové analýzy (m/ž),Škoda Auto a.s.,Mladá Boleslav – Mladá Boleslav II,,https://www.jobs.cz/rpd/2001335552/,2026-09-11T16:11:23+02:00
JB_0024,Project Manager,Unicorn,Praha – Holešovice,,https://www.jobs.cz/rpd/2001383096/,2026-09-11T16:11:23+02:00
JB_2273,AI Customer Journey Expert,UNIQA,Praha – Vokovice + 1 další lokalita,,https://www.jobs.cz/rpd/2001321112/,2026-09-11T16:17:36+02:00
JB_5586,IT Service Quality Manager,Generali Operation Service Platform,Praha – Michle,,https://www.jobs.cz/rpd/2001352204/,2026-09-11T16:17:36+02:00
JB_9436,PRODUKTOVÝ MANAŽER - iVYSÍLÁNÍ,ČESKÁ TELEVIZE,Praha – Podolí,,https://www.jobs.cz/rpd/2001403391/,2026-09-11T16:17:36+02:00
JB_7807,IT TECHNOLOGY PROGRAMME MANAGER,Tesco Stores ČR a.s. - Centrála,Praha – Vršovice,,https://www.jobs.cz/rpd/2001339925/,2026-09-11T16:17:36+02:00
JB_7972,AI Architect,TRASK SOLUTIONS a.s.,Praha – Krč,,https://www.jobs.cz/rpd/2001419689/,2026-09-11T16:17:36+02:00
JB_0717,IT Procesní manažer*ka / specialista*tka,Raiffeisenbank a.s.,Praha – Nusle,,https://www.jobs.cz/rpd/2001378559/,2026-09-11T16:17:36+02:00
JB_4300,Global HR SuccessFactors Project Manag - možnost práce z domova a flexibilní pracovní doba,"Innomotics, s.r.o.",Praha – Stodůlky + 1 další lokalita,,https://www.jobs.cz/rpd/2001402764/,2026-09-11T16:17:36+02:00
JB_6894,Head of Product Delivery,SAB servis s.r.o.,Praha – Vokovice,,https://www.jobs.cz/rpd/2001417814/,2026-09-11T16:17:36+02:00
JB_7949,Project Manager - logistika (m/ž),Zásilkovna s.r.o.,Praha – Libeň,,https://www.jobs.cz/rpd/2001341492/,2026-09-11T16:17:36+02:00
JB_3597,Group IT Procurement Manager,Dr.Max,Praha – Nové Město,,https://www.jobs.cz/rpd/2001324685/,2026-09-11T16:17:36+02:00
JB_6359,IT Odborný Specialista,"Elmoz Czech, s.r.o.",Benešov,,https://www.jobs.cz/rpd/2001394405/,2026-09-11T16:17:36+02:00
JB_9332,Cloud Platform Engineer,CETIN a.s.,Praha – Libeň,,https://www.jobs.cz/rpd/2001358554/,2026-09-11T16:17:36+02:00
JB_3607,Backend Systems Engineer (Oracle & Integration) - (m/f/d),"Siemens, s.r.o.",Praha – Stodůlky + 1 další lokalita,,https://www.jobs.cz/rpd/2001405140/,2026-09-11T16:17:36+02:00
JB_7359,Datawarehouse Operator (Production),KBC Global Services NV,Hlavní město Praha,,https://www.jobs.cz/rpd/2001340448/,2026-09-11T16:17:36+02:00
JB_4680,Projektový manager,"Open Apps Development, a.s.",Praha,60 000 – 100 000 Kč,https://www.jobs.cz/rpd/2001384570/,2026-09-11T16:17:36+02:00
JB_5885,Podpora mzdového a personálního systému Vema,"Seyfor, a. s.",Praha – Karlín,,https://www.jobs.cz/rpd/2001081307/,2026-09-11T16:17:36+02:00
JB_4833,IT TECHNOLOGY PROGRAMME MANAGER - INFRASTRUCTURE,Tesco Stores ČR a.s. - Centrála,Praha – Vršovice,,https://www.jobs.cz/rpd/2001105946/,2026-09-11T16:17:36+02:00
JB_7351,Digital Manufacturing Engineer (Software RM) - (m/f/d),"Siemens, s.r.o.",Praha – Stodůlky + 1 další lokalita,,https://www.jobs.cz/rpd/2001405121/,2026-09-11T16:17:36+02:00
JB_0293,Java & Python Developer (medior),KBC Global Services NV,Praha – Radlice,,https://www.jobs.cz/rpd/2001343263/,2026-09-11T16:17:36+02:00
JB_2112,Veď digitální transformaci investičních služeb | Project Manager/Product Owner 📱,"UniCredit Bank Czech Republic and Slovakia, a.s.",Praha,,https://www.jobs.cz/rpd/2001293180/,2026-09-11T16:17:36+02:00
JB_1766,IT Solutions Consultant,DHL Information Services (Europe) s.r.o.,Praha – Chodov,,https://www.jobs.cz/rpd/2001394840/,2026-09-11T16:17:46+02:00
JB_3329,Produktový manažer pro Seznam Homepage,"Seznam.cz, a.s.",Praha,,https://www.jobs.cz/rpd/2001413519/,2026-09-11T16:17:46+02:00
JB_7034,Technical Consultant - English ONLY!,"ADP Employer Services Česká republika, a.s.",Praha – Karlín,,https://www.jobs.cz/rpd/2001395768/,2026-09-11T16:17:46+02:00
JB_0512,BIM manažer,"ČEPS, a.s.",Praha – Michle,,https://www.jobs.cz/rpd/2001067583/,2026-09-11T16:17:46+02:00
JB_2107,Generative AI Expert (m/ž),Škoda Auto a.s.,Praha – Vysočany,,https://www.jobs.cz/rpd/2001316456/,2026-09-11T16:17:46+02:00
JB_1361,IT Business Consultant,"Albert Česká republika, s.r.o.",Praha – Jinonice,,https://www.jobs.cz/rpd/2001221769/,2026-09-11T16:17:46+02:00
JB_4709,Material Compliance Specialista,Stadler Praha s.r.o.,Praha – Radlice,,https://www.jobs.cz/rpd/2001325151/,2026-09-11T16:17:46+02:00
JB_8450,ML Tech Lead,TV Nova s.r.o.,Praha – Hlubočepy,,https://www.jobs.cz/rpd/2001338617/,2026-09-11T16:17:46+02:00
JB_9358,IT Transformation & Change Manager (m/ž),HOFMANN WIZARD s.r.o.,Praha,110 000 – 125 000 Kč,https://www.jobs.cz/rpd/2001385182/,2026-09-11T16:17:46+02:00
JB_1162,Technical Product Manager (f/m),T-Mobile Czech Republic a.s.,Praha – Chodov,,https://www.jobs.cz/rpd/2001391852/,2026-09-11T16:17:46+02:00
JB_2098,Product Manager Senior - Oblast firemních úvěrů,"Česká spořitelna, a.s.",Praha – Michle,,https://www.jobs.cz/rpd/2001413051/,2026-09-11T16:17:46+02:00
JB_8191,Adobe Marketo DevOps Consultant,DHL Information Services (Europe) s.r.o.,Praha – Chodov,,https://www.jobs.cz/rpd/2001138376/,2026-09-11T16:17:46+02:00
JB_9058,Specialista ILM – plánování a rozvoj (m/ž),Škoda Auto a.s.,Mladá Boleslav – Mladá Boleslav II,,https://www.jobs.cz/rpd/2001367685/,2026-09-11T16:17:46+02:00
JB_9483,Specialista rozměrové kvality,"LINDE + WIEMANN CZ, s.r.o.",Nymburk,,https://www.jobs.cz/rpd/2001409698/,2026-09-11T16:17:46+02:00
JB_0601,IT Business Consultant,"Albert Česká republika, s.r.o.",Praha – Jinonice,,https://www.jobs.cz/rpd/2001221754/,2026-09-11T16:17:46+02:00
JB_9428,IT Business Consultant,"Albert Česká republika, s.r.o.",Praha – Jinonice,,https://www.jobs.cz/rpd/2001215224/,2026-09-11T16:17:46+02:00
JB_4512,AI Observability Engineer | Budujte spolehlivou monitoring platformu,Manpower IT,Praha,,https://www.jobs.cz/rpd/2001416998/,2026-09-11T16:17:46+02:00
JB_7249,Obchodně-technický konzultant/ka B2B (produkty s AI),ATLAS GROUP,Praha – Chodov,50 000 – 100 000 Kč,https://www.jobs.cz/rpd/2001379848/,2026-09-11T16:17:46+02:00
JB_0780,Procesní manažer / Specialista SAP (ž/m),Kaufland Česká republika v.o.s.,Praha – Břevnov,,https://www.jobs.cz/rpd/2001410084/,2026-09-11T16:17:46+02:00
JB_4847,CUSTOMER EXPERIENCE DESIGNER SENIOR,Generali Česká pojišťovna a.s.,Praha – Michle,,https://www.jobs.cz/rpd/2001402806/,2026-09-11T16:17:46+02:00
JB_9183,Senior Java Developer - AI-Driven Engineer (m/f),Raiffeisenbank a.s.,Praha – Nusle,,https://www.jobs.cz/rpd/2001395811/,2026-09-11T16:17:46+02:00
JB_2524,Senior Architect (Front-end),DHL Information Services (Europe) s.r.o.,Praha – Chodov,,https://www.jobs.cz/rpd/2001399758/,2026-09-11T16:17:46+02:00
JB_6824,Vedoucí oddělení IT ve výrobní společnosti,"THIMM Obaly, k.s.",Všetaty,,https://www.jobs.cz/rpd/2001380786/,2026-09-11T16:17:46+02:00
JB_5736,Network managed services engineer (L2),NTT Czech Republic s.r.o.,Praha – Krč,,https://www.jobs.cz/rpd/2001380720/,2026-09-11T16:17:46+02:00
JB_2484,AI Specialista (m/ž),AKESO holding a.s.,Praha – Stodůlky,,https://www.jobs.cz/rpd/2001390346/,2026-09-11T16:17:46+02:00
JB_2468,Segmentový marketing – Senior specialista pro O2 Internet (m/ž),O2 Czech Republic a.s.,Praha – Michle,,https://www.jobs.cz/rpd/2001396729/,2026-09-11T16:17:46+02:00
JB_7487,Senior Architect (Front-end),DHL Information Services (Europe) s.r.o.,Praha – Chodov,,https://www.jobs.cz/rpd/2001395931/,2026-09-11T16:17:46+02:00
JB_2250,Manažer rozvoje obchodu pro Acquiring (m/ž),"ČSOB Československá obchodní banka, a. s.",Hlavní město Praha,,https://www.jobs.cz/rpd/2001387327/,2026-09-11T16:17:46+02:00
JB_9916,Senior Architect (Front-end),DHL Information Services (Europe) s.r.o.,Praha – Chodov,,https://www.jobs.cz/rpd/2001378273/,2026-09-11T16:17:46+02:00
JB_6841,"Service Delivery Manager / SW Development Lead, Top Projekty, Home office",teamIT s.r.o.,Praha,140 000 – 150 000 Kč,https://www.jobs.cz/rpd/2001377510/,2026-09-11T16:17:46+02:00
JB_1254,IT System Engineer Linux (Remote Work - all CZ),Bechtle Managed Services s.r.o.,Praha – Libeň,,https://www.jobs.cz/rpd/2001396751/,2026-09-11T16:17:54+02:00
JB_8125,Ředitel/ka Hardware a Fintech (m/ž),O2 Czech Republic a.s.,Praha – Michle,,https://www.jobs.cz/rpd/2001376417/,2026-09-11T16:17:54+02:00
JB_8065,Trainee Tester/ka – tým ZPS,Trainee program v KB,Praha – Stodůlky,,https://www.jobs.cz/rpd/2001266647/,2026-09-11T16:17:54+02:00
JB_1450,Junior programátor AI,TPA,Praha – Krč,,https://www.jobs.cz/rpd/2001405587/,2026-09-11T16:17:54+02:00
JB_4955,C++ vývojář pro výzkumné týmy TTG a TIG,ERA a.s.,Praha,,https://www.jobs.cz/rpd/2001381658/,2026-09-11T16:17:54+02:00
JB_7208,Technický konzultant / vývojář ERP,ARTEX informační systémy spol. s r.o.,Praha – Smíchov,,https://www.jobs.cz/rpd/2001403056/,2026-09-11T16:17:54+02:00
JB_4670,Junior Business Controller,Azelis Czech Republic s.r.o.,Praha – Dejvice,,https://www.jobs.cz/rpd/2001354150/,2026-09-11T16:17:54+02:00
JB_3532,Manuální tester – medior,Systeum s.r.o.,Praha,,https://www.jobs.cz/rpd/2001381938/,2026-09-11T16:17:54+02:00
JB_3727,Senior AI Consultant,CGI CS&EE,Praha – Stodůlky,,https://www.jobs.cz/rpd/2001403380/,2026-09-11T16:17:54+02:00
JB_8372,"Specialista/ka testování desktopové aplikace (automatizace/manuální testování) — DEK, a.s.",DEK a.s.,Praha – Malešice,60 000 – 80 000 Kč,https://www.jobs.cz/rpd/2001403135/,2026-09-11T16:17:54+02:00
JB_4283,Senior Java Backend Developer – eBond SwapsQuoting Cell (70% part-time possible),"COMMERZBANK Aktiengesellschaft, pobočka Praha",Praha – Nové Město,,https://www.jobs.cz/rpd/2001402817/,2026-09-11T16:17:54+02:00
JB_7179,DISTRIBUTOR EXPERIENCE DESIGNER SENIOR,Generali Česká pojišťovna a.s.,Praha – Michle,,https://www.jobs.cz/rpd/2001402703/,2026-09-11T16:17:54+02:00
JB_8217,Manažer bezpečnostních systémů,"Letiště Praha, a. s.",Praha – Ruzyně,,https://www.jobs.cz/rpd/2001348303/,2026-09-11T16:17:54+02:00
JB_6907,IT Transformation trainee (f/m),T-Mobile Czech Republic a.s.,Praha – Chodov,,https://www.jobs.cz/rpd/2001277555/,2026-09-11T16:17:54+02:00
JB_9495,IT Programátor - senior (m/ž),"ČSOB Československá obchodní banka, a. s.",Praha – Radlice,,https://www.jobs.cz/rpd/2001340279/,2026-09-11T16:17:54+02:00
JB_1439,IT OSS Senior Solution Designer (f/m),T-Mobile Czech Republic a.s.,Praha – Chodov,,https://www.jobs.cz/rpd/2000835282/,2026-09-11T16:17:54+02:00
JB_7256,Incident Manažer/ka - IČO,Generali Operation Service Platform,Praha – Michle,,https://www.jobs.cz/rpd/2001249341/,2026-09-11T16:17:54+02:00
JB_9315,SIEM Engineer – Cyber Security (f/m),T-Mobile Czech Republic a.s.,Praha – Chodov + 2 další lokality,,https://www.jobs.cz/rpd/2001171477/,2026-09-11T16:17:54+02:00
JB_8777,Produktový/á manažer/ka,"MONETA Money Bank, a.s.",Praha – Michle,,https://www.jobs.cz/rpd/2001321137/,2026-09-11T16:17:54+02:00
JB_8413,Manažer/ka produktového týmu,"MONETA Money Bank, a.s.",Praha – Michle,,https://www.jobs.cz/rpd/2001321109/,2026-09-11T16:17:54+02:00
JB_4176,Low-Code Developer – Mendix /0.7 -1 FTE/ (m/f/d),"Siemens, s.r.o.",Praha – Stodůlky,,https://www.jobs.cz/rpd/2001421572/,2026-09-11T16:17:54+02:00
JB_4823,IT Projekty SAP FI pro VW (m/ž),Škoda Auto a.s.,Mladá Boleslav – Mladá Boleslav II,,https://www.jobs.cz/rpd/2001316528/,2026-09-11T16:17:54+02:00
JB_3747,Network Security Engineer (L3) - Dutch Speaker,NTT Czech Republic s.r.o.,Praha – Krč,,https://www.jobs.cz/rpd/2001317404/,2026-09-11T16:17:54+02:00
JB_1748,SAP konzultant,Košík.cz s.r.o.,Praha – Dejvice,,https://www.jobs.cz/rpd/2001401074/,2026-09-11T16:17:54+02:00
JB_1505,Manažer technického rozvoje závodu,Magna Exteriors (Bohemia) s.r.o.,Nymburk,,https://www.jobs.cz/rpd/2001394079/,2026-09-11T16:17:54+02:00
JB_6239,Technický Product Owner - cloudová integrační platforma,"Asseco Solutions, a.s.",Praha – Braník + 1 další lokalita,,https://www.jobs.cz/rpd/2001393821/,2026-09-11T16:17:54+02:00
JB_8800,Service Delivery Manažer | Manažerka,"NAKIT, s. p.",Praha – Vršovice,,https://www.jobs.cz/rpd/2001133189/,2026-09-11T16:17:54+02:00
JB_7567,*** TECHNICKÁ PODPORA ***,Software602 a.s.,Praha – Krč,,https://www.jobs.cz/rpd/2001391939/,2026-09-11T16:17:54+02:00
JB_4778,Senior pro dlouhodobé kapacitní plánování,Magna Exteriors (Bohemia) s.r.o.,Nymburk,,https://www.jobs.cz/rpd/2001390028/,2026-09-11T16:17:54+02:00
JB_9316,IT Server administrator (m/ž),Axians Czech Republic s.r.o.,Mladá Boleslav,,https://www.jobs.cz/rpd/2001367183/,2026-09-11T16:17:54+02:00
JB_5615,"Junior Project Manager - poloviční úvazek a možnost práce z domova, vhodné i pro studenty","KPCS CZ, s.r.o.",Praha – Nusle,,https://www.jobs.cz/rpd/2001396699/,2026-09-11T16:18:03+02:00
JB_6320,AI Assistant,Grant Thornton Czech Republic s.r.o.,Praha – Nusle,,https://www.jobs.cz/rpd/2001419456/,2026-09-11T16:18:03+02:00
JB_9893,IT administrátor – logistický sklad Cerhovice,"Famico, s.r.o.",Cerhovice,65 000 – 70 000 Kč,https://www.jobs.cz/rpd/2001405908/,2026-09-11T16:18:03+02:00
JB_1324,Manažer(ka) IT infrastruktury a služeb v Emcu🍓,Emco spol. s r. o.,Praha – Chodov,,https://www.jobs.cz/rpd/2001403709/,2026-09-11T16:18:03+02:00
JB_7141,DevOps Engineer (m/ž),Skupina E.ON,Praha + 2 další lokality,,https://www.jobs.cz/rpd/2000443892/,2026-09-11T16:18:03+02:00
JB_4788,Team Lead - Network Security,NTT Czech Republic s.r.o.,Praha – Krč,,https://www.jobs.cz/rpd/2001414824/,2026-09-11T16:18:03+02:00
JB_5480,Herdekbaba - obchodník na telefonu,SimplyUp Group s.r.o.,Praha – Holešovice,,https://www.jobs.cz/rpd/2001379457/,2026-09-11T16:18:03+02:00
JB_2135,Full stack Developer Senior v AI startupu,AI Excellence s.r.o.,Praha – Karlín,60 000 – 100 000 Kč,https://www.jobs.cz/rpd/2001400893/,2026-09-11T16:18:03+02:00
JB_4240,Fieldwork Coordination Allocator with Italian – Part-Timer,IPSOS s.r.o.,Praha – Nové Město,,https://www.jobs.cz/rpd/2001389395/,2026-09-11T16:18:03+02:00
JB_1184,Senior Linux / Infrastructure Engineer pro AI Cloud,České Radiokomunikace a.s.,Praha – Břevnov,,https://www.jobs.cz/rpd/2001364978/,2026-09-11T16:18:03+02:00
JB_4218,IT Konzultant,Jana Květoňová,Praha,,https://www.jobs.cz/rpd/2001378091/,2026-09-11T16:18:03+02:00
JB_1341,Architekt STO senior/Architektka STO senior,Skupina ČEZ,Praha – Michle + 2 další lokality,,https://www.jobs.cz/rpd/2001382862/,2026-09-11T16:18:03+02:00
JB_4352,Network administrátor / administrátorka,PPF banka a.s.,Praha – Dejvice,,https://www.jobs.cz/rpd/2001310209/,2026-09-11T16:18:03+02:00
JB_1038,***PROGRAMÁTOR***,Software602 a.s.,Praha – Krč,,https://www.jobs.cz/rpd/2001411171/,2026-09-11T16:18:03+02:00
JB_9556,IT aplikační inženýr (m/ž),"ČSOB Československá obchodní banka, a. s.",Praha – Radlice,,https://www.jobs.cz/rpd/2001407920/,2026-09-11T16:18:03+02:00
JB_8073,AI Native DEV Manager (m/ž),O2 Czech Republic a.s.,Praha – Michle,,https://www.jobs.cz/rpd/2001406390/,2026-09-11T16:18:03+02:00
JB_1202,Go-to-Market Propositions Lead,dunnhumby Limited is a company registered in England and Wales,Praha – Vršovice,,https://www.jobs.cz/rpd/2001405565/,2026-09-11T16:18:03+02:00
JB_9876,.NET Developer - energy,Deckard & Penfield s.r.o.,Praha – Holešovice,,https://www.jobs.cz/rpd/2001402668/,2026-09-11T16:18:03+02:00
JB_4475,Projektový manažer/ka,"Elektroenergetické datové centrum, a. s.",Praha – Libeň + 1 další lokalita,,https://www.jobs.cz/rpd/2001398307/,2026-09-11T16:18:03+02:00
JB_1132,Informatik (SAP CRM interní konzultant - senior),"Pražská energetika, a.s.",Praha – Vršovice,,https://www.jobs.cz/rpd/2000533267/,2026-09-11T16:18:03+02:00
JB_0258,Informatik (SAP ABAP developer - senior),"Pražská energetika, a.s.",Praha – Vršovice,,https://www.jobs.cz/rpd/2001224452/,2026-09-11T16:18:03+02:00
JB_3160,Account Manager Praha a Střední Čechy - Medium Corporate Sales (m/ž),O2 Czech Republic a.s.,Praha – Michle,,https://www.jobs.cz/rpd/2001395746/,2026-09-11T16:18:03+02:00
JB_0694,Account Manager Praha - Medium Corporate Sales (m/ž),O2 Czech Republic a.s.,Praha – Michle,,https://www.jobs.cz/rpd/2001346439/,2026-09-11T16:18:03+02:00
JB_3385,Senior IP Solution Manager,ADECCO spol.s r.o.,Praha,,https://www.jobs.cz/rpd/2001393984/,2026-09-11T16:18:03+02:00
JB_3577,Junior Compliance Specialista/ka,DPD,Modletice,,https://www.jobs.cz/rpd/2001339548/,2026-09-11T16:18:03+02:00
JB_4827,Projektový manažer - ICT (m/ž),O2 Czech Republic a.s.,Praha – Michle,,https://www.jobs.cz/rpd/2001341804/,2026-09-11T16:18:03+02:00
JB_9924,Platform Engineer,Zásilkovna s.r.o.,Praha – Libeň,,https://www.jobs.cz/rpd/2001004375/,2026-09-11T16:18:03+02:00
JB_9507,SAP Functional Consultant | S/4HANA Projects | Prague (Hybrid),Manpower IT,Praha,,https://www.jobs.cz/rpd/2001301391/,2026-09-11T16:18:03+02:00
JB_7541,"AI Implementation Engineer – LLM, RAG & Agents",Prochazka & Partners s.r.o.,Praha – Nové Město,,https://www.jobs.cz/rpd/2001178249/,2026-09-11T16:18:03+02:00
JB_5065,Senior DevOps Engineer,NN,Praha – Smíchov,,https://www.jobs.cz/rpd/2001372181/,2026-09-11T16:18:03+02:00
JB_5937,AI architekt,ppm factum a.s.,Praha – Stodůlky,,https://www.jobs.cz/rpd/2001414594/,2026-09-11T16:18:17+02:00
JB_6716,SENIOR SALES MANAGER | CZ & SK,Grafton Recruitment s.r.o.,Praha,,https://www.jobs.cz/rpd/2001379682/,2026-09-11T16:18:17+02:00
JB_4755,Právník*právnička pro datovou regulaci a AI,Raiffeisenbank a.s.,Praha,,https://www.jobs.cz/rpd/2001390544/,2026-09-11T16:18:17+02:00
JB_5534,Application Manager,"MSF Shared IT Services, z.s.",Praha – Nusle,,https://www.jobs.cz/rpd/2001417829/,2026-09-11T16:18:17+02:00
JB_0971,Technical SAP/BW Application Support,"COMMERZBANK Aktiengesellschaft, pobočka Praha",Praha – Nové Město,,https://www.jobs.cz/rpd/2000757652/,2026-09-11T16:18:17+02:00
JB_7616,"Total Rewards, Intern (Part-time 20h/week)",JNTL Consumer Health (Czech Republic) s.r.o.,Praha – Jinonice,,https://www.jobs.cz/rpd/2001398698/,2026-09-11T16:18:17+02:00
JB_9844,Center of Competence Officer - Legal & DP,Porsche Česká republika s.r.o.,Praha,,https://www.jobs.cz/rpd/2001394218/,2026-09-11T16:18:17+02:00
JB_1930,Administrátor/ka grantové agendy - národní projekty ve vědě a výzkumu,Univerzita Karlova - Filozofická fakulta,Praha – Nové Město,48 000 – 52 000 Kč,https://www.jobs.cz/rpd/2001376094/,2026-09-11T16:18:17+02:00
JB_8880,Junior Accountant and Business Support (Czech or Slovak native speaker),"Pioneer Hi-Bred Northern Europe Sales Division GmbH, organizační složka",Praha – Jinonice,50 000 – 65 000 Kč,https://www.jobs.cz/rpd/2001383016/,2026-09-11T16:18:17+02:00
JB_8916,Fullstack Engineer (Java/React),Avenga Czechia s.r.o.,Praha – Libeň,,https://www.jobs.cz/rpd/2001379007/,2026-09-11T16:18:17+02:00
JB_8132,Senior Product Manager - Pricing & Promo,Notino s.r.o.,Česká republika,,https://www.jobs.cz/rpd/2001398477/,2026-09-11T16:18:18+02:00
JB_7684,Customer Service Manager/Team Leade,Talentor Advanced Search,Praha,95 000 – 105 000 Kč,https://www.jobs.cz/rpd/2001408110/,2026-09-11T16:18:18+02:00
JB_0252,Oracle PL/SQL Developer – CPLM (mid/senior level),"COMMERZBANK Aktiengesellschaft, pobočka Praha",Praha – Nové Město,,https://www.jobs.cz/rpd/2001384965/,2026-09-11T16:18:18+02:00
JB_4996,Group Operational Procurement Administrator,Fortuna Group,Praha – Vinohrady,,https://www.jobs.cz/rpd/2001403674/,2026-09-11T16:18:18+02:00
JB_1480,Asset manager m/w,STRABAG a.s.,Praha,,https://www.jobs.cz/rpd/2001409993/,2026-09-11T16:18:18+02:00
JB_1674,Manažer řízení jakosti (QA),Cayman Pharma s.r.o.,Neratovice,,https://www.jobs.cz/rpd/2001322947/,2026-09-11T16:18:18+02:00
JB_9619,HR Digitalization & Analytics Partner,VAFO PRODUCTION,Chrášťany,,https://www.jobs.cz/rpd/2001394159/,2026-09-11T16:18:18+02:00
JB_6667,Procurement Intern – Prague,NonStop Consulting s.r.o.,Hlavní město Praha,14 000 – 15 000 Kč,https://www.jobs.cz/rpd/2001419401/,2026-09-11T16:18:18+02:00
JB_9438,Senior Product Owner (PAM),Fortuna Group,Praha – Vinohrady,,https://www.jobs.cz/rpd/2001415768/,2026-09-11T16:18:18+02:00
JB_6770,Vedoucí oddělení likvidace pojistných událostí - Praha,Slavia pojišťovna a.s.,Praha – Michle,,https://www.jobs.cz/rpd/2001247226/,2026-09-11T16:18:18+02:00
JB_5880,Head of Sales Support Lead,"Penta Bank, a. s., pobočka Česká republika",Praha – Nové Město,,https://www.jobs.cz/rpd/2001413510/,2026-09-11T16:18:18+02:00
JB_0380,"Marketing Director, Sports & Fashion CEE",GAP,Praha,,https://www.jobs.cz/rpd/2001418940/,2026-09-11T16:18:18+02:00
JB_1247,L1 Network Support Engineer (24/7),NTT Czech Republic s.r.o.,Praha – Krč,,https://www.jobs.cz/rpd/2001311218/,2026-09-11T16:18:18+02:00
JB_0080,Hotel Director / Operations Manager - Hotel KINGS COURT Prague,HMG s.r.o.,Praha – Staré Město,,https://www.jobs.cz/rpd/2001413771/,2026-09-11T16:18:18+02:00
JB_5732,Senior Legal Counsel F/M,Howden ČKD Compressors s.r.o.,Nehvizdy,,https://www.jobs.cz/rpd/2001406281/,2026-09-11T16:18:18+02:00
JB_5084,Test Lead / Senior QA Tester,Aricoma,Praha,,https://www.jobs.cz/rpd/2001413984/,2026-09-11T16:18:18+02:00
JB_8112,SENIOR VALUATION pro realitní investiční fond,Prušák Group s.r.o.,Praha,80 000 – 110 000 Kč,https://www.jobs.cz/rpd/2001396476/,2026-09-11T16:18:18+02:00
JB_5806,DWH Developer (Junior & Senior) - Praha,Banka CREDITAS a.s.,Praha – Karlín,65 000 – 130 000 Kč,https://www.jobs.cz/rpd/2001295427/,2026-09-11T16:18:18+02:00
JB_5270,Technical Configurator Engineer – Automation,Bühler Praha s.r.o.,Praha – Nusle,,https://www.jobs.cz/rpd/2001097999/,2026-09-11T16:18:18+02:00
JB_0993,B2B Sales Manager,FARMA ŽIVINA s.r.o.,Praha – Vinohrady,,https://www.jobs.cz/rpd/2001390011/,2026-09-11T16:18:18+02:00
JB_8603,Produktový manažer/ka - účty a platby,Air Bank a.s.,Praha – Dejvice,,https://www.jobs.cz/rpd/2001419569/,2026-09-11T16:18:26+02:00
JB_9010,Senior Payroll Administrator – Prague | Pharma | Hybrid,NonStop Consulting s.r.o.,Hlavní město Praha,65 000 – 70 000 Kč,https://www.jobs.cz/rpd/2001390185/,2026-09-11T16:18:26+02:00
JB_1985,Specialista/specialistka řízení projektů,Skupina ČEZ,Horní Počaply,,https://www.jobs.cz/rpd/2001380461/,2026-09-11T16:18:26+02:00
JB_0647,Senior Front-end Developer,DER Touristik CZ a.s,Praha – Chodov,,https://www.jobs.cz/rpd/2001402308/,2026-09-11T16:18:26+02:00
JB_6159,HEAD OF ANTI - MONEY LAUNDERING ( AML ),Farkasova International s.r.o.,Hlavní město Praha,,https://www.jobs.cz/rpd/2001375941/,2026-09-11T16:18:26+02:00
JB_2263,Specialista logistiky surovin a optimalizace,"ORLEN Unipetrol RPA, s.r.o.",Praha – Krč,,https://www.jobs.cz/rpd/2001290710/,2026-09-11T16:18:26+02:00
JB_0559,Audit Manager for Subsidiaries and Retail,"Česká spořitelna, a.s.",Praha – Krč,,https://www.jobs.cz/rpd/2001382501/,2026-09-11T16:18:26+02:00
JB_2005,IT Tester*ka - Retail,Raiffeisenbank a.s.,Praha – Nusle,,https://www.jobs.cz/rpd/2001419089/,2026-09-11T16:18:26+02:00
JB_9425,AZURE ADMINISTRÁTOR M/Ž,"Pražská plynárenská, a.s.",Praha – Michle,,https://www.jobs.cz/rpd/2001390071/,2026-09-11T16:18:26+02:00
JB_7220,Price & Promo Optimization Manager,Tesco Stores ČR a.s. - Centrála,Praha – Vršovice,,https://www.jobs.cz/rpd/2001410486/,2026-09-11T16:18:26+02:00
JB_0357,"Asistent/Asistentka obchodu (real estate, akvizice)",SPGroup a.s.,Praha – Krč,45 000 – 55 000 Kč,https://www.jobs.cz/rpd/2001391337/,2026-09-11T16:18:26+02:00
JB_5845,E-commerce & Performance Lead,fabini brand s.r.o.,Praha – Holešovice,,https://www.jobs.cz/rpd/2001410855/,2026-09-11T16:18:26+02:00
JB_3494,Product Owner – HMG Segment,ComAp a.s.,Praha – Holešovice,,https://www.jobs.cz/rpd/2001311073/,2026-09-11T16:18:26+02:00
JB_7482,IT Tester*ka,Raiffeisenbank a.s.,Praha – Nusle,,https://www.jobs.cz/rpd/2001419547/,2026-09-11T16:18:26+02:00
JB_8344,AI Specialista,"Globus ČR, v.o.s.",Praha – Čakovice,,https://www.jobs.cz/rpd/2001409823/,2026-09-11T16:18:26+02:00
JB_1882,Senior Legal Counsel,"MultiSport Benefit, s.r.o.",Praha – Karlín,,https://www.jobs.cz/rpd/2001417379/,2026-09-11T16:18:26+02:00
JB_7058,Pojistný matematik,Direct,Praha – Holešovice,,https://www.jobs.cz/rpd/2001407966/,2026-09-11T16:18:26+02:00
JB_2102,IT právník / právnička expert,Skupina ČEZ,Praha – Michle,,https://www.jobs.cz/rpd/2001403168/,2026-09-11T16:18:26+02:00
JB_4634,CMDB & Discovery Manager,CME Services s.r.o.,Praha – Hlubočepy,,https://www.jobs.cz/rpd/2001385176/,2026-09-11T16:18:26+02:00
JB_8226,SAP Services s.r.o. | Events & Sponsorships Buyer,ManpowerGroup s.r.o.,Praha – Stodůlky,,https://www.jobs.cz/rpd/2001280838/,2026-09-11T16:18:26+02:00
JB_3732,Project Manager - Engineering Excellence role - EMEA operations.,EATON,Roztoky,,https://www.jobs.cz/rpd/2001413712/,2026-09-11T16:18:26+02:00
JB_3162,Influencer & Community Manager,P&G - Prague General Office,Praha – Karlín,,https://www.jobs.cz/rpd/2001372155/,2026-09-11T16:18:26+02:00
JB_1840,Specialista Tradingu - junior,Bonett Group a.s.,Praha – Karlín,,https://www.jobs.cz/rpd/2001379239/,2026-09-11T16:18:26+02:00
JB_6297,Personal Assistant / Business Support to PwC Partner,"PricewaterhouseCoopers Česká republika, s.r.o.",Praha – Nusle,,https://www.jobs.cz/rpd/2001392225/,2026-09-11T16:18:26+02:00
JB_6575,Sr. Analytics Developer - Finance Reporting,"IDC Central Europe, the Middle East & Africa",Praha – Staré Město,,https://www.jobs.cz/rpd/2001385435/,2026-09-11T16:18:26+02:00
JB_0701,Cost Manager,DELTA Group CZ s.r.o.,Praha – Libeň,,https://www.jobs.cz/rpd/2001417835/,2026-09-11T16:18:26+02:00
JB_4173,PROJECT MANAGER -REAL ESTATE DEVELOPMENT - PRAGUE,Farkasova International s.r.o.,Praha,,https://www.jobs.cz/rpd/2001385545/,2026-09-11T16:18:26+02:00
JB_1309,Business Development Administrative Support,Enery Services CZ s.r.o.,Praha – Karlín,40 000 – 55 000 Kč,https://www.jobs.cz/rpd/2001407602/,2026-09-11T16:18:26+02:00
JB_4562,Corporate Legal Counsel,GIVET Czech s.r.o.,Praha – Nusle,,https://www.jobs.cz/rpd/2001350311/,2026-09-11T16:18:26+02:00
JB_1831,Facility Office Manager (JPO17672),Alza.cz a.s.,Praha – Holešovice,,https://www.jobs.cz/rpd/2001383439/,2026-09-11T16:18:26+02:00
JB_0702,Finance Business Partner (f/m),T-Mobile Czech Republic a.s.,Praha – Chodov,,https://www.jobs.cz/rpd/2001353736/,2026-09-11T16:18:40+02:00
JB_3760,Produktový manažer pro brandovou reklamu,"Seznam.cz, a.s.",Praha,,https://www.jobs.cz/rpd/2001329038/,2026-09-11T16:18:40+02:00
JB_9775,Marketing & Growth Lead | ACEMA & BONDSTER,"ACEMA Credit Czech, a.s.",Praha – Libeň,,https://www.jobs.cz/rpd/2001416809/,2026-09-11T16:18:40+02:00
JB_3548,Senior Accountant,Braiins Systems s.r.o.,Praha – Karlín,65 000 – 100 000 Kč,https://www.jobs.cz/rpd/2001394067/,2026-09-11T16:18:40+02:00
JB_7647,Group Head of FP&A – Real Estate Development,Heat & Lark s.r.o.,Praha,,https://www.jobs.cz/rpd/2001401638/,2026-09-11T16:18:40+02:00
JB_0684,Key Account Manager - Purina,Nestlé Česko s.r.o.,Praha – Modřany,,https://www.jobs.cz/rpd/2001413852/,2026-09-11T16:18:40+02:00
JB_2969,Specialista/ka kalkulací a vývoje produktů,"Biomedica, spol. s r.o.",Hořátev,,https://www.jobs.cz/rpd/2001408340/,2026-09-11T16:18:40+02:00
JB_6977,"Senior Programming Manager, CEE & MENAT",BBC Studios,Hlavní město Praha,91 000 – 133 000 Kč,https://www.jobs.cz/rpd/2001403017/,2026-09-11T16:18:40+02:00
JB_5105,CE Lead Insight Performance and Capability Manager,Tesco Stores ČR a.s. - Centrála,Praha – Vršovice,,https://www.jobs.cz/rpd/2001282021/,2026-09-11T16:18:40+02:00
JB_7678,Head of Sales,Spraga Beverages s.r.o.,Praha – Holešovice,,https://www.jobs.cz/rpd/2001352589/,2026-09-11T16:18:40+02:00
JB_3187,JUNIORNÍ POJISTNÝ MATEMATIK/ČKA (DPP),Generali Česká pojišťovna,Praha – Michle,,https://www.jobs.cz/rpd/2001384423/,2026-09-11T16:18:40+02:00
JB_0761,GEODET/KA PRO VÝSTAVBU METRA D,Subterra a.s.,Praha – Krč,,https://www.jobs.cz/rpd/2001340049/,2026-09-11T16:18:40+02:00
JB_4159,Trade Compliance Manager EMEA,Flash Global Logistics,Praha – Staré Město,,https://www.jobs.cz/rpd/2001406989/,2026-09-11T16:18:40+02:00
JB_4581,Digital Unit Assistant,"Člověk v tísni, o.p.s.",Praha – Vinohrady,,https://www.jobs.cz/rpd/2001362617/,2026-09-11T16:18:40+02:00
JB_9023,Lead Finance Business Partner,Tesco Stores ČR a.s. - Centrála,Praha – Vršovice,,https://www.jobs.cz/rpd/2001382914/,2026-09-11T16:18:40+02:00
JB_7931,Medical Representative,Nestlé Česko s.r.o.,Středočeský kraj + 1 další lokalita,,https://www.jobs.cz/rpd/2001417271/,2026-09-11T16:18:40+02:00
JB_3861,Manažer/ka obchodní výkonnosti,Tesco Stores ČR a.s. - Centrála,Praha – Vršovice,,https://www.jobs.cz/rpd/2001386713/,2026-09-11T16:18:40+02:00
JB_8025,Human Resources Business Partner,Keyloop (Česká Republika) s.r.o.,Praha – Karlín,,https://www.jobs.cz/rpd/2001373218/,2026-09-11T16:18:40+02:00
JB_9586,Incident Manažer/ka,Generali Operation Service Platform,Praha – Michle,,https://www.jobs.cz/rpd/2000647385/,2026-09-11T16:18:40+02:00
JB_3528,Senior Business Development Manager | Private Healthcare,"Axial Personnel Agency, s.r.o.",Praha,,https://www.jobs.cz/rpd/2001391558/,2026-09-11T16:18:40+02:00
JB_6874,HR Business Partner,Pluxee,Praha – Smíchov,,https://www.jobs.cz/rpd/2001381302/,2026-09-11T16:18:40+02:00
JB_3545,Business Development Manager – Strategic Partnerships /soukromé a estetické kliniky/,"Axial Personnel Agency, s.r.o.",Praha,,https://www.jobs.cz/rpd/2001373336/,2026-09-11T16:18:40+02:00
JB_7333,Category Manager (Indirect Procurement) | 2-Year Maternity Cover,ManpowerGroup s.r.o.,Praha,,https://www.jobs.cz/rpd/2001419623/,2026-09-11T16:18:40+02:00
JB_2108,System Engineer for a RAN Automation and Control Platform (f/m),T-Mobile Czech Republic a.s.,Praha – Chodov,,https://www.jobs.cz/rpd/2001317185/,2026-09-11T16:18:40+02:00
JB_9815,Customer care representative - Koordinátor zákazníckej podpory,CWS Hygiene Czech Republic s.r.o.,Praha – Horní Počernice,35 000 – 45 000 Kč,https://www.jobs.cz/rpd/2001400147/,2026-09-11T16:18:40+02:00
JB_2200,Interní Auditor/Interní Auditorka,"WOOD & Company Financial Services, a.s.",Praha – Nové Město,,https://www.jobs.cz/rpd/2001420358/,2026-09-11T16:18:40+02:00
JB_8998,Marketing Manager – General Machine Building (f/m/d),"Siemens, s.r.o.",Praha – Stodůlky + 1 další lokalita,,https://www.jobs.cz/rpd/2001412081/,2026-09-11T16:18:40+02:00
JB_5112,Finanční manažer CZ/SK (m/ž),B. Braun,Praha – Chodov,,https://www.jobs.cz/rpd/2001410086/,2026-09-11T16:18:40+02:00
JB_1649,Experienced AI/ML Researcher (m/f/n),ESET Research Czech Republic s.r.o.,Praha – Holešovice + 1 další lokalita,,https://www.jobs.cz/rpd/2001282734/,2026-09-11T16:18:40+02:00
JB_9464,Senior Controller / FP&A,Carvago s.r.o.,Praha – Holešovice,70 000 – 100 000 Kč,https://www.jobs.cz/rpd/2001392349/,2026-09-11T16:18:40+02:00
JB_4380,Senior Reserving Actuary,"VIG RE zajišťovna, a.s.",Praha – Michle,,https://www.jobs.cz/rpd/2001382805/,2026-09-11T16:18:49+02:00
JB_1585,Group Mes Lead,MSM GROUP s.r.o.,Praha – Karlín,,https://www.jobs.cz/rpd/2001378277/,2026-09-11T16:18:49+02:00
JB_6060,A&P Junior Category Manager CE (CZ/SK/HU),"Parfumerie DOUGLAS, s.r.o.",Praha – Karlín,,https://www.jobs.cz/rpd/2001419579/,2026-09-11T16:18:49+02:00
JB_4701,Senior DevOps Engineer - Security (f/m),T-Mobile Czech Republic a.s.,Praha – Chodov,,https://www.jobs.cz/rpd/2001317453/,2026-09-11T16:18:49+02:00
JB_2176,Business development manažer – senior pro segment komerční development,Skupina ČEZ,Praha,,https://www.jobs.cz/rpd/2001365765/,2026-09-11T16:18:49+02:00
JB_5419,Solution Architect,"W.A.G. payment solutions, a.s.",Praha – Nusle,,https://www.jobs.cz/rpd/2001373837/,2026-09-11T16:18:49+02:00
JB_4820,Změňte obor a staňte se Obchodním zástupcem – vše Vás naučíme,Benefit investment a.s.,Králův Dvůr,50 000 – 70 000 Kč,https://www.jobs.cz/rpd/2000305247/,2026-09-11T16:18:49+02:00
JB_7028,Obchodní zástupce - praxe není nutná,Benefit investment a.s.,Kolín – Kolín IV,50 000 – 70 000 Kč,https://www.jobs.cz/rpd/2000184569/,2026-09-11T16:18:49+02:00
JB_9958,Fakturant / Pracovník back office,Energie Barrandov s.r.o.,Praha – Hlubočepy,35 000 Kč,https://www.jobs.cz/rpd/2001405901/,2026-09-11T16:18:49+02:00
JB_2099,Obchodní zástupce – praxe není nutná,Benefit investment a.s.,Praha – Stodůlky,70 000 – 100 000 Kč,https://www.jobs.cz/rpd/2001405913/,2026-09-11T16:18:49+02:00
JB_8281,Regionální Manager - RETAIL pobočková síť,Nathan Peterson International s.r.o.,Praha – Staré Město,110 000 – 120 000 Kč,https://www.jobs.cz/rpd/2001405632/,2026-09-11T16:18:49+02:00
JB_2286,ADMINISTRATIVNÍ ÚČETNÍ / ÚČETNÍ ASISTENTKA,NEO GROUP s.r.o.,Praha – Uhříněves,,https://www.jobs.cz/rpd/2001370491/,2026-09-11T16:18:49+02:00
JB_9463,»»HSE Manager–Safety & Environment««,"ALPLA, spol. s r.o.",Bystřice – Petrovice,,https://www.jobs.cz/rpd/2001379027/,2026-09-11T16:18:49+02:00
JB_7368,Senior/junior makléř/ka luxusních nemovitostí pro Prahu a Středočeský kraj,Y&T Luxury Property Prague Czech Republic s.r.o.,Praha – Nové Město,70 000 – 140 000 Kč,https://www.jobs.cz/rpd/2001303247/,2026-09-11T16:18:49+02:00
JB_9409,Konzultant O2 prodejny (m/ž),O2 Czech Republic a.s.,Praha,40 000 – 70 000 Kč,https://www.jobs.cz/rpd/2001316400/,2026-09-11T16:18:49+02:00
JB_8342,Konzultant O2 prodejny (m/ž),O2 Czech Republic a.s.,Česká republika,40 000 – 70 000 Kč,https://www.jobs.cz/rpd/2000966305/,2026-09-11T16:18:49+02:00
JB_5366,O2 Store Manager (m/ž),O2 Czech Republic a.s.,Praha,,https://www.jobs.cz/rpd/2000933081/,2026-09-11T16:18:49+02:00
JB_2852,E-commerce Manažer / Vedoucí e-shopu (Shoptet),VENTILA vzduchotechnika,Praha – Letňany,,https://www.jobs.cz/rpd/2001385992/,2026-09-11T16:18:49+02:00
JB_7216,Head of Sales,enovation s.r.o.,Praha – Karlín,,https://www.jobs.cz/rpd/2001355794/,2026-09-11T16:18:49+02:00
JB_0297,Commercial Strategy Manager,Allwyn Česko a.s.,Praha – Vokovice,,https://www.jobs.cz/rpd/2001256676/,2026-09-11T16:18:49+02:00
JB_2750,Hledáme Metodika/1st level supporťáka_čku,Skupina ICZ,Praha – Nusle,,https://www.jobs.cz/rpd/2001213090/,2026-09-11T16:18:49+02:00
JB_6677,Process Engineer,Zásilkovna s.r.o.,Praha – Libeň,,https://www.jobs.cz/rpd/2001421217/,2026-09-11T16:18:49+02:00
JB_7247,Head of the New Approach Methodologies (NAM) Module,"Ústav molekulární genetiky AV ČR, v.v.i.",Vestec,70 000 – 90 000 Kč,https://www.jobs.cz/rpd/2001336177/,2026-09-11T16:18:49+02:00
JB_5961,Obchodní manažer/ka pro Českou republiku,"Apex Central Europe, s.r.o.",Jihomoravský kraj + 1 další lokalita,,https://www.jobs.cz/rpd/2001384745/,2026-09-11T16:18:49+02:00
JB_1353,"Sales Manager, Stores",Bolt Services CZ s.r.o.,Praha – Karlín,,https://www.jobs.cz/rpd/2001394198/,2026-09-11T16:18:49+02:00
JB_4367,Security Business development manager,"ALEF NULA,a.s.",Praha – Karlín,,https://www.jobs.cz/rpd/2001389729/,2026-09-11T16:18:49+02:00
JB_9928,DevOps Engineer,Tessero Czech Republic s.r.o.,Praha,,https://www.jobs.cz/rpd/2001390361/,2026-09-11T16:18:49+02:00
JB_6486,Retail & B2B Sales Controller - OMV Česká republika s.r.o.,Trenkwalder a.s.,Praha,80 000 – 90 000 Kč,https://www.jobs.cz/rpd/2001385544/,2026-09-11T16:18:49+02:00
JB_3753,Senior network inventory architect,Vodafone Czech Republic a.s.,Praha – Stodůlky,,https://www.jobs.cz/rpd/2001281544/,2026-09-11T16:18:49+02:00
JB_3537,"VEDOUCÍ ŘIDIČŮ A VOZOVÉHO PARKU, služební auto",DHL Automotive s.r.o.,Mladá Boleslav – Mladá Boleslav I,,https://www.jobs.cz/rpd/2001373885/,2026-09-11T16:18:49+02:00
JB_2304,Senior Category Manager (Kralupy nad Vltavou),Bidfood Czech Republic s.r.o.,Kralupy nad Vltavou – Mikovice,,https://www.jobs.cz/rpd/2000378024/,2026-09-11T16:19:02+02:00
JB_5915,DevOps Engeneer - Security (f/m),T-Mobile Czech Republic a.s.,Praha – Chodov,,https://www.jobs.cz/rpd/2000793171/,2026-09-11T16:19:02+02:00
JB_1376,Legal Advisor pro IT a technologie,TRASK SOLUTIONS a.s.,Praha – Krč,,https://www.jobs.cz/rpd/2001417159/,2026-09-11T16:19:02+02:00
JB_1833,Project Manager,Bühler Praha s.r.o.,Praha – Nusle,,https://www.jobs.cz/rpd/2001178056/,2026-09-11T16:19:02+02:00
JB_6750,Team Leader Call Centra (B2B),Coface Czech Services spol. s r.o.,Praha – Nusle,,https://www.jobs.cz/rpd/2001413044/,2026-09-11T16:19:02+02:00
JB_7937,E-commerce Manager,Kienbaum und Partner GmbH,Hlavní město Praha,,https://www.jobs.cz/rpd/2001390534/,2026-09-11T16:19:02+02:00
JB_5988,Customer Care Associate with German or Italian - Sensitech,Carrier Refrigeration Operation Czech Republic s.r.o./dříve Linde Frigera spol. s r.o.,Praha,,https://www.jobs.cz/rpd/2001375767/,2026-09-11T16:19:02+02:00
JB_7356,Specialista náboru studentů,"Personální institut, s.r.o.",Hlavní město Praha,55 000 – 90 000 Kč,https://www.jobs.cz/rpd/2001397332/,2026-09-11T16:19:02+02:00
JB_7561,Channel sales and development manager,ASUS COMPUTER Czech Republic s.r.o.,Praha – Nusle,,https://www.jobs.cz/rpd/2001418915/,2026-09-11T16:19:02+02:00
JB_5016,Nákupčí / Category Manager pro gaming a popkulturu,Xzone s.r.o.,Praha – Smíchov,45 000 – 65 000 Kč,https://www.jobs.cz/rpd/2001402271/,2026-09-11T16:19:02+02:00
JB_4481,Prodejce*kyně prodejny Vodafone - Praha Václavské náměstí,Vodafone Czech Republic a.s.,Praha – Nové Město,33 000 – 65 000 Kč,https://www.jobs.cz/rpd/2001416639/,2026-09-11T16:19:02+02:00
JB_2194,Key Account Manager,"WELEDA, spol. s r.o.",Praha,,https://www.jobs.cz/rpd/2001410152/,2026-09-11T16:19:02+02:00
JB_0973,Receptionist - Prague,"EP Commodities, a.s.",Praha – Nové Město,,https://www.jobs.cz/rpd/2001420593/,2026-09-11T16:19:02+02:00
JB_5691,Group Senior HR Business Partner | Mattoni 1873,Mattoni 1873 a.s.,Praha,,https://www.jobs.cz/rpd/2001419281/,2026-09-11T16:19:02+02:00
JB_5874,Quality Control & Operational Standards Manager,Tesco Stores ČR a.s. - Centrála,Praha – Vršovice,,https://www.jobs.cz/rpd/2001405406/,2026-09-11T16:19:02+02:00
JB_0826,Obchodní zástupce pro ERP systém,Vision software s.r.o.,Praha,,https://www.jobs.cz/rpd/2001396021/,2026-09-11T16:19:02+02:00
JB_1175,Seniorní projektový manažer – přímý report majiteli,STV GROUP a.s.,Praha – Nusle,,https://www.jobs.cz/rpd/2001193580/,2026-09-11T16:19:02+02:00
JB_4966,"Student Support in MCC & Client Valuation (Lebovic), Branch","COMMERZBANK Aktiengesellschaft, pobočka Praha",Praha – Vinohrady,,https://www.jobs.cz/rpd/2001417779/,2026-09-11T16:19:02+02:00
JB_4031,Nákupčí / Key Account Manager – Drogerie & Beauty,NBB Trade Connection s.r.o.,Praha – Nové Město,,https://www.jobs.cz/rpd/2001418612/,2026-09-11T16:19:02+02:00
JB_5690,⋙💡 HR Business Partner | Samostatná HR role s přímým vlivem na firmu⋘,"mBlue Czech, s.r.o.",Praha – Zličín,,https://www.jobs.cz/rpd/2001417678/,2026-09-11T16:19:02+02:00
JB_4217,Launch Lead T1D,Sanofi,Praha – Dejvice,,https://www.jobs.cz/rpd/2001417251/,2026-09-11T16:19:02+02:00
JB_0869,Business Development Manager – Premium Exhibition Projects,Michaela Smit,Milovice,,https://www.jobs.cz/rpd/2001388675/,2026-09-11T16:19:02+02:00
JB_7700,Manažer Průmyslových Projektů a Rozvoje | Technické Inspekce,Grafton Recruitment s.r.o.,Praha,100 000 – 130 000 Kč,https://www.jobs.cz/rpd/2001408177/,2026-09-11T16:19:02+02:00
JB_5327,Regional Sales Manager,"Modivo Czech, s.r.o.",Praha – Libeň,,https://www.jobs.cz/rpd/2001404925/,2026-09-11T16:19:02+02:00
JB_8400,SENIOR INTERNÍ AUDITOR,CETIN a.s.,Praha – Libeň,,https://www.jobs.cz/rpd/2001100008/,2026-09-11T16:19:02+02:00
JB_3131,Trade Marketing & Customer Strategy Lead CZSK,"Magnum ICC ČR, spol. s r.o.",Praha – Libeň,75 000 – 90 000 Kč,https://www.jobs.cz/rpd/2001376330/,2026-09-11T16:19:02+02:00
JB_7786,Back Office - nové tramvaje Praha,Škoda Transportation,Praha – Hloubětín,,https://www.jobs.cz/rpd/2001179563/,2026-09-11T16:19:02+02:00
JB_6090,"HR Admin Services Lead - CEE (CZ, SK, PL, DE, AT)- m/f/d","Siemens, s.r.o.",Praha – Stodůlky,,https://www.jobs.cz/rpd/2001388678/,2026-09-11T16:19:02+02:00
JB_6950,Network managed service engineer (L3),NTT Czech Republic s.r.o.,Praha – Krč,,https://www.jobs.cz/rpd/2001421301/,2026-09-11T16:19:02+02:00
JB_3627,Account Manager pro Fidoo!,Direct,Praha – Holešovice,,https://www.jobs.cz/rpd/2001398350/,2026-09-11T16:19:02+02:00
JB_4336,Vedoucí Oddělení komunikace,Generální finanční ředitelství,Praha – Nové Město,68 360 – 89 435 Kč,https://www.jobs.cz/rpd/2001396185/,2026-09-11T16:19:15+02:00
JB_9060,Senior C# Developer,Veeam Software (Czech Republic) s.r.o.,Praha – Karlín,,https://www.jobs.cz/rpd/2000982866/,2026-09-11T16:19:15+02:00
JB_8950,Vedoucí oddělení Merchandisignu,"Footballmania, a.s.",Praha – Holešovice,,https://www.jobs.cz/rpd/2001384533/,2026-09-11T16:19:15+02:00
JB_8698,Pricingový & Aukční Specialista/ka (M/Ž),"DAVO CAR, s.r.o.",Olbramovice – Olbramovice Ves,55 000 – 80 000 Kč,https://www.jobs.cz/rpd/2001285744/,2026-09-11T16:19:15+02:00
JB_5642,Brand Manager (m/f),Trigema a.s.,Praha – Stodůlky,,https://www.jobs.cz/rpd/2001418500/,2026-09-11T16:19:15+02:00
JB_0854,Financial Accountant & Controller,MERIDIES zeta s.r.o.,Praha – Nové Město,70 000 – 90 000 Kč,https://www.jobs.cz/rpd/2001370231/,2026-09-11T16:19:15+02:00
JB_5767,Customer Service & Collaboration Manager CZ/SK,Danone a.s.,Praha – Chodov,,https://www.jobs.cz/rpd/2001396875/,2026-09-11T16:19:15+02:00
JB_9847,Senior Key Account Manager,"VAFO PRAHA, s.r.o.",Chrášťany,,https://www.jobs.cz/rpd/2001381828/,2026-09-11T16:19:15+02:00
JB_3734,"Key Account Manager – parťák pro HRisty (Praha, jižní Čechy)",Alma Career Czechia s.r.o.,Praha – Libeň,70 000 – 75 000 Kč,https://www.jobs.cz/rpd/2001381483/,2026-09-11T16:19:15+02:00
JB_6744,Account Manager,Teya Czech Republic s.r.o.,Praha – Karlín,50 000 – 70 000 Kč,https://www.jobs.cz/rpd/2001380998/,2026-09-11T16:19:15+02:00
JB_1924,HR BUSINESS PARTNER,OFFICEO s.r.o.,Hostivice,,https://www.jobs.cz/rpd/2001379333/,2026-09-11T16:19:15+02:00
JB_6144,Brand design manažer,CzechTourism,Praha – Nové Město,,https://www.jobs.cz/rpd/2001400776/,2026-09-11T16:19:15+02:00
JB_4102,Risk Manager,"Artesa, spořitelní družstvo",Praha – Vinohrady,60 000 – 80 000 Kč,https://www.jobs.cz/rpd/2001412060/,2026-09-11T16:19:15+02:00
JB_0997,Personal & Team Assistant,"PricewaterhouseCoopers Česká republika, s.r.o.",Praha – Nusle,,https://www.jobs.cz/rpd/2001410113/,2026-09-11T16:19:15+02:00
JB_8104,Personální ředitel/ka ČVUT/ vedoucí personálního odboru,České vysoké učení technické v Praze,Praha – Dejvice,,https://www.jobs.cz/rpd/2001386859/,2026-09-11T16:19:15+02:00
JB_9659,PRE-SALES SUPPORT ENGINEER,"WILO CS, s.r.o.",Hlavní město Praha + 2 další lokality,70 000 – 75 000 Kč,https://www.jobs.cz/rpd/2001408045/,2026-09-11T16:19:15+02:00
JB_5561,Solution architekt/ka senior,Air Bank a.s.,Praha – Dejvice,,https://www.jobs.cz/rpd/2001351273/,2026-09-11T16:19:15+02:00
JB_9065,Category Buyer (One-year contract with the possibility of renewal),Carrier Refrigeration Operation Czech Republic s.r.o./dříve Linde Frigera spol. s r.o.,Beroun – Beroun-Závodí,,https://www.jobs.cz/rpd/2001350630/,2026-09-11T16:19:15+02:00
JB_3819,Specialista údržby ploch,"Letiště Praha, a. s.",Praha – Ruzyně,,https://www.jobs.cz/rpd/2001255329/,2026-09-11T16:19:15+02:00
JB_1406,VISUAL COMMERCIAL | ZARA HOME | PRAHA,"INDITEX Česká republika, s.r.o.",Praha,,https://www.jobs.cz/rpd/2001359139/,2026-09-11T16:19:15+02:00
JB_7994,Technolog procesu montáže - Mladá Boleslav,GRUPO ANTOLIN TURNOV s.r.o.,Mladá Boleslav – Čejetičky,,https://www.jobs.cz/rpd/2001295652/,2026-09-11T16:19:15+02:00
JB_2805,Key Account Manager,Heureka Group a.s.,Praha,,https://www.jobs.cz/rpd/2001390427/,2026-09-11T16:19:15+02:00
JB_9205,Account Director,VML Czechia s.r.o.,Praha – Holešovice,,https://www.jobs.cz/rpd/2001320543/,2026-09-11T16:19:15+02:00
JB_2659,Insurance Product Manager (m/f) - Raiffeisen-Leasing,Raiffeisenbank a.s.,Praha,,https://www.jobs.cz/rpd/2001380390/,2026-09-11T16:19:15+02:00
JB_0960,Category Manager - Domácí potřeby,"Globus ČR, v.o.s.",Praha – Čakovice,90 000 – 95 000 Kč,https://www.jobs.cz/rpd/2001420689/,2026-09-11T16:19:15+02:00
JB_1016,Energetický manager,"FINEP HOLDING, SE",Praha – Nové Město,,https://www.jobs.cz/rpd/2001408003/,2026-09-11T16:19:15+02:00
JB_4773,IT recruiter/ka,BOOTIQ s.r.o.,Praha – Nusle,,https://www.jobs.cz/rpd/2001417171/,2026-09-11T16:19:15+02:00
JB_3875,oddělení úhradových mechanismů hledá nové kolegy (2326),Ministerstvo zdravotnictví,Praha – Nové Město,,https://www.jobs.cz/rpd/2001403707/,2026-09-11T16:19:15+02:00
JB_1135,"Brand Manager, OTC + Rx portfolio",MagnaPharm CZ s.r.o.,Praha – Smíchov,,https://www.jobs.cz/rpd/2001316468/,2026-09-11T16:19:15+02:00
JB_2979,Specialista zákaznické zkušenosti,PPL CZ s.r.o.,Praha – Štěrboholy,,https://www.jobs.cz/rpd/2001411643/,2026-09-11T16:19:15+02:00
JB_0426,14705577 Insurance Claims Associate with Norwegian,Accenture,Praha – Holešovice,,https://www.jobs.cz/rpd/2001410671/,2026-09-11T16:19:22+02:00
JB_9907,Vedoucí výroby / 60členný tým,"TITBIT, s.r.o.",Čelákovice,65 000 – 100 000 Kč,https://www.jobs.cz/rpd/2001387392/,2026-09-11T16:19:22+02:00
JB_1902,JUNIOR Category Manager s němčinou (m/ž/n) – vhodné i pro absolventy,"Siemens Mobility, s.r.o.",Praha – Stodůlky,,https://www.jobs.cz/rpd/2001401059/,2026-09-11T16:19:22+02:00
JB_5208,Senior finanční účetní,Carrier Refrigeration Operation Czech Republic s.r.o./dříve Linde Frigera spol. s r.o.,Praha,,https://www.jobs.cz/rpd/2001397983/,2026-09-11T16:19:22+02:00
JB_6633,Junior Accounts Receivable Processor,"W.A.G. payment solutions, a.s.",Praha – Nusle,,https://www.jobs.cz/rpd/2001380930/,2026-09-11T16:19:22+02:00
JB_5195,Back Office & Office Manager/ka,KKIG Services s.r.o.,Praha – Vinohrady,,https://www.jobs.cz/rpd/2001421551/,2026-09-11T16:19:22+02:00
JB_6846,Provozní manažer | Záchytné systémy a OOPP,MEICO SYSTEMS s.r.o.,Praha – Vinohrady,70 000 – 90 000 Kč,https://www.jobs.cz/rpd/2001331471/,2026-09-11T16:19:22+02:00
JB_1311,Installation Supervisor (Spanish-speaking) | Spain & International Projects,Bühler Praha s.r.o.,Praha – Nusle,,https://www.jobs.cz/rpd/2001095301/,2026-09-11T16:19:22+02:00
JB_7760,Facility manažer (m/ž),"NAPAKO, výrobní družstvo",Praha,,https://www.jobs.cz/rpd/2001421227/,2026-09-11T16:19:22+02:00
JB_2433,Business Unit Manager CA – veterinární segment | ČR & SR,"CYMEDICA CZ, a.s.",Česká republika,,https://www.jobs.cz/rpd/2001409553/,2026-09-11T16:19:22+02:00
JB_2588,Group Finance Project Lead (Ž/M),Zásilkovna s.r.o.,Praha – Libeň,,https://www.jobs.cz/rpd/2001368312/,2026-09-11T16:19:22+02:00
JB_1573,Front Office Manager,BONDSTER Marketplace s.r.o.,Praha – Libeň,,https://www.jobs.cz/rpd/2001373949/,2026-09-11T16:19:22+02:00
JB_4019,SENIOR KEY ACCOUNT MANAGER FMCG,"Sarantis Czech Republic, s.r.o.",Praha – Libeň,,https://www.jobs.cz/rpd/2001367588/,2026-09-11T16:19:22+02:00
JB_6591,🧮 HLAVNÍ ÚČETNÍ pro ODIEN GROUP| Praha 9 – Letňany,ODIEN Group,Praha – Letňany,,https://www.jobs.cz/rpd/2001418690/,2026-09-11T16:19:22+02:00
JB_3536,Key Account Manager pro Prague Airport Media,"Letiště Praha, a. s.",Praha – Ruzyně,,https://www.jobs.cz/rpd/2001418502/,2026-09-11T16:19:22+02:00
JB_4282,E commerce and Omnichannel account Development Manager,ASUS COMPUTER Czech Republic s.r.o.,Praha – Nusle,,https://www.jobs.cz/rpd/2001371940/,2026-09-11T16:19:22+02:00
JB_3493,"Visual Commercial / Visual Merchandiser– dámské / dětské / panské oddělení – ZARA, Praha","INDITEX Česká republika, s.r.o.",Praha,,https://www.jobs.cz/rpd/2001417328/,2026-09-11T16:19:22+02:00
JB_4318,DEMAND PLANNER AT/CH,BEL Sýry Česko a.s.,Praha – Karlín,,https://www.jobs.cz/rpd/2001381466/,2026-09-11T16:19:22+02:00
JB_3430,HR Manager/ka – Česká republika | KAMALION 💚,KAMALION,Praha – Nové Město,45 000 – 55 000 Kč,https://www.jobs.cz/rpd/2001360147/,2026-09-11T16:19:22+02:00
JB_1152,Obchodní zástupce /Obchodní zástupkyně (Sales Representative),"FGY CZ, s.r.o.",Praha – Radlice,50 000 – 65 000 Kč,https://www.jobs.cz/rpd/2001414893/,2026-09-11T16:19:22+02:00
JB_9718,Finanční Controller / Účetní (možnost pravidelné práce z domu),INSIA a.s.,Praha – Žižkov,,https://www.jobs.cz/rpd/2001380730/,2026-09-11T16:19:22+02:00
JB_2721,Regionální manažer/ka - obchod v zemědělství 👔🌾,TIMAC AGRO CZECH s.r.o.,Praha – Strašnice,,https://www.jobs.cz/rpd/2001413320/,2026-09-11T16:19:22+02:00
JB_8538,🧮 Finanční Controller/ka,ForCamping s.r.o.,Praha – Vysočany,,https://www.jobs.cz/rpd/2001413298/,2026-09-11T16:19:22+02:00
JB_9595,IT administrátor/ka,"Sprinx Systems, a.s.",Praha – Braník,,https://www.jobs.cz/rpd/2001413102/,2026-09-11T16:19:22+02:00
JB_3601,OBCHODNÍ ZÁSTUPCE/KYNĚ - Nymbursko,"Plzeňský Prazdroj, a.s.",Nymburk,,https://www.jobs.cz/rpd/2001412916/,2026-09-11T16:19:22+02:00
JB_0836,Junior / Senior Consultant in automotive,Škoda X s.r.o.,Praha – Michle,,https://www.jobs.cz/rpd/2000598279/,2026-09-11T16:19:22+02:00
JB_7437,"↗️ HEAD OF SALES – Medical Devices / Prague, CZ",Pharmonia s.r.o.,Hlavní město Praha,,https://www.jobs.cz/rpd/2001412823/,2026-09-11T16:19:22+02:00
JB_3883,Pracovník správy pronájmů prodejen (CZ/SK) – s němčinou,TEDi obchodní s.r.o.,Praha – Jinonice,,https://www.jobs.cz/rpd/2001294554/,2026-09-11T16:19:22+02:00
JB_6904,Installation Supervisor | Global Food Production Projects,Bühler Praha s.r.o.,Praha – Nusle,,https://www.jobs.cz/rpd/2001241462/,2026-09-11T16:19:22+02:00
JB_4133,Finanční manažer/ka,"CONTEG, spol. s r.o.",Praha – Nusle,80 000 – 100 000 Kč,https://www.jobs.cz/rpd/2001396419/,2026-09-11T16:19:22+02:00
JB_7909,HR Generalista,SWIETELSKY stavební s.r.o.,Praha – Karlín,,https://www.jobs.cz/rpd/2001412382/,2026-09-11T16:19:30+02:00
JB_3751,CLAIM SPECIALISTA PRO HARMONOGRAMY A ČASOVÉ ŘÍZENÍ STAVEB (m/ž),Stavby mostů a.s.,Praha – Strašnice,,https://www.jobs.cz/rpd/2001347930/,2026-09-11T16:19:30+02:00
JB_5511,Referent/ka zákaznického servisu,LINDAB s.r.o.,Praha – Ruzyně,,https://www.jobs.cz/rpd/2001373891/,2026-09-11T16:19:30+02:00
JB_7762,Hlavní účetní,2JCP a.s.,Příbram – Příbram VII,60 000 – 80 000 Kč,https://www.jobs.cz/rpd/2001215367/,2026-09-11T16:19:30+02:00
JB_9731,"Quality Engineer (Mýto, Chladírenství)",CO2OLTEC Commercial Refrigeration Solutions Czech Republic s.r.o.,Mýto,,https://www.jobs.cz/rpd/2001339455/,2026-09-11T16:19:30+02:00
JB_0996,Area Sales Manager,PPL CZ s.r.o.,Praha – Třebonice + 1 další lokalita,,https://www.jobs.cz/rpd/2001410140/,2026-09-11T16:19:30+02:00
JB_3233,Middle/Senior C# Developer,Veeam Software (Czech Republic) s.r.o.,Praha – Karlín,,https://www.jobs.cz/rpd/2000258539/,2026-09-11T16:19:30+02:00
JB_6835,Front line Sales Engineer,GEA Czech Republic s.r.o.,Praha – Strašnice + 1 další lokalita,,https://www.jobs.cz/rpd/2001385278/,2026-09-11T16:19:30+02:00
JB_4872,Compliance (& Non-Financial Risk) Manager (m/f),HOFMANN WIZARD s.r.o.,Praha,,https://www.jobs.cz/rpd/2001407728/,2026-09-11T16:19:30+02:00
JB_4081,Warehouse Supervisor | Buďte klíčovým hráčem ve skladu!,Yanfeng International Automotive Technology Czechia s.r.o.,Bitozeves – Bitozeves-Průmyslová zóna Triangle,,https://www.jobs.cz/rpd/2001312700/,2026-09-11T16:19:30+02:00
JB_5037,(Junior) Customer Care Agent in Finance and Accounting with Spanish,Accenture,Praha – Holešovice,,https://www.jobs.cz/rpd/2001400477/,2026-09-11T16:19:30+02:00
JB_5163,Ekonom/ka stavby – tunelové stavby (m/ž),STRABAG a.s.,Praha – Jinonice,,https://www.jobs.cz/rpd/2001350526/,2026-09-11T16:19:30+02:00
JB_0572,"R&D inženýr-bezpečnost vozu (ŘJ airbagu,FuRe,Pre/Post Crash a monitorování posádky)",Škoda Auto a.s.,Mladá Boleslav,,https://www.jobs.cz/rpd/2001303803/,2026-09-11T16:19:30+02:00
JB_8491,Key Account Manager pro značku Fortinet,DNS a.s.,Praha – Nusle,,https://www.jobs.cz/rpd/2001394217/,2026-09-11T16:19:30+02:00
JB_9558,Senior Manager Fixed Network Deployment,Vodafone Czech Republic a.s.,Praha – Stodůlky,,https://www.jobs.cz/rpd/2001247099/,2026-09-11T16:19:30+02:00
JB_9890,Specialista nákupu s němčinou - Zaměření na projekty,"Sécheron Hasler CZ, spol. s r.o.",Praha – Horní Počernice,,https://www.jobs.cz/rpd/2001276904/,2026-09-11T16:19:30+02:00
JB_8556,Senior Product Manager Fresh & Frozen,MAKRO Cash & Carry ČR s.r.o.,Praha – Stodůlky,,https://www.jobs.cz/rpd/2001232159/,2026-09-11T16:19:30+02:00
JB_4731,SENIOR FINANCE CONTROLLER/KA,ASEKOL a.s.,Praha – Modřany,,https://www.jobs.cz/rpd/2001382615/,2026-09-11T16:19:30+02:00
JB_7533,Tribe IT Lead - Customer Solutions,"Česká spořitelna, a.s.",Praha – Krč,,https://www.jobs.cz/rpd/2001378979/,2026-09-11T16:19:30+02:00
JB_1283,(Junior) Customer Care Agent in Finance and Accounting with Catalan,Accenture,Praha – Holešovice,,https://www.jobs.cz/rpd/2001379020/,2026-09-11T16:19:30+02:00
JB_6618,Finance Manager / Finanční manažer,NonStop Consulting s.r.o.,Kunice,90 000 – 130 000 Kč,https://www.jobs.cz/rpd/2001376355/,2026-09-11T16:19:30+02:00
JB_8277,Product Manager - zemní plyn,innogy Česká republika a.s.,Praha – Strašnice + 2 další lokality,,https://www.jobs.cz/rpd/2001375960/,2026-09-11T16:19:30+02:00
JB_4900,End User Support Manager (EUS),Allwyn Česko a.s.,Praha – Vokovice,,https://www.jobs.cz/rpd/2001207637/,2026-09-11T16:19:30+02:00
JB_7400,Manažer/ka zákaznické hodnoty,Tesco Stores ČR a.s. - Centrála,Praha – Vršovice,,https://www.jobs.cz/rpd/2001371976/,2026-09-11T16:19:30+02:00
JB_1850,"Konzultant/ka ERP IS pro výrobu a logistiku (Brno, Plzeň, Kladno)","Seyfor, a. s.",Brno – Lesná + 2 další lokality,,https://www.jobs.cz/rpd/2001402929/,2026-09-11T16:19:44+02:00
JB_0693,"Senior Backend Developer - Python, AWS, Kubernetes",Konplan s.r.o.,Praha – Nové Město,,https://www.jobs.cz/rpd/2000637710/,2026-09-11T16:19:44+02:00
JB_6538,Python Software Engineer - AI Security Platform (m/f/n),ESET Research Czech Republic s.r.o.,Praha – Holešovice + 1 další lokalita,,https://www.jobs.cz/rpd/2001282732/,2026-09-11T16:19:44+02:00
JB_4557,QA Automation Developer (Embedded Systems) - Readers,2N TELEKOMUNIKACE a.s.,Praha – Modřany,,https://www.jobs.cz/rpd/2001253238/,2026-09-11T16:19:55+02:00
JB_6756,Test Automation Engineer,Digiteq Automotive s.r.o.,Praha + 1 další lokalita,,https://www.jobs.cz/rpd/2001379013/,2026-09-11T16:19:55+02:00
JB_0700,"Java developer - Kafka, mikroservisy","Agnostix, s.r.o.",Praha – Nové Město,140 000 – 190 000 Kč,https://www.jobs.cz/rpd/2001301852/,2026-09-11T16:19:55+02:00
JB_0561,Python Developer (Medior/Senior),Datacruit s.r.o.,Praha – Karlín,,https://www.jobs.cz/rpd/2001421565/,2026-09-11T16:19:55+02:00
JB_8819,Python vývojář/ka automatizovaných testů pro cyber-security řešení (m/ž/n),"Siemens Mobility, s.r.o.",Praha – Stodůlky,,https://www.jobs.cz/rpd/2001394415/,2026-09-11T16:19:55+02:00
JB_5411,Full-stack Developer | vývoj webových aplikací – zaměřením na UX (vhodné i pro absolventy),24U s.r.o.,Praha – Michle,,https://www.jobs.cz/rpd/2001383520/,2026-09-11T16:19:55+02:00
JB_8550,IT operátor / vývojář – SQL a webová rozhraní,"RH Advisory, s.r.o.",Praha – Dejvice,45 000 – 55 000 Kč,https://www.jobs.cz/rpd/2001415620/,2026-09-11T16:19:55+02:00
JB_6419,SW Engineer/Vývojář C++,ADVACAM s.r.o.,Praha – Holešovice,,https://www.jobs.cz/rpd/2001364381/,2026-09-11T16:19:55+02:00
JB_8598,"Vývojář/ka embedded nástrojů a knihoven - C, Python (m/ž/n)","Siemens Mobility, s.r.o.",Praha – Stodůlky + 1 další lokalita,,https://www.jobs.cz/rpd/2001373317/,2026-09-11T16:19:55+02:00
JB_8719,Lead Quotation Engineer - Automation,Bühler Praha s.r.o.,Praha – Nusle,,https://www.jobs.cz/rpd/1616961138/,2026-09-11T16:20:06+02:00
JB_3571,Automation engineer | Specialista průmyslové automatizace📈,"GZ Media, a.s.",Loděnice,,https://www.jobs.cz/rpd/2001325390/,2026-09-11T16:20:06+02:00
JB_7895,Automation Engineer 🤖,"La Lorraine, a.s.",Kladno – Kročehlavy,60 000 – 70 000 Kč,https://www.jobs.cz/rpd/2001409780/,2026-09-11T16:20:06+02:00
JB_9646,.NET Developer/AI,"ALEF NULA,a.s.",Praha – Karlín,,https://www.jobs.cz/rpd/2001406100/,2026-09-11T16:20:07+02:00
JB_7124,Data Engineer – Oneplay,TV Nova s.r.o.,Praha – Hlubočepy,,https://www.jobs.cz/rpd/2001186876/,2026-09-11T16:20:07+02:00
JB_7410,Data Center Facility Engineer - provoz a rozvoj kritické infrastruktury datových center,České Radiokomunikace a.s.,Praha – Žižkov,,https://www.jobs.cz/rpd/2001333068/,2026-09-11T16:20:07+02:00
JB_6829,DevOps Engineer for Entitlement Server (f/m),T-Mobile Czech Republic a.s.,Praha – Chodov,,https://www.jobs.cz/rpd/2000781499/,2026-09-11T16:20:07+02:00
JB_7739,Student – Test Automation Engineer in Python for Industrial Automation,"Siemens, s.r.o.",Praha – Stodůlky,,https://www.jobs.cz/rpd/2001173625/,2026-09-11T16:20:07+02:00
JB_9257,SW vývojář / programátor,CENTRAL GROUP a.s.,Praha – Nusle,70 000 – 90 000 Kč,https://www.jobs.cz/rpd/2001396430/,2026-09-11T16:20:20+02:00
JB_3759,Group Full-stack developer - Marketing Technology,Fortuna Group,Praha – Vinohrady,,https://www.jobs.cz/rpd/2001363021/,2026-09-11T16:20:20+02:00
JB_7594,Databázový specialista / vývojář,CENTRAL GROUP a.s.,Praha – Nusle,70 000 – 90 000 Kč,https://www.jobs.cz/rpd/2001396428/,2026-09-11T16:20:20+02:00
JB_3465,Senior MS SQL Database Engineer,DER Touristik CZ a.s,Praha – Chodov,,https://www.jobs.cz/rpd/2001419520/,2026-09-11T16:20:20+02:00
JB_6136,Stavíme pipeline na pozici manažerů údržby,"Holcim (Česko), a.s.",Čížkovice,130 000 – 150 000 Kč,https://www.jobs.cz/rpd/2001399183/,2026-09-11T16:20:20+02:00
JB_1027,Databázový specialista – ERP i6 / MS SQL (Praha),PŘEDVÝBĚR.CZ a.s.,Praha – Štěrboholy,,https://www.jobs.cz/rpd/2001405811/,2026-09-11T16:20:20+02:00
JB_1620,Commissioning Process Engineer,Bühler Praha s.r.o.,Praha – Nusle,,https://www.jobs.cz/rpd/2000594659/,2026-09-11T16:20:20+02:00
JB_7515,Mechanical Engineer (Design Engineer),Bühler Praha s.r.o.,Praha – Nusle,,https://www.jobs.cz/rpd/2001364187/,2026-09-11T16:20:20+02:00
JB_8796,Design Engineer - IT infrastructure,Linet spol. s r.o.,Praha – Veleslavín,,https://www.jobs.cz/rpd/2001371696/,2026-09-11T16:20:20+02:00
JB_2846,Service Engineer Production Printing/Servisní technik pro Produkční stroje - střední Čechy,RICOH Czech Republic s.r.o.,Praha – Michle,,https://www.jobs.cz/rpd/2001412095/,2026-09-11T16:20:20+02:00
JB_5570,Senior Machine Learning Engineer,TV Nova s.r.o.,Praha – Hlubočepy,,https://www.jobs.cz/rpd/2001274297/,2026-09-11T16:20:20+02:00
JB_6299,AI Engineer,Skupina Klik.cz,Praha – Karlín,,https://www.jobs.cz/rpd/2001389927/,2026-09-11T16:20:20+02:00
JB_5897,Java Developer - 100% Práce z domova,Quant Retail s.r.o.,Česká republika,48 000 – 65 000 Kč,https://www.jobs.cz/rpd/2001370642/,2026-09-11T16:20:20+02:00
JB_0011,Programátor / programátorka mikročipů a snímačů embedded systémů,INSET s.r.o.,Praha – Vinohrady,,https://www.jobs.cz/rpd/2001417564/,2026-09-11T16:20:20+02:00
JB_6798,Technický inženýr - junior,SAINT-GOBAIN,Hořovice,,https://www.jobs.cz/rpd/2001200369/,2026-09-11T16:20:20+02:00
JB_1476,Co-founder/Senior Full-stack vývojář (equity -HO) – Platforma pro firemní udržitelnost,SUSTAINABLES s.r.o.,Praha – Vysočany,,https://www.jobs.cz/rpd/2001290717/,2026-09-11T16:20:31+02:00
JB_6192,Softwarový inženýr – průmyslová automatizace a sběr dat,"Fyzikální ústav AV ČR, v. v. i. - Centrum HiLASE",Dolní Břežany,,https://www.jobs.cz/rpd/2001391829/,2026-09-11T16:20:31+02:00
JB_6211,"Software Developer for LLM Pretraining Data Compliance, OpenEuroLLM",Univerzita Karlova – Matematicko-fyzikální fakulta,Praha – Malá Strana,60 000 – 120 000 Kč,https://www.jobs.cz/rpd/2001416987/,2026-09-11T16:20:31+02:00
JB_5338,FULL-STACK VÝVOJÁŘ,Generali Investments CEE,Praha – Michle,,https://www.jobs.cz/rpd/2001375809/,2026-09-11T16:20:31+02:00
JB_0963,Nákupčí Junior/Senior,NYMWAG CS a.s.,Nymburk,,https://www.jobs.cz/rpd/2001418616/,2026-09-11T16:20:31+02:00
JB_0519,Technolog výroby - montáž ( vhodné i pro juniory),"Sécheron Hasler CZ, spol. s r.o.",Praha – Horní Počernice,,https://www.jobs.cz/rpd/2001336176/,2026-09-11T16:20:31+02:00
JB_6569,Java/Oracle Developer*ka - Core Banking Systems,Raiffeisenbank a.s.,Praha – Nusle,,https://www.jobs.cz/rpd/2001418945/,2026-09-11T16:20:31+02:00
JB_2348,Java Developer for Teamio — a product that helps companies find the right people,Alma Career Czechia s.r.o.,Praha – Libeň + 2 další lokality,90 000 – 115 000 Kč,https://www.jobs.cz/rpd/2001356281/,2026-09-11T16:20:31+02:00
JB_1463,.NET developer,Popron Systems,Praha – Radlice,,https://www.jobs.cz/rpd/2001371768/,2026-09-11T16:20:31+02:00
JB_4344,PROGRAMÁTOR ASP.NET / ASP.NET Core,Mediální skupina MAFRA,Praha – Smíchov,,https://www.jobs.cz/rpd/2001406331/,2026-09-11T16:20:31+02:00
JB_8023,Programátor C# – vývojář,SAITECH s.r.o.,Terezín,,https://www.jobs.cz/rpd/2001401624/,2026-09-11T16:20:31+02:00
JB_9629,Back-end Developer (.NET / C#),DER Touristik CZ a.s,Praha – Chodov,,https://www.jobs.cz/rpd/2001396043/,2026-09-11T16:20:45+02:00
JB_3654,C#/.NET backend vývojář – medior,"NAKIT, s. p.",Praha – Vršovice,,https://www.jobs.cz/rpd/2001410205/,2026-09-11T16:20:45+02:00
JB_7614,C++ embedded Linux vývojář/ka (m/ž/n),"Siemens Mobility, s.r.o.",Praha – Stodůlky,,https://www.jobs.cz/rpd/2001394417/,2026-09-11T16:20:45+02:00
JB_5155,ABAP vývojář pro SAP FI/CO,"HOPI HOLDING, a.s.",Modletice,,https://www.jobs.cz/rpd/2001380808/,2026-09-11T16:20:45+02:00
JB_5372,Vývojář ORACLE - senior/medior (m/ž),"ČSOB Československá obchodní banka, a. s.",Praha – Radlice,,https://www.jobs.cz/rpd/2000769317/,2026-09-11T16:29:17+02:00
JB_7064,Senior Java vývojář,"Open Apps Development, a.s.",Praha,,https://www.jobs.cz/rpd/2001371342/,2026-09-11T16:29:17+02:00
JB_6382,Vývojář automatizovaných testů (m/ž),Skupina E.ON,Praha + 2 další lokality,,https://www.jobs.cz/rpd/2001177748/,2026-09-11T16:29:17+02:00
JB_7715,BE vývojář (Java/Kotlin) - Stream Karty,"Partners Banka, a.s.",Praha – Chodov,,https://www.jobs.cz/rpd/2001402799/,2026-09-11T16:29:17+02:00
JB_9356,Senior vývojář/ka eSales platformy – PHP | remote | 130–160 000 Kč,emorfiq s.r.o.,Praha – Holešovice,130 000 – 160 000 Kč,https://www.jobs.cz/rpd/2000564829/,2026-09-11T16:29:17+02:00
JB_4961,SCADA Programátor / Junior SCADA programátor,Skupina ČEZ,Praha – Malešice,,https://www.jobs.cz/rpd/2001335771/,2026-09-11T16:29:17+02:00
JB_5430,SENIOR JAVA DEVELOPER - Java|Spring Boot|Kafka|Microservices,"SYNERGIE, s.r.o.",okres Praha,80 000 – 125 000 Kč,https://www.jobs.cz/rpd/2001390193/,2026-09-11T16:29:17+02:00
JB_2542,Network Application Developer and Tester,teamIT s.r.o.,Praha,120 000 – 150 000 Kč,https://www.jobs.cz/rpd/2001012888/,2026-09-11T16:29:17+02:00
JB_9306,Tech Lead / Senior Web Developer,"ARBES Technologies, a.s.",Praha – Smíchov,,https://www.jobs.cz/rpd/2001407907/,2026-09-11T16:29:17+02:00
JB_1914,Konzultant ERP i6 / MSSQL Developer (PRAHA/BRNO),100MEGA Distribution s.r.o.,Praha – Štěrboholy + 1 další lokalita,,https://www.jobs.cz/rpd/2001383246/,2026-09-11T16:29:17+02:00
JB_0621,IT product manager/programátor (m/ž),Škoda Auto a.s.,Mladá Boleslav,,https://www.jobs.cz/rpd/2001189424/,2026-09-11T16:29:17+02:00
JB_3445,Junior programátor/ka,VIAGEM a.s.,Praha – Karlín,20 000 – 40 000 Kč,https://www.jobs.cz/rpd/2001385301/,2026-09-11T16:29:17+02:00
JB_1348,SAP ABAP/Fiori Developer/ka,CGI CS&EE,Praha – Stodůlky,,https://www.jobs.cz/rpd/2001387382/,2026-09-11T16:29:17+02:00
JB_8862,Programátor IS junior,DEK a.s.,Praha – Malešice,40 000 – 65 000 Kč,https://www.jobs.cz/rpd/2001360201/,2026-09-11T16:29:17+02:00
JB_7885,CAD Methods Developer (m/f/d),Bertrandt AG,Středočeský kraj,,https://www.jobs.cz/rpd/2001378882/,2026-09-11T16:29:17+02:00
JB_3866,Systémový administrátor / DevOps inženýr,PŘEDVÝBĚR.CZ a.s.,Praha,,https://www.jobs.cz/rpd/2001408333/,2026-09-11T16:29:24+02:00
JB_6552,Testing Engineer,IDIADA CZ a.s.,Mladá Boleslav – Bezděčín,45 000 – 80 000 Kč,https://www.jobs.cz/rpd/2001263469/,2026-09-11T16:29:24+02:00
JB_2034,Process Engineer – Flour Milling Industry,Bühler Praha s.r.o.,Praha – Nusle,,https://www.jobs.cz/rpd/2000594634/,2026-09-11T16:29:24+02:00
JB_0771,Electrical Installation Planning Engineer,Bühler Praha s.r.o.,Praha – Nusle,,https://www.jobs.cz/rpd/2001398450/,2026-09-11T16:29:24+02:00
JB_9041,Product Engineer / Tooling support Engineer,Solar Turbines EAME s.r.o.,Žebrák,,https://www.jobs.cz/rpd/2001390090/,2026-09-11T16:29:24+02:00
JB_2044,AI Security Engineer,Grafton Recruitment s.r.o.,Praha,100 000 – 110 000 Kč,https://www.jobs.cz/rpd/2001392194/,2026-09-11T16:29:24+02:00
JB_3298,AI Engineer (JPO29170),Alza.cz a.s.,Praha – Holešovice,,https://www.jobs.cz/rpd/2001410080/,2026-09-11T16:29:24+02:00
JB_1374,AI Engineer,Deckard & Penfield s.r.o.,Praha – Holešovice,,https://www.jobs.cz/rpd/2001414631/,2026-09-11T16:29:24+02:00
JB_7439,AI Engineer,ČESKÁ NÁRODNÍ BANKA,Praha – Nové Město,,https://www.jobs.cz/rpd/2001387978/,2026-09-11T16:29:24+02:00
JB_5918,AI-first Software Engineer,Košík.cz s.r.o.,Praha – Dejvice,,https://www.jobs.cz/rpd/2001396654/,2026-09-11T16:29:35+02:00
JB_8200,Customer Quality Engineer,HOFMANN WIZARD s.r.o.,okres Praha-východ,,https://www.jobs.cz/rpd/2001418992/,2026-09-11T16:29:35+02:00
JB_7709,Frontend Development Engineer - Angular,Bühler Praha s.r.o.,Praha – Nusle,,https://www.jobs.cz/rpd/2001085599/,2026-09-11T16:29:35+02:00
JB_3039,Software Engineer - Fintech (m/ž),TIPSPORT,Beroun – Beroun-Centrum,,https://www.jobs.cz/rpd/2001402663/,2026-09-11T16:29:35+02:00
JB_6733,AI Platform Engineer — DEK a.s.,DEK a.s.,Praha – Malešice,90 000 – 120 000 Kč,https://www.jobs.cz/rpd/2001360068/,2026-09-11T16:29:35+02:00
JB_2777,QA Embedded SW Test Engineer – (manuální testy),BTL Medical Development a.s.,Praha – Vokovice,,https://www.jobs.cz/rpd/2001408329/,2026-09-11T16:29:35+02:00
JB_8657,C#/.NET Tech Lead,"NAKIT, s. p.",Praha – Vršovice,,https://www.jobs.cz/rpd/2001412620/,2026-09-11T16:29:35+02:00
JB_5497,Connect & 3D Experience PLM Solution Specialist,"VOLKSWAGEN GROUP SERVICES, s.r.o.",Praha – Michle,,https://www.jobs.cz/rpd/2001345588/,2026-09-11T16:29:35+02:00
JB_1412,Specialista vývoje pro projekt ve Škoda Auto,in-tech Engineering s.r.o.,Mladá Boleslav – Mladá Boleslav IV,,https://www.jobs.cz/rpd/2001389349/,2026-09-11T16:29:35+02:00
JB_1691,⋙ Product Security Engineer | Projekty udržitelnosti | švédská kultura ⋘,"mBlue Czech, s.r.o.",Benátky nad Jizerou,,https://www.jobs.cz/rpd/2001417490/,2026-09-11T16:29:50+02:00
JB_9206,⋙ Product Security Engineer | Projekty udržitelnosti | švédská kultura ⋘,"mBlue Czech, s.r.o.",Praha,,https://www.jobs.cz/rpd/2001410858/,2026-09-11T16:29:50+02:00
JB_2163,⋙ Product Security Engineer ⋘,"mBlue Czech, s.r.o.",Praha,,https://www.jobs.cz/rpd/2001094988/,2026-09-11T16:29:50+02:00
JB_8085,Embedded Software Developer,"Siemens, s.r.o.",Praha – Stodůlky,,https://www.jobs.cz/rpd/2000756609/,2026-09-11T16:29:50+02:00
JB_2268,Inženýr testovacích systémů,Akkodis CZ s.r.o.,Praha – Stodůlky + 2 další lokality,,https://www.jobs.cz/rpd/2001134278/,2026-09-11T16:29:50+02:00
JB_2894,C# - Software Engineer - Vehicle diagnostics software,EATON,Roztoky,,https://www.jobs.cz/rpd/2001390081/,2026-09-11T16:29:50+02:00
JB_3199,🪛 Teamleader techniků automatizovaného provozu (JPO24520),Alza.cz a.s.,Chrášťany,,https://www.jobs.cz/rpd/2001383598/,2026-09-11T16:29:50+02:00
JB_5959,Automotive CI/CD Engineer (DevOps),Digiteq Automotive s.r.o.,Praha + 2 další lokality,,https://www.jobs.cz/rpd/2001138157/,2026-09-11T16:29:50+02:00
JB_1068,IT Analytik/čka pro Automated loans,"MONETA Money Bank, a.s.",Praha – Michle,,https://www.jobs.cz/rpd/2001364549/,2026-09-11T16:29:50+02:00
JB_4174,Linux System Architect – Red Hat | 100 % Remote | Deutsch,HOFMANN WIZARD s.r.o.,Praha – Nové Město,,https://www.jobs.cz/rpd/2001394483/,2026-09-11T16:29:50+02:00
JB_1405,Senior DevOps Manager,DHL Information Services (Europe) s.r.o.,Praha – Chodov,,https://www.jobs.cz/rpd/2001408272/,2026-09-11T16:29:50+02:00
JB_6146,Software Support Specialist (WMS & SW),"KODYS, spol. s r.o.",Praha – Motol,45 000 – 60 000 Kč,https://www.jobs.cz/rpd/2001401002/,2026-09-11T16:29:50+02:00
JB_2686,DevOps Manager (Technical Product Manager) in Open Banking Services,"COMMERZBANK Aktiengesellschaft, pobočka Praha",Praha – Nové Město,,https://www.jobs.cz/rpd/2001389194/,2026-09-11T16:29:50+02:00
JB_3917,IT Digital Analytik/čka - oblast hypoték,"MONETA Money Bank, a.s.",Praha – Michle,,https://www.jobs.cz/rpd/2001330998/,2026-09-11T16:29:50+02:00
JB_5030,Group Senior Finance Accountant,DoDo Czech s.r.o.,Praha – Karlín,,https://www.jobs.cz/rpd/2001308586/,2026-09-11T16:29:50+02:00
JB_1453,Senior Credit Management Specialist with French,Anheuser-Busch InBev Czech s.r.o.,Praha – Michle,,https://www.jobs.cz/rpd/2001406342/,2026-09-11T16:29:50+02:00
JB_3461,Payroll Vendor Manager,ADECCO spol.s r.o.,Praha – Karlín,,https://www.jobs.cz/rpd/2001357438/,2026-09-11T16:29:50+02:00
JB_8324,Servisní technik pro podzemní stroje,Epiroc Czech Republic s.r.o.,Říčany,,https://www.jobs.cz/rpd/2001372238/,2026-09-11T16:29:58+02:00
JB_4627,Produktový manažer - integrace a podnikové systémy,Mountfield a.s.,Strančice – Všechromy,,https://www.jobs.cz/rpd/2001301728/,2026-09-11T16:29:58+02:00
JB_6968,Junior PLC technik,Glazura s.r.o.,Dobříň,,https://www.jobs.cz/rpd/2001407931/,2026-09-11T16:29:58+02:00
JB_5344,Systémový Administrátor - Datacentrum,"Asseco Central Europe, a.s.",Praha + 1 další lokalita,,https://www.jobs.cz/rpd/2001286564/,2026-09-11T16:29:58+02:00
JB_4648,Specialista technické správy OZE,JRD GROUP,Praha – Vinohrady,,https://www.jobs.cz/rpd/2001412807/,2026-09-11T16:29:58+02:00
JB_4751,⭕ TECHNICKÁ PODPORA (Energetika) – Praha východ⚡🔋🚗,"ProfesKontakt, s.r.o.",Středočeský kraj,50 000 – 70 000 Kč,https://www.jobs.cz/rpd/2001421260/,2026-09-11T16:29:58+02:00
JB_2696,Linux Administrator - L2 Support,"Asseco Central Europe, a.s.",okres Praha,,https://www.jobs.cz/rpd/2001417287/,2026-09-11T16:29:58+02:00
JB_6391,Samostatný projektant elektro,"Pražská energetika, a.s.",Praha – Střešovice,,https://www.jobs.cz/rpd/2000963082/,2026-09-11T16:29:58+02:00
JB_2341,⭕ TECHNICKÁ PODPORA (Energetika) – Praha východ⚡🔋🚗,"ProfesKontakt, s.r.o.",Středočeský kraj,50 000 – 70 000 Kč,https://www.jobs.cz/rpd/2001395965/,2026-09-11T16:29:58+02:00
JB_4476,STUDENT VE VÝVOJI - konstrukce nebo testování - dlouhodobá stáž v DOOSAN BOBCAT,Bobcat,Dobříš,,https://www.jobs.cz/rpd/2001373118/,2026-09-11T16:29:58+02:00
JB_5686,Technická podpora do Test Inženýringu - příležitost pro studenty,Solar Turbines EAME s.r.o.,Žebrák,,https://www.jobs.cz/rpd/2001122456/,2026-09-11T16:29:58+02:00
JB_1336,⭕ TECHNICKÁ PODPORA PRODEJE (Energetika) – Praha východ⚡🔋🚗,"ProfesKontakt, s.r.o.",Středočeský kraj,50 000 – 70 000 Kč,https://www.jobs.cz/rpd/2001380709/,2026-09-11T16:29:58+02:00
JB_3642,"Technicko-provozní vedoucí (údržba, technologie, Facility)",ESON CZ s.r.o.,Lety,110 000 – 120 000 Kč,https://www.jobs.cz/rpd/2001401119/,2026-09-11T16:29:58+02:00
JB_8832,Vývojář / Projektový technik – plastové díly | CATIA,Triangle Recruitment CZ s.r.o.,Mladá Boleslav,50 000 – 80 000 Kč,https://www.jobs.cz/rpd/2001395795/,2026-09-11T16:29:58+02:00
JB_0272,Expert jaderného paliva,ENERGOPROJEKT PRAHA s.r.o.,Praha – Libeň + 4 další lokality,,https://www.jobs.cz/rpd/2000979305/,2026-09-11T16:29:58+02:00
JB_2158,Investor výstavby sítě (technický dozor investora - elektro),"Pražská energetika, a.s.",Praha – Smíchov,,https://www.jobs.cz/rpd/2001356855/,2026-09-11T16:29:58+02:00
JB_2920,VÝROBNÍ TECHNOLOG | 15 dní volna v měsíci | nepřetržitý provoz,PRAKAB Pražská Kabelovna s.r.o.,Praha – Hostivař,,https://www.jobs.cz/rpd/2001379110/,2026-09-11T16:29:58+02:00
JB_8506,Technický referent/ka připojování a přeložek plynárenských zařízení,"GasNet, s.r.o.",České Budějovice – České Budějovice 6 + 2 další lokality,,https://www.jobs.cz/rpd/2001408534/,2026-09-11T16:29:58+02:00
JB_8124,SW Integrátor/ka řídicích systémů kolejových vozidel (m/ž/n),"Siemens Mobility, s.r.o.",Praha – Stodůlky,,https://www.jobs.cz/rpd/2001408323/,2026-09-11T16:29:58+02:00
JB_7469,SW inženýr/ka řízení trakce lokomotiv (m/ž/n),"Siemens Mobility, s.r.o.",Praha – Stodůlky + 2 další lokality,,https://www.jobs.cz/rpd/2001396697/,2026-09-11T16:29:58+02:00
JB_3948,Platform Engineer (DevOps SRE Infra),Košík.cz s.r.o.,Praha – Dejvice,,https://www.jobs.cz/rpd/2001401101/,2026-09-11T16:30:10+02:00
JB_9055,DevOps Engineer for R&D department,teamIT s.r.o.,Praha,120 000 – 140 000 Kč,https://www.jobs.cz/rpd/2001394489/,2026-09-11T16:30:10+02:00
JB_3184,Student internship - Configuration Management,"Siemens, s.r.o.",Praha – Stodůlky,,https://www.jobs.cz/rpd/2001415025/,2026-09-11T16:30:10+02:00
JB_6288,Lead Infrastructure Architect,"MONETA Money Bank, a.s.",Praha – Michle,,https://www.jobs.cz/rpd/2001398075/,2026-09-11T16:30:10+02:00
JB_0603,Software Developer - Crash Eval Tool,IXPERTA s.r.o.,Mladá Boleslav – Mladá Boleslav II,,https://www.jobs.cz/rpd/2001409880/,2026-09-11T16:30:10+02:00
JB_7951,Referent/ka odd. investic příspěvkových organizací MČ Praha 3,Městská část Praha 3,Praha – Žižkov,,https://www.jobs.cz/rpd/2001393863/,2026-09-11T16:30:10+02:00
JB_1330,Specialista vývoje diagnostiky - GSR2 BCM MQB27 EU (m/ž),Škoda Auto a.s.,Mladá Boleslav,50 000 – 70 000 Kč,https://www.jobs.cz/rpd/2001076803/,2026-09-11T16:30:10+02:00
JB_9142,Konstrukce palivových systémů v Motorsportu,"AUFEER DESIGN, s.r.o.",Mladá Boleslav – Mladá Boleslav IV,,https://www.jobs.cz/rpd/2001297797/,2026-09-11T16:30:10+02:00
JB_8760,Asistent/ka stavbyvedoucího,"CYMEDICA, spol. s r.o.",Hořovice,,https://www.jobs.cz/rpd/2001373581/,2026-09-11T16:30:10+02:00
JB_9760,VÝROBNÍ SPECIALISTA/KA ODDĚLENÍ VÝROBY KAROSERIÍ,"Toyota Motor Manufacturing Czech Republic, s.r.o.",Ovčáry,47 500 – 55 000 Kč,https://www.jobs.cz/rpd/2001247694/,2026-09-11T16:30:10+02:00
JB_5997,Procesní inženýr - Operational Excellence,"LASSELSBERGER, s.r.o.",Lubná,,https://www.jobs.cz/rpd/2001395705/,2026-09-11T16:30:10+02:00
JB_7205,Specialista kvality pro čisté prostory | Nastartujte nový projekt i svou kariéru,INDEX NOSLUŠ s.r.o.,Benešov,,https://www.jobs.cz/rpd/2001387735/,2026-09-11T16:30:10+02:00
JB_0964,ADMINISTRATIVNÍ PRACOVNÍK/PRACOVNICE na obchodní oddělení – Praha,M - SILNICE a.s.,Praha – Satalice,,https://www.jobs.cz/rpd/2001375731/,2026-09-11T16:30:10+02:00
JB_9538,Specialista 3D měření / Metrolog - 2 směny,Thein Services s.r.o.,Benešov,43 000 Kč,https://www.jobs.cz/rpd/2001375638/,2026-09-11T16:30:10+02:00
JB_2574,Manažer realizace stavebních projektů (m/ž),NEO GROUP s.r.o.,Praha – Uhříněves,,https://www.jobs.cz/rpd/2001364862/,2026-09-11T16:30:10+02:00
JB_5528,TECHNIK SPRÁVY NEMOVITOSTÍ,Stavební bytové družstvo Zahradní Město,Praha – Záběhlice,40 000 – 45 000 Kč,https://www.jobs.cz/rpd/2001394823/,2026-09-11T16:30:10+02:00
JB_3397,Hlavní energetik skupiny (m/ž),ALTRO Executive Search,Kolín – Kolín V,,https://www.jobs.cz/rpd/2001403540/,2026-09-11T16:30:10+02:00
JB_2600,** Servisní technik - strojní zařízení **,GHS Consulting s.r.o.,Praha,60 000 – 70 000 Kč,https://www.jobs.cz/rpd/2001402282/,2026-09-11T16:30:24+02:00
JB_2793,Technik/-čka ve vývoji,AUREL CZ s.r.o.,Mladá Boleslav,,https://www.jobs.cz/rpd/2001341429/,2026-09-11T16:30:24+02:00
JB_7102,QA TECHNIK - AUTOMOTIVE,Hanon Systems Thermal Technology s.r.o.,Kladno – Kročehlavy,,https://www.jobs.cz/rpd/2001358647/,2026-09-11T16:30:24+02:00
JB_3400,Obchodně-technický referent,"AKERMANN ELECTRONIC PRAHA, spol. s r.o.",Praha – Vršovice,45 000 – 56 000 Kč,https://www.jobs.cz/rpd/2001412604/,2026-09-11T16:30:24+02:00
JB_1937,ROZPOČTÁŘ/KA HLINÍKOVÝCH PRVKŮ/LOP,Vekra s.r.o.,Praha – Libeň,30 000 – 50 000 Kč,https://www.jobs.cz/rpd/2001412358/,2026-09-11T16:30:24+02:00
JB_2970,Servisní technik - Zdravotnictví - vhodné i pro absolventy,B. Braun,Nehvizdy,,https://www.jobs.cz/rpd/2001210106/,2026-09-11T16:30:24+02:00
JB_1901,Process/Manufacturing Engineering PTM,VALEO ŽEBRÁK,Žebrák,,https://www.jobs.cz/rpd/2001410106/,2026-09-11T16:30:24+02:00
JB_8052,Specialista vývoje asistenčních systémů,Digiteq Automotive s.r.o.,Mladá Boleslav,,https://www.jobs.cz/rpd/2001261325/,2026-09-11T16:30:24+02:00
JB_6715,Koordinátor trvalého zlepšování,SAINT-GOBAIN,Hořovice,,https://www.jobs.cz/rpd/2001408969/,2026-09-11T16:30:24+02:00
JB_2358,Technik rozvoje sítě (sekundární technika),"Pražská energetika, a.s.",Praha – Nové Město,,https://www.jobs.cz/rpd/2001036127/,2026-09-11T16:30:24+02:00
JB_8457,Technik - lakovna,Magna Exteriors (Bohemia) s.r.o.,Nymburk,,https://www.jobs.cz/rpd/2001407895/,2026-09-11T16:30:24+02:00
JB_6657,Trainee – technolog svařování - student/ka VŠ,Zoeller Systems s.r.o.,Říčany,,https://www.jobs.cz/rpd/2001286017/,2026-09-11T16:30:24+02:00
JB_4349,Technik přípravy vozů,Akkodis CZ s.r.o.,Milovice,,https://www.jobs.cz/rpd/2001348442/,2026-09-11T16:30:25+02:00
JB_6998,Provozní dispečer ENG do 12/2026,"Letiště Praha, a. s.",Praha – Ruzyně,,https://www.jobs.cz/rpd/2001348025/,2026-09-11T16:30:25+02:00
JB_9078,Specialista palubní diagnostiky vozidla (m/ž),Škoda Auto a.s.,Mladá Boleslav,,https://www.jobs.cz/rpd/2001297389/,2026-09-11T16:30:25+02:00
JB_5543,Projektový manažer implementace diagnostiky palubního systému (m/ž),Škoda Auto a.s.,Mladá Boleslav,,https://www.jobs.cz/rpd/2001297397/,2026-09-11T16:30:25+02:00
JB_3166,Technolog lisovny | výroba vinylových desek 🎶,"GZ Media, a.s.",Loděnice,,https://www.jobs.cz/rpd/2001338351/,2026-09-11T16:30:25+02:00
JB_8284,Dálkový dohled s Aj a Nj (m/ž),HAUSER spol. s r.o.,Praha – Holešovice,45 000 – 60 000 Kč,https://www.jobs.cz/rpd/2001390571/,2026-09-11T16:30:25+02:00
JB_4479,VÝROBNÍ PŘÍPRAVÁŘ (m/ž),"EUROVIA CZ, a. s.",Praha + 1 další lokalita,,https://www.jobs.cz/rpd/2001331066/,2026-09-11T16:30:25+02:00
JB_2768,SPECIALISTA TECHNICKÉ PŘÍPRAVY STAVEB (m/ž),Stavby mostů a.s.,Praha – Strašnice,,https://www.jobs.cz/rpd/2001376145/,2026-09-11T16:30:25+02:00
JB_1099,VÝROBNÍ PŘÍPRAVÁŘ (m/ž),"EUROVIA CZ, a. s.",Praha + 1 další lokalita,,https://www.jobs.cz/rpd/2001376129/,2026-09-11T16:30:25+02:00
JB_7699,TRAINEE DO VÝROBY V PIVOVARU,"Heineken Česká republika, a.s.",Krušovice,37 500 – 39 500 Kč,https://www.jobs.cz/rpd/2001373480/,2026-09-11T16:30:25+02:00
JB_6389,Specialista/ka zlepšování kvality ve farmacii,PRO.MED.CS Praha a.s.,Praha – Michle,,https://www.jobs.cz/rpd/2001316848/,2026-09-11T16:30:25+02:00
JB_4611,HR Advisor with German + additional EU language (1 year contract),Carrier Refrigeration Operation Czech Republic s.r.o./dříve Linde Frigera spol. s r.o.,Praha – Holešovice,,https://www.jobs.cz/rpd/2001085927/,2026-09-11T16:30:25+02:00
JB_5808,"Senior SecOps Engineer, Pangea Digital","Radio Free Europe/Radio Liberty - Rádio Svobodná Evropa, Inc.",Praha – Strašnice,,https://www.jobs.cz/rpd/2001342066/,2026-09-11T16:30:38+02:00
JB_9976,Financial Risk Officer (f/m/d),Deutsche Börse Group,Praha – Karlín,,https://www.jobs.cz/rpd/2001412737/,2026-09-11T16:30:38+02:00
JB_5872,Software Engineer - Analytik/čka_tým Onboarding,"Česká spořitelna, a.s.",Praha – Krč,,https://www.jobs.cz/rpd/2001226995/,2026-09-11T16:30:38+02:00
JB_1825,Junior Risk Controller,Ezpada s.r.o.,Praha – Nové Město,,https://www.jobs.cz/rpd/2001387332/,2026-09-11T16:30:38+02:00
JB_3539,ERP Konzultant | finance a účetnictví,"ARBES Technologies, a.s.",Praha – Smíchov,,https://www.jobs.cz/rpd/2001417356/,2026-09-11T16:30:53+02:00
JB_4141,IT konzultant pro oblast leasingu,"ARBES Technologies, a.s.",Praha – Smíchov,,https://www.jobs.cz/rpd/2001417314/,2026-09-11T16:30:53+02:00
JB_3721,Group Head of Merchant Sales,Heureka Group a.s.,Praha,,https://www.jobs.cz/rpd/2001348956/,2026-09-11T16:30:53+02:00
JB_8397,Export Manager,FARMA ŽIVINA s.r.o.,Praha – Vinohrady,,https://www.jobs.cz/rpd/2001389643/,2026-09-11T16:30:53+02:00
JB_1461,HW Designer – Junior+,Zuri.com SE,Vestec,55 000 – 70 000 Kč,https://www.jobs.cz/rpd/2001415011/,2026-09-11T16:30:53+02:00
JB_0978,IT Integrační architekt / architektka,Skupina ČEZ,Praha – Michle,,https://www.jobs.cz/rpd/2001374173/,2026-09-11T16:30:53+02:00
JB_4472,IT Test Manažer (m/ž),"ČSOB Československá obchodní banka, a. s.",Praha – Radlice,,https://www.jobs.cz/rpd/2001394812/,2026-09-11T16:31:03+02:00
JB_5450,Technický konzultant ERP / Praha - Karlín,"Algotech, a.s.",Praha – Karlín,,https://www.jobs.cz/rpd/2001382494/,2026-09-11T16:31:03+02:00
JB_8734,IT ANALYTIK - CORE BANKING,J&T BANKA,Praha – Karlín,,https://www.jobs.cz/rpd/2001340420/,2026-09-11T16:31:03+02:00
JB_3620,IT Analytik – bankovnictví | Praha / hybrid,teamIT s.r.o.,Hlavní město Praha,120 000 – 150 000 Kč,https://www.jobs.cz/rpd/2001378836/,2026-09-11T16:31:03+02:00
JB_6264,IT Analytik - senior (m/ž),"ČSOB Československá obchodní banka, a. s.",Praha – Radlice,,https://www.jobs.cz/rpd/2001329368/,2026-09-11T16:31:03+02:00
JB_5930,IT Aplikační inženýr - ČSOB CEB (m/ž),"ČSOB Československá obchodní banka, a. s.",Hlavní město Praha,,https://www.jobs.cz/rpd/2001361141/,2026-09-11T16:31:03+02:00
JB_1881,SW Tester / QA Engineer,DER Touristik CZ a.s,Praha – Chodov,,https://www.jobs.cz/rpd/2001393797/,2026-09-11T16:31:03+02:00
JB_9430,Sales Development Representative at a Mobile Gaming Agency,"AppAgent, s.r.o.",Praha – Smíchov,45 000 – 65 000 Kč,https://www.jobs.cz/rpd/2001378888/,2026-09-11T16:31:03+02:00
JB_8992,Software Delivery Engineer,ERA a.s.,Praha,,https://www.jobs.cz/rpd/2001381634/,2026-09-11T16:31:03+02:00
JB_5410,SW architekt - Pardubice / Praha / Brno / částečně remote,ERA a.s.,Praha – Nové Město,,https://www.jobs.cz/rpd/2001381566/,2026-09-11T16:31:03+02:00
JB_7657,SW Administrátor/ka pro projekty kolejových vozidel (m/ž/n),"Siemens Mobility, s.r.o.",Praha – Stodůlky,,https://www.jobs.cz/rpd/2001409531/,2026-09-11T16:31:03+02:00
JB_9915,IT SPECIALISTA/ SPRÁVCE IT INFRASTRUKTURY (M/Ž),JISTU recruitment s.r.o.,Praha,,https://www.jobs.cz/rpd/2001396127/,2026-09-11T16:31:03+02:00
JB_7440,Senior Business Development Manager,Plantyst s.r.o.,Kolín – Sendražice,70 000 – 90 000 Kč,https://www.jobs.cz/rpd/2001401317/,2026-09-11T16:31:10+02:00
JB_0564,TESTER/-KA / TEST KOORDINÁTOR/-KA (automotive),EVOMOTIV s.r.o.,Mladá Boleslav,45 000 – 60 000 Kč,https://www.jobs.cz/rpd/2001387116/,2026-09-11T16:31:10+02:00
JB_4074,Test analytik / Tester (m/ž) - O2 CRM Services,O2 Czech Republic a.s.,Praha – Michle,,https://www.jobs.cz/rpd/2001369849/,2026-09-11T16:31:10+02:00
JB_8936,Specialista digitalizace výroby (MES / SCADA / ERP) – Kolín,"METAL TRADE COMAX, a.s.",Kolín – Sendražice,50 000 – 60 000 Kč,https://www.jobs.cz/rpd/2001386802/,2026-09-11T16:31:10+02:00
JB_6581,"IT Analytik / Architekt, možno 2 dny v týdnu home office",BARTON Consulting s.r.o.,Praha,,https://www.jobs.cz/rpd/2001381555/,2026-09-11T16:31:10+02:00
JB_6604,Správce informačních systémů,Vysoká škola ekonomická v Praze,Praha,45 600 – 70 000 Kč,https://www.jobs.cz/rpd/2001415228/,2026-09-11T16:31:10+02:00
JB_4933,Software tester senior - FinTech (m/ž),TIPSPORT,Beroun,,https://www.jobs.cz/rpd/2001414999/,2026-09-11T16:31:10+02:00
JB_9673,Business Analyst,Deckard & Penfield s.r.o.,Praha – Holešovice,,https://www.jobs.cz/rpd/2001412881/,2026-09-11T16:31:10+02:00
JB_2764,IT architekt – eGovernment | informační systémy veřejné správy,Skupina ICZ,Praha – Nusle,,https://www.jobs.cz/rpd/2001386697/,2026-09-11T16:31:16+02:00
JB_9932,IT analytik / analytička – životní pojištění,Generali Česká pojišťovna,Praha – Michle,,https://www.jobs.cz/rpd/2001322614/,2026-09-11T16:31:16+02:00
JB_7411,CRM konzultant Dynamics 365 (junior/medior),ARTEX informační systémy spol. s r.o.,Praha – Smíchov,,https://www.jobs.cz/rpd/2000981407/,2026-09-11T16:31:55+02:00
JB_4768,IDT Junior Marketing Business Analyst (E-Commerce) (m/f),"British American Tobacco (Czech Republic), s.r.o.",Praha – Karlín,,https://www.jobs.cz/rpd/2001419249/,2026-09-11T16:32:03+02:00
JB_6519,Procesní specialista/Business analytik,"SATPO management, s.r.o.",Praha – Smíchov,,https://www.jobs.cz/rpd/2001288630/,2026-09-11T16:41:42+02:00
JB_0319,ONLINE MARKETINKOVÝ SPECIALISTA/ -KA,Hodinářství Bechyně s.r.o.,Praha – Nové Město,,https://www.jobs.cz/rpd/2001288633/,2026-09-11T16:41:42+02:00
JB_0172,Manažer Customer Life Cycle managementu senior (m/ž),Skupina E.ON,Praha + 1 další lokalita,,https://www.jobs.cz/rpd/2001381612/,2026-09-11T16:42:03+02:00
JB_4199,Projektový manažer IT projektů (Medior/Senior),"acantha, s.r.o.",Praha,,https://www.jobs.cz/rpd/2001356194/,2026-09-11T16:42:03+02:00
JB_3764,"Tvoje IT kariéra začíná už během studia - Salesforce, zkrácený úvazek","ČSOB Československá obchodní banka, a. s.",Praha – Radlice,,https://www.jobs.cz/rpd/2001392106/,2026-09-11T16:42:18+02:00
JB_6087,Sales Finance,"Innomotics, s.r.o.",Praha – Stodůlky + 2 další lokality,,https://www.jobs.cz/rpd/2001396755/,2026-09-11T16:42:18+02:00
JB_2336,Akviziční Obchodník IT / Account Manager IT / Praha,ARION spol. s r.o.,Praha – Vršovice,50 000 – 90 000 Kč,https://www.jobs.cz/rpd/2001388300/,2026-09-11T16:42:18+02:00
JB_8675,Tender Manager ve farmaceutické společnosti,ACCORD HEALTHCARE s.r.o.,Praha – Krč,,https://www.jobs.cz/rpd/2001387263/,2026-09-11T16:42:18+02:00
JB_7800,⚡️Obchodník po telefonu s duší poradce | neomezené provize | Praha,Revido s.r.o.,Praha – Nusle,70 000 – 130 000 Kč,https://www.jobs.cz/rpd/2000461319/,2026-09-11T16:42:18+02:00
JB_8829,🚀 Obchodník / Junior obchodník | Praha – Anděl,Škola Investorů s.r.o.,Praha – Smíchov,40 000 – 80 000 Kč,https://www.jobs.cz/rpd/2001382282/,2026-09-11T16:42:18+02:00
JB_3691,✨Přidej se k nám jako Sales Support Specialist a pomoz nám ovládnout nebe!! ✈️,AERO Vodochody AEROSPACE a.s.,Odolena Voda – Dolínek,,https://www.jobs.cz/rpd/2001353681/,2026-09-11T16:42:18+02:00
JB_7894,Sales & Business Development Specialist,NonStop Consulting s.r.o.,Praha,50 000 – 70 000 Kč,https://www.jobs.cz/rpd/2001392525/,2026-09-11T16:42:18+02:00
JB_5116,🚀 Obchodník / Junior obchodník | Praha – Anděl,Škola Investorů s.r.o.,Praha – Smíchov,40 000 – 80 000 Kč,https://www.jobs.cz/rpd/2001378086/,2026-09-11T16:42:18+02:00
JB_6353,Senior Azure Administrator/ Architect + Security (M/Ž) Praha,"ČEPRO, a.s.",Praha – Holešovice,,https://www.jobs.cz/rpd/2001333417/,2026-09-11T16:42:30+02:00
JB_8380,☀️⚡ Obchodně-technický zástupce | Firemní fotovoltaika & energetická řešení,Renergo Tech s.r.o.,Lysá nad Labem,75 000 – 150 000 Kč,https://www.jobs.cz/rpd/2001371660/,2026-09-11T16:42:42+02:00
JB_1581,Key Account Manager pro výrobní firmy,Plantyst s.r.o.,Kolín – Sendražice,60 000 – 80 000 Kč,https://www.jobs.cz/rpd/2001401425/,2026-09-11T16:42:42+02:00
JB_0285,Sales Manager (služby pro inovativní firmy),Ayming Česká republika s.r.o.,Praha – Nusle,60 000 – 80 000 Kč,https://www.jobs.cz/rpd/2001405764/,2026-09-11T16:42:55+02:00
JB_8169,Junior Makléř - obchodník s investičními produkty,BH Securities a.s.,Praha – Nové Město,50 000 – 100 000 Kč,https://www.jobs.cz/rpd/2001020592/,2026-09-11T16:42:55+02:00
JB_7324,Key Account Manager / Obchodník pro investiční nemovitosti,Liberty Real Estate s.r.o.,Praha – Holešovice,50 000 – 100 000 Kč,https://www.jobs.cz/rpd/2001386702/,2026-09-11T16:42:55+02:00
JB_4697,Product Owner,Tessero Czech Republic s.r.o.,Praha,,https://www.jobs.cz/rpd/2001372212/,2026-09-11T16:42:55+02:00
JB_1489,Specialista kamerových systémů,VVISS a.s.,Praha – Nové Město,60 000 – 70 000 Kč,https://www.jobs.cz/rpd/2001421661/,2026-09-11T16:42:55+02:00
JB_3730,Učitel/ka biologie – gymnázium (Biology Teacher) - výuka v AJ,Perrott Hill British School Prague,Praha – Kobylisy,50 000 – 70 000 Kč,https://www.jobs.cz/rpd/2001396116/,2026-09-11T16:42:55+02:00
JB_1966,"Hlavní účetní, referent majetkové správy","Severočeská galerie výtvarného umění v Litoměřicích, příspěvková organizace",Litoměřice – Litoměřice-Město,40 000 – 45 000 Kč,https://www.jobs.cz/rpd/2001394399/,2026-09-11T16:42:55+02:00
JB_7042,Head of marketing (CZ/SK),NO77 s.r.o.,Nehvizdy,,https://www.jobs.cz/rpd/2001413469/,2026-09-11T16:42:55+02:00
JB_0650,Project Executive,MARKET VISION s.r.o.,Praha – Michle,,https://www.jobs.cz/rpd/2001392072/,2026-09-11T16:43:08+02:00
JB_1750,Trainee IT Analytik/čka – tým Personalizovaného marketingu (OLEG - kampaňový systém),Trainee program v KB,Praha – Stodůlky,,https://www.jobs.cz/rpd/2001251994/,2026-09-11T16:43:08+02:00
JB_6093,Technical Product Owner - PC Tools,ComAp a.s.,Praha – Holešovice,,https://www.jobs.cz/rpd/2001360988/,2026-09-11T16:43:19+02:00
JB_4909,=STARLUX Airlines= Marketing & Sales (Welcome fresh graduates!),"STARLUX AIRLINES CO., Czech Republic Branch",Praha,,https://www.jobs.cz/rpd/2001391857/,2026-09-11T16:43:19+02:00
JB_8240,INVESTMENT ANALYST for a 5 star real estate investor - UP TO 110 000 CZK,Prušák Group s.r.o.,Praha,80 000 – 110 000 Kč,https://www.jobs.cz/rpd/2001413474/,2026-09-11T16:43:19+02:00
JB_1201,Business Analytik,Škoda Transportation,Praha – Stodůlky + 2 další lokality,,https://www.jobs.cz/rpd/2001402662/,2026-09-11T16:43:19+02:00
JB_2193,Produktový/á manažer/ka pro investiční životní pojištění,"Komerční pojišťovna, a.s.",Praha – Stodůlky,,https://www.jobs.cz/rpd/2001151483/,2026-09-11T16:43:19+02:00
JB_6186,Marketing Manager / kreativní marketér,"I love Hummus, s.r.o.",Všechlapy,60 000 – 70 000 Kč,https://www.jobs.cz/rpd/2001394404/,2026-09-11T16:43:19+02:00
JB_8027,BACK OFFICE AND MARKETING MANAGER / KA,COMPAG MLADÁ BOLESLAV s.r.o.,Mladá Boleslav – Mladá Boleslav III,40 000 Kč,https://www.jobs.cz/rpd/2001380543/,2026-09-11T16:43:26+02:00
JB_7707,IT Business Analyst / Solution Consultant,DecisionRules a.s.,Praha – Vinohrady,,https://www.jobs.cz/rpd/2001392560/,2026-09-11T16:43:26+02:00
JB_3962,Business Development Partner,Bene Meat Technologies a.s.,Praha – Vokovice,,https://www.jobs.cz/rpd/2001276227/,2026-09-11T16:43:26+02:00
JB_6385,Trade Marketing Specialist,MAKRO Cash & Carry ČR s.r.o.,Praha – Stodůlky,,https://www.jobs.cz/rpd/2001396509/,2026-09-11T16:43:26+02:00
JB_9013,Analytický chemik,"ALS Czech Republic, s.r.o.",Praha – Vysočany,,https://www.jobs.cz/rpd/2001382626/,2026-09-11T16:43:26+02:00
JB_6072,Produktový manažer/manažerka - lékař/ka,STAPRO s. r. o.,Praha – Vinohrady + 3 další lokality,,https://www.jobs.cz/rpd/2001229581/,2026-09-11T16:43:26+02:00
JB_6767,Senior Account Manager pro digitální marketing,myTimi s.r.o.,Praha – Libeň,60 000 – 100 000 Kč,https://www.jobs.cz/rpd/2001388682/,2026-09-11T16:43:26+02:00
JB_1107,Influencer Marketing Consultant,Publicis Groupe,Praha – Libeň,,https://www.jobs.cz/rpd/2001304594/,2026-09-11T16:43:26+02:00
JB_8679,"Service Product designer/ka (Firemní karty, CX)","Česká spořitelna, a.s.",Praha – Michle,,https://www.jobs.cz/rpd/2001364976/,2026-09-11T16:43:32+02:00
JB_4594,IT Business Analytik (m/ž),"ČSOB Československá obchodní banka, a. s.",Praha – Radlice,,https://www.jobs.cz/rpd/2001398540/,2026-09-11T16:43:32+02:00
JB_8595,Managed Helpdesk Support Analyst (Dutch/French Speaking),Keyloop (Česká Republika) s.r.o.,Praha – Karlín,,https://www.jobs.cz/rpd/2001281415/,2026-09-11T16:43:48+02:00
JB_3161,Marketingový specialista / specialistka,C-energy s.r.o.,Hlavní město Praha + 1 další lokalita,,https://www.jobs.cz/rpd/2001395735/,2026-09-11T16:43:48+02:00
JB_6804,"Senior IT Project Manager, 2-3 dny v týdnu HO možné",BARTON Consulting s.r.o.,Praha,,https://www.jobs.cz/rpd/2001413192/,2026-09-11T16:43:48+02:00
JB_1191,Referent obchodního oddělení,GRUMANT s.r.o.,Praha – Uhříněves,,https://www.jobs.cz/rpd/2001400307/,2026-09-11T16:43:48+02:00
JB_2720,Digital Media Planner (HPP neurčitá),"Omnicom Media Group Czech, s.r.o.",Praha – Nusle,,https://www.jobs.cz/rpd/2001148915/,2026-09-11T16:43:58+02:00
JB_9987,Webový redaktor / obsahový specialista ČD (Ž/M),"České dráhy, a.s.",Praha – Nové Město,,https://www.jobs.cz/rpd/2001380818/,2026-09-11T16:43:58+02:00
JB_7776,Produktový/á specialista/ka - nezajištěné úvěry,"Česká spořitelna, a.s.",Praha – Krč,,https://www.jobs.cz/rpd/2001324469/,2026-09-11T16:43:58+02:00
JB_5805,Manager - Strategy & Execution,EY,Praha – Nové Město,,https://www.jobs.cz/rpd/2001090696/,2026-09-11T16:43:58+02:00
JB_0604,Finance Controller (Czech/Slovak Speaker),Hilti ČR spol. s r.o.,Praha,,https://www.jobs.cz/rpd/2001398695/,2026-09-11T16:43:58+02:00
JB_2256,Solution Architect,SII s.r.o.,Praha – Michle,,https://www.jobs.cz/rpd/2001394018/,2026-09-11T16:43:58+02:00
JB_2561,Zákaznická podpora - BEZ PRAXE/HPP/PRAHA/IHNED,Trustico s.r.o.,Praha – Nusle,32 000 – 45 000 Kč,https://www.jobs.cz/rpd/2001410481/,2026-09-11T16:43:58+02:00
JB_7640,"Technický Specialista LC, LC/MS","ALS Czech Republic, s.r.o.",Praha – Vysočany,,https://www.jobs.cz/rpd/2001379029/,2026-09-11T16:43:58+02:00
JB_5379,SYSTÉMOVÝ ARCHITEKT / ARCHITEKTKA,Národní technická knihovna,Praha – Dejvice,80 000 – 90 000 Kč,https://www.jobs.cz/rpd/2001419255/,2026-09-11T16:44:13+02:00
JB_5598,Digitální specialista pro Komerční bankovnictví (m/ž),"ČSOB Československá obchodní banka, a. s.",Hlavní město Praha,,https://www.jobs.cz/rpd/2001407613/,2026-09-11T16:44:13+02:00
JB_0934,"Senior Trader – Energy Origination (Power, Gas & Energy Commodities)",ČEZ Trading,Praha – Michle,,https://www.jobs.cz/rpd/2001221611/,2026-09-11T16:44:13+02:00
JB_2868,Senior Trader – Environmental Commodities,ČEZ Trading,Praha – Michle,,https://www.jobs.cz/rpd/2001390176/,2026-09-11T16:44:13+02:00
JB_9001,COMMERCIAL CONTROLLER,"Heineken Česká republika, a.s.",Praha – Michle,,https://www.jobs.cz/rpd/2001398474/,2026-09-11T16:44:13+02:00
JB_6410,Obchodní zástupce v sektoru ovoce a zeleniny,"EURO-GASTRO PARTNERS,s.r.o.",Praha – Lipence,50 000 – 100 000 Kč,https://www.jobs.cz/rpd/2001352186/,2026-09-11T16:44:13+02:00
JB_3135,Obchodní zástupce Průmyslu - Automotive,SERVIND s.r.o.,Tuchoměřice,,https://www.jobs.cz/rpd/2001419084/,2026-09-11T16:44:13+02:00
JB_2026,Specialista zákaznické péče - od 35.000-45.000 + neomezené bonusy,ALBEC MEDIA s.r.o.,Praha – Nusle,,https://www.jobs.cz/rpd/2001387347/,2026-09-11T16:44:13+02:00
JB_2650,Price Integrity Officer,MAKRO Cash & Carry ČR s.r.o.,Praha – Stodůlky,,https://www.jobs.cz/rpd/2001403025/,2026-09-11T16:44:13+02:00
JB_1478,Manažer/ka Public Affairs,"Sdružení pro internetový rozvoj v České republice, z.s.p.o. (ve zkratce ""SPIR"")",Praha – Nové Město,,https://www.jobs.cz/rpd/2001417371/,2026-09-11T16:44:13+02:00
JB_7080,Manažer/ka Public Affairs,"Sdružení pro internetový rozvoj v České republice, z.s.p.o. (ve zkratce ""SPIR"")",Praha – Nové Město,,https://www.jobs.cz/rpd/2001373651/,2026-09-11T16:44:13+02:00
JB_6272,SALES SPECIALISTÉ / BUSINESS DEVELOPMENT,EUPHORIA s.r.o.,Praha – Dejvice,60 000 – 80 000 Kč,https://www.jobs.cz/rpd/2001371711/,2026-09-11T16:44:19+02:00
JB_8872,UX DESIGNER/KA,J&T BANKA,Praha – Karlín,,https://www.jobs.cz/rpd/2001379370/,2026-09-11T16:44:19+02:00
JB_8985,"Content Creator & AI Innovation Specialist (part-time 0,5)",digihive s.r.o.,Praha – Troja,,https://www.jobs.cz/rpd/2001383555/,2026-09-11T16:44:19+02:00
JB_6250,SAP Services s.r.o. | Marketing Buyer,ManpowerGroup s.r.o.,Praha – Stodůlky,,https://www.jobs.cz/rpd/2001313056/,2026-09-11T16:44:19+02:00
JB_3132,⭕ PŘÍLEŽITOST PRO ABSOVENTY PŘÍRODOVĚDNÝCH OBORŮ,"ProfesKontakt, s.r.o.",Hlavní město Praha,,https://www.jobs.cz/rpd/2001387013/,2026-09-11T16:44:19+02:00
JB_3988,Head of Trade CZ,Sanofi,Praha – Dejvice,,https://www.jobs.cz/rpd/2001417424/,2026-09-11T16:44:19+02:00
JB_5703,Procurement Practice Associate Manager,Accenture,Praha – Holešovice,,https://www.jobs.cz/rpd/2001383221/,2026-09-11T16:44:19+02:00
JB_0389,Road Freight Development Manager (CZ + Europe),"Freight People, s.r.o.",Praha,,https://www.jobs.cz/rpd/2001378994/,2026-09-11T16:44:19+02:00
JB_8087,Creator Partnerships & PR Specialist – Prague Based,VITA-CLUB FUNCTIONAL FOODS SL.,Praha – Karlín,,https://www.jobs.cz/rpd/2001408048/,2026-09-11T16:44:19+02:00
JB_7901,SALES MANAGER FOR LUXURIOUS RESIDENTIAL PROJECTS,Prušák Group s.r.o.,Praha,,https://www.jobs.cz/rpd/2001411702/,2026-09-11T16:44:19+02:00
JB_2085,SALES MASTER FOR LUXURIOUS RESIDENTIAL PROJECTS,Prušák Group s.r.o.,Praha,,https://www.jobs.cz/rpd/2001392316/,2026-09-11T16:44:19+02:00
JB_3817,SALES MASTER FOR LUXURIOUS RESIDENTIAL PROJECTS,Prušák Group s.r.o.,Praha,,https://www.jobs.cz/rpd/2001381557/,2026-09-11T16:44:19+02:00
JB_6263,Head of Acquisition/Head of Business Development (Nemovitosti),Liberty Real Estate s.r.o.,Praha – Holešovice,100 000 – 200 000 Kč,https://www.jobs.cz/rpd/2001395793/,2026-09-11T16:44:19+02:00
JB_9081,Group Brand Manager,Fortuna Group,Praha – Vinohrady,,https://www.jobs.cz/rpd/2001362239/,2026-09-11T16:44:29+02:00
JB_1295,Nutritional Specialist & Educator,PHARMA NORD PRAHA s.r.o.,Praha,,https://www.jobs.cz/rpd/2001418936/,2026-09-11T16:44:29+02:00
JB_1679,Administrátor interních instrukcí a testování (FT) - pro OZP,Deklarace odpovědného podnikání z. s.,Praha – Radlice,42 000 – 56 000 Kč,https://www.jobs.cz/rpd/2001359719/,2026-09-11T16:44:29+02:00
JB_4785,Business Development Manager,Akkodis CZ s.r.o.,Praha – Stodůlky + 5 dalších lokalit,,https://www.jobs.cz/rpd/2000892449/,2026-09-11T16:44:29+02:00
JB_3660,Senior Strategy Planner,VML Czechia s.r.o.,Praha – Holešovice,,https://www.jobs.cz/rpd/2001406552/,2026-09-11T16:44:29+02:00
JB_1973,Product Owner,NUMETO,Praha,,https://www.jobs.cz/rpd/2001421679/,2026-09-11T16:44:29+02:00
JB_8548,Part-time internship/traineeship,"International Sustainable Finance Centre, z.ú.",Praha – Holešovice,,https://www.jobs.cz/rpd/2001379074/,2026-09-11T16:44:29+02:00
JB_4543,Client Manager,"Industrial and Commercial Bank of China Limited, Prague Branch",Praha – Nusle,,https://www.jobs.cz/rpd/2001373922/,2026-09-11T16:44:29+02:00
JB_4033,Senior Kotlin Developer,Unicorn,Praha – Holešovice,,https://www.jobs.cz/rpd/2001417532/,2026-09-11T16:44:38+02:00
JB_0264,Compliance Officer,"MetLife Europe d.a.c., pobočka pro Českou republiku",Praha – Nové Město,61 000 – 80 000 Kč,https://www.jobs.cz/rpd/2001384681/,2026-09-11T16:44:38+02:00
JB_4399,Manažer/ka IT vývoje,Skupina ČEZ,Praha – Michle,,https://www.jobs.cz/rpd/2001316634/,2026-09-11T16:44:38+02:00
JB_3806,Sales Manager,Silverline Fund SICAV a.s.,Praha – Nové Město,75 000 – 120 000 Kč,https://www.jobs.cz/rpd/2001421559/,2026-09-11T16:44:38+02:00
JB_6241,Key Account Manager / Key Account Manager Senior Retail,Kofola,Praha – Zbraslav,,https://www.jobs.cz/rpd/2001415601/,2026-09-11T16:44:38+02:00
JB_9367,Business / IT analytik,"Seyfor, a. s.",Praha – Karlín,,https://www.jobs.cz/rpd/2001381030/,2026-09-11T16:44:56+02:00
JB_0135,BUSINESS ARCHITEKT/KA,VŠEOBECNÁ ZDRAVOTNÍ POJIŠŤOVNA ČESKÉ REPUBLIKY,Praha – Vinohrady,,https://www.jobs.cz/rpd/2001364300/,2026-09-11T16:44:56+02:00
JB_4642,Konzultant/Konzultantka firemního systému,"Seyfor, a. s.",Příbram – Příbram II,,https://www.jobs.cz/rpd/2001419527/,2026-09-11T16:44:56+02:00
JB_8685,ITSM Systems Analyst,Recrutech s.r.o.,Praha,85 000 – 95 000 Kč,https://www.jobs.cz/rpd/2001421387/,2026-09-11T16:52:09+02:00
JB_1893,IT Business Analyst - Materials Management (m/w),Škoda Auto a.s.,Praha,,https://www.jobs.cz/rpd/2001308220/,2026-09-11T16:52:09+02:00
JB_0390,Junior IT Business Analytik,"RESPECT, a.s.",Praha – Krč,,https://www.jobs.cz/rpd/2001335181/,2026-09-11T16:52:09+02:00
JB_0625,Business analytik - junior/medior - (m/ž/n) - PRAHA,"Česká podnikatelská pojišťovna, a.s., VIG",Praha – Karlín,,https://www.jobs.cz/rpd/2001412247/,2026-09-11T16:52:09+02:00
JB_7152,PAM IT SECURITY ANALYST,Tesco Stores ČR a.s. - Centrála,Praha – Vršovice,,https://www.jobs.cz/rpd/2001229482/,2026-09-11T16:52:19+02:00
JB_0043,IT Business Analytik – Staň se mostem mezi IT a investičním světem! 🚀,CTS TRADE IT a.s.,Praha – Krč,,https://www.jobs.cz/rpd/2001350008/,2026-09-11T16:52:19+02:00
JB_9275,Systém Administrátor/ka - Enterprise systems,"MONETA Money Bank, a.s.",Praha,,https://www.jobs.cz/rpd/2001109027/,2026-09-11T16:52:19+02:00
JB_3495,Medior IT Analyst – Process & Integration,Unicorn,Praha – Holešovice,,https://www.jobs.cz/rpd/2001383133/,2026-09-11T16:52:19+02:00
JB_5210,Business Solution Architekt/ka,"MONETA Money Bank, a.s.",Praha – Michle,,https://www.jobs.cz/rpd/2000692569/,2026-09-11T16:52:19+02:00
JB_9398,Business/IT analytik,"CENDIS, s.p.",Praha – Holešovice,70 000 – 85 000 Kč,https://www.jobs.cz/rpd/2001406141/,2026-09-11T16:52:19+02:00
JB_3939,IT Analytik (m/ž),"ČSOB Československá obchodní banka, a. s.",Praha – Radlice,,https://www.jobs.cz/rpd/2001340129/,2026-09-11T16:52:27+02:00
JB_5625,Business analytik,Ušetřeno.cz s.r.o.,Praha – Nusle,,https://www.jobs.cz/rpd/2001395849/,2026-09-11T16:52:27+02:00
JB_4127,IT Business Analytik (m/ž),"ČSOB Československá obchodní banka, a. s.",Praha – Radlice,,https://www.jobs.cz/rpd/2001342372/,2026-09-11T16:52:27+02:00
JB_7276,IT Business Analytik (SAP),REED SPECIALIST RECRUITMENT,Praha,,https://www.jobs.cz/rpd/2001335242/,2026-09-11T16:52:27+02:00
JB_3715,Business/IT Analytik,"Conseq Investment Management, a.s.",Praha – Staré Město,,https://www.jobs.cz/rpd/2001307197/,2026-09-11T16:52:27+02:00
JB_4859,Business Analytik,Skupina ČEZ,Praha – Michle,,https://www.jobs.cz/rpd/2001352208/,2026-09-11T16:52:36+02:00
JB_6413,Senior IT Business analytik – Credit Risk / úvěry,teamIT s.r.o.,Praha,160 000 – 170 000 Kč,https://www.jobs.cz/rpd/2001409628/,2026-09-11T16:52:36+02:00
JB_7650,IT Business Analyst,Avenga Czechia s.r.o.,Praha – Libeň,,https://www.jobs.cz/rpd/2001379030/,2026-09-11T16:52:36+02:00
JB_8690,Business analytik/projektový koordinátor - (m/ž/n) -PRAHA,"Česká podnikatelská pojišťovna, a.s., VIG",Praha – Karlín,,https://www.jobs.cz/rpd/2000528977/,2026-09-11T16:52:36+02:00
JB_9361,IT Business Analyst,MND Energie a.s.,Praha – Vokovice,,https://www.jobs.cz/rpd/2001304680/,2026-09-11T16:52:36+02:00
JB_5355,IT Business Analytik (m/ž),"ČSOB Československá obchodní banka, a. s.",Praha – Radlice,,https://www.jobs.cz/rpd/2001399846/,2026-09-11T16:52:36+02:00
JB_0709,IT Consultant - Junior,"VOLKSWAGEN GROUP SERVICES, s.r.o.",Praha – Michle,,https://www.jobs.cz/rpd/2001390414/,2026-09-11T16:52:36+02:00
JB_5493,Senior Business Analytik / Project Manager (Digitalizace účetnictví),Salutem Group,Praha – Malá Strana,,https://www.jobs.cz/rpd/2001358909/,2026-09-11T16:52:36+02:00
JB_7570,IT Analytik (m/ž),"ČSOB Československá obchodní banka, a. s.",Praha – Radlice,,https://www.jobs.cz/rpd/2001399843/,2026-09-11T16:52:36+02:00
JB_2681,Business/Procesní analytik/analytička,"ČEPS, a.s.",Praha – Michle,,https://www.jobs.cz/rpd/2001385530/,2026-09-11T16:52:36+02:00
JB_4989,IT Business analytik materiálových procesů (m/ž),Škoda Auto a.s.,Praha,,https://www.jobs.cz/rpd/2001253625/,2026-09-11T16:52:36+02:00
JB_4887,SW engineer_Analytik/čka_tým Účty,"Česká spořitelna, a.s.",Praha – Krč,,https://www.jobs.cz/rpd/2001224636/,2026-09-11T16:52:36+02:00
JB_9777,SW engineer - Analytik/čka do týmu Hypotéky,"Česká spořitelna, a.s.",Praha – Krč,,https://www.jobs.cz/rpd/2001381617/,2026-09-11T16:52:45+02:00
JB_6437,Solution architekt (m/ž),"ČSOB Československá obchodní banka, a. s.",Praha – Radlice,,https://www.jobs.cz/rpd/2001400863/,2026-09-11T16:52:45+02:00
JB_2466,SENIOR SECURITY ANALYST - AZURE,Tesco Stores ČR a.s. - Centrála,Praha – Vršovice,,https://www.jobs.cz/rpd/2001229463/,2026-09-11T16:52:45+02:00
JB_3325,Analytik / Change manager,GIT Consult Czech s.r.o.,Praha,,https://www.jobs.cz/rpd/2001261862/,2026-09-11T16:52:45+02:00
JB_8696,"Cybersecurity Specialist – NIS2, TISAX & Security Operations",Akkodis CZ s.r.o.,Praha – Stodůlky,,https://www.jobs.cz/rpd/2001288668/,2026-09-11T16:52:45+02:00
JB_0307,IT Systems & Digitalization Specialist (Mid/Senior),Skyport a.s.,Praha – Ruzyně,,https://www.jobs.cz/rpd/2001414495/,2026-09-11T16:52:45+02:00
JB_9330,Junior portfolio manažer/ka investiční společnosti,"CYRRUS, a.s.",Praha – Karlín,,https://www.jobs.cz/rpd/2001398658/,2026-09-11T16:52:45+02:00
JB_3679,Solution architekt - Expert cloud CoE(M/Ž),"České dráhy, a.s.",Praha,,https://www.jobs.cz/rpd/2001381429/,2026-09-11T16:52:45+02:00
JB_5353,finanční controller - junior,NO77 s.r.o.,okres Beroun,,https://www.jobs.cz/rpd/2001400890/,2026-09-11T16:52:55+02:00
JB_5650,Transfer Pricing | Junior Consultant,RÖDL,Praha – Staré Město,,https://www.jobs.cz/rpd/2001410838/,2026-09-11T16:52:55+02:00
JB_3204,Junior portfolio manažer/ka investiční společnosti,ONE FAMILY OFFICE a.s.,Praha – Nové Město,,https://www.jobs.cz/rpd/2001394097/,2026-09-11T16:52:55+02:00
JB_6061,Junior M&A Associate,Sev.en Global Investments a.s.,Praha – Nové Město,,https://www.jobs.cz/rpd/2001420476/,2026-09-11T16:52:55+02:00
JB_5397,Junior Audit Consultant,RSM CZ a.s.,Praha – Karlín,,https://www.jobs.cz/rpd/2001415176/,2026-09-11T16:52:55+02:00
JB_1316,Junior Controller - poloviční úvazek,"MOL Česká republika, s.r.o.",Praha – Smíchov,25 000 – 35 000 Kč,https://www.jobs.cz/rpd/2001412355/,2026-09-11T16:52:55+02:00
JB_6198,Junior Consultant M&A and Transaction,PKF APOGEO Group,Praha – Karlín,,https://www.jobs.cz/rpd/2001356235/,2026-09-11T16:52:55+02:00
JB_3238,IFRS SPECIALISTA junior (ž/m),BDO Group s.r.o.,Praha – Chodov,,https://www.jobs.cz/rpd/2000659367/,2026-09-11T16:52:55+02:00
JB_0048,Mobile Test Automation Engineer for George (Digital Banking),"Česká spořitelna, a.s.",Praha – Krč + 1 další lokalita,,https://www.jobs.cz/rpd/2001180064/,2026-09-11T16:52:55+02:00
JB_7674,Group Automation & Control Systems Lead,MSM GROUP s.r.o.,Praha – Karlín,,https://www.jobs.cz/rpd/2001378430/,2026-09-11T16:52:55+02:00
JB_4769,Informatik - Solution Architekt pro webové aplikace,"Pražská energetika, a.s.",Praha – Strašnice,,https://www.jobs.cz/rpd/2001237401/,2026-09-11T16:52:55+02:00
JB_5365,SAP Konzultant/ka – Finance a Controlling (FI/CO),"KPMG Česká republika, s.r.o.",Praha – Karlín,,https://www.jobs.cz/rpd/2001383252/,2026-09-11T16:53:08+02:00
JB_3138,IT SOLUTION ARCHITEKT,J&T BANKA,Praha – Karlín,,https://www.jobs.cz/rpd/2001316586/,2026-09-11T16:53:08+02:00
JB_6755,Solution Architekt*ka,Raiffeisenbank a.s.,Praha – Nusle,,https://www.jobs.cz/rpd/2001413332/,2026-09-11T16:53:08+02:00
JB_0637,IT analytik/-čka medior,"Komerční pojišťovna, a.s.",Praha – Stodůlky,,https://www.jobs.cz/rpd/2001350197/,2026-09-11T16:53:08+02:00
JB_2545,IT analytik – návrh a rozvoj informačních systémů - Praha,Skupina ICZ,Praha – Nusle,,https://www.jobs.cz/rpd/2001400392/,2026-09-11T16:53:08+02:00
JB_5929,Firemní bankéř/ka pro Small Business | Praha - Anglická,"ČSOB Československá obchodní banka, a. s.",Hlavní město Praha,,https://www.jobs.cz/rpd/2001419378/,2026-09-11T16:53:22+02:00
JB_1681,Senior ICT projektový manažer/ka pro podporu výstavby nového jaderného zdroje,Elektrárna Dukovany II,Praha – Michle + 2 další lokality,,https://www.jobs.cz/rpd/2001374496/,2026-09-11T16:53:22+02:00
JB_8564,M&A & Business Development Specialist,innogy Česká republika a.s.,Praha – Strašnice,,https://www.jobs.cz/rpd/2001419628/,2026-09-11T16:53:22+02:00
JB_4856,ANALYTIK(ČKA) OCEŇOVÁNÍ FONDOVÉHO MAJETKU,Winstor investiční společnost a.s.,Praha – Nové Město,,https://www.jobs.cz/rpd/2001342954/,2026-09-11T16:53:30+02:00
JB_1629,Investiční analytik / Associate – Real Estate & Development,RSJ Custody s.r.o.,Praha – Nové Město,,https://www.jobs.cz/rpd/2001257518/,2026-09-11T16:53:30+02:00
JB_4630,Finanční analytik/čka,"Komerční banka, a.s.",Praha – Stodůlky,,https://www.jobs.cz/rpd/2001270159/,2026-09-11T16:53:30+02:00
JB_9637,Finanční analytik,Magna Automotive (CZ) s.r.o.,okres Mladá Boleslav,,https://www.jobs.cz/rpd/2001361208/,2026-09-11T16:53:30+02:00
JB_3508,Analytik/čka útvaru AML Governance pro oblast regulace (SK pozice) – právní pozice,"Fio banka, a.s.",Praha – Nové Město,,https://www.jobs.cz/rpd/2001412530/,2026-09-11T16:53:30+02:00
JB_8422,Analytik/čka personální bezpečnosti,Národní bezpečnostní úřad,Praha – Košíře,,https://www.jobs.cz/rpd/2001421144/,2026-09-11T16:53:41+02:00
JB_8710,Senior Audit Analyst,Grant Thornton Czech Republic s.r.o.,Praha – Nusle,,https://www.jobs.cz/rpd/2001210895/,2026-09-11T16:53:41+02:00
JB_3300,Senior Audit Analyst/Audit Consultant,LD Human Resources s.r.o.,Praha,55 000 – 70 000 Kč,https://www.jobs.cz/rpd/2001376279/,2026-09-11T16:53:41+02:00
JB_5746,Business Processes – Interní auditor/ka,"Komerční banka, a.s.",Praha – Stodůlky,,https://www.jobs.cz/rpd/2001176038/,2026-09-11T16:53:41+02:00
JB_3154,IT Analytik - Digital Identity (m/ž),"ČSOB Československá obchodní banka, a. s.",Praha – Radlice,,https://www.jobs.cz/rpd/2001394908/,2026-09-11T16:53:41+02:00
JB_5924,Senior IT Analytik,"Agnostix, s.r.o.",Praha – Nové Město,120 000 – 165 000 Kč,https://www.jobs.cz/rpd/2001417467/,2026-09-11T16:53:41+02:00
JB_8187,Aplikační specialista / IS Analytik,"CPI Services, a.s.",Praha – Nové Město,,https://www.jobs.cz/rpd/2001330540/,2026-09-11T16:53:41+02:00
JB_8438,SW engineer_Analytik/čka_doména Identita,"Česká spořitelna, a.s.",Praha,,https://www.jobs.cz/rpd/2001373217/,2026-09-11T16:53:41+02:00
JB_9047,Investment Analyst | M&A & Corporate Finance,Bonuvis Advisory s.r.o.,Praha – Staré Město,50 000 – 70 000 Kč,https://www.jobs.cz/rpd/2001403031/,2026-09-11T16:53:56+02:00
JB_7049,JUNIOR CONTROLLER,ManpowerGroup s.r.o.,Praha,,https://www.jobs.cz/rpd/2001415275/,2026-09-11T16:53:56+02:00
JB_1140,Security Analyst,Next Generation Security Solutions s.r.o.,Praha – Holešovice,,https://www.jobs.cz/rpd/2001294986/,2026-09-11T16:53:56+02:00
JB_0087,"Právník/právnička pro komunitní energetiku: analytika, komunikace a expertní rozvoj tématu","Frank Bold Society, z.s.",Praha – Nové Město + 2 další lokality,38 000 – 50 000 Kč,https://www.jobs.cz/rpd/2001383560/,2026-09-11T16:53:56+02:00
JB_1753,Senior | Tax Specialist,Atlas Copco s.r.o.,Praha – Nusle,,https://www.jobs.cz/rpd/2001373359/,2026-09-11T16:53:56+02:00
JB_8308,Mechanical Structures Specialist (m/f),Hitachi Energy Czech Republic s.r.o.,Hlavní město Praha + 1 další lokalita,,https://www.jobs.cz/rpd/2001375962/,2026-09-11T16:54:10+02:00
JB_1257,Ethics & Compliance Operations Specialist,ManpowerGroup s.r.o.,Praha – Jinonice,,https://www.jobs.cz/rpd/2001380645/,2026-09-11T16:54:10+02:00
JB_9656,DevOps Engineer ☁️,Pluxee,Praha – Smíchov,,https://www.jobs.cz/rpd/2001381254/,2026-09-11T16:54:10+02:00
JB_0926,Specialista ProjectWise,ENERGOPROJEKT PRAHA s.r.o.,Praha – Libeň + 4 další lokality,,https://www.jobs.cz/rpd/2001300974/,2026-09-11T16:54:10+02:00
JB_5236,Aplikační inženýr pro Acquiring (m/ž),"ČSOB Československá obchodní banka, a. s.",Hlavní město Praha,,https://www.jobs.cz/rpd/2001376073/,2026-09-11T16:54:10+02:00
JB_6826,Internship – Finanční Due Diligence (M&A),EY,Praha – Nové Město,,https://www.jobs.cz/rpd/2000612571/,2026-09-11T16:54:19+02:00
JB_7737,Obchodní trenér/ka / Rozvoj obchodního týmu (m/ž/n),JABLOTRON SECURITY a.s.,Praha – Chodov,,https://www.jobs.cz/rpd/2001412174/,2026-09-11T16:54:19+02:00
JB_1109,Collection Specialist (Italian & English),Newell Brands,Praha,,https://www.jobs.cz/rpd/2001398615/,2026-09-11T16:54:19+02:00
JB_1144,Poradce/kyně pro firemní klientelu v segmentu Mid-Corporates🤝,"UniCredit Bank Czech Republic and Slovakia, a.s.",Praha – Michle,,https://www.jobs.cz/rpd/2001367675/,2026-09-11T16:54:19+02:00
JB_2781,Manažer/ka – Forenzní služby,EY,Praha – Nové Město,,https://www.jobs.cz/rpd/2001122292/,2026-09-11T16:54:19+02:00
JB_4221,Koordinátor/ka investiční platformy,"Partners securities, a.s.",Praha – Chodov + 1 další lokalita,,https://www.jobs.cz/rpd/2001406303/,2026-09-11T16:54:19+02:00
JB_3416,Security / Cyber Auditor (SECURITY CLEARANCE),CGI CS&EE,Praha – Stodůlky,,https://www.jobs.cz/rpd/2000588382/,2026-09-11T16:54:19+02:00
JB_4246,COMERCIAL REAL ESTATE CONSULTANT,Prochazka & Partners s.r.o.,Praha – Nové Město,,https://www.jobs.cz/rpd/2001118743/,2026-09-11T16:54:19+02:00
JB_9529,Intensive Care Officer / Restructuring Manager,"COMMERZBANK Aktiengesellschaft, pobočka Praha",Praha – Vinohrady,,https://www.jobs.cz/rpd/2001141640/,2026-09-11T16:54:19+02:00
JB_5297,Specialista podpory prodeje systémových řešení,"Würth, spol. s.r.o.",Hlavní město Praha + 4 další lokality,,https://www.jobs.cz/rpd/2001373185/,2026-09-11T16:54:31+02:00
JB_4136,Senior portfolio manažer/ka investiční společnosti,"CYRRUS, a.s.",Praha – Karlín,,https://www.jobs.cz/rpd/2001398677/,2026-09-11T16:54:31+02:00
JB_1244,Real Estate Investment Associate,Orienta Czech s.r.o.,Praha,55 000 – 85 000 Kč,https://www.jobs.cz/rpd/2001391773/,2026-09-11T16:54:31+02:00
JB_4550,Gas Scheduler - Trading,Skupina ČEZ,Praha – Michle,,https://www.jobs.cz/rpd/2001202679/,2026-09-11T16:54:31+02:00
JB_3359,SAP Konzultant/ka – Plánování a exekuce výroby (PP/MM),"KPMG Česká republika, s.r.o.",Praha – Karlín,,https://www.jobs.cz/rpd/2001353616/,2026-09-11T16:54:31+02:00
JB_2314,SPECIALISTA/KA KYBERNETICKÉ BEZPEČNOSTI - SIEM,"Dopravní podnik hl. m. Prahy, akciová společnost",Praha – Vysočany,77 520 – 89 900 Kč,https://www.jobs.cz/rpd/2001385329/,2026-09-11T16:54:44+02:00
JB_9153,Financial Controller,"AviaNera Technologies, a.s.",Praha – Karlín,,https://www.jobs.cz/rpd/2000790239/,2026-09-11T16:54:44+02:00
JB_3244,SENIOR CONTROLLER → FINANCE MANAGER | REAL ESTATE INVESTMENTS | AŽ 100 TIS,Prušák Group s.r.o.,Hlavní město Praha,90 000 – 110 000 Kč,https://www.jobs.cz/rpd/2001381580/,2026-09-11T16:54:44+02:00
JB_2612,Cost Controller,UNIQA,Praha – Vokovice,,https://www.jobs.cz/rpd/2001319067/,2026-09-11T16:54:44+02:00
JB_8883,SENIORNÍ EXPERT/KA – FINANCOVÁNÍ DOPRAVY A MOBILITY,Moore Czech Republic s.r.o.,Praha,,https://www.jobs.cz/rpd/2001367844/,2026-09-11T16:54:44+02:00
JB_0917,Pracovník do controllingu - 202629,"ADVANCE HR,s.r.o.",Praha,55 000 – 60 000 Kč,https://www.jobs.cz/rpd/2001397913/,2026-09-11T16:54:44+02:00
JB_6696,Senior portfolio manažer/ka investiční společnosti,ONE FAMILY OFFICE a.s.,Praha – Nové Město,,https://www.jobs.cz/rpd/2001394116/,2026-09-11T16:54:44+02:00
JB_8743,Controller/odborný pracovník do controllingu s AJ nebo NJ - 202627,"ADVANCE HR,s.r.o.",Praha,50 000 – 60 000 Kč,https://www.jobs.cz/rpd/2001378249/,2026-09-11T16:54:44+02:00
JB_5595,Specialista finančního controllingu,"JaP - Jacina, s.r.o.",Mnichovo Hradiště,,https://www.jobs.cz/rpd/2001341486/,2026-09-11T16:54:44+02:00
JB_5619,Senior konzultant/ka – Finanční instituce,EY,Praha – Nové Město,,https://www.jobs.cz/rpd/2001336058/,2026-09-11T16:54:44+02:00
JB_5597,Controller - 202628,"ADVANCE HR,s.r.o.",Praha,55 000 – 60 000 Kč,https://www.jobs.cz/rpd/2001384616/,2026-09-11T16:54:44+02:00
JB_9780,Senior Expert pro úvěrová rizika a bankovní regulaci,"Fio banka, a.s.",Praha – Nové Město,,https://www.jobs.cz/rpd/2001410393/,2026-09-11T16:54:44+02:00
JB_4735,Administrátor kalkulací (M/Ž),"České dráhy, a.s.",Praha – Nové Město,,https://www.jobs.cz/rpd/2001419411/,2026-09-11T16:54:44+02:00
JB_8761,Mergers & Acquisitions – Senior/Associate Manager,"KPMG Česká republika, s.r.o.",Praha – Karlín,,https://www.jobs.cz/rpd/2001150826/,2026-09-11T16:54:58+02:00
JB_3308,Investiční specialista Real Estate,DRFG Investment Group a.s.,Praha – Radlice,,https://www.jobs.cz/rpd/2001416834/,2026-09-11T16:54:58+02:00
JB_9241,CONTROLLER,"ASKO - NÁBYTEK,spol.s r.o.",Praha – Štěrboholy,,https://www.jobs.cz/rpd/2001412628/,2026-09-11T16:54:58+02:00
JB_5291,Manager/Senior Manager v týmu Mergers & Acquisition,"KPMG Česká republika, s.r.o.",Praha – Karlín,,https://www.jobs.cz/rpd/2000936168/,2026-09-11T16:54:58+02:00
JB_8718,Senior Finanční/Účetní Specialista,VeaCom s.r.o.,Praha – Smíchov,50 000 – 60 000 Kč,https://www.jobs.cz/rpd/2001420970/,2026-09-11T16:54:58+02:00
JB_1944,Expert/Expertka - realizace strategií řízení portfolií a dluhová statistika,Ministerstvo financí,Praha – Malá Strana,35 000 – 60 000 Kč,https://www.jobs.cz/rpd/2001420893/,2026-09-11T16:54:58+02:00
JB_8069,SENIORNÍ EXPERT/KA – FINANCOVÁNÍ RENOVACÍ BUDOV A DEKARBONIZACE,Moore Czech Republic s.r.o.,Praha,,https://www.jobs.cz/rpd/2001367839/,2026-09-11T16:54:58+02:00
JB_9354,Finanční účetní v ekonomickém týmu,"Ústav jaderné fyziky AV ČR, v. v. i.",Husinec – Řež,45 000 – 50 000 Kč,https://www.jobs.cz/rpd/2001385146/,2026-09-11T16:54:58+02:00
JB_2715,Finanční referent / finanční referentka,Centrum komunitních služeb Pro život,Praha – Malá Strana,29 090 – 54 000 Kč,https://www.jobs.cz/rpd/2001373072/,2026-09-11T16:54:58+02:00
JB_5888,Referent-rozpočtář pro MČ Praha,KOREKT PRAHA,Hlavní město Praha,,https://www.jobs.cz/rpd/2001414734/,2026-09-11T16:54:58+02:00
JB_5748,Finanční manažer*ka Nadace OSF,Nadace OSF,Praha – Nové Město,47 000 – 52 000 Kč,https://www.jobs.cz/rpd/2001394148/,2026-09-11T16:54:58+02:00
JB_6585,Odborník/Odbornice se zaměřením na ekonomii,Ministerstvo financí,Praha – Malá Strana,39 510 – 60 000 Kč,https://www.jobs.cz/rpd/2001404962/,2026-09-11T16:54:58+02:00
JB_2419,Koordinátor/ka personálních auditů,LANDMARK HOLDING a.s.,Praha,,https://www.jobs.cz/rpd/2001381329/,2026-09-11T16:54:58+02:00
JB_0326,FINANČNÍ A PROJEKTOVÝ MANAŽER/KA,"Národní ústav pro autismus, z.ú.",Praha – Libeň,35 000 – 55 000 Kč,https://www.jobs.cz/rpd/2001415056/,2026-09-11T16:54:58+02:00
JB_4943,Administrativní pracovník/ce úvěrového oddělení podnikatelských úvěrů - Praha,"Fio banka, a.s.",Praha – Nové Město,,https://www.jobs.cz/rpd/2001402712/,2026-09-11T16:54:58+02:00
JB_4075,Specialista IFRS,Future Recruitment s.r.o.,Praha,,https://www.jobs.cz/rpd/2001391344/,2026-09-11T16:54:58+02:00
JB_0076,FINANCIAL CONTROLLER,Alliance Healthcare s.r.o.,Praha – Malešice,,https://www.jobs.cz/rpd/2001240516/,2026-09-11T16:54:58+02:00
JB_6267,Pracovník oddělení AML FRAUD,"Fio banka, a.s.",Praha – Nové Město,,https://www.jobs.cz/rpd/2001412231/,2026-09-11T16:54:58+02:00
JB_5409,Specialista/ka pohledávek,PŘEDVÝBĚR.CZ a.s.,Jesenice,45 000 – 55 000 Kč,https://www.jobs.cz/rpd/2001402971/,2026-09-11T16:55:12+02:00
JB_6423,Finance & Accounting – Konzultant/ka,"KPMG Česká republika, s.r.o.",Praha – Karlín,,https://www.jobs.cz/rpd/2001136171/,2026-09-11T16:55:12+02:00
JB_4191,Manager/Associate Manager - Corporate Finance,"KPMG Česká republika, s.r.o.",Praha – Karlín,,https://www.jobs.cz/rpd/2001292031/,2026-09-11T16:55:12+02:00
JB_8015,EKONOM/KA PRO VÝSTAVBU METRA D,Subterra a.s.,Praha – Krč,,https://www.jobs.cz/rpd/2001340113/,2026-09-11T16:55:12+02:00
JB_0544,Internship - Korporátní finance & Restrukturalizace,EY,Praha – Nové Město,,https://www.jobs.cz/rpd/2001385534/,2026-09-11T16:55:12+02:00
JB_7597,Konzultant/ka – Korporátní finance & Restrukturalizace,EY,Praha – Nové Město,50 000 Kč,https://www.jobs.cz/rpd/2001381195/,2026-09-11T16:55:12+02:00
JB_5583,Finanční specialista – účetnictví fondů,PŘEDVÝBĚR.CZ a.s.,Praha – Staré Město,,https://www.jobs.cz/rpd/2001379478/,2026-09-11T16:55:12+02:00
JB_7038,"Každý den jiná pobočka, nové zkušenosti, rychlý růst | Mobilní klientský/á poradce/kyně 🚗","UniCredit Bank Czech Republic and Slovakia, a.s.",Středočeský kraj,,https://www.jobs.cz/rpd/2001090837/,2026-09-11T16:55:12+02:00
JB_9623,Back-end Developer JAVA (BPM),Skupina ČEZ,Praha – Michle,,https://www.jobs.cz/rpd/2001420369/,2026-09-11T16:55:12+02:00
JB_3825,Functional Safety and Cyber Security Engineer,Manpower IT,Praha,,https://www.jobs.cz/rpd/2001416917/,2026-09-11T16:55:12+02:00
JB_9784,Cyber Security Manager and Architect,"ABS Jets, a.s.",Praha – Ruzyně,,https://www.jobs.cz/rpd/2001356140/,2026-09-11T16:55:12+02:00
JB_3973,Cloud Architect – junior (M/Ž),"České dráhy, a.s.",Praha,,https://www.jobs.cz/rpd/2001421010/,2026-09-11T16:55:12+02:00
JB_0585,VĚCNÝ GESTOR/ VĚCNÁ GESTORKA PROJEKTU,Digitální a informační agentura,Praha – Žižkov,45 000 – 70 000 Kč,https://www.jobs.cz/rpd/2001408141/,2026-09-11T16:55:12+02:00
JB_3758,Programátor/ka PLC,CMS s.r.o.,Mladá Boleslav – Mladá Boleslav III,,https://www.jobs.cz/rpd/2001419447/,2026-09-11T17:00:30+02:00
JB_4050,IT Infrastructure Specialist,PPL CZ s.r.o.,Praha – Malešice + 2 další lokality,,https://www.jobs.cz/rpd/2001421121/,2026-09-11T17:00:30+02:00
JB_0965,Procesní manažer - oblast AML (m/ž),"ČSOB Československá obchodní banka, a. s.",Hlavní město Praha,,https://www.jobs.cz/rpd/2001394804/,2026-09-11T17:00:30+02:00
JB_4566,Administrativní podpora s japonštinou – japonská společnost,Recruit Europe Ltd,Praha,,https://www.jobs.cz/rpd/2001401392/,2026-09-11T17:00:30+02:00
JB_1332,Edge Network Architect,Konplan s.r.o.,Praha – Nové Město,,https://www.jobs.cz/rpd/2001292705/,2026-09-11T17:00:30+02:00
JB_3428,Bezpečnostní manažer/ka pro hotely a administrativní budovy s AJ - Praha,M2C,Hlavní město Praha,50 000 – 60 000 Kč,https://www.jobs.cz/rpd/2000327528/,2026-09-11T17:00:41+02:00
JB_1466,Interim Vendor Manager,ManpowerGroup s.r.o.,Praha,,https://www.jobs.cz/rpd/2001396789/,2026-09-11T17:00:41+02:00
JB_9018,Manažer poradenského týmu ve finanční skupině Swiss Life,Swiss Life Select,Hlavní město Praha,70 000 – 140 000 Kč,https://www.jobs.cz/rpd/2001389103/,2026-09-11T17:00:41+02:00
JB_4492,Manažer poradenského týmu ve finanční skupině Swiss Life,Swiss Life Select,Ústecký kraj,70 000 – 140 000 Kč,https://www.jobs.cz/rpd/2001355668/,2026-09-11T17:00:41+02:00
JB_0715,DPH daňový konzultant/poradce (A459),Forvis Mazars s.r.o.,Praha – Holešovice,,https://www.jobs.cz/rpd/2001294807/,2026-09-11T17:00:41+02:00
JB_0365,AML Officer,"CYRRUS, a.s.",Praha – Nové Město,,https://www.jobs.cz/rpd/2001348703/,2026-09-11T17:00:41+02:00
JB_2653,Daňový a účetní specialista – pestrá práce a skutečný prostor pro vaše nápady,"TTC HOLDING, a.s.",Praha – Strašnice,55 000 – 70 000 Kč,https://www.jobs.cz/rpd/2001398003/,2026-09-11T17:00:41+02:00
JB_4605,Vedoucí IT auditu a kybernetické bezpečnosti,"Správa železnic, státní organizace",Praha – Nové Město,,https://www.jobs.cz/rpd/2001416239/,2026-09-11T17:00:41+02:00
JB_0514,Specialista/ka fakturace a plateb,Fitkitchen s.r.o.,Praha – Karlín,40 000 – 50 000 Kč,https://www.jobs.cz/rpd/2001274267/,2026-09-11T17:00:48+02:00
JB_6244,"ÚČETNÍ PROGRAMU ERASMUS+ (O,5)",Univerzita Karlova - Rektorát,Praha – Staré Město,22 000 – 24 000 Kč,https://www.jobs.cz/rpd/2001396990/,2026-09-11T17:00:48+02:00
JB_8532,Relationship Manager - Nemovitostní financování,TRINITY BANK a.s.,Praha – Staré Město,,https://www.jobs.cz/rpd/2000541937/,2026-09-11T17:00:48+02:00
JB_3415,ÚČETNÍ,"Technická správa komunikací hl. m. Prahy, a.s.",Praha – Holešovice,,https://www.jobs.cz/rpd/2000853196/,2026-09-11T17:00:48+02:00
JB_5699,Hledáme firemní/ho bankéře/ku na pobočku v Praze - náměstí Míru,"UniCredit Bank Czech Republic and Slovakia, a.s.",Praha,,https://www.jobs.cz/rpd/2001393742/,2026-09-11T17:00:48+02:00
JB_0241,Vedoucí finančního oddělení (z53179),Barlett & Cenbright s.r.o.,Hlavní město Praha,,https://www.jobs.cz/rpd/2001376662/,2026-09-11T17:00:48+02:00
JB_8941,"Stáž v oblasti EHS procesů (Environment, Health & Safety)",Bühler Praha s.r.o.,Praha – Nusle,,https://www.jobs.cz/rpd/2001421571/,2026-09-11T17:00:48+02:00
JB_1477,Science Programmes Officer,Extreme Light Infrastructure ERIC (ELI),Praha,,https://www.jobs.cz/rpd/2001348931/,2026-09-11T17:00:48+02:00
JB_9469,GL / RTR Accountant,rohlik.cz,Praha – Karlín,,https://www.jobs.cz/rpd/2001401175/,2026-09-11T17:00:48+02:00
JB_6294,Technik údržby a automatizace výrobních linek,Orienta Czech s.r.o.,Kladno,60 000 – 70 000 Kč,https://www.jobs.cz/rpd/2001413175/,2026-09-11T17:00:48+02:00
JB_6415,Sourcing Team Lead,JNTL Consumer Health (Czech Republic) s.r.o.,Praha – Jinonice,,https://www.jobs.cz/rpd/2001387147/,2026-09-11T17:00:48+02:00
JB_9873,CYBER RISK AND ASSURANCE MANAGER,Tesco Stores ČR a.s. - Centrála,Praha – Vršovice,,https://www.jobs.cz/rpd/2001272832/,2026-09-11T17:00:48+02:00
JB_8160,IT Helpdesk Specialist (Dutch/French/German),Anheuser-Busch InBev Czech s.r.o.,Praha – Michle,,https://www.jobs.cz/rpd/2001380759/,2026-09-11T17:01:03+02:00
JB_5626,Logistics Specialist,Anheuser-Busch InBev Czech s.r.o.,Praha – Michle,,https://www.jobs.cz/rpd/2001406330/,2026-09-11T17:01:03+02:00
JB_9524,Fullstack Developer - AI-driven vývoj,Direct,Praha – Holešovice,,https://www.jobs.cz/rpd/2001381866/,2026-09-11T17:01:03+02:00
JB_5022,Java vývojář/ka,Air Bank a.s.,Praha – Dejvice,,https://www.jobs.cz/rpd/2001420353/,2026-09-11T17:01:03+02:00
JB_1987,Backend vývojář/ka senior,Air Bank a.s.,Praha – Dejvice,,https://www.jobs.cz/rpd/2001351141/,2026-09-11T17:01:03+02:00
JB_8024,"Recruitment support with German, up to 46 000 CZK/m",Grafton Recruitment s.r.o.,Praha,46 314 Kč,https://www.jobs.cz/rpd/2001383435/,2026-09-11T17:01:03+02:00
JB_8255,SENIOR FRONTEND VÝVOJÁŘ,BENU Česká republika s.r.o.,Praha – Hostivař,,https://www.jobs.cz/rpd/2001414737/,2026-09-11T17:01:03+02:00
JB_1815,Knowledge Management Lead - (m/f/d),"Siemens, s.r.o.",Praha – Stodůlky,,https://www.jobs.cz/rpd/2001326763/,2026-09-11T17:01:03+02:00
JB_5142,Automation Engineer – Enterprise Scheduling & Workload Automation,Generali Operation Service Platform,Praha – Michle,,https://www.jobs.cz/rpd/2001333293/,2026-09-11T17:01:17+02:00
JB_4511,Customer Support Representative Prague,tesa tape s.r.o.,Praha – Jinonice,,https://www.jobs.cz/rpd/2001339612/,2026-09-11T17:01:17+02:00
JB_8485,QA Engineer s MS Power Platform,ACTUM Digital,Praha – Karlín,,https://www.jobs.cz/rpd/2001387459/,2026-09-11T17:01:17+02:00
JB_6713,Payroll Accountant,Anheuser-Busch InBev Czech s.r.o.,Praha – Michle,,https://www.jobs.cz/rpd/2001375706/,2026-09-11T17:01:17+02:00
JB_2182,"ServiceNow Developer (SecOps, IRM, AICT)",NN,Praha,,https://www.jobs.cz/rpd/2001396296/,2026-09-11T17:01:17+02:00
JB_6535,Security Operator,Next Generation Security Solutions s.r.o.,Praha – Holešovice,,https://www.jobs.cz/rpd/2001333291/,2026-09-11T17:01:17+02:00
JB_0183,SPECIALISTA ROZVOJE ERP A DIGITALIZACE,IZOMAT stavebniny s.r.o.,Praha,,https://www.jobs.cz/rpd/2001333383/,2026-09-11T17:01:17+02:00
JB_6920,Group System Administrator,Dr.Max,Praha – Nové Město,,https://www.jobs.cz/rpd/2001418634/,2026-09-11T17:01:17+02:00
JB_7571,Team Assistant to IT Managers (f/m),T-Mobile Czech Republic a.s.,Praha – Chodov,,https://www.jobs.cz/rpd/2001191477/,2026-09-11T17:01:17+02:00
JB_0282,Technical Sales Support (Air Handling Units),REED SPECIALIST RECRUITMENT,Praha,,https://www.jobs.cz/rpd/2001360811/,2026-09-11T17:01:17+02:00
JB_3927,GMP Auditor,"Zentiva, k.s.",Praha – Dolní Měcholupy,,https://www.jobs.cz/rpd/2001393740/,2026-09-11T17:01:17+02:00
JB_0873,Seniorní specialista/tka na bezpečnostní monitoring,"Česká spořitelna, a.s.",Praha – Krč,,https://www.jobs.cz/rpd/2001113597/,2026-09-11T17:01:25+02:00
JB_2609,Technický konzultant,MULTITONE CZ spol. s r.o.,Praha – Košíře,40 000 – 55 000 Kč,https://www.jobs.cz/rpd/2001390044/,2026-09-11T17:01:25+02:00
JB_4952,Projektový/á manažer/ka,Skupina ČEZ,Praha – Michle,,https://www.jobs.cz/rpd/2001369520/,2026-09-11T17:01:25+02:00
JB_2568,TRAINEE PROGRAM pro absolventy technických oborů VŠ,Kautex Textron Bohemia spol. s r.o.,Kněžmost,45 000 – 55 000 Kč,https://www.jobs.cz/rpd/2001141918/,2026-09-11T17:01:25+02:00
JB_8455,Software Engineer - Java,DHL Information Services (Europe) s.r.o.,Praha – Chodov,,https://www.jobs.cz/rpd/2001391630/,2026-09-11T17:01:31+02:00
JB_5256,Test Engineer (m/f/d) Automotive Communication Networks,Bertrandt AG,Středočeský kraj,,https://www.jobs.cz/rpd/2001378857/,2026-09-11T17:01:31+02:00
JB_1321,Automotive Electronics Technician (m/f/d) Diagnostics & Flashing,Bertrandt AG,Středočeský kraj,,https://www.jobs.cz/rpd/2001378847/,2026-09-11T17:01:31+02:00
JB_2262,Development Engineer (m/f/d) Vehicle Validation - 12V Energy Management,Bertrandt AG,Středočeský kraj,,https://www.jobs.cz/rpd/2001378838/,2026-09-11T17:01:31+02:00
JB_0823,Functional Owner (m/f/d) Mobile Online Services,Bertrandt AG,Středočeský kraj,,https://www.jobs.cz/rpd/2001378830/,2026-09-11T17:01:31+02:00
JB_6516,Software Tester (m/f/d) Mobile Online Services,Bertrandt AG,Středočeský kraj,,https://www.jobs.cz/rpd/2001378812/,2026-09-11T17:01:31+02:00
JB_8357,CAD Engineer (m/f/d) Wiring Harness Development,Bertrandt AG,Středočeský kraj,,https://www.jobs.cz/rpd/2001378803/,2026-09-11T17:01:31+02:00
JB_8431,Electrical Engineer (m/f/d) Wiring Harness & Schematics,Bertrandt AG,Středočeský kraj,,https://www.jobs.cz/rpd/2001378782/,2026-09-11T17:01:31+02:00
JB_5906,Test Engineer (m/f/d) Light Measurement,Bertrandt AG,Středočeský kraj,,https://www.jobs.cz/rpd/2001378771/,2026-09-11T17:01:31+02:00
JB_9373,Project Management & Functional Supporter ADAS (m/f/d),Bertrandt AG,Středočeský kraj,,https://www.jobs.cz/rpd/2001378763/,2026-09-11T17:01:31+02:00
JB_4234,Cloud DevOps Engineer,DHL Information Services (Europe) s.r.o.,Praha – Chodov,,https://www.jobs.cz/rpd/2001396188/,2026-09-11T17:01:31+02:00
JB_3061,Software Engineer - Java,DHL Information Services (Europe) s.r.o.,Praha – Chodov,,https://www.jobs.cz/rpd/2001399759/,2026-09-11T17:01:31+02:00
JB_6905,"Architect (CCaaS, Genesys Cloud)",DHL Information Services (Europe) s.r.o.,Praha – Chodov,,https://www.jobs.cz/rpd/2001397754/,2026-09-11T17:01:31+02:00
JB_8392,Software Engineer - Java,DHL Information Services (Europe) s.r.o.,Praha – Chodov,,https://www.jobs.cz/rpd/2001384455/,2026-09-11T17:01:31+02:00
JB_5076,"Architect (CCaaS, Genesys Cloud)",DHL Information Services (Europe) s.r.o.,Praha – Chodov,,https://www.jobs.cz/rpd/2001378275/,2026-09-11T17:01:31+02:00
JB_3862,Bid Management Specialist – English Speaker (m/f/d),"Siemens, s.r.o.",Praha – Stodůlky + 1 další lokalita,,https://www.jobs.cz/rpd/2001331803/,2026-09-11T17:01:31+02:00
JB_3393,Software Engineer - Java,DHL Information Services (Europe) s.r.o.,Praha – Chodov,,https://www.jobs.cz/rpd/2001372041/,2026-09-11T17:01:31+02:00
JB_8870,AI Architect/AI Engineer,"Česká spořitelna, a.s.",Praha – Michle,,https://www.jobs.cz/rpd/2000930937/,2026-09-11T17:01:45+02:00
JB_0180,Guild master - AI First Domain (set AI standards across the bank),"Česká spořitelna, a.s.",Praha – Michle,,https://www.jobs.cz/rpd/2000894738/,2026-09-11T17:01:45+02:00
JB_5548,Cloud / DevOps Engineer*ka (AWS a AI),Raiffeisenbank a.s.,Praha – Nusle,,https://www.jobs.cz/rpd/2001097401/,2026-09-11T17:01:57+02:00
JB_2870,AI Support Engineer,Daktela s.r.o.,Praha – Žižkov,,https://www.jobs.cz/rpd/2001383274/,2026-09-11T17:01:57+02:00
JB_3685,Red Team Engineer |AI Security,Grafton Recruitment s.r.o.,Praha,100 000 – 130 000 Kč,https://www.jobs.cz/rpd/2001390364/,2026-09-11T17:02:09+02:00
JB_5190,"Senior AI Infrastructure Engineer | GPU, HPC, Kubernetes",České Radiokomunikace a.s.,Praha – Břevnov,,https://www.jobs.cz/rpd/2001364985/,2026-09-11T17:02:09+02:00
JB_2820,Linux / DevOps Engineer pro AI služby,České Radiokomunikace a.s.,Praha – Břevnov,,https://www.jobs.cz/rpd/2001364987/,2026-09-11T17:02:09+02:00
JB_3262,AI Innovation & Adoption Specialist (m/f),Raiffeisenbank a.s.,Praha – Nusle,,https://www.jobs.cz/rpd/2001398572/,2026-09-11T17:02:09+02:00
JB_6645,Senior Infrastructure Engineer – provoz a výstavba velkého cloudového prostředí,České Radiokomunikace a.s.,Praha – Břevnov,,https://www.jobs.cz/rpd/2001398608/,2026-09-11T17:02:09+02:00
JB_5850,AI Videomaker pro Media Booster,TV Prima,Praha – Strašnice,,https://www.jobs.cz/rpd/2001410223/,2026-09-11T17:02:25+02:00
JB_5645,Genesys Cloud CX Engineer | remote from CZ & SK,Randstad HR Solutions s.r.o.,Praha,,https://www.jobs.cz/rpd/2001372248/,2026-09-11T17:02:39+02:00
JB_2931,Electronic Engineer - stávající produkty,2N TELEKOMUNIKACE a.s.,Praha – Modřany,,https://www.jobs.cz/rpd/2001356047/,2026-09-11T17:02:39+02:00
JB_8898,Software Engineer (SRE),"Česká spořitelna, a.s.",Praha – Krč,75 000 – 85 000 Kč,https://www.jobs.cz/rpd/2001415477/,2026-09-11T17:02:39+02:00
JB_3902,Senior/Mid HW Engineer (f/m),ComAp a.s.,Praha – Holešovice,,https://www.jobs.cz/rpd/2000491882/,2026-09-11T17:02:39+02:00
JB_2000,Event Specialist,DETO production s.r.o.,Praha – Staré Město,,https://www.jobs.cz/rpd/2001415123/,2026-09-11T17:02:39+02:00
JB_6557,Senior Product Specialist - pro oblast fixního internetu,Vodafone Czech Republic a.s.,Praha – Stodůlky,,https://www.jobs.cz/rpd/2001372180/,2026-09-11T17:02:39+02:00
JB_4812,Software Engineer - George,"Česká spořitelna, a.s.",Praha – Krč,,https://www.jobs.cz/rpd/2001274630/,2026-09-11T17:02:50+02:00
JB_1146,Software Developer & Test Automation Engineer (m/f/d),"Siemens, s.r.o.",Praha – Stodůlky,,https://www.jobs.cz/rpd/2001419276/,2026-09-11T17:02:50+02:00
JB_1117,ICT Infrastructure Engineer/Technician (síťař),2N TELEKOMUNIKACE a.s.,Praha – Nusle,50 000 – 80 000 Kč,https://www.jobs.cz/rpd/2001406128/,2026-09-11T17:02:50+02:00
JB_4182,***Developer Experience Engineer (DevEx)***,JOBSTART s.r.o.,Praha,90 000 – 115 000 Kč,https://www.jobs.cz/rpd/2001390588/,2026-09-11T17:02:50+02:00
JB_9443,Senior Cloud Engineer/ Architect,ČESKÁ NÁRODNÍ BANKA,Praha – Nové Město,,https://www.jobs.cz/rpd/2001387977/,2026-09-11T17:02:50+02:00
JB_5560,Senior SW engineer_iOS pro Native Labs,"Česká spořitelna, a.s.",Praha – Krč,,https://www.jobs.cz/rpd/2001407874/,2026-09-11T17:02:50+02:00
JB_7345,Marketing & Brand Specialist,Kienbaum und Partner GmbH,Praha – Nové Město,,https://www.jobs.cz/rpd/2001371983/,2026-09-11T17:02:50+02:00
JB_3366,Digital content & Production Specialist,"ALEF NULA,a.s.",Praha – Karlín,,https://www.jobs.cz/rpd/2001421634/,2026-09-11T17:02:50+02:00
JB_1539,IT Financial Operations Specialist,"GasNet, s.r.o.",Praha – Prosek + 5 dalších lokalit,,https://www.jobs.cz/rpd/2001401442/,2026-09-11T17:03:00+02:00
JB_6313,Influencer Marketing Specialist,NEOPUBLIC s.r.o.,Praha – Smíchov,,https://www.jobs.cz/rpd/2001382872/,2026-09-11T17:03:00+02:00
JB_4109,Vendor Marketing Specialist,Mironet.cz a.s.,Nupaky,40 000 – 60 000 Kč,https://www.jobs.cz/rpd/2001414532/,2026-09-11T17:03:00+02:00
JB_7869,Marketing Operations Specialist,Mironet.cz a.s.,Nupaky,40 000 – 60 000 Kč,https://www.jobs.cz/rpd/2001414435/,2026-09-11T17:03:00+02:00
JB_3746,Specialist(k)a marketingové komunikace (medior),"4fin Better together,a.s.",Praha – Nusle,50 000 – 80 000 Kč,https://www.jobs.cz/rpd/2001403588/,2026-09-11T17:03:00+02:00
JB_5209,External Communications Specialist,Škoda Transportation,Praha – Stodůlky,,https://www.jobs.cz/rpd/2001387367/,2026-09-11T17:03:00+02:00
JB_8272,Marketing & E-commerce Specialist,Royal Green Distribution s.r.o.,Jeneč,50 000 – 65 000 Kč,https://www.jobs.cz/rpd/2001383604/,2026-09-11T17:03:00+02:00
JB_7239,Sales Specialist,Bolt Services CZ s.r.o.,Praha – Karlín,,https://www.jobs.cz/rpd/2001396549/,2026-09-11T17:03:00+02:00
JB_4569,Group Procurement Specialist - IT / Technology,Fortuna Group,Česká republika,,https://www.jobs.cz/rpd/2001263245/,2026-09-11T17:03:00+02:00
JB_8333,Digital Innovation Specialist,"RESPECT, a.s.",Praha – Krč,,https://www.jobs.cz/rpd/2001379609/,2026-09-11T17:03:00+02:00
JB_1051,Business Project Specialist,Vodafone Czech Republic a.s.,Praha – Stodůlky,,https://www.jobs.cz/rpd/2001393792/,2026-09-11T17:03:00+02:00
JB_4681,IT Specialist_Czech/Slovak speaking (f/m),ComAp a.s.,Praha – Holešovice,,https://www.jobs.cz/rpd/2001408365/,2026-09-11T17:03:14+02:00
JB_0223,Customer Care Specialist (German),rohlik.cz,Praha – Karlín,,https://www.jobs.cz/rpd/2001162122/,2026-09-11T17:03:14+02:00
JB_3258,DC Operations Specialist – příležitost i pro elektrotechniky bez praxe v datových centrech,České Radiokomunikace a.s.,Praha – Žižkov,,https://www.jobs.cz/rpd/2001312553/,2026-09-11T17:03:14+02:00
JB_2717,Procurement & Operations Manager,A. T. International s.r.o.,Praha – Písnice,70 000 – 80 000 Kč,https://www.jobs.cz/rpd/2001403495/,2026-09-11T17:03:14+02:00
JB_7105,Embedded Linux Developer C/C++ (lift),2N TELEKOMUNIKACE a.s.,Praha – Modřany,,https://www.jobs.cz/rpd/2001318495/,2026-09-11T17:03:14+02:00
JB_9630,IT Security Compliance Specialista,TPA,Praha – Krč,,https://www.jobs.cz/rpd/2001410343/,2026-09-11T17:03:20+02:00
JB_2752,SENIOR WINDOWS ADMINISTRÁTOR,Alinet cz s.r.o.,Praha – Libeň,70 000 – 100 000 Kč,https://www.jobs.cz/rpd/2001420865/,2026-09-11T17:03:20+02:00
JB_7426,Ethical Hacker/Penetration Tester 🔐,Aricoma,Praha + 1 další lokalita,,https://www.jobs.cz/rpd/2001409649/,2026-09-11T17:03:20+02:00
JB_2003,SPECIALISTA/TKA SPRÁVY FIREMNÍHO PORTFOLIA - GSS,J&T BANKA,Praha – Karlín,,https://www.jobs.cz/rpd/2001221851/,2026-09-11T17:03:20+02:00
JB_5118,Firmware Developer (C++ / ARM) (m/f/d),"Siemens, s.r.o.",Praha – Stodůlky,,https://www.jobs.cz/rpd/2001414778/,2026-09-11T17:03:20+02:00
JB_8923,Embedded C/C++ vývojář/ka,ComAp a.s.,Praha – Holešovice,,https://www.jobs.cz/rpd/2001343201/,2026-09-11T17:03:20+02:00
JB_7305,"🎥 CONTENT & GROWTH CREATOR – zajímavé průmyslové projekty, práce v terénu i v zahraničí!",21 Consult Group s.r.o.,Praha,,https://www.jobs.cz/rpd/2001374192/,2026-09-11T17:03:20+02:00
JB_9488,Social Media Manager v digitální agentuře,Media:list s.r.o.,Praha – Nusle,40 000 – 60 000 Kč,https://www.jobs.cz/rpd/2001371510/,2026-09-11T17:03:20+02:00
JB_5104,Compliance Trainee,Allwyn Česko a.s.,Praha – Vokovice,,https://www.jobs.cz/rpd/2001374104/,2026-09-11T17:03:20+02:00
JB_9542,Customer care specialista pro e-commerce,PŘEDVÝBĚR.CZ a.s.,Praha – Vinohrady,,https://www.jobs.cz/rpd/2001361084/,2026-09-11T17:03:31+02:00
JB_1715,Art Director / Designer se zaměřením na Social,"Cheil Germany GmbH, organizační složka",Praha – Chodov,,https://www.jobs.cz/rpd/2001405421/,2026-09-11T17:03:31+02:00
JB_3275,"🚂POZOR, ZMĚNA NÁSTUPIŠTĚ🚌: Hledáme recruitera do Prahy | Regiojet | Student Agency",RegioJet a.s.,Praha – Nové Město,,https://www.jobs.cz/rpd/2001363024/,2026-09-11T17:03:31+02:00
JB_2765,Ředitel/ka Investic a Treasury (CIO),"Allianz pojišťovna, a.s.",Praha – Karlín,,https://www.jobs.cz/rpd/2001389468/,2026-09-11T17:03:31+02:00
JB_3523,Obchodní manažer / manažerka — fundraising pro investiční fondy,Clientelo Czech s.r.o.,Praha – Braník,60 000 – 110 000 Kč,https://www.jobs.cz/rpd/2001379389/,2026-09-11T17:03:31+02:00
JB_9921,Regulatory Expert,EY,Praha – Nové Město,,https://www.jobs.cz/rpd/2001376154/,2026-09-11T17:03:31+02:00
JB_4832,Junior konzultant/ka - Regulace finančního trhu,EY,Praha – Nové Město,50 000 Kč,https://www.jobs.cz/rpd/2001374202/,2026-09-11T17:03:31+02:00
JB_1182,Rozpočtář pozemních staveb (m/ž),KASTEN spol. s r.o.,Neratovice – Byškovice,,https://www.jobs.cz/rpd/2000150011/,2026-09-11T17:03:31+02:00
JB_9580,Junior Brand Manager,TV Prima,Praha – Strašnice,,https://www.jobs.cz/rpd/2001421095/,2026-09-11T17:03:31+02:00
JB_7753,Hledáme HR parťáka pro logistiku 🚀 (JPO19923),Alza.cz a.s.,Praha – Holešovice,35 000 – 45 000 Kč,https://www.jobs.cz/rpd/2001403027/,2026-09-11T17:03:31+02:00
JB_7375,E-Commerce HTML & Graphic specialista - Marketing / Praha / 50000 Kč,Národní Pokladnice s.r.o.,Praha – Karlín,50 000 Kč,https://www.jobs.cz/rpd/2001414719/,2026-09-11T17:10:02+02:00
JB_3355,Cash Collector with Greek,Johnson & Johnson,Praha – Jinonice,,https://www.jobs.cz/rpd/2001380987/,2026-09-11T17:10:12+02:00
JB_8600,Osobní bankéř/ka - Hořovice,"Česká spořitelna, a.s.",Hořovice,,https://www.jobs.cz/rpd/2001163058/,2026-09-11T17:10:12+02:00
JB_1231,PR Account Executive 2x,"AMI Communications, spol. s r.o.",Praha – Staré Město,38 000 – 55 000 Kč,https://www.jobs.cz/rpd/2001409514/,2026-09-11T17:10:12+02:00
JB_8038,Recruiter at a Mobile Gaming Agency,"AppAgent, s.r.o.",Praha – Smíchov,,https://www.jobs.cz/rpd/2001396470/,2026-09-11T17:10:12+02:00
JB_7106,Osobní bankéř/ka - Mělník,"Česká spořitelna, a.s.",Mělník,,https://www.jobs.cz/rpd/2001417746/,2026-09-11T17:10:12+02:00
JB_1338,Osobní bankéř/ka - Háje/Horní Měcholupy,"Česká spořitelna, a.s.",Praha – Horní Měcholupy,,https://www.jobs.cz/rpd/2001213626/,2026-09-11T17:10:12+02:00
JB_5201,IT support týmu Rozvoje a vzdělávání - 1/2 úvazek - agenturní pracovník,Skupina E.ON,Praha + 2 další lokality,,https://www.jobs.cz/rpd/2001416947/,2026-09-11T17:10:12+02:00
JB_6953,Projektmanager standardizace logistických procesů (m/ž),Škoda Auto a.s.,Mladá Boleslav – Mladá Boleslav II,,https://www.jobs.cz/rpd/2001322247/,2026-09-11T17:10:12+02:00
JB_8971,HR generalista,"TÜV NORD Czech, s.r.o.",Praha – Libeň,,https://www.jobs.cz/rpd/2001415663/,2026-09-11T17:10:12+02:00
JB_2703,Specialista marketingové komunikace (m/ž),GTH catering a.s.,Praha – Chodov,,https://www.jobs.cz/rpd/2001348510/,2026-09-11T17:10:12+02:00
JB_5132,Osobní bankéř/ka - Kolín,"Česká spořitelna, a.s.",Kolín – Kolín I,,https://www.jobs.cz/rpd/2001357957/,2026-09-11T17:10:12+02:00
JB_9061,Osobní bankéř/ka - Gemini Pankrác,"Česká spořitelna, a.s.",Praha – Nusle,,https://www.jobs.cz/rpd/2001261266/,2026-09-11T17:10:12+02:00
JB_3667,Osobní bankéř/ka senior - Topolová,"Česká spořitelna, a.s.",Praha,,https://www.jobs.cz/rpd/2001304995/,2026-09-11T17:10:12+02:00
JB_3575,Osobní bankéř/ka - Louny (možnost zkráceného úvazku),"Česká spořitelna, a.s.",Louny,,https://www.jobs.cz/rpd/2001356925/,2026-09-11T17:10:12+02:00
JB_6218,Osobní bankéř/ka - Benešov,"Česká spořitelna, a.s.",Benešov,,https://www.jobs.cz/rpd/2001405669/,2026-09-11T17:10:12+02:00
JB_7172,Osobní bankéř/ka - Beroun,"Česká spořitelna, a.s.",Beroun – Beroun-Město,,https://www.jobs.cz/rpd/2001122148/,2026-09-11T17:10:12+02:00
JB_5681,Pojišťovací specialista/ka pro pobočky v Praze | Fixní plat & bonusy,"ČSOB Československá obchodní banka, a. s.",Hlavní město Praha,,https://www.jobs.cz/rpd/2001400926/,2026-09-11T17:10:12+02:00
JB_0322,Osobní bankéř/ka - Jílové u Prahy,"Česká spořitelna, a.s.",Jílové u Prahy,,https://www.jobs.cz/rpd/2001266639/,2026-09-11T17:10:12+02:00
JB_8968,Specialista/ka metodiky pojištění,"Česká spořitelna, a.s.",Praha – Krč,,https://www.jobs.cz/rpd/2001353618/,2026-09-11T17:10:20+02:00
JB_5147,Osobní bankéř/ka v České Spořitelně. Máte na to?,"Česká spořitelna, a.s.",Praha – Troja + 1 další lokalita,,https://www.jobs.cz/rpd/2001390582/,2026-09-11T17:10:20+02:00
JB_4285,Pojišťovací specialista/ka - Beroun a okolí,"Česká spořitelna, a.s.",Ústecký kraj,,https://www.jobs.cz/rpd/2001214855/,2026-09-11T17:10:20+02:00
JB_0132,Osobní bankéř/ka senior - Kladno,"Česká spořitelna, a.s.",Kladno,,https://www.jobs.cz/rpd/2001360684/,2026-09-11T17:10:20+02:00
JB_2934,Osobní bankéř/ka - Novodvorská,"Česká spořitelna, a.s.",Praha – Braník,,https://www.jobs.cz/rpd/2001340340/,2026-09-11T17:10:20+02:00
JB_4564,Osobní bankéř/ka senior - Jugoslávská,"Česká spořitelna, a.s.",Praha – Vinohrady,,https://www.jobs.cz/rpd/2001329413/,2026-09-11T17:10:20+02:00
JB_3127,Statistical Modeler in Wildfire Team,Aon Central and Eastern Europe a.s.,Praha – Nové Město,,https://www.jobs.cz/rpd/2001394085/,2026-09-11T17:10:20+02:00
JB_6408,Senior Consultant Business Development,"VOLKSWAGEN GROUP SERVICES, s.r.o.",Praha – Michle,,https://www.jobs.cz/rpd/2001379669/,2026-09-11T17:10:20+02:00
JB_8804,Head of IT Service Operations & Transformation,Vodafone Czech Republic a.s.,Praha – Stodůlky,,https://www.jobs.cz/rpd/2001355888/,2026-09-11T17:10:20+02:00
JB_4732,Postdoctoral fellow in computational chemistry,"Ústav organické chemie a biochemie AV ČR, v. v. i.",Praha – Dejvice,,https://www.jobs.cz/rpd/2001325409/,2026-09-11T17:10:20+02:00
JB_1718,SAP Consultant (m/ž),Skupina E.ON,Praha + 2 další lokality,,https://www.jobs.cz/rpd/2000493367/,2026-09-11T17:10:20+02:00
JB_5911,DATA ENGINEERS EM PRAGA,S&you by SYNERGIE,okres Praha,,https://www.jobs.cz/rpd/2001383280/,2026-09-11T17:10:20+02:00
JB_2598,DATA ENGINEERS EN PRAGA,S&you by SYNERGIE,okres Praha,,https://www.jobs.cz/rpd/2001383249/,2026-09-11T17:10:20+02:00
JB_6921,System Integrator focused on mobile topics,SII s.r.o.,Praha – Michle,,https://www.jobs.cz/rpd/2001407578/,2026-09-11T17:10:20+02:00
JB_1160,Group Quality Manager,DoDo Czech s.r.o.,Praha – Karlín,,https://www.jobs.cz/rpd/2001372203/,2026-09-11T17:10:35+02:00
JB_1936,Quality & Environmental Manager,"SANKO GOSEI Czech, s.r.o.",Ovčáry,,https://www.jobs.cz/rpd/2001288531/,2026-09-11T17:10:35+02:00
JB_7891,Specialista/ka datové kvality a klientský servis,"Admosphere, a.s.",Praha – Žižkov,,https://www.jobs.cz/rpd/2001403201/,2026-09-11T17:10:46+02:00
JB_0547,3D měřící technik,FORVIA Faurecia Group,Bakov nad Jizerou – Horka,,https://www.jobs.cz/rpd/2001272856/,2026-09-11T17:11:01+02:00
JB_5346,Specialista/specialistka kvality - potravinářství,PAC Hořovice s.r.o.,Příbram – Příbram I,,https://www.jobs.cz/rpd/2001396092/,2026-09-11T17:11:01+02:00
JB_3066,INŽENÝR KVALITY VE VÝVOJI (PLASTOVÉ DÍLY PRO LUXUSNÍ AUTA),DRILL Business Services,okres Hlavní město Praha,,https://www.jobs.cz/rpd/2001414970/,2026-09-11T17:11:01+02:00
JB_9499,Asistent/ka kvality,"ÚJV Řež, a. s.",Praha – Motol,,https://www.jobs.cz/rpd/2000896440/,2026-09-11T17:11:01+02:00
JB_6760,Inženýr kvality (M/Ž),Foxconn Czech Republic,okres Kutná Hora,,https://www.jobs.cz/rpd/2001325752/,2026-09-11T17:11:01+02:00
JB_0062,🎙️Kontrola hudební kvality gramofonové desky (náborový příspěvek 40.000 Kč)🎙️,"GZ Media, a.s.",Loděnice,,https://www.jobs.cz/rpd/2000906021/,2026-09-11T17:11:01+02:00
JB_4509,Metrolog 3D měření,NOVARES CZ Cerhovice s.r.o.,Cerhovice,,https://www.jobs.cz/rpd/2001167638/,2026-09-11T17:11:01+02:00
JB_0083,Technik kvality | Máte oko pro detail? (m/ž/j),Yanfeng International Automotive Technology Czechia s.r.o.,Bitozeves – Bitozeves-Průmyslová zóna Triangle,,https://www.jobs.cz/rpd/2001069434/,2026-09-11T17:11:14+02:00
JB_6507,PRODUKTOVÝ MANAŽER,"LB Cemix, s.r.o.",Čebín + 2 další lokality,,https://www.jobs.cz/rpd/2001403313/,2026-09-11T17:11:14+02:00
JB_3422,Technolog v potravinářství - Praha,"PENAM, a.s.",Herink,,https://www.jobs.cz/rpd/2001398379/,2026-09-11T17:11:14+02:00
JB_1001,Senior Interní Auditor,"Letiště Praha, a. s.",Praha – Ruzyně,,https://www.jobs.cz/rpd/2001166203/,2026-09-11T17:11:14+02:00
JB_9485,Project Manager controlling (construction),"CTP Invest, spol. s r.o.",Praha – Nové Město,,https://www.jobs.cz/rpd/2000625642/,2026-09-11T17:11:27+02:00
JB_2548,Experienced Product Designer - Design System (m/f/n),ESET Research Czech Republic s.r.o.,Praha – Holešovice,,https://www.jobs.cz/rpd/2001384437/,2026-09-11T17:11:36+02:00
JB_8495,Secondary and High School Biology Teacher,Perrott Hill British School Prague,Praha – Kobylisy,50 000 – 70 000 Kč,https://www.jobs.cz/rpd/2001396128/,2026-09-11T17:11:49+02:00
JB_7962,Lawyer (He/She),"MetLife Europe d.a.c., pobočka pro Českou republiku",Praha – Nové Město,85 000 – 90 000 Kč,https://www.jobs.cz/rpd/2001223484/,2026-09-11T17:11:49+02:00
JB_7781,Executive Assistant,TRASK SOLUTIONS a.s.,Praha – Krč,,https://www.jobs.cz/rpd/2001401627/,2026-09-11T17:12:00+02:00
JB_8115,Obchodní administrativa v terénu (m/ž),O2 Czech Republic a.s.,Česká republika,70 000 – 120 000 Kč,https://www.jobs.cz/rpd/2000232800/,2026-09-11T17:12:12+02:00
JB_9212,Obchodník Junior (m/ž),O2 Czech Republic a.s.,Česká republika,60 000 – 120 000 Kč,https://www.jobs.cz/rpd/2000945844/,2026-09-11T17:12:12+02:00
JB_9519,Energetický konzultant a prodejce na pobočce - Beroun,innogy Česká republika a.s.,Beroun – Beroun-Centrum,,https://www.jobs.cz/rpd/2001364490/,2026-09-11T17:12:12+02:00
JB_0754,Data Center Administrator - HPP nebo IČO spolupráce,Manpower IT,Praha,,https://www.jobs.cz/rpd/2001385317/,2026-09-11T17:12:18+02:00
JB_9965,ADMINISTRÁTOR/KA zákaznického servisu ve skladu - LOVOSICE,FIEGE s.r.o.,Lovosice,,https://www.jobs.cz/rpd/2001387080/,2026-09-11T17:12:32+02:00
JB_3395,IT analytik - ​Asset Management a CMDB v Jira Service Managementu,Unicorn,Praha – Holešovice,,https://www.jobs.cz/rpd/2001421699/,2026-09-11T17:12:32+02:00
JB_7063,Business Operations Support,Direct,Praha – Holešovice,,https://www.jobs.cz/rpd/2001391303/,2026-09-11T17:12:40+02:00
JB_2384,Junior Analytik pro Přenosovou soustavu,"ČEPS, a.s.",Praha – Michle,,https://www.jobs.cz/rpd/2001041810/,2026-09-11T17:12:48+02:00
JB_0803,IT technik / IT administrátor na správu a údržbu PC a serverů u našich zákazníků,Netfox s.r.o.,Praha – Žižkov,40 000 – 60 000 Kč,https://www.jobs.cz/rpd/2001403000/,2026-09-11T17:13:03+02:00
JB_9314,IT administrátor,Walter Praguecast a.s.,Praha – Radlice,,https://www.jobs.cz/rpd/2001408400/,2026-09-11T17:13:03+02:00
JB_3506,IT analytik senior - migrace service desku do Jira,Unicorn,Praha – Holešovice,,https://www.jobs.cz/rpd/2001421692/,2026-09-11T17:13:14+02:00
JB_3380,Master Data Clerk / full-time / part-time/ 6 měsíční projekt,Tessero Czech Republic s.r.o.,Praha,,https://www.jobs.cz/rpd/2001406400/,2026-09-11T17:18:46+02:00
JB_3520,Operations Manager | ZARA | PRAHA,"INDITEX Česká republika, s.r.o.",Praha,,https://www.jobs.cz/rpd/2001406019/,2026-09-11T17:18:57+02:00
JB_2327,Operations Buyer,VAFO PRODUCTION,Chrášťany,,https://www.jobs.cz/rpd/2001394271/,2026-09-11T17:18:57+02:00
JB_7978,Junior administrátor cloudových služeb - ÚVT UK,Univerzita Karlova - Rektorát,Praha – Staré Město,50 000 – 60 000 Kč,https://www.jobs.cz/rpd/2001420349/,2026-09-11T17:18:57+02:00
JB_6401,Junior správce IT systémů,"LE & CO - Ing. Jiří Lenc, s.r.o.",Jirny,50 000 – 60 000 Kč,https://www.jobs.cz/rpd/2001404841/,2026-09-11T17:18:57+02:00
JB_8869,Architekt/ka kybernetické bezpečnosti IT/OT (junior/senior),"Gas Storage CZ, a.s.",Praha – Strašnice,85 000 – 110 000 Kč,https://www.jobs.cz/rpd/2001377968/,2026-09-11T17:18:57+02:00
JB_2160,IT System Administrator,Randstad HR Solutions s.r.o.,Praha,,https://www.jobs.cz/rpd/2001372439/,2026-09-11T17:18:57+02:00
JB_1284,Product Administrator se znalostí polštiny,Košík.cz s.r.o.,Praha – Dejvice,,https://www.jobs.cz/rpd/2001403124/,2026-09-11T17:19:06+02:00
JB_8994,Customer Service Advisor with Greek | Home Office from the Czechia - start date 17.08.,Concentrix,Praha – Michle,30 000 – 34 500 Kč,https://www.jobs.cz/rpd/2001381827/,2026-09-11T17:19:06+02:00
JB_2389,JUNIOR OFFICE & FINANCE SUPPORT (m/ž) – GANT / Vermont Holding,GANT Central Europe s.r.o.,Praha – Dejvice,,https://www.jobs.cz/rpd/2001417280/,2026-09-11T17:19:31+02:00
JB_6911,HR Admin support,Oniverse,Praha – Karlín,,https://www.jobs.cz/rpd/2001375606/,2026-09-11T17:19:31+02:00
JB_7421,"Administrátor dokumentace sítě, Praha",CETIN a.s.,Praha – Libeň,,https://www.jobs.cz/rpd/2001317338/,2026-09-11T17:19:31+02:00
JB_8911,HR Administrátor / HR Administrátorka,Strojmetal Aluminium Forging a.s.,Kamenice,,https://www.jobs.cz/rpd/2001421631/,2026-09-11T17:19:31+02:00
JB_7711,ADMINISTRÁTOR VÝROBY HOPI CEE FISH HUB🐟,HOPI CEE FISH HUB s.r.o.,Říčany – Jažlovice,,https://www.jobs.cz/rpd/2001376182/,2026-09-11T17:19:47+02:00
JB_6582,HR Administrátor,ADECCO spol.s r.o.,Praha – Nusle + 1 další lokalita,,https://www.jobs.cz/rpd/2001375859/,2026-09-11T17:19:47+02:00
JB_1278,Junior Project Manager,Silverline Fund SICAV a.s.,Praha – Nové Město,70 000 – 100 000 Kč,https://www.jobs.cz/rpd/2001421530/,2026-09-11T17:20:00+02:00
JB_0925,Specialista/Specialistka kybernetické bezpečnosti - junior,"ČEPS, a.s.",Praha – Šeberov,,https://www.jobs.cz/rpd/2001385555/,2026-09-11T17:20:00+02:00
JB_6417,Administrativní podpora / Back Office,LEPŠÍ PRÁCE support s.r.o.,Praha – Nusle,25 000 – 35 000 Kč,https://www.jobs.cz/rpd/2001414868/,2026-09-11T17:20:16+02:00
JB_8088,Redaktor skladby televizního vysílání,TV Prima,Praha – Strašnice,,https://www.jobs.cz/rpd/2001415888/,2026-09-11T17:20:16+02:00
JB_9978,Specialista technické podpory Darujme.cz,Nadace VIA,Praha – Dejvice,,https://www.jobs.cz/rpd/2001414998/,2026-09-11T17:20:27+02:00
JB_8210,SPECIALISTA REKLAMACÍ A ZÁKAZNICKÉ PÉČE E-SHOP,XXXLutz,Praha – Stodůlky,,https://www.jobs.cz/rpd/2001403150/,2026-09-11T17:20:41+02:00
JB_1246,Pracovník zákaznických služeb PRE_stávající klienti,GIT Consult Czech s.r.o.,Praha – Vršovice,,https://www.jobs.cz/rpd/2001400873/,2026-09-11T17:20:41+02:00
JB_2464,Koordinátor cestovní asistence - vhodné i pro absolventy - m/ž,GLOBAL ASSISTANCE a.s.,Praha – Dolní Chabry,,https://www.jobs.cz/rpd/2001401272/,2026-09-11T17:20:41+02:00
JB_4855,Specialista/tka zákaznické podpory_stávající klienti_30 h týdně,GIT Consult Czech s.r.o.,Praha – Vršovice,,https://www.jobs.cz/rpd/2001296864/,2026-09-11T17:20:41+02:00
JB_8837,Specialista/ka klientské podpory - back office,"INVESTIKA, investiční společnost, a.s.",Praha,,https://www.jobs.cz/rpd/2001403684/,2026-09-11T17:20:41+02:00
JB_8391,Operátor/ka call centra - neomezené bonusy!,Morn Marketing s.r.o.,Praha – Nusle,40 000 – 60 000 Kč,https://www.jobs.cz/rpd/2001376232/,2026-09-11T17:20:41+02:00
JB_3195,"Koordinátor auto asistence, vhodné i pro absolventy (m/ž)",GLOBAL ASSISTANCE a.s.,Praha – Dolní Chabry,,https://www.jobs.cz/rpd/2001401271/,2026-09-11T17:20:41+02:00
JB_0145,Telefonická péče o stávající zákazníky PRE,GIT Consult Czech s.r.o.,Nymburk,,https://www.jobs.cz/rpd/2001375314/,2026-09-11T17:20:41+02:00
JB_5865,Specialista pojistných událostí s maďarštinou (m/ž) - O2 Financial services,O2 Czech Republic a.s.,Praha – Michle,,https://www.jobs.cz/rpd/1633910421/,2026-09-11T17:20:41+02:00
JB_5124,Specialista/ka kanceláře cestovní agentury,GET PRAGUE SERVICES s.r.o.,Praha – Josefov,,https://www.jobs.cz/rpd/2001386872/,2026-09-11T17:20:41+02:00
JB_6134,💬 Péče o stálé klienty bez aktivního navolávání & ruční testování aplikací,Redbit s.r.o.,Kolín – Kolín IV,32 000 Kč,https://www.jobs.cz/rpd/2001420975/,2026-09-11T17:20:41+02:00
JB_9355,Specialista v oddělení kontroly a kvality asistenčních služeb,GLOBAL ASSISTANCE a.s.,Praha – Dolní Chabry,,https://www.jobs.cz/rpd/2001419244/,2026-09-11T17:20:41+02:00
JB_0815,Nejsi NPC? Tak čti dál.,BidAskBit,Praha – Nusle,,https://www.jobs.cz/rpd/2001397839/,2026-09-11T17:20:41+02:00
JB_5235,Specialista péče o klienty,Skupina Citfin,Hlavní město Praha,,https://www.jobs.cz/rpd/2001391490/,2026-09-11T17:20:41+02:00
JB_8580,Recepční / Klientský servis – privátní stomatologická klinika DENT MEDICO,CARE MEDICO s.r.o.,Praha – Karlín + 1 další lokalita,30 000 – 35 000 Kč,https://www.jobs.cz/rpd/2001288895/,2026-09-11T17:20:41+02:00
JB_1266,Pracovník/pracovnice kontaktního centra (podpora nemocnic),Alliance Healthcare s.r.o.,Praha – Malešice,,https://www.jobs.cz/rpd/2001203121/,2026-09-11T17:20:41+02:00
JB_6466,Vodafone – průzkum trhu – stávající zákazníci,"Media Market Consulting, s.r.o.",Praha – Smíchov,25 000 – 35 000 Kč,https://www.jobs.cz/rpd/2000150168/,2026-09-11T17:20:41+02:00
JB_1704,Biztosítási kárügyintézési szakértő magyar nyelvtudással (n/f) - O2 Financial services,O2 Czech Republic a.s.,Praha – Michle,,https://www.jobs.cz/rpd/2001410082/,2026-09-11T17:20:41+02:00
JB_7691,Specialista/tka zákaznické linky PRE_stávající klienti,GIT Consult Czech s.r.o.,Nymburk,,https://www.jobs.cz/rpd/2001409719/,2026-09-11T17:20:41+02:00
JB_4202,Nastartuj svoji kariéru v PRE_Nymburk,GIT Consult Czech s.r.o.,Nymburk,,https://www.jobs.cz/rpd/2001396633/,2026-09-11T17:20:41+02:00
JB_0639,Bookmaker junior pro Live sázky (m/ž),TIPSPORT,Beroun – Beroun-Centrum,,https://www.jobs.cz/rpd/2001378301/,2026-09-11T17:20:41+02:00
JB_0464,Správce operačního systému (m/ž),Všeobecná fakultní nemocnice v Praze,Praha – Nové Město,,https://www.jobs.cz/rpd/2001371858/,2026-09-11T17:20:50+02:00
JB_8175,IT SPECIALISTA TECHNICKÉ PODPORY,"SKYLAB, spol. s r.o.",Praha – Chodov,,https://www.jobs.cz/rpd/2001382209/,2026-09-11T17:21:05+02:00
JB_7409,Administrace celního řízení,Port Service s.r.o.,Mělník,,https://www.jobs.cz/rpd/2001322110/,2026-09-11T17:21:05+02:00
JB_6766,Plánovač/ka výroby chemie,NCH Corporation,Lovosice,,https://www.jobs.cz/rpd/2000139601/,2026-09-11T17:21:05+02:00
JB_8568,Správce infrastruktury a telemetrií DŘS,"ČEPS, a.s.",Praha – Michle,,https://www.jobs.cz/rpd/2001167401/,2026-09-11T17:21:19+02:00
JB_7792,Production Manager / Manažer výroby (m/ž),HOFMANN WIZARD s.r.o.,Brandýs nad Labem-Stará Boleslav,,https://www.jobs.cz/rpd/2001417587/,2026-09-11T17:21:19+02:00
JB_8809,Mistr výroby,RaceX s.r.o.,Praha – Modřany,,https://www.jobs.cz/rpd/2001391989/,2026-09-11T17:21:19+02:00
JB_9520,Technolog výroby v masozávodě (ž/m),Kaufland Česká republika v.o.s.,Praha,70 000 – 92 000 Kč,https://www.jobs.cz/rpd/2001231530/,2026-09-11T17:21:32+02:00
JB_1841,Provozní koordinátor stravování,"Letiště Praha, a. s.",Praha – Ruzyně,,https://www.jobs.cz/rpd/2001375395/,2026-09-11T17:21:32+02:00
JB_1193,E-commerce Manager – Yoggies,Yoggies s.r.o.,Zlonice,,https://www.jobs.cz/rpd/2001420736/,2026-09-11T17:21:32+02:00
JB_2808,Provozní mistr,"Pražské služby, a.s.",Praha – Ruzyně,51 000 – 55 000 Kč,https://www.jobs.cz/rpd/2001376118/,2026-09-11T17:21:32+02:00
JB_4668,Referent/ka provozně technického oddělení,Institut postgraduálního vzdělávání ve zdravotnictví,Praha – Vinohrady,,https://www.jobs.cz/rpd/2001418696/,2026-09-11T17:21:32+02:00
JB_9217,Customer Care | 2Bminer,Precise sales s.r.o.,Praha – Karlín,40 000 – 80 000 Kč,https://www.jobs.cz/rpd/2001403036/,2026-09-11T17:21:32+02:00
JB_6067,Export Customer Care | English and German,"ESSILOR - OPTIKA, spol. s – EssilorLuxottica",Praha – Karlín,,https://www.jobs.cz/rpd/2001337906/,2026-09-11T17:21:32+02:00
JB_5341,SPECIALISTA / SPECIALISTKA REKLAMACÍ A AFTERSALES SERVISU,"Meteor Motor Tech CR, s.r.o.",Praha – Řeporyje,,https://www.jobs.cz/rpd/2001382042/,2026-09-11T17:21:32+02:00
JB_5726,SPECIALISTA ŘÍZENÍ PROVOZU CALL CENTRA M/Ž,"Pražská plynárenská, a.s.",Praha – Michle,,https://www.jobs.cz/rpd/2001328775/,2026-09-11T17:21:38+02:00
JB_8238,Vedoucí zákaznické podpory | SvětKaravanů.cz (M/Ž),BURIMEX s.r.o.,Bavoryně,45 000 – 60 000 Kč,https://www.jobs.cz/rpd/2001379149/,2026-09-11T17:21:38+02:00
JB_6425,SPECIALISTA / SPECIALISTKA OBJEDNÁVEK A PODPORY PRODEJE,"Meteor Motor Tech CR, s.r.o.",Praha – Řeporyje,,https://www.jobs.cz/rpd/2001374838/,2026-09-11T17:21:38+02:00
JB_7619,Team Leader / koordinátor call centra (Home Delivery),Rhenus Logistics s.r.o.,Chrášťany,,https://www.jobs.cz/rpd/2001415835/,2026-09-11T17:21:38+02:00
JB_2316,Specialista na komunikaci se zákazníky,PPL CZ s.r.o.,Praha – Štěrboholy,,https://www.jobs.cz/rpd/2001410158/,2026-09-11T17:21:38+02:00
JB_3963,Vedoucí reklamačního oddělení,Smarty CZ a.s.,Praha – Zličín,,https://www.jobs.cz/rpd/2001385351/,2026-09-11T17:21:38+02:00
JB_0789,Merchandiser / Technik,ADECCO spol.s r.o.,Praha – Vokovice,30 000 – 42 000 Kč,https://www.jobs.cz/rpd/2001421416/,2026-09-11T17:21:39+02:00
JB_0627,Telefonní poradce/poradkyně pro úsporné bydlení - Stavební spořitelna ČS,"Česká spořitelna, a.s.",Praha – Krč,,https://www.jobs.cz/rpd/2001405496/,2026-09-11T17:21:39+02:00
JB_8665,Specialista/Specialistka prodeje pro Vodafone,"Media Market Consulting, s.r.o.",Praha – Smíchov,35 000 – 70 000 Kč,https://www.jobs.cz/rpd/2000150164/,2026-09-11T17:21:39+02:00
JB_7364,Optometrista (m/ž) - GRANDOPTICAL Praha,GrandOptical,Praha – Třebonice,,https://www.jobs.cz/rpd/2001360789/,2026-09-11T17:21:39+02:00
JB_4972,IVF Koordinátor/ka pro zahraniční klienty s němčinou,Prague Fertility Centre s.r.o.,Praha – Vysočany,,https://www.jobs.cz/rpd/2001407465/,2026-09-11T17:21:39+02:00
JB_9046,Specialista zákaznického centra,"Colonnade Insurance S.A., organizační složka",Praha – Nusle,32 000 – 50 000 Kč,https://www.jobs.cz/rpd/2001384740/,2026-09-11T17:21:39+02:00
JB_3754,Koordinátor partnerského prodeje,DHL Express (Czech Republic) s.r.o.,Praha – Stodůlky,,https://www.jobs.cz/rpd/2001415479/,2026-09-11T17:21:39+02:00
JB_8607,Provozní manažer/ka - DATART (Praha Galerie Butovice),DATART,Praha – Jinonice,43 000 – 55 000 Kč,https://www.jobs.cz/rpd/2001384543/,2026-09-11T17:21:39+02:00
JB_6559,Klientský koordinátor & vedoucí recepce,"RESPECT, a.s.",Praha – Krč,,https://www.jobs.cz/rpd/2001405681/,2026-09-11T17:21:39+02:00
JB_1911,Tvoje kariéra. Žádný NPC mode. 🚀,LeadMotion s.r.o.,Praha – Nusle,,https://www.jobs.cz/rpd/2001387383/,2026-09-11T17:21:51+02:00
JB_9473,Pracovník podpory partnerů,"Broker Trust , a.s.",Praha – Michle,,https://www.jobs.cz/rpd/2001151606/,2026-09-11T17:21:51+02:00
JB_0489,SERVISNÍ TECHNIK - strojní zařízení (Neratovice),Unikont Group s.r.o.,Neratovice,,https://www.jobs.cz/rpd/2001415903/,2026-09-11T17:21:51+02:00
JB_3126,Administrativní pracovnice/ník v transportu,DHL Automotive s.r.o.,Nepřevázka,,https://www.jobs.cz/rpd/2001415748/,2026-09-11T17:21:51+02:00
JB_3603,Servisní poradce - administrativní pracovník,Carrier Refrigeration Operation Czech Republic s.r.o./dříve Linde Frigera spol. s r.o.,Praha + 1 další lokalita,,https://www.jobs.cz/rpd/2001415442/,2026-09-11T17:21:51+02:00
JB_5875,Provozní manažer/ka - DATART (Novodvorská Plaza),DATART,Praha – Braník,29 000 – 55 000 Kč,https://www.jobs.cz/rpd/2001415178/,2026-09-11T17:21:51+02:00
JB_3938,Specialista/ka aktivního prodeje a zákaznické péče po telefonu,A J Produkty s.r.o.,Praha – Michle,35 000 – 45 000 Kč,https://www.jobs.cz/rpd/2001390437/,2026-09-11T17:21:51+02:00
JB_2915,💚Vedoucí / Teamleader prodejny Alza.cz – Mladá Boleslav💚 (JPO20441),Alza.cz a.s.,Praha – Holešovice,,https://www.jobs.cz/rpd/2001412605/,2026-09-11T17:21:51+02:00
JB_7013,Posila na prodejnu Vodafone - OC Nový Smíchov,Vodafone Czech Republic a.s.,Praha – Smíchov,33 000 – 65 000 Kč,https://www.jobs.cz/rpd/2001409597/,2026-09-11T17:21:51+02:00
JB_2830,Specialista/ka prodeje ve Vodafone | Nastartuj kariéru v super týmu!,"Media Market Consulting, s.r.o.",Praha – Smíchov,35 000 – 70 000 Kč,https://www.jobs.cz/rpd/2000105424/,2026-09-11T17:21:51+02:00
JB_3327,Metodik čerpacích stanic (M/Ž),"ČEPRO, a.s.",Hlavní město Praha + 3 další lokality,,https://www.jobs.cz/rpd/2001325013/,2026-09-11T17:21:51+02:00
JB_6392,Specialista/Specialistka prodeje a zákaznické péče – T-Mobile Smíchov,T-Mobile Czech Republic a.s.,Praha – Smíchov,44 200 – 74 200 Kč,https://www.jobs.cz/rpd/2001311179/,2026-09-11T17:21:51+02:00
JB_3701,Konzultant značkové prodejny – příležitost pro absolventy (m/ž),O2 Czech Republic a.s.,Praha,40 000 – 70 000 Kč,https://www.jobs.cz/rpd/2001232793/,2026-09-11T17:21:51+02:00
JB_5775,Specialista podpory prodeje – Top Corporate & Veřejná správa (m/ž),O2 Czech Republic a.s.,Praha – Michle + 1 další lokalita,,https://www.jobs.cz/rpd/2001396638/,2026-09-11T17:21:51+02:00
JB_2841,Teamleader obchodního týmu (m/ž),O2 Czech Republic a.s.,Praha + 1 další lokalita,70 000 – 90 000 Kč,https://www.jobs.cz/rpd/2001391769/,2026-09-11T17:21:51+02:00
JB_8557,Specialista/Specialistka prodeje a zákaznické péče-poloviční úvazek-T-Mobile OC Smíchov,T-Mobile Czech Republic a.s.,Praha – Smíchov,22 100 – 37 100 Kč,https://www.jobs.cz/rpd/2001390096/,2026-09-11T17:21:51+02:00
JB_9764,Konzultant zákaznické linky – příchozí hovory (m/ž),O2 Czech Republic a.s.,Ostrava – Moravská Ostrava + 6 dalších lokalit,35 000 – 65 000 Kč,https://www.jobs.cz/rpd/2001293326/,2026-09-11T17:21:51+02:00
JB_0197,People Partner / HR Business Partner 0.5 FTE,ACTUM Digital,Praha – Karlín,,https://www.jobs.cz/rpd/2001407748/,2026-09-11T17:31:47+02:00
JB_1378,Country Sales Manager,SARA J. PIEŚCIŃSKI H. PIEŚCIŃSKA SPÓŁKA KOMANDYTOWA,Praha,2 500 – 3 500 EUR,https://www.jobs.cz/rpd/2001396079/,2026-09-11T17:31:47+02:00
JB_4485,🚀Key Account Manager for the Hungarian Market,CONECTIO GROUP s.r.o.,Praha – Karlín,,https://www.jobs.cz/rpd/2001379397/,2026-09-11T17:31:47+02:00
JB_6287,Reinsurance Broker,Aon Central and Eastern Europe a.s.,Praha – Nové Město,,https://www.jobs.cz/rpd/2001381057/,2026-09-11T17:31:47+02:00
JB_0218,Team Manager,Primark Prodejny s.r.o.,Praha – Nové Město,,https://www.jobs.cz/rpd/2001414840/,2026-09-11T17:31:47+02:00
JB_4232,District Manager pro naši exkluzivní značku Falconeri,Oniverse,Hlavní město Praha + 1 další lokalita,,https://www.jobs.cz/rpd/2001293553/,2026-09-11T17:32:07+02:00
JB_9824,Visual Merchandiser - OC Arkády Pankrác,Lindex s.r.o.,Praha – Nusle,,https://www.jobs.cz/rpd/2001414944/,2026-09-11T17:32:14+02:00
JB_8385,Asistent/-ka prodeje - RUNNER - Praha,GANT Central Europe s.r.o.,Praha,,https://www.jobs.cz/rpd/2001415908/,2026-09-11T17:32:25+02:00
JB_3766,Junior Broker in Reinsurance,Aon Central and Eastern Europe a.s.,Praha – Nové Město,,https://www.jobs.cz/rpd/2001295864/,2026-09-11T17:32:32+02:00
JB_1122,Hledáme trenéra / trenérku a kouče / koučku obchodního týmu (telesales),UNIQA,Praha – Vokovice,,https://www.jobs.cz/rpd/2001207558/,2026-09-11T17:32:32+02:00
JB_4101,Regionální manažer/ka - Severozápadní Čechy,"Albert Česká republika, s.r.o.",Praha + 1 další lokalita,,https://www.jobs.cz/rpd/2001290130/,2026-09-11T17:32:32+02:00
JB_8541,Inženýr/ka spolehlivosti a životního cyklu (FMECA/FTA) (m/ž/n),"Siemens Mobility, s.r.o.",Praha – Stodůlky + 1 další lokalita,,https://www.jobs.cz/rpd/2001396700/,2026-09-11T17:32:32+02:00
JB_0675,Asistent/-ka prodeje - GANT MAN - Metropole Zličín,GANT Central Europe s.r.o.,Praha – Třebonice,,https://www.jobs.cz/rpd/2001379107/,2026-09-11T17:32:32+02:00
JB_9006,Aplikační Administrátor - Elektronické bankovnictví (m/ž),"ČSOB Československá obchodní banka, a. s.",Hlavní město Praha,,https://www.jobs.cz/rpd/2001358163/,2026-09-11T17:32:39+02:00
JB_4608,"Key Account Manager – retail, DIY a e-commerce",NIKARO s.r.o.,okres Benešov,50 000 – 90 000 Kč,https://www.jobs.cz/rpd/2001411743/,2026-09-11T17:32:39+02:00
JB_0530,Account Manager/ka - auto i k soukromým účelům!,DPD,Benešov + 2 další lokality,,https://www.jobs.cz/rpd/2001417473/,2026-09-11T17:32:39+02:00
JB_3020,Recruiter / HR Generalist,Carvago s.r.o.,Praha – Holešovice,60 000 – 70 000 Kč,https://www.jobs.cz/rpd/2001413586/,2026-09-11T17:32:39+02:00
JB_9555,Account Manager/ka - auto i k soukromým účelům!,DPD,Kutná Hora,,https://www.jobs.cz/rpd/2001393568/,2026-09-11T17:32:39+02:00
JB_3497,OFFICE ASSISTANT,"CE.ENERGY, s.r.o.",Kamenice – Olešovice,35 000 – 45 000 Kč,https://www.jobs.cz/rpd/2001373909/,2026-09-11T17:32:52+02:00
JB_4698,"Zajímavá administrativa, práce s dokumenty a drobná organizační činnost",ByTorp s.r.o.,Praha – Jinonice,45 000 – 55 000 Kč,https://www.jobs.cz/rpd/2001397823/,2026-09-11T17:33:08+02:00
JB_4553,Konzultant pronájmů industriálních prostor - vhodné pro studenty a absolventy VŠ,Savills CZ s.r.o.,Praha – Nové Město,,https://www.jobs.cz/rpd/2001419342/,2026-09-11T17:33:08+02:00
JB_3790,Specialista Logistiky / 13. a 14. mzda,GRAMMER - Česká Lípa,Česká Lípa,,https://www.jobs.cz/rpd/2001187531/,2026-09-11T17:33:08+02:00
JB_9134,Meetings & Events Sales Intern - HILTON PRAGUE ATRIUM,Hilton hotels,Praha – Karlín,22 400 Kč,https://www.jobs.cz/rpd/2001360265/,2026-09-11T17:33:08+02:00
JB_9638,VIP Service Club Continental - Agent VIP služeb,"Letiště Praha, a. s.",Praha – Ruzyně,,https://www.jobs.cz/rpd/2001393844/,2026-09-11T17:33:08+02:00
JB_8056,Team Leader Terrain Sales – zdravotnické IT / CGM ČR,CompuGroup Medical Česká republika s.r.o.,Praha – Stodůlky,,https://www.jobs.cz/rpd/2001391246/,2026-09-11T17:33:08+02:00
JB_4811,Revenue & Claims Accountant,Aon Central and Eastern Europe a.s.,Praha – Nové Město,,https://www.jobs.cz/rpd/2001337886/,2026-09-11T17:33:08+02:00
JB_0491,Area Sales Manager CZ – Zdravotnické prostředky,Pharmonia s.r.o.,Hlavní město Praha,,https://www.jobs.cz/rpd/2001412784/,2026-09-11T17:33:08+02:00
JB_2734,Receptionist,Second Foundation Tech a.s.,Praha – Nové Město,,https://www.jobs.cz/rpd/2001121504/,2026-09-11T17:33:08+02:00
JB_2130,"ADMINISTRATIVNÍ PODPORA, PRAHA","RENOMIA, a. s.",Praha – Nové Město,,https://www.jobs.cz/rpd/2001351955/,2026-09-11T17:33:16+02:00
JB_4558,Regionální manažer/ka prodejen,"PHASE SOFAS CZECH, s.r.o.",Praha,,https://www.jobs.cz/rpd/2001377521/,2026-09-11T17:33:16+02:00
JB_6967,F&B Service,"Letiště Praha, a. s.",Praha – Ruzyně,,https://www.jobs.cz/rpd/2001335077/,2026-09-11T17:33:16+02:00
JB_3873,Procesní WMS Specialista(tka) (A4408),Super zoo,Poděbrady – Poděbrady III,,https://www.jobs.cz/rpd/2001376350/,2026-09-11T17:33:16+02:00
JB_6496,Data Engineer,Skupina Klik.cz,Praha – Karlín,,https://www.jobs.cz/rpd/2001421647/,2026-09-14T22:21:46+02:00
JB_3602,Senior BI/Data analytik,teamIT s.r.o.,Hlavní město Praha,130 000 – 160 000 Kč,https://www.jobs.cz/rpd/2001422754/,2026-09-14T22:21:54+02:00
JB_4393,"IT Analyst - Atlassian (Jira, Confluence, Xray) & Process Automation",Unicorn,Praha – Holešovice,,https://www.jobs.cz/rpd/2001424950/,2026-09-14T22:22:31+02:00
JB_5402,Senior Risk Management Consultant,Quantitative Consulting s.r.o.,Praha – Nové Město,,https://www.jobs.cz/rpd/2001424821/,2026-09-14T22:22:32+02:00
JB_7543,Associate Security Operation Center Analyst,ITM8 s.r.o.,Praha – Karlín,,https://www.jobs.cz/rpd/2001421399/,2026-09-14T22:22:32+02:00
JB_1403,Data Analytik (m/f),Trigema a.s.,Praha – Stodůlky,,https://www.jobs.cz/rpd/2001421732/,2026-09-14T22:22:32+02:00
JB_4210,Cenový analytik / Pricing Manager,"Globus ČR, v.o.s.",Praha – Čakovice,,https://www.jobs.cz/rpd/2001275021/,2026-09-14T23:48:41+02:00
JB_8364,IT & AI Transformation Lead,JOBSTART s.r.o.,Praha – Nové Město,130 000 Kč,https://www.jobs.cz/rpd/2001425480/,2026-09-14T23:48:41+02:00
JB_4406,SENIOR ANALYTIK/ČKA OCEŇOVÁNÍ,J&T BANKA,Praha – Karlín,,https://www.jobs.cz/rpd/2001424566/,2026-09-14T23:48:41+02:00
JB_7986,B2B Marketing & Lead Generation Specialist,Bontonfilm Promotions s.r.o.,Praha – Nové Město,,https://www.jobs.cz/rpd/2001412621/,2026-09-14T23:49:01+02:00
JB_2840,Sales Orders Coordinator CZ & SK,Bizerba Czech & Slovakia s.r.o.,Čestlice,,https://www.jobs.cz/rpd/2001424704/,2026-09-14T23:49:01+02:00
JB_6554,PRODUCT & PORTFOLIO COORDINATOR,"MOSER, a.s.",Praha – Staré Město + 1 další lokalita,,https://www.jobs.cz/rpd/2001425609/,2026-09-14T23:49:09+02:00
JB_6258,SEO & Content Optimization Specialist,VIVANTIS a.s.,Praha – Karlín,,https://www.jobs.cz/rpd/2001425373/,2026-09-14T23:49:09+02:00
JB_6074,Konzultant SAP,"con4PAS, a.s.",Praha – Lhotka,,https://www.jobs.cz/rpd/2001424808/,2026-09-14T23:49:09+02:00
JB_9085,Facilities Coordinator - Czech and Slovakia,Cinema city Czech s.r.o.,Praha – Nusle,55 000 – 58 700 Kč,https://www.jobs.cz/rpd/2001425083/,2026-09-14T23:49:24+02:00
JB_6603,"SYSTÉMOVÝ SPECIALISTA V IDSK (m,ž)","Integrovaná doprava Středočeského kraje, příspěvková organizace",Praha – Karlín,,https://www.jobs.cz/rpd/2001421402/,2026-09-14T23:49:40+02:00
JB_2529,Analytik personálního systému,Fakultní nemocnice Bulovka,Praha – Libeň,,https://www.jobs.cz/rpd/2001334993/,2026-09-14T23:49:46+02:00
JB_9374,Compensation & Benefits Specialist,Škoda Transportation,Praha – Stodůlky,,https://www.jobs.cz/rpd/2001311013/,2026-09-14T23:50:00+02:00
JB_3096,Senior PPC Specialist,Publicis Groupe,Praha – Libeň,,https://www.jobs.cz/rpd/2001367516/,2026-09-14T23:50:00+02:00
JB_6220,HR & Employee Experience Specialist,AmRest s.r.o.,Praha,,https://www.jobs.cz/rpd/2001421653/,2026-09-14T23:50:07+02:00
JB_5916,⋙🚀 HR Advisory Specialist - možnost zkráceného úvazku⋘,"mBlue Czech, s.r.o.",Praha,,https://www.jobs.cz/rpd/2001425177/,2026-09-14T23:50:07+02:00
JB_2087,Communication and Events Specialist /Tech Centre/,NN,Praha,,https://www.jobs.cz/rpd/2001424986/,2026-09-14T23:50:22+02:00
JB_7712,Senior Brand Specialist | Praha,"MultiSport Benefit, s.r.o.",Praha – Karlín,,https://www.jobs.cz/rpd/2001425417/,2026-09-14T23:50:22+02:00
JB_3488,Category Team Lead | Vedoucí nákupu - GASTRO,REED SPECIALIST RECRUITMENT,Praha,,https://www.jobs.cz/rpd/2001425001/,2026-09-14T23:59:41+02:00
JB_7165,Senior AI Engineer,Skupina ČEZ,Praha – Michle,,https://www.jobs.cz/rpd/2001420162/,2026-09-14T23:59:54+02:00
JB_7346,Programátor/vývojář SAP,"con4PAS, a.s.",Praha – Lhotka,,https://www.jobs.cz/rpd/2001424801/,2026-09-15T00:00:01+02:00
JB_5588,Cenový/á specialista/tka,"METRANS, a.s.",Praha – Uhříněves,40 000 – 48 000 Kč,https://www.jobs.cz/rpd/2001421754/,2026-09-15T00:00:01+02:00
JB_8509,Marketing / E-commerce specialista (m/ž),PATRON Bohemia a.s.,Mělník,,https://www.jobs.cz/rpd/2001424698/,2026-09-15T00:00:08+02:00
JB_1708,Obchodní konzultant JUNIOR pro AV technologie,AV MEDIA,Praha – Hostivař,40 000 – 60 000 Kč,https://www.jobs.cz/rpd/2000564239/,2026-09-15T00:00:17+02:00
JB_3225,Interieur Designer,"VOLKSWAGEN GROUP SERVICES, s.r.o.",Mladá Boleslav – Mladá Boleslav I,,https://www.jobs.cz/rpd/2001424678/,2026-09-15T00:00:17+02:00
JB_9351,IT Administrátor / Technik podpory,Gudmund s.r.o.,Praha,,https://www.jobs.cz/rpd/2001409872/,2026-09-15T00:00:17+02:00
JB_1916,Group Supply Chain Development Manager,Mattoni 1873 a.s.,Praha – Libeň,,https://www.jobs.cz/rpd/2001424462/,2026-09-15T00:00:28+02:00
JB_5433,HR Manažer/ka - Praha západ,Trenkwalder a.s.,Středočeský kraj,70 000 – 75 000 Kč,https://www.jobs.cz/rpd/2001425653/,2026-09-15T00:00:38+02:00
JB_2603,Marketingový specialista – E-mailing & Social Media ❤️,inComputer s.r.o.,Praha – Hostivař,38 000 – 50 000 Kč,https://www.jobs.cz/rpd/2001424602/,2026-09-15T00:00:45+02:00
JB_8428,PPC (Amazon Ads | Marketplace Ads),Publicis Groupe,Praha – Libeň,,https://www.jobs.cz/rpd/2001346602/,2026-09-15T00:00:45+02:00
JB_5094,PPC Specialista,Košík.cz s.r.o.,Praha – Dejvice,,https://www.jobs.cz/rpd/2001425280/,2026-09-15T00:00:45+02:00
JB_5416,Šéf(ka) CRM Skupiny Partners a Partners Banky,"Partners Banka, a.s.",Praha – Chodov,,https://www.jobs.cz/rpd/2001424281/,2026-09-15T00:00:53+02:00
JB_0691,projekt- Koordinátor/ka sociálních sítí 0.5 úvazek,"OBRAZ - Obránci zvířat, z. s.",Praha – Nové Město,19 000 – 25 000 Kč,https://www.jobs.cz/rpd/2001425161/,2026-09-15T00:00:53+02:00
JB_6866,Mobile App Growth Strategist,"Seznam.cz, a.s.",Praha,,https://www.jobs.cz/rpd/2001425412/,2026-09-15T00:01:08+02:00
JB_8158,Dohled mezinárodní IPTV platformy,CETIN a.s.,Praha – Libeň,,https://www.jobs.cz/rpd/2001228552/,2026-09-15T00:01:14+02:00
JB_8468,Warehouse Technician/Skladový technik/čka,Solar Turbines EAME s.r.o.,Žebrák,,https://www.jobs.cz/rpd/2001238467/,2026-09-15T00:01:24+02:00
JB_4219,Konzultant externí komunikace (m/ž),Lidl Česká republika s.r.o.,Praha – Stodůlky,,https://www.jobs.cz/rpd/2001424743/,2026-09-15T00:01:24+02:00
JB_8713,SENIOR GROUP BRAND MANAGER - TOP FMCG SPOLEČNOST - BRATISLAVA (hybrid) a PRAHA (2 pozice),DRILL Business Services,Praha,90 000 – 140 000 Kč,https://www.jobs.cz/rpd/2001422500/,2026-09-15T00:01:24+02:00
JB_7545,Marketing koordinátor*ka do Loono 🟠🟠,"Loono, z.s.",Praha – Karlín,49 000 – 64 000 Kč,https://www.jobs.cz/rpd/2001421884/,2026-09-15T00:01:24+02:00
JB_0298,Business Development & Account Manager – CZ & SK,"BILLIGENCE PTY LTD, organizační složka ČR",Praha – Karlín,,https://www.jobs.cz/rpd/2001425600/,2026-09-15T00:01:36+02:00
JB_1433,SMB Inside Partner Sales Representative with Czech and English,Concentrix,Praha – Michle,40 000 – 50 000 Kč,https://www.jobs.cz/rpd/2001364721/,2026-09-15T00:01:47+02:00
JB_0178,Administrátor Backup & Restore infrastruktury (m/ž),"ČSOB Československá obchodní banka, a. s.",Hlavní město Praha,,https://www.jobs.cz/rpd/2001424532/,2026-09-15T00:01:54+02:00
JB_8159,AI specialista/specialistka,"Česká pošta, s.p.",Hlavní město Praha + 2 další lokality,,https://www.jobs.cz/rpd/2001425138/,2026-09-15T00:07:53+02:00
JB_0222,Produktový manažer/ka,TRINITY BANK a.s.,Praha – Staré Město,,https://www.jobs.cz/rpd/2001425652/,2026-09-15T00:07:53+02:00
JB_1404,IT Infrastrukture Engineer (m/ž),"KWD Bohemia, s.r.o.",Dobrovice,,https://www.jobs.cz/rpd/2001329117/,2026-09-15T00:08:06+02:00
JB_7067,Produktový manažer,coraHB autodíly s.r.o.,Praha – Malešice,55 000 – 75 000 Kč,https://www.jobs.cz/rpd/2001425715/,2026-09-15T00:08:24+02:00
JB_9156,Senior FE / Structural Analysis Engineer,Ricardo Prague s.r.o.,Praha – Karlín,,https://www.jobs.cz/rpd/2001269726/,2026-09-15T00:08:24+02:00
JB_4579,Energetik,PŘEDVÝBĚR.CZ a.s.,Praha – Smíchov,70 000 – 90 000 Kč,https://www.jobs.cz/rpd/2001424387/,2026-09-15T00:08:24+02:00
JB_6742,Obchodní zástupce Allianz pojišťovny/ Asistent pro oblastní manažerské centrum,Kateřina Peterková,Litoměřice – Litoměřice-Město,50 000 – 80 000 Kč,https://www.jobs.cz/rpd/2001425533/,2026-09-15T00:08:31+02:00
JB_2412,AI OBSERVABILITY ENGINEER,J&T BANKA,Praha – Karlín,,https://www.jobs.cz/rpd/2001424650/,2026-09-15T00:08:31+02:00
JB_6182,Network Operations Engineer,ITM8 s.r.o.,Praha – Karlín,,https://www.jobs.cz/rpd/2001308564/,2026-09-15T00:08:41+02:00
JB_3373,AI Transformation Lead,Vodafone Czech Republic a.s.,Praha – Stodůlky,,https://www.jobs.cz/rpd/2001425132/,2026-09-15T00:08:41+02:00
JB_0940,Senior Media Consultant,Publicis Groupe,Praha – Libeň,,https://www.jobs.cz/rpd/2001236850/,2026-09-15T00:09:14+02:00
JB_3932,Machining Technology Intern/Junior CNC Manufacturing Engineer,"Sécheron Hasler CZ, spol. s r.o.",Praha – Běchovice,,https://www.jobs.cz/rpd/2001311777/,2026-09-15T00:09:44+02:00
JB_1497,"Vývojář/ka embedded nástrojů a knihoven - C, Python (m/ž/n)","Siemens Mobility, s.r.o.",Praha – Stodůlky + 1 další lokalita,,https://www.jobs.cz/rpd/2001424628/,2026-09-15T00:09:57+02:00
JB_7434,AI Developer JUNIOR/MEDIOR,"HOPI HOLDING, a.s.",Modletice,,https://www.jobs.cz/rpd/2001424816/,2026-09-15T00:10:24+02:00
JB_2083,Salesforce developer,CGI CS&EE,Praha – Stodůlky,,https://www.jobs.cz/rpd/2001424976/,2026-09-15T00:10:46+02:00
JB_1626,Senior SOC Analyst,EmbedIT,Praha – Dejvice + 1 další lokalita,,https://www.jobs.cz/rpd/2001364180/,2026-09-15T00:10:46+02:00
JB_5029,Associate Finance Manager D&T,Newell Brands,Praha,,https://www.jobs.cz/rpd/2001424521/,2026-09-15T00:16:41+02:00
JB_2378,BIM manažer vedení PS,Grafton Recruitment s.r.o.,Praha,65 000 – 75 000 Kč,https://www.jobs.cz/rpd/2001425418/,2026-09-15T00:16:51+02:00
JB_3982,asistent/asistentka oddělení rozúčtování tepla,"ENBRA, a.s.",Praha – Záběhlice,,https://www.jobs.cz/rpd/2001424386/,2026-09-15T00:17:04+02:00
JB_8031,Obchodní zástupce pro komunální sektor,HR PROfi,Praha,50 000 – 90 000 Kč,https://www.jobs.cz/rpd/2001425078/,2026-09-15T00:17:28+02:00
JB_9352,Aplikační inženýr (m/ž),"ČSOB Československá obchodní banka, a. s.",Praha – Radlice,,https://www.jobs.cz/rpd/2001425287/,2026-09-15T00:17:51+02:00
JB_1288,Senior Product Manager - Identity Security,ESET Research Czech Republic s.r.o.,Praha – Holešovice,,https://www.jobs.cz/rpd/2001424260/,2026-09-15T00:26:02+02:00
JB_4409,Business & Marketing Manager pro síť restaurací a bister,Dssmíchov s.r.o.,Hlavní město Praha,35 000 – 70 000 Kč,https://www.jobs.cz/rpd/2001424283/,2026-09-15T00:26:02+02:00
JB_5946,Financial Controller CZ,TotalEnergies Marketing Česká republika s.r.o.,Praha – Karlín,68 000 – 78 000 Kč,https://www.jobs.cz/rpd/2001425257/,2026-09-15T00:26:17+02:00
JB_4884,Senior Business Analytik – Digitální kanály,TRINITY BANK a.s.,Praha – Staré Město,,https://www.jobs.cz/rpd/2001425619/,2026-09-15T00:26:33+02:00
JB_9144,ACCOUNT DELIVERY MANAGER,SOITRON s.r.o.,Praha – Smíchov,,https://www.jobs.cz/rpd/2001424918/,2026-09-15T00:26:33+02:00
JB_3639,Functional Safety Professional (f/m/d),"Porsche Engineering Services, s.r.o.",Praha – Jinonice,,https://www.jobs.cz/rpd/1603091033/,2026-09-15T00:26:41+02:00
JB_6340,Expert/ka strategie a koncepce ICT,Elektrárna Dukovany II,Praha – Michle + 2 další lokality,,https://www.jobs.cz/rpd/2001424526/,2026-09-15T00:26:41+02:00
JB_7529,Senior nákupčí – retail&FMCG,JOBSTART s.r.o.,Praha,70 000 – 90 000 Kč,https://www.jobs.cz/rpd/2001424780/,2026-09-15T00:27:22+02:00
JB_4095,IT Business Analytik / Analytička se zaměřením na AI,eppTec s.r.o.,Praha,,https://www.jobs.cz/rpd/2001425535/,2026-09-15T00:27:59+02:00
JB_1335,Junior konzultant/ka – Strategy & Execution,EY,Praha – Nové Město,60 000 Kč,https://www.jobs.cz/rpd/2000710861/,2026-09-15T09:52:36+02:00
JB_3621,HR Business Partner,Innova Healthcare a.s.,Praha – Stodůlky,,https://www.jobs.cz/rpd/2001423402/,2026-09-15T09:53:06+02:00
JB_2225,Depozitář fondů - analytik (m/ž),"ČSOB Československá obchodní banka, a. s.",Hlavní město Praha,,https://www.jobs.cz/rpd/2001418978/,2026-09-15T09:53:15+02:00
JB_6989,"Vrchní komisař, vrchní inspektor - ANALYTIK dohled. centra bezp. Policejní prezidium ČRi",Policie České republiky,Praha – Bubeneč,38 390 – 55 280 Kč,https://www.jobs.cz/rpd/2001426376/,2026-09-15T09:53:15+02:00
JB_2656,Account Executive - Energy portfolio,ACTUM Digital,Praha – Karlín,,https://www.jobs.cz/rpd/2001424695/,2026-09-15T09:54:05+02:00
JB_4084,Specialista/ka restrukturalizace SME úvěrů,"Fio banka, a.s.",Praha – Nové Město,,https://www.jobs.cz/rpd/2001426404/,2026-09-15T09:54:14+02:00
JB_6026,Hlavní účetní,"GM electronic, spol. s r.o.",Praha – Karlín,60 000 – 80 000 Kč,https://www.jobs.cz/rpd/2001424759/,2026-09-15T09:54:14+02:00
JB_7738,Asistent auditora – Praha – Karlín,PŘEDVÝBĚR.CZ a.s.,Praha – Karlín,,https://www.jobs.cz/rpd/2001367424/,2026-09-15T09:54:14+02:00
JB_6543,Project Controller,Skupina ČEZ,Praha – Smíchov,,https://www.jobs.cz/rpd/2001426193/,2026-09-15T09:54:41+02:00
JB_5290,HR Operations Assistant – DACH Region,ADECCO spol.s r.o.,Praha – Karlín,,https://www.jobs.cz/rpd/2001340280/,2026-09-15T09:54:54+02:00
JB_6173,Senior Internal Auditor,Vodafone Czech Republic a.s.,Praha – Stodůlky,,https://www.jobs.cz/rpd/2001420811/,2026-09-15T09:54:54+02:00
JB_5544,Treasury specialist,"Penta Hospitals CZ, s.r.o.",Praha – Radlice,,https://www.jobs.cz/rpd/2001424968/,2026-09-15T09:54:54+02:00
JB_5750,Bid Management Specialist – English Speaker (m/f/d),"Siemens, s.r.o.",Praha – Stodůlky + 1 další lokalita,,https://www.jobs.cz/rpd/2001426680/,2026-09-15T10:54:37+02:00
JB_7843,Solution Cross Tech Architect (m/f/d),"Siemens, s.r.o.",Praha – Stodůlky,,https://www.jobs.cz/rpd/2001426674/,2026-09-15T10:54:37+02:00
JB_5158,"Partner Marketing Manager, Global Strategic Partners (f/m/d)","Siemens, s.r.o.",Praha – Stodůlky,,https://www.jobs.cz/rpd/2001425698/,2026-09-15T10:54:45+02:00
JB_8816,Marketing Data Analyst - m/f/d,"Siemens, s.r.o.",Praha – Stodůlky,,https://www.jobs.cz/rpd/2001426672/,2026-09-15T10:55:38+02:00
JB_8701,Data Analyst,Blue Style a.s.,Praha – Karlín,,https://www.jobs.cz/rpd/2001426678/,2026-09-15T10:55:38+02:00
JB_5727,Senior Social Ads Specialist,Publicis Groupe,Praha – Libeň,,https://www.jobs.cz/rpd/2001312974/,2026-09-15T10:55:51+02:00
JB_5437,IT INFRASTRUCTURE SPECIALIST 🖥️,Lindt & Sprüngli (CEE) s.r.o.,Praha – Nusle,,https://www.jobs.cz/rpd/2001425654/,2026-09-15T10:56:15+02:00
JB_0939,Marketing Data Engineer - m/f/d,"Siemens, s.r.o.",Praha – Stodůlky,,https://www.jobs.cz/rpd/2001426685/,2026-09-15T10:56:27+02:00
JB_4375,Head of Delivery Service Partners (DSP),rohlik.cz,Praha – Ruzyně,,https://www.jobs.cz/rpd/2001320336/,2026-09-15T11:03:45+02:00
JB_5753,Consultant – Market Intelligence & Customer Experience - m/f/d,"Siemens, s.r.o.",Praha – Stodůlky,,https://www.jobs.cz/rpd/2001426702/,2026-09-15T11:03:51+02:00
JB_8150,Specialista zákaznického servisu – technické prostředí (Service Administrator),"Sécheron Hasler CZ, spol. s r.o.",Praha – Horní Počernice,,https://www.jobs.cz/rpd/2000945900/,2026-09-15T11:05:10+02:00
JB_7896,JUNIOR Category Manager s němčinou (m/ž/n) – vhodné i pro absolventy,"Siemens Mobility, s.r.o.",Praha – Stodůlky,,https://www.jobs.cz/rpd/2001426434/,2026-09-15T11:05:22+02:00
JB_0283,Aftersales Business Analyst,Randstad HR Solutions s.r.o.,Praha,,https://www.jobs.cz/rpd/2001426365/,2026-09-15T11:05:31+02:00
JB_8978,Operátor zákaznického servisu e-shopu,XXXLutz,Praha – Stodůlky,,https://www.jobs.cz/rpd/2001426833/,2026-09-15T11:05:45+02:00
JB_9067,Administrátor obchodní agendy,CETIN a.s.,Praha – Libeň,,https://www.jobs.cz/rpd/2001426837/,2026-09-15T11:05:53+02:00
JB_2177,Specialista zákaznického servisu (ž/m) Lužec nad Vltavou · flexibilní pracovní doba,PILOUS spol. s r.o.,Lužec nad Vltavou,38 000 – 40 000 Kč,https://www.jobs.cz/rpd/2001425753/,2026-09-15T11:06:09+02:00
JB_1123,Provozní mistr,"Pražské služby, a.s.",Praha – Ruzyně,51 000 – 55 000 Kč,https://www.jobs.cz/rpd/2001424104/,2026-09-15T11:12:46+02:00
JB_7536,Contract Administration Specialist with German and English - (m/f/d),"Siemens, s.r.o.",Praha – Stodůlky + 1 další lokalita,,https://www.jobs.cz/rpd/2001426712/,2026-09-15T11:12:46+02:00
JB_3511,Specialista/Specialistka prodeje - Vodafone,Vodafone Czech Republic a.s. - partneři,Praha – Smíchov,35 000 – 70 000 Kč,https://www.jobs.cz/rpd/2001181006/,2026-09-15T11:12:58+02:00
JB_3440,Commercial Project Manager,"Siemens Energy, s.r.o.",Praha – Stodůlky,,https://www.jobs.cz/rpd/2001367860/,2026-09-15T11:14:17+02:00
JB_9343,Inženýr/ka spolehlivosti a životního cyklu (FMECA/FTA) (m/ž/n),"Siemens Mobility, s.r.o.",Praha – Stodůlky + 1 další lokalita,,https://www.jobs.cz/rpd/2001426648/,2026-09-15T11:14:17+02:00
JB_3229,VISUAL COMMERCIAL | MASSIMO DUTTI | Chodov,"INDITEX Česká republika, s.r.o.",Praha – Chodov,,https://www.jobs.cz/rpd/2001426579/,2026-09-15T11:14:31+02:00
JB_3998,Group Financial Reporting & Consolidation Specialist,Dr.Max,Praha – Nové Město,50 000 – 90 000 Kč,https://www.jobs.cz/rpd/2001429654/,2026-09-17T10:35:22+02:00
JB_6024,Technical Sales Manager (Care & Industrial Chemicals),Vidara Czech Republic s.r.o.,Praha – Braník,,https://www.jobs.cz/rpd/2001429697/,2026-09-17T10:35:37+02:00
JB_8585,Senior Sales Manager,"AXA ASSISTANCE CZ, s.r.o.",Praha – Dejvice,,https://www.jobs.cz/rpd/2001126461/,2026-09-17T10:35:37+02:00
JB_0467,E-commerce Developer (Shopify & Integrace),fabini brand s.r.o.,Praha – Holešovice,,https://www.jobs.cz/rpd/2001347195/,2026-09-17T10:35:37+02:00
JB_7159,Integration Architect,"W.A.G. payment solutions, a.s.",Praha – Nusle,,https://www.jobs.cz/rpd/2001426878/,2026-09-17T10:35:37+02:00
JB_1190,Seniorní QA Analytik pro celoevropský digitalizační projekt,"Profinit EU, s.r.o.",Praha – Karlín,,https://www.jobs.cz/rpd/2001431921/,2026-09-18T13:05:17+02:00
JB_5500,Data Engineer,Skupina Klik.cz,Praha – Karlín,,https://www.jobs.cz/rpd/2001431898/,2026-09-18T13:05:17+02:00
JB_6897,Seniorní Java vývojář pro celoevropský digitalizační projekt,"Profinit EU, s.r.o.",Praha – Karlín,,https://www.jobs.cz/rpd/2001431269/,2026-09-18T13:05:17+02:00
JB_3134,"Security Expert (Data security , Incident & Crisis)",Provident Financial s.r.o.,Praha – Krč,,https://www.jobs.cz/rpd/2001431447/,2026-09-18T13:05:31+02:00
JB_4771,"Senior IT Business Analytik | Analytička (UML, BPMN, Enterprise Architect)","NAKIT, s. p.",Praha – Vršovice,,https://www.jobs.cz/rpd/2000335864/,2026-09-18T13:05:31+02:00
JB_1384,Senior Data Engineer/Python developer,R4U s.r.o.,Praha – Chodov,,https://www.jobs.cz/rpd/2001431626/,2026-09-18T13:05:31+02:00
JB_2780,AI & Data Professional (m/ž),Škoda Auto a.s.,Mladá Boleslav,,https://www.jobs.cz/rpd/2001076717/,2026-09-18T13:05:31+02:00
JB_1185,Senior Data Lead,Škoda Transportation,Praha – Stodůlky,,https://www.jobs.cz/rpd/2001426903/,2026-09-18T13:05:42+02:00
JB_8343,"DLP analytik – data pod kontrolou, letadla ve vzduchu ✈️",AERO Vodochody AEROSPACE a.s.,Odolena Voda – Dolínek,,https://www.jobs.cz/rpd/2001426439/,2026-09-18T13:05:42+02:00
JB_7566,Systems Analyst,"EP Group, a.s.",Praha – Josefov,,https://www.jobs.cz/rpd/2001346155/,2026-09-18T13:05:55+02:00
JB_1871,People Scientist pro HR analytiku a AI,"Česká spořitelna, a.s.",Praha – Krč,,https://www.jobs.cz/rpd/2001431186/,2026-09-18T13:05:55+02:00
JB_8490,Sales Operations Specialist,Wultra s.r.o.,Praha – Nusle,50 000 – 70 000 Kč,https://www.jobs.cz/rpd/2001429540/,2026-09-18T13:06:02+02:00
JB_3215,Datový analytik / analytička cross-mediálního výzkumu,"MEDIAN, s.r.o.",Praha – Dolní Počernice,,https://www.jobs.cz/rpd/2001432791/,2026-09-18T13:06:02+02:00
JB_1010,Quantitative Analyst - Prague,"EP Commodities, a.s.",Praha – Nové Město,,https://www.jobs.cz/rpd/2001433080/,2026-09-18T13:06:12+02:00
JB_1296,Sales Support Analyst,ManpowerGroup s.r.o.,Praha,,https://www.jobs.cz/rpd/2001427544/,2026-09-18T13:06:12+02:00
JB_0167,Junior Procurement COE Analyst,Personna International CZ s.r.o.,Středočeský kraj + 1 další lokalita,,https://www.jobs.cz/rpd/2001306346/,2026-09-18T13:06:19+02:00
JB_0105,IT Analyst,Unicorn,Praha – Holešovice,,https://www.jobs.cz/rpd/2001432736/,2026-09-18T13:06:27+02:00
JB_1931,Junior GIS Analyst at Aon Impact Forecasting,Aon Central and Eastern Europe a.s.,Praha – Nové Město,,https://www.jobs.cz/rpd/2001198210/,2026-09-18T13:06:32+02:00
JB_8292,Senior Test Analytik/Lead,"MONETA Money Bank, a.s.",Praha – Michle,,https://www.jobs.cz/rpd/2001406263/,2026-09-18T13:06:32+02:00
JB_3877,IT Analytik/analytička,Skupina ČEZ,Praha + 1 další lokalita,,https://www.jobs.cz/rpd/2001433207/,2026-09-18T13:06:32+02:00
JB_6450,⚡Lean & Continuous Improvement Specialist⚡,ADECCO spol.s r.o.,Praha – Letňany,,https://www.jobs.cz/rpd/2001427270/,2026-09-18T13:06:32+02:00
JB_1006,Business Controller,"Asseco Solutions, a.s.",Praha – Braník,,https://www.jobs.cz/rpd/2001427415/,2026-09-18T13:06:32+02:00
JB_0126,Sr. Specialist Visibility Excellence,Philip Morris ČR,Praha – Nové Město,69 000 – 81 000 Kč,https://www.jobs.cz/rpd/2001428967/,2026-09-18T13:06:42+02:00
JB_7050,POS Deployment Sr Specialist,Philip Morris ČR,Praha – Nové Město,,https://www.jobs.cz/rpd/2001428940/,2026-09-18T13:06:42+02:00
JB_4112,SENIOR ANALYTIK / ANALYTIČKA PRO TECHNOLOGICKÝ TRANSFER,PŘEDVÝBĚR.CZ a.s.,Praha – Nové Město,60 000 – 80 000 Kč,https://www.jobs.cz/rpd/2001427416/,2026-09-18T13:06:42+02:00
JB_2295,BI Developer – Power BI/Cognos,Deckard & Penfield s.r.o.,Praha – Holešovice,,https://www.jobs.cz/rpd/2001431192/,2026-09-18T13:06:42+02:00
JB_3661,Group Controlling Specialist (ž/m),Talentor Advanced Search,Praha,,https://www.jobs.cz/rpd/2001429563/,2026-09-18T13:06:42+02:00
JB_7727,Sales Coordinator / Podpora obchodu / Technické zaměření,WYMA EUROPE s.r.o.,Nučice,,https://www.jobs.cz/rpd/2001427064/,2026-09-18T13:06:42+02:00
JB_2835,Senior People Analytics specialista do týmu Total Rewards & Performance (m/ž),"Kooperativa pojišťovna, a.s., VIG",Praha – Karlín,,https://www.jobs.cz/rpd/2001427987/,2026-09-18T13:06:55+02:00
JB_9470,Commercial Support Coordinator – Real Estate Development,Heat & Lark s.r.o.,Praha,,https://www.jobs.cz/rpd/2001431118/,2026-09-18T13:06:55+02:00
JB_9385,👥📈 HR Admin & Data support,PPL CZ s.r.o.,Praha – Malešice,,https://www.jobs.cz/rpd/2001427609/,2026-09-18T13:06:55+02:00
JB_4864,🚀 Performance & Growth Marketing Specialist,Mubite s.r.o.,Praha – Holešovice,60 000 – 120 000 Kč,https://www.jobs.cz/rpd/2001429653/,2026-09-18T13:07:05+02:00
JB_4724,IT Konzultant - SW v oboru facility/energetický management,Jana Květoňová,Praha,,https://www.jobs.cz/rpd/2001430769/,2026-09-18T13:07:05+02:00
JB_0438,PPC specialista / Datový analytik (junior),myTimi s.r.o.,Praha – Libeň,35 000 – 50 000 Kč,https://www.jobs.cz/rpd/2001427655/,2026-09-18T13:07:05+02:00
JB_4241,Web Optimization Specialist (medior),eVisions Advertising s.r.o.,Praha – Karlín,,https://www.jobs.cz/rpd/2001432978/,2026-09-18T13:07:05+02:00
JB_2109,BTL Communication Specialist (B2C & B2B),innogy Česká republika a.s.,Praha – Strašnice + 1 další lokalita,,https://www.jobs.cz/rpd/2001427209/,2026-09-18T13:07:05+02:00
JB_1060,"Lead Software Engineer, Clinical Data Services",MSD IT,Praha – Smíchov,,https://www.jobs.cz/rpd/2001428689/,2026-09-18T13:07:21+02:00
JB_2431,"CRM Specialist (medior) pro módní značky GAP, Under Armour, GEOX a celio",CS Apparel Group a.s.,Praha – Smíchov,,https://www.jobs.cz/rpd/2001431066/,2026-09-18T13:07:21+02:00
JB_9729,"MEDIA ASSISTANT / 20 h týdně / rozpočty, data, MS Excel / ČJ + AJ",Tessero Czech Republic s.r.o.,Praha,,https://www.jobs.cz/rpd/2001433252/,2026-09-18T13:07:21+02:00
JB_3683,Specialista/ka správy podnikových aplikací,Autosalon Klokočka Centrum s.r.o.,Praha – Řepy,,https://www.jobs.cz/rpd/2001432804/,2026-09-18T13:07:29+02:00
JB_4507,Growth Analyst / Performance & Insights Analyst,fabini brand s.r.o.,Praha – Holešovice,,https://www.jobs.cz/rpd/2001348863/,2026-09-18T13:07:43+02:00
JB_4457,Financial Specialist,"BEKO SPÓLKA AKCYJNA, organizační složka",Praha – Stodůlky,,https://www.jobs.cz/rpd/2001425500/,2026-09-18T13:07:43+02:00
JB_6573,HRIS & HR Process Specialist,Future Recruitment s.r.o.,Praha,,https://www.jobs.cz/rpd/2001428168/,2026-09-18T13:07:43+02:00
JB_1359,Business Development Specialist pro Acquiring (m/ž),"ČSOB Československá obchodní banka, a. s.",Hlavní město Praha,,https://www.jobs.cz/rpd/2001431370/,2026-09-18T13:07:43+02:00
JB_6137,⭕ JUNIOR specialista/ka plánování 📊 | 📍Praha-západ | 💰cca 50.000 Kč + bonusy,"ProfesKontakt, s.r.o.",okres Praha-západ,45 000 – 55 000 Kč,https://www.jobs.cz/rpd/2001428880/,2026-09-18T13:07:43+02:00
JB_8597,ERP & IT Application Specialist 🚀,HOFMANN WIZARD s.r.o.,Rudná,,https://www.jobs.cz/rpd/2001427677/,2026-09-18T13:07:43+02:00
JB_3389,DIGITAL LEARNING SPECIALIST,"BILLA, spol. s r. o.",Modletice,,https://www.jobs.cz/rpd/2001431356/,2026-09-18T13:07:56+02:00
JB_6076,CAD & CONNECT Specialist,"AUFEER DESIGN, s.r.o.",Mladá Boleslav – Mladá Boleslav IV,45 000 – 53 000 Kč,https://www.jobs.cz/rpd/2001349881/,2026-09-18T13:08:06+02:00
JB_7005,Transport Commercial Specialist (JPO20571),Alza.cz a.s.,Praha – Holešovice,,https://www.jobs.cz/rpd/2001427267/,2026-09-18T13:08:06+02:00
JB_5914,SAP Specialist / Logistics Systems Administrator od 01.01.2027,Magna Exteriors (Bohemia) s.r.o.,Nymburk,,https://www.jobs.cz/rpd/2001429549/,2026-09-18T13:08:06+02:00
JB_6307,Social Media Specialist/ka,AKINU CZ s.r.o.,Dolní Beřkovice,,https://www.jobs.cz/rpd/2001052035/,2026-09-18T13:08:06+02:00
JB_0972,Billing Specialist pro britskou advokátní kancelář v centru Prahy,"Employment Express, s.r.o.",Praha,50 000 – 55 000 Kč,https://www.jobs.cz/rpd/2001429629/,2026-09-18T13:08:06+02:00
JB_4017,Junior PR & Marketing Specialist,"Futurum - Základní škola, Střední škola a Gymnázium, s.r.o.",Praha – Nové Město,45 000 Kč,https://www.jobs.cz/rpd/2001380996/,2026-09-18T13:08:06+02:00
JB_4386,Marketplace & Business Development Specialist,Commerion Group CZ s.r.o.,Praha – Nové Město,44 000 – 67 000 Kč,https://www.jobs.cz/rpd/2001425322/,2026-09-18T13:08:06+02:00
JB_2879,Group Reporting Specialist,"Penta Hospitals CZ, s.r.o.",Praha – Radlice,,https://www.jobs.cz/rpd/2001431065/,2026-09-18T13:08:06+02:00
JB_9300,Junior HR / People Specialist - nastartuj kariéru v HR,VML Czechia s.r.o.,Praha – Holešovice,35 000 – 40 000 Kč,https://www.jobs.cz/rpd/2001270580/,2026-09-18T13:17:21+02:00
JB_8545,Performance Digital Marketing Specialist,"GOPAS, a.s.",Praha – Krč,,https://www.jobs.cz/rpd/2001413601/,2026-09-18T13:17:32+02:00
JB_2241,🚀Real Estate & Expansion Specialist v Alza.cz (JPO10966),Alza.cz a.s.,Praha – Holešovice,,https://www.jobs.cz/rpd/2001431458/,2026-09-18T13:17:32+02:00
JB_9382,Purchasing Specialist/Specialista pro nákup,MINTH CZ s.r.o.,Úžice,,https://www.jobs.cz/rpd/2001430772/,2026-09-18T13:17:32+02:00
JB_0188,Senior Payroll Specialist,Form Factory s.r.o.,Praha – Vinohrady,,https://www.jobs.cz/rpd/2001429678/,2026-09-18T13:17:38+02:00
JB_5866,Senior Accountant,REED SPECIALIST RECRUITMENT,Praha,70 000 – 80 000 Kč,https://www.jobs.cz/rpd/2001410073/,2026-09-18T13:17:38+02:00
JB_6124,Head of Credit Risk (m/ž),O2 Czech Republic a.s.,Praha – Michle,,https://www.jobs.cz/rpd/2001429721/,2026-09-18T13:17:49+02:00
JB_6216,SENIOR FINANCIAL CONTROLLER,ARETE Property s.r.o.,Praha – Smíchov,,https://www.jobs.cz/rpd/2001429666/,2026-09-18T13:17:49+02:00
JB_4317,Produktový specialista pro finanční služby – pojištění / fintech (m/ž),O2 Czech Republic a.s.,Praha – Michle,,https://www.jobs.cz/rpd/2001429452/,2026-09-18T13:17:49+02:00
JB_4931,Brand Manager Executive,Nestlé Česko s.r.o.,Praha – Modřany,,https://www.jobs.cz/rpd/2001427706/,2026-09-18T13:18:12+02:00
JB_4791,Obchodník – péče o partnery a rozvoj sítě,Pluxee,Praha – Smíchov + 5 dalších lokalit,,https://www.jobs.cz/rpd/2001431348/,2026-09-18T13:18:12+02:00
JB_7088,"Hledáš práci, která ti zajistí stabilní a vysoký příjem? - Praha","Czech Invest Solutions, s.r.o.",Praha – Vinohrady,47 000 – 69 000 Kč,https://www.jobs.cz/rpd/2001430736/,2026-09-18T13:18:26+02:00
JB_7508,"Pondělní nadšení? Vím, zní to podezřele. Ale fakt se budete těšit. PRAHA","Broker Investment, s.r.o.",Praha – Vinohrady,47 000 – 69 000 Kč,https://www.jobs.cz/rpd/2001426443/,2026-09-18T13:18:26+02:00
JB_5976,Junior produktový/á manažer/ka pro hypotéky,"MONETA Money Bank, a.s.",Praha – Michle,,https://www.jobs.cz/rpd/2001259184/,2026-09-18T13:18:26+02:00
JB_2783,RTB Specialista,TV Prima,Praha – Strašnice,,https://www.jobs.cz/rpd/2001427482/,2026-09-18T13:18:37+02:00
JB_1796,Vedoucí technického provozu a zahrady,International School of Prague s.r.o.,Praha – Nebušice,,https://www.jobs.cz/rpd/2001413311/,2026-09-18T13:18:44+02:00
JB_6224,Koordinátor/ka komerčního týmu | Průmyslový development | Praha,DEVIRE s.r.o.,Hlavní město Praha + 1 další lokalita,,https://www.jobs.cz/rpd/2001431594/,2026-09-18T13:18:44+02:00
JB_4090,Specialista / Specialistka validace a kontroly,PPF banka a.s.,Praha – Dejvice,,https://www.jobs.cz/rpd/2001427399/,2026-09-18T13:18:56+02:00
JB_5743,Specialista / Specialistka validace a kontroly - junior,PPF banka a.s.,Praha – Dejvice,,https://www.jobs.cz/rpd/2001427389/,2026-09-18T13:18:56+02:00
JB_4740,Specialista/ka interní kontroly,AŽD Praha s.r.o.,Praha – Záběhlice,,https://www.jobs.cz/rpd/2001285686/,2026-09-18T13:18:56+02:00
JB_8806,Repair Operations Manager,van Eupen Repair Czech s.r.o.,Lovosice,,https://www.jobs.cz/rpd/2001360397/,2026-09-18T13:19:06+02:00
JB_5014,Head of Finance Automation/ AI Agentification,rohlik.cz,Praha – Karlín,,https://www.jobs.cz/rpd/2001299703/,2026-09-18T13:19:06+02:00
JB_3035,Senior Media Planner - s potenciálem růstu,"Omnicom Media Group Czech, s.r.o.",Praha – Nusle,,https://www.jobs.cz/rpd/2001429600/,2026-09-18T13:19:06+02:00
JB_5298,CFO pro mezinárodní skupinu TAKTIK,TAKTIK Vydavatelství s.r.o.,Praha – Holešovice,,https://www.jobs.cz/rpd/2001427115/,2026-09-18T13:19:19+02:00
JB_6723,Head of Production Unit (m/f),ZF Passive Safety Czech s.r.o.,Hlavenec + 1 další lokalita,,https://www.jobs.cz/rpd/2001426942/,2026-09-18T13:19:19+02:00
JB_8967,⋙ Obchodní ředitel - budování START UPu ⋘,"mBlue Czech, s.r.o.",Praha – Zličín,100 000 – 200 000 Kč,https://www.jobs.cz/rpd/2001431438/,2026-09-18T13:19:19+02:00
JB_1745,Provozní manažer/ka kliniky,CLINICAL s.r.o.,Praha – Kobylisy,50 000 – 70 000 Kč,https://www.jobs.cz/rpd/2001433133/,2026-09-18T13:19:19+02:00
JB_6974,Procure to pay Manager,"Savencia Services Europe, a. s.",Praha – Michle,,https://www.jobs.cz/rpd/2001432886/,2026-09-18T13:19:19+02:00
JB_6673,Manažer ambulantního provozu (m/ž),NH Hospital a.s.,Hořovice,,https://www.jobs.cz/rpd/2001432881/,2026-09-18T13:19:19+02:00
JB_2838,Teamleader 1stCall týmu s výbornou němčinou,Carvago s.r.o.,Praha – Holešovice,,https://www.jobs.cz/rpd/2001426954/,2026-09-18T13:19:29+02:00
JB_7877,Asistent/ka plánování výroby - Junior Supply Chain Planner,"Uzeniny Příbram, a.s.",Příbram – Příbram I,,https://www.jobs.cz/rpd/2001430757/,2026-09-18T13:19:29+02:00
JB_3378,AP Accountant in a friendly team,Bühler Praha s.r.o.,Praha – Nusle,,https://www.jobs.cz/rpd/2001337473/,2026-09-18T13:19:43+02:00
JB_7839,Vedoucí oddělení Regulace účetnictví veřejného sektoru,Ministerstvo financí,Praha – Libeň,39 510 – 72 000 Kč,https://www.jobs.cz/rpd/2001429039/,2026-09-18T13:19:43+02:00
JB_5238,Supervisor skladu / Warehouse Supervisor,ZF Passive Safety Czech s.r.o.,Hlavenec + 1 další lokalita,,https://www.jobs.cz/rpd/2001426890/,2026-09-18T13:19:43+02:00
JB_4257,IT asistent/ka do interního IT a inovačního týmu,EXX s.r.o.,Praha – Ruzyně,40 000 – 45 000 Kč,https://www.jobs.cz/rpd/2001433009/,2026-09-18T13:19:43+02:00
JB_9377,Referent provozu Kladno - DSV CL,DSV Road s.r.o.,Kladno – Dubí,,https://www.jobs.cz/rpd/2001432827/,2026-09-18T13:19:43+02:00
JB_6532,Koordinátor marketingových materiálů a skladu (m/ž),Coca-Cola,Praha – Kyje,,https://www.jobs.cz/rpd/2001429510/,2026-09-18T13:19:43+02:00
JB_9016,Zástupce hlavní účetní (Praha 2),TRADE CENTRE PRAHA a.s.,Praha – Vinohrady,,https://www.jobs.cz/rpd/2001429424/,2026-09-18T13:19:50+02:00
JB_0428,Specialista controllingu a rozpočtu,Zoologická zahrada hl. m. Prahy,Praha – Troja,,https://www.jobs.cz/rpd/2001427817/,2026-09-18T13:19:50+02:00
JB_1883,PORADCE / PORADKYNĚ LITOMĚŘICE A OKOLÍ,Generali Česká Distribuce,Litoměřice,,https://www.jobs.cz/rpd/2001426386/,2026-09-18T13:19:50+02:00
JB_0300,Pre-sales / Solution Architect | Databricks | REMOTE,Manpower IT,Praha,,https://www.jobs.cz/rpd/2001431569/,2026-09-18T13:20:01+02:00
JB_2901,Vedoucí oddělení veřejných zakázek,"Zdravotnická záchranná služba Středočeského kraje, příspěvková organizace",Kladno,,https://www.jobs.cz/rpd/2001428468/,2026-09-18T13:20:01+02:00
JB_1621,Oddělení obrany a zahraničních věcí: Kontrolor/ka - ZÁSTUP ZA MD/RD,Nejvyšší kontrolní úřad,Praha – Holešovice,,https://www.jobs.cz/rpd/2001426800/,2026-09-18T13:20:01+02:00
JB_6832,IT Architect,Unicorn,Praha – Holešovice,,https://www.jobs.cz/rpd/2001432885/,2026-09-18T13:20:13+02:00
JB_9238,Product Manager reklamního systému,"Seznam.cz, a.s.",Praha,,https://www.jobs.cz/rpd/2001332735/,2026-09-18T13:20:13+02:00
JB_4664,Project manager,Skupina ČEZ,Praha – Michle,,https://www.jobs.cz/rpd/2001316874/,2026-09-18T13:20:13+02:00
JB_5498,Technical Product Manager,"IDC Central Europe, the Middle East & Africa",Praha – Staré Město,,https://www.jobs.cz/rpd/2001431176/,2026-09-18T13:20:20+02:00
JB_9365,Project Asistent CATI výzkumů,IPSOS s.r.o.,Praha – Nové Město,,https://www.jobs.cz/rpd/2001431324/,2026-09-18T13:20:20+02:00
JB_6830,Junior IT specialista v oblasti AML,ČESKÁ NÁRODNÍ BANKA,Praha – Nové Město,,https://www.jobs.cz/rpd/2001426692/,2026-09-18T13:25:33+02:00
JB_3698,SAP TM Senior Process Expert,Daimler Truck Customer Services & Parts s.r.o.,Praha – Stodůlky,,https://www.jobs.cz/rpd/2001433258/,2026-09-18T13:25:47+02:00
JB_5910,Retenční specialista/ka pro klienty B2B,ATLAS GROUP,Praha – Chodov,50 000 – 85 000 Kč,https://www.jobs.cz/rpd/2001431103/,2026-09-18T13:25:47+02:00
JB_7087,Specialista/ka SAP B2B Integrací | Cloud Migration Projects | Hybrid HO 2-3 dny týdně,Manpower IT,Praha,,https://www.jobs.cz/rpd/2001417087/,2026-09-18T13:25:47+02:00
JB_6564,SAP EWM Senior Process Expert,Daimler Truck Customer Services & Parts s.r.o.,Praha – Stodůlky,,https://www.jobs.cz/rpd/2001433259/,2026-09-18T13:25:47+02:00
JB_3633,Ad Tech Software Engineer (Vývojář/ka pro ad tech),TV Prima,Praha – Strašnice,,https://www.jobs.cz/rpd/2001427463/,2026-09-18T13:25:47+02:00
JB_6849,Junior Catastrophe Modeller,Aon Central and Eastern Europe a.s.,Praha – Nové Město,,https://www.jobs.cz/rpd/2001432991/,2026-09-18T13:25:47+02:00
JB_8144,IT Projekt manažer/ka - Retail,"ORLEN Unipetrol RPA, s.r.o.",Praha – Krč,,https://www.jobs.cz/rpd/2001432725/,2026-09-18T13:25:58+02:00
JB_2305,Admin interního IT - Specialista identity a integrací,Etnetera Core a.s.,Praha – Holešovice,,https://www.jobs.cz/rpd/2001430699/,2026-09-18T13:25:58+02:00
JB_2559,Specialista/ka dohledového centra – IPTV platforma,PŘEDVÝBĚR.CZ a.s.,Praha – Libeň,,https://www.jobs.cz/rpd/2001427448/,2026-09-18T13:25:58+02:00
JB_1225,MANAŽER/MANAŽERKA VÝZKUMNÝCH ČINNOSTÍ,AKADEMIE VÝTVARNÝCH UMĚNÍ,Praha – Bubeneč,,https://www.jobs.cz/rpd/2001345843/,2026-09-18T13:26:04+02:00
JB_2624,Key account back office,"Würth, spol. s.r.o.",Nepřevázka,,https://www.jobs.cz/rpd/2001428672/,2026-09-18T13:26:04+02:00
JB_7501,"SPECIALISTA NÁKUPU u dovozce závlahové techniky, Praha 9","IRIMON, spol. s r.o.",Praha – Kyje,,https://www.jobs.cz/rpd/2001427128/,2026-09-18T13:26:17+02:00
JB_0367,"API Engineer — DEK, a.s.",DEK a.s.,Praha – Malešice,65 000 – 80 000 Kč,https://www.jobs.cz/rpd/2001431432/,2026-09-18T13:26:32+02:00
JB_8487,Production Manager,Tessero Czech Republic s.r.o.,Brandýs nad Labem-Stará Boleslav,,https://www.jobs.cz/rpd/2001427436/,2026-09-18T13:26:32+02:00
JB_5253,Key Account & Product Manager | Spotřební elektronika (CZ/SK),Aktro s.r.o.,Praha – Libeň,,https://www.jobs.cz/rpd/2001432910/,2026-09-18T13:26:32+02:00
JB_5340,VEDOUCÍ TECHNIK SLABOPROUDÝCH ZAKÁZEK,Marcusnet s.r.o.,okres Praha,58 000 – 72 000 Kč,https://www.jobs.cz/rpd/2001429025/,2026-09-18T13:26:47+02:00
JB_9359,Property Operations and Projects Manager,"CTP Invest, spol. s r.o.",Praha – Nové Město,80 000 – 110 000 Kč,https://www.jobs.cz/rpd/2001413475/,2026-09-18T13:26:47+02:00
JB_5556,🚀 Specialista Prodeje Alza.cz Alza.cz - Chrášťany (JPO17155),Alza.cz a.s.,Chrášťany,40 000 – 60 000 Kč,https://www.jobs.cz/rpd/2001426857/,2026-09-18T13:26:58+02:00
JB_7031,Business Development Manager for Marketing Automation,ACTUM Digital,Praha – Karlín,,https://www.jobs.cz/rpd/2001433309/,2026-09-18T13:26:58+02:00
JB_7577,Senior Research Manager,ResSOLUTION Group s.r.o.,Praha – Žižkov,,https://www.jobs.cz/rpd/2001429077/,2026-09-18T13:26:58+02:00
JB_7151,Junior Research Manager,ResSOLUTION Group s.r.o.,Praha – Žižkov,,https://www.jobs.cz/rpd/2001429058/,2026-09-18T13:27:13+02:00
JB_9427,IT specialista – podpora & infrastruktura,Univerzita Karlova - Fakulta tělesné výchovy a sportu,Praha – Veleslavín,40 000 – 55 000 Kč,https://www.jobs.cz/rpd/2000602991/,2026-09-18T13:27:13+02:00
JB_4998,SW Automation/Manual Tester (Senior),xITee k.s.,Praha – Staré Město + 1 další lokalita,,https://www.jobs.cz/rpd/2001428855/,2026-09-18T13:27:13+02:00
JB_4881,Specialista podpory týmu energetiky (m/ž),"Technologie hlavního města Prahy, a.s.",Praha – Holešovice,,https://www.jobs.cz/rpd/2001433370/,2026-09-18T13:27:13+02:00
JB_9951,Specialista/ka digitálního marketingu a e-commerce,NAVITEL s.r.o.,Praha – Nusle,,https://www.jobs.cz/rpd/2001415534/,2026-09-18T13:27:13+02:00
JB_4442,Senior specialista digitálního marketingu (Web & Paid Media),"ORLEN Unipetrol RPA, s.r.o.",Praha – Krč,,https://www.jobs.cz/rpd/2001426940/,2026-09-18T13:27:13+02:00
JB_4638,ACCOUNT MANAGER (DOPRAVA A LOGISTIKA),"RENOMIA, a. s.",Praha – Nové Město,,https://www.jobs.cz/rpd/2001427144/,2026-09-18T13:27:23+02:00
JB_2353,ADMINISTRATIVNÍ PODPORA (DOPRAVA A LOGISTIKA),"RENOMIA, a. s.",Praha – Nové Město,,https://www.jobs.cz/rpd/2001432998/,2026-09-18T13:27:23+02:00
JB_4361,Group Brand Manager (A4527),Super zoo,Poděbrady – Poděbrady III,,https://www.jobs.cz/rpd/2001432903/,2026-09-18T13:27:23+02:00
JB_5604,Inženýr kvality dodavatelů (1 year contract),Carrier Refrigeration Operation Czech Republic s.r.o./dříve Linde Frigera spol. s r.o.,Beroun – Beroun-Závodí,,https://www.jobs.cz/rpd/2001305112/,2026-09-18T13:27:23+02:00
JB_0304,Metrolog (technik kvality) - 1 year contract,Carrier Refrigeration Operation Czech Republic s.r.o./dříve Linde Frigera spol. s r.o.,Beroun – Beroun-Závodí,,https://www.jobs.cz/rpd/2001305125/,2026-09-18T13:27:23+02:00
JB_6326,Pracovník podpůrných služeb - správa majetku,"Pražská energetika, a.s.",Praha – Strašnice,,https://www.jobs.cz/rpd/2001431002/,2026-09-18T13:27:23+02:00
JB_5797,⭕Finanční manažer/ka / Hlavní účetní | Karlín | 💰 cca od 70–100.000 Kč,"ProfesKontakt, s.r.o.",Hlavní město Praha,70 000 – 100 000 Kč,https://www.jobs.cz/rpd/2001426327/,2026-09-18T13:27:23+02:00
JB_3990,Python vývojář,"Elektroenergetické datové centrum, a. s.",Praha – Libeň,,https://www.jobs.cz/rpd/2001427495/,2026-09-18T13:27:48+02:00
JB_1780,Technický specialista materiálových dat (junior),"BENEVA, a.s.",Praha – Karlín,,https://www.jobs.cz/rpd/2001433371/,2026-09-18T13:27:48+02:00
JB_4353,Python vývojář/ka automatizovaných testů pro cyber-security řešení (m/ž/n),"Siemens Mobility, s.r.o.",Praha – Stodůlky,,https://www.jobs.cz/rpd/2001426660/,2026-09-18T13:28:01+02:00
JB_6842,C# Developer pro interní informační systém,RSJ Custody s.r.o.,Praha – Nové Město,,https://www.jobs.cz/rpd/2001356063/,2026-09-18T13:28:37+02:00
JB_8621,Trainee pro digitalizaci HSE & Facility,VALEO PRAHA,Praha – Strašnice,,https://www.jobs.cz/rpd/2001143025/,2026-09-18T13:28:37+02:00
JB_4639,C++ embedded Linux vývojář/ka (m/ž/n),"Siemens Mobility, s.r.o.",Praha – Stodůlky,,https://www.jobs.cz/rpd/2001426656/,2026-09-18T13:28:37+02:00
JB_2068,BackEnd Developer (COPS cluster / SRE cell),"COMMERZBANK Aktiengesellschaft, pobočka Praha",Praha – Nové Město,90 000 – 120 000 Kč,https://www.jobs.cz/rpd/2001431907/,2026-09-18T13:28:47+02:00
JB_9604,Senior Java Developer,"W.A.G. payment solutions, a.s.",Praha – Nusle,,https://www.jobs.cz/rpd/2001426812/,2026-09-18T13:28:47+02:00
JB_5217,AI Engineer,Air Bank a.s.,Praha – Dejvice,,https://www.jobs.cz/rpd/2001426159/,2026-09-18T13:28:58+02:00
JB_7100,Senior Network Engineer | Cisco ACI,Aricoma,Praha,,https://www.jobs.cz/rpd/2001429757/,2026-09-18T17:39:47+02:00
JB_0849,IT Analytik/čka pro Digital Channels,"MONETA Money Bank, a.s.",Praha – Michle,,https://www.jobs.cz/rpd/2001212146/,2026-09-18T17:39:53+02:00
JB_1939,IT Analytik/čka,"MONETA Money Bank, a.s.",Praha – Michle,,https://www.jobs.cz/rpd/2001370384/,2026-09-18T17:39:53+02:00
JB_1941,Specialista jaderné bezpečnosti,"ÚJV Řež, a. s.",Husinec – Řež,,https://www.jobs.cz/rpd/2001069515/,2026-09-18T17:40:03+02:00
JB_7377,Pracovník správy sítě - zařízení VVN,"Pražská energetika, a.s.",Praha – Smíchov,,https://www.jobs.cz/rpd/2001427435/,2026-09-18T17:40:03+02:00
JB_6704,Senior SW inženýr/ka řízení trakce lokomotiv (m/ž/n),"Siemens Mobility, s.r.o.",Praha – Stodůlky + 2 další lokality,,https://www.jobs.cz/rpd/2001426649/,2026-09-18T17:40:03+02:00
JB_4458,SW Integrátor/ka řídicích systémů kolejových vozidel (m/ž/n),"Siemens Mobility, s.r.o.",Praha – Stodůlky,,https://www.jobs.cz/rpd/2001426442/,2026-09-18T17:40:03+02:00
JB_6430,AI DevOps Engineer,UNIQA,Praha – Vokovice + 1 další lokalita,,https://www.jobs.cz/rpd/2001433382/,2026-09-18T17:40:03+02:00
JB_2324,DevOps Engineer,Avenga Czechia s.r.o.,Praha – Libeň,,https://www.jobs.cz/rpd/2001427404/,2026-09-18T17:40:03+02:00
JB_5011,Konstruktér /technolog ve výrobě kompozitních dílů,RaceX s.r.o.,Praha – Modřany,50 000 – 60 000 Kč,https://www.jobs.cz/rpd/2001433649/,2026-09-18T17:40:10+02:00
JB_4082,Specialista obchodní analytiky a přípravy provozu,"ČEPS, a.s.",Praha – Michle,,https://www.jobs.cz/rpd/2001338286/,2026-09-18T17:40:10+02:00
JB_8808,"Asistent/ Asistentka se stavebním vzděláním - zaškolení 40 - 45 000,-","PRÁCE plus, s.r.o.",Praha – Horní Počernice,40 000 – 45 000 Kč,https://www.jobs.cz/rpd/2001405387/,2026-09-18T17:40:10+02:00
JB_5971,SPECIALISTA TECHNICKÉ PŘÍPRAVY STAVEB (m/ž),Stavby mostů a.s.,Praha – Strašnice,,https://www.jobs.cz/rpd/2001429354/,2026-09-18T17:40:10+02:00
JB_5979,VÝROBNÍ PŘÍPRAVÁŘ (m/ž),"EUROVIA CZ, a. s.",Praha + 1 další lokalita,,https://www.jobs.cz/rpd/2001429159/,2026-09-18T17:40:10+02:00
JB_1312,AI vývojář,Air Bank a.s.,Praha – Dejvice,,https://www.jobs.cz/rpd/2001426126/,2026-09-18T17:40:27+02:00
JB_9164,Junior Accountant,"VIG RE zajišťovna, a.s.",Praha – Michle,,https://www.jobs.cz/rpd/2001433355/,2026-09-18T17:40:33+02:00
JB_5506,KONZULTANT/KA IMPLEMENTACE IS PRO LOGISTIKU LÉKŮ,STAPRO s. r. o.,Praha – Vinohrady + 3 další lokality,,https://www.jobs.cz/rpd/2001288851/,2026-09-18T17:40:33+02:00
JB_9125,🛡️ Tester digitálních bankovních služeb,"Penta Bank, a. s., pobočka Česká republika",Praha – Vinohrady,,https://www.jobs.cz/rpd/2001427245/,2026-09-18T17:40:48+02:00
JB_8359,SW Administrátor/ka pro projekty kolejových vozidel (m/ž/n),"Siemens Mobility, s.r.o.",Praha – Stodůlky,,https://www.jobs.cz/rpd/2001426642/,2026-09-18T17:40:48+02:00
JB_8449,Test analytik/analytička,eppTec s.r.o.,Praha,,https://www.jobs.cz/rpd/2001433054/,2026-09-18T17:41:00+02:00
JB_1104,Application Support (L2) - Chceš být blízko QA i vývoji?,"ADASTRA, s.r.o.",Praha – Karlín,,https://www.jobs.cz/rpd/2001431338/,2026-09-18T17:41:00+02:00
JB_3007,Administrative assistant - Compliance&Finance,Scalepunk,Praha – Karlín,50 000 – 55 000 Kč,https://www.jobs.cz/rpd/2001370188/,2026-09-18T17:41:14+02:00
JB_1079,RTR Accountant | CZ+ENG | Global Finance Team | Prague | 7-month contract,Tessero Czech Republic s.r.o.,Praha,,https://www.jobs.cz/rpd/2001431938/,2026-09-18T17:41:14+02:00
JB_0821,Group Data Scientist,Dr.Max,Praha – Nové Město,,https://www.jobs.cz/rpd/2001368097/,2026-09-18T17:41:29+02:00
JB_2367,Business analytik | analytička,Skupina ČEZ,Praha – Michle,,https://www.jobs.cz/rpd/2001428563/,2026-09-18T17:42:28+02:00
JB_2938,BI Analyst,Zaplo Finance s.r.o.,Hlavní město Praha,,https://www.jobs.cz/rpd/2001433684/,2026-09-18T17:42:28+02:00
JB_5279,Sales Representative - Karlovarský / Ústecký kraj / Liberecký kraj,"VAFO PRAHA, s.r.o.",Ústecký kraj,36 000 – 46 000 Kč,https://www.jobs.cz/rpd/2001433716/,2026-09-18T17:52:31+02:00
JB_8576,Operátor/ka Praha – Anděl 🚀,Škola Investorů s.r.o.,Praha – Smíchov,40 000 – 80 000 Kč,https://www.jobs.cz/rpd/2001427075/,2026-09-18T17:52:53+02:00
JB_3706,ČLEN/ČLENKA PŘEDSTAVENSTVA s pověřením řízení společnosti,"Národní rozvojová banka, a.s.",Praha – Žižkov,,https://www.jobs.cz/rpd/2001433703/,2026-09-18T17:53:08+02:00
JB_5494,💄 ASISTENT/KA Brand Managera pro kosmetické produkty,"MARK DISTRI, spol. s r.o.",Praha – Modřany,,https://www.jobs.cz/rpd/2001427004/,2026-09-18T17:54:00+02:00
JB_9090,E-commerce Solutions Lead,UNIQA,Praha – Vokovice,,https://www.jobs.cz/rpd/2001431970/,2026-09-18T17:54:00+02:00
JB_4417,Specialista marketingu,SILON CZ s.r.o.,Praha – Bubeneč,,https://www.jobs.cz/rpd/2001340221/,2026-09-18T17:54:00+02:00
JB_4443,Junior marketingový specialista,ConQuest entertainment a.s.,Praha – Hloubětín,,https://www.jobs.cz/rpd/2001432621/,2026-09-18T17:54:08+02:00
JB_8257,Koordinátor/ka projektů v týmu Operations,MARKET VISION s.r.o.,Praha – Michle,,https://www.jobs.cz/rpd/2001432975/,2026-09-18T17:54:23+02:00
JB_6944,Junior Consultant – Strategy & Execution,EY,Praha – Nové Město,60 000 Kč,https://www.jobs.cz/rpd/2000710840/,2026-09-18T17:54:23+02:00
JB_1997,Telefonická podpora pro klienty – Bez praxe/IHNED/,ALBEC MEDIA s.r.o.,Praha – Nusle,40 000 – 75 000 Kč,https://www.jobs.cz/rpd/2001433514/,2026-09-18T17:54:36+02:00
JB_0236,Industrial Testing Engineer,VALEO PRAHA,Praha – Strašnice,,https://www.jobs.cz/rpd/2001427148/,2026-09-18T17:54:43+02:00
JB_0582,Top End Vehicle (TEV) Consultant,Mercedes-Benz Česká republika s.r.o.,Praha – Chodov,,https://www.jobs.cz/rpd/2001429472/,2026-09-18T17:54:53+02:00
JB_0108,Senior Business Development Manager,QUINTA-ANALYTICA s.r.o.,Praha – Hostivař,,https://www.jobs.cz/rpd/2001430781/,2026-09-18T17:55:07+02:00
JB_3424,PR Executive do MSL,Publicis Groupe,Praha – Libeň,,https://www.jobs.cz/rpd/2001304579/,2026-09-18T17:55:13+02:00
JB_0346,Ad Sales Manager,Httpool a.s.,Praha – Holešovice,70 000 – 110 000 Kč,https://www.jobs.cz/rpd/2001428466/,2026-09-18T17:55:13+02:00
JB_9882,Hledáme Specialistu/tku robotizace 📊 Baví Tě technologie a umělá inteligence?,Volkswagen Financial Services,Praha – Vokovice,,https://www.jobs.cz/rpd/2001429612/,2026-09-18T17:55:34+02:00
JB_5424,Solution Architect & Business Analyst,CETIN a.s.,Praha – Libeň,,https://www.jobs.cz/rpd/2001429118/,2026-09-18T17:55:47+02:00
JB_7139,Senior Risk/Process Analyst – SME Lending,Deckard & Penfield s.r.o.,Praha – Holešovice,,https://www.jobs.cz/rpd/2001431231/,2026-09-18T17:55:47+02:00
JB_0753,Medior IT Analyst – Process & Integration,Deckard & Penfield s.r.o.,Praha – Holešovice,,https://www.jobs.cz/rpd/2001432915/,2026-09-18T17:55:47+02:00
JB_4749,Junior Analyst - Oceňování nemovitostí,CLA Advisory s.r.o.,Praha – Karlín,,https://www.jobs.cz/rpd/2001431672/,2026-09-18T18:04:15+02:00
JB_2617,RPA & Automation Specialist,JOBSTART s.r.o.,Praha,,https://www.jobs.cz/rpd/2001431511/,2026-09-18T18:04:15+02:00
JB_1026,Senior IT Security Analyst,Synthomer Czech s.r.o.,Praha – Smíchov,,https://www.jobs.cz/rpd/2001431102/,2026-09-18T18:04:40+02:00
JB_4407,Junior Forward Deployed Software Engineer,EY,Praha – Nové Město,50 000 Kč,https://www.jobs.cz/rpd/2001433469/,2026-09-18T18:04:40+02:00
JB_0274,Junior účetní (poloviční úvazek) - TRATON Financial Services,Scania Czech Republic s.r.o.,Chrášťany,,https://www.jobs.cz/rpd/2001433320/,2026-09-18T18:04:48+02:00
JB_4451,ALM Model Analyst,"Komerční banka, a.s.",Praha – Stodůlky,,https://www.jobs.cz/rpd/2001288310/,2026-09-18T18:05:14+02:00
JB_6205,Test Analytik/čka,"MONETA Money Bank, a.s.",Praha – Michle,,https://www.jobs.cz/rpd/2001433794/,2026-09-18T18:05:14+02:00
JB_4138,Analytik/Analytička mzdového systému OKbase,OKsystem a.s.,Praha – Nusle,,https://www.jobs.cz/rpd/2001425549/,2026-09-18T18:05:22+02:00
JB_4179,Quality Management Specialist,ATS LSS,Praha – Hostivař,,https://www.jobs.cz/rpd/2001263634/,2026-09-18T18:05:33+02:00
JB_4948,Senior Specialista/ka zákaznických řešení (BID),"NAKIT, s. p.",Praha – Vršovice,,https://www.jobs.cz/rpd/2001429091/,2026-09-18T18:05:54+02:00
JB_0403,Internship – Forward Deployed Software Engineer,EY,Praha – Nové Město,,https://www.jobs.cz/rpd/2001433466/,2026-09-18T18:06:02+02:00
JB_3067,Key account manager pro investiční skupinu - agro fond (A324),Ungrman GROUP,Hlavní město Praha,,https://www.jobs.cz/rpd/2001416848/,2026-09-18T18:06:02+02:00
JB_0498,Finanční controller/ka,Triangle Recruitment CZ,Mladá Boleslav,45 000 – 60 000 Kč,https://www.jobs.cz/rpd/2001433135/,2026-09-18T18:06:08+02:00
JB_9502,Finanční manažer/ka,"SATPO management, s.r.o.",Praha – Smíchov,,https://www.jobs.cz/rpd/2001364108/,2026-09-18T18:06:08+02:00
JB_0111,Vedoucí oddělení ekonomických činností,Městská část Praha 6,Praha – Bubeneč,27 030 – 51 500 Kč,https://www.jobs.cz/rpd/2001430761/,2026-09-18T18:06:08+02:00
JB_9037,PROPERTY VALUER 🏢📈,YTS s.r.o.,Praha – Jinonice,,https://www.jobs.cz/rpd/2001428937/,2026-09-18T18:06:08+02:00
JB_1605,Referent-rozpočtář pro MČ Praha,KOREKT PRAHA,Hlavní město Praha,,https://www.jobs.cz/rpd/2001427619/,2026-09-18T18:06:08+02:00
JB_5987,Senior Financial Controller,Triangle Recruitment CZ,okres Praha,,https://www.jobs.cz/rpd/2001427364/,2026-09-18T18:06:08+02:00
JB_6202,"TEAM LEADER - RtR, Accounting",OPENN s.r.o.,Praha,,https://www.jobs.cz/rpd/2001426756/,2026-09-18T18:06:08+02:00
JB_5621,Back-end Developer JAVA (BPM),Skupina ČEZ,Praha – Michle,,https://www.jobs.cz/rpd/2001369169/,2026-09-18T18:06:18+02:00
JB_7282,P2P ACCOUNTANT FOR EMEA IN REAL ESTATE| CZECH+ENGLISH| 65 000 CZK+BONUS,Prušák Group s.r.o.,Hlavní město Praha,55 000 – 65 000 Kč,https://www.jobs.cz/rpd/2001429687/,2026-09-18T18:06:43+02:00
JB_0065,Specialista zákaznické podpory,GORDIC spol. s r.o.,Praha – Nusle,,https://www.jobs.cz/rpd/2001431735/,2026-09-18T18:06:49+02:00
JB_7164,Hlavní účetní – Real Estate,Notino s.r.o.,Česká republika,,https://www.jobs.cz/rpd/2001427728/,2026-09-18T18:06:49+02:00
JB_4298,Finance Manager - Real Estate and Hospitality,ManpowerGroup s.r.o.,Praha,,https://www.jobs.cz/rpd/2001433208/,2026-09-18T18:16:19+02:00
JB_6319,Logistics Specialist,Anheuser-Busch InBev Czech s.r.o.,Praha – Michle,,https://www.jobs.cz/rpd/2001431919/,2026-09-18T18:16:19+02:00
JB_5074,Senior HR Business Partner,Copeland Flow Controls Czech s.r.o.,Kolín – Kolín IV,,https://www.jobs.cz/rpd/2001431555/,2026-09-18T18:16:52+02:00
JB_9699,AI First Software Engineer (.NET & Go),Skupina Klik.cz,Praha – Karlín,,https://www.jobs.cz/rpd/2001431942/,2026-09-18T18:17:27+02:00
JB_2415,DepthAI Engineer (C/C++),Luxonis Holding Corporation,Praha – Jinonice,,https://www.jobs.cz/rpd/2001431329/,2026-09-18T18:17:27+02:00
JB_5120,Senior Software Engineer,HID Czech s.r.o.,Praha – Karlín,,https://www.jobs.cz/rpd/2001431443/,2026-09-18T18:17:45+02:00
JB_1756,DevOps Engineer,xITee k.s.,Praha – Staré Město,,https://www.jobs.cz/rpd/2001427683/,2026-09-18T18:17:45+02:00
JB_1030,Software Engineer do týmu DMS,"Česká spořitelna, a.s.",Praha – Krč,60 000 – 90 000 Kč,https://www.jobs.cz/rpd/2001429832/,2026-09-18T18:17:45+02:00
JB_5135,QA Automation Engineer,Daktela s.r.o.,Praha – Žižkov,,https://www.jobs.cz/rpd/2001341525/,2026-09-18T18:17:45+02:00
JB_9628,Software Engineer produkt Praetor,"Wolters Kluwer ČR, a.s.",Praha – Strašnice,,https://www.jobs.cz/rpd/2001431189/,2026-09-18T18:17:58+02:00
JB_8616,Projektový specialista Nadace O2 (m/ž),O2 Czech Republic a.s.,Praha – Michle,,https://www.jobs.cz/rpd/2001432719/,2026-09-18T18:18:13+02:00
JB_1781,JUNIOR EVENT KOORDINÁTOR/KA,"HOPI HOLDING, a.s.",Praha – Nové Město,25 000 – 30 000 Kč,https://www.jobs.cz/rpd/2001427590/,2026-09-18T18:18:13+02:00
JB_1391,Content & Influencer Coordinator,Elmich Group s.r.o.,Praha – Nové Město,,https://www.jobs.cz/rpd/2001427816/,2026-09-18T18:18:28+02:00
JB_5972,SOCIAL MEDIA & CONTENT CREATOR,BAK Development,Praha – Modřany,50 000 Kč,https://www.jobs.cz/rpd/2001433471/,2026-09-18T18:18:28+02:00
JB_7317,"PROJEKTOVÝ MANAŽER veřejných zakázek (pro obce, města a veřejné zadavatele)",LKA Tender s.r.o.,Poděbrady – Poděbrady I,,https://www.jobs.cz/rpd/2001429068/,2026-09-18T18:18:42+02:00
JB_8300,Osobní bankéř/ka - Vršovické náměstí,"Česká spořitelna, a.s.",Praha – Vršovice,,https://www.jobs.cz/rpd/2001431767/,2026-09-18T18:18:42+02:00
JB_7696,Customer Contact Trainer PC&Vans,Mercedes-Benz Česká republika s.r.o.,Praha – Hostivař,,https://www.jobs.cz/rpd/2001430723/,2026-09-18T18:18:50+02:00
JB_2544,Osobní bankéř/ka - Petřiny,"Česká spořitelna, a.s.",Praha – Veleslavín,,https://www.jobs.cz/rpd/2001430704/,2026-09-18T18:18:50+02:00
JB_1511,Koordinátor/ka advokátní kanceláře a marketingu – zkrácený úvazek 🎯,21 Consult Group s.r.o.,Praha,25 000 – 35 000 Kč,https://www.jobs.cz/rpd/2001428237/,2026-09-18T18:18:50+02:00
JB_6409,Osobní bankéř/ka - Praha Nusle,"Česká spořitelna, a.s.",Praha – Nusle,,https://www.jobs.cz/rpd/2001427200/,2026-09-18T18:18:50+02:00
JB_7702,Osobní bankéř/ka senior - OC Chodov,"Česká spořitelna, a.s.",Praha – Chodov,,https://www.jobs.cz/rpd/2001427199/,2026-09-18T18:18:50+02:00
JB_5634,Osobní bankéř/ka - Budějovická a Karlovo nám.,"Česká spořitelna, a.s.",Praha – Krč,,https://www.jobs.cz/rpd/2001427044/,2026-09-18T18:18:50+02:00
JB_4464,AI Architect,UNIQA,Praha – Vokovice + 1 další lokalita,,https://www.jobs.cz/rpd/2001433368/,2026-09-18T18:18:56+02:00
JB_7240,Technik kvality - Datalogging (M/Ž),Formel D Česká republika s.r.o.,Mladá Boleslav,,https://www.jobs.cz/rpd/2001430673/,2026-09-18T18:28:44+02:00
JB_9331,Senior Supply and Operations Planning Analyst,rohlik.cz,Praha – Karlín,,https://www.jobs.cz/rpd/2001431822/,2026-09-18T18:29:34+02:00
JB_1964,Operační asistent / Junior Operations specialista,Jobsyno Global s.r.o.,Hlavní město Praha,40 000 – 50 000 Kč,https://www.jobs.cz/rpd/2001433151/,2026-09-18T18:30:59+02:00
JB_3452,Specialista zákaznického servisu,PŘEDVÝBĚR.CZ a.s.,Hořovice,45 000 – 50 000 Kč,https://www.jobs.cz/rpd/2001431284/,2026-09-18T18:40:50+02:00
JB_7773,ERP aplikační administrátor,Teijin Automotive Technologies Czech s.r.o.,Milovice – Mladá,,https://www.jobs.cz/rpd/2001429603/,2026-09-18T18:41:03+02:00
JB_0624,Administrative Support Specialist – mezinárodní IT,Aricoma,Praha,,https://www.jobs.cz/rpd/2001433588/,2026-09-18T18:41:03+02:00
JB_8289,Referent/referentka zákaznického servisu,Rotor Clip s.r.o.,Budyně nad Ohří,28 000 – 33 000 Kč,https://www.jobs.cz/rpd/2001429541/,2026-09-18T18:41:03+02:00
JB_5867,Senior analytik/analytička správy provizí,UNIQA,Praha – Vokovice + 1 další lokalita,63 000 – 66 000 Kč,https://www.jobs.cz/rpd/2001433790/,2026-09-18T18:41:10+02:00
JB_0446,Administrativní pracovník/ce - správa pomůcek a majetku,"Spokojený domov, o.p.s.",Mnichovo Hradiště – Veselá,28 000 – 30 000 Kč,https://www.jobs.cz/rpd/2001412112/,2026-09-18T18:41:43+02:00
JB_3478,Bookmaker junior pro Live sázky (m/ž),TIPSPORT,Beroun – Beroun-Centrum,,https://www.jobs.cz/rpd/2001431154/,2026-09-18T18:41:49+02:00
JB_0987,Hardware Technik DC,VSHosting s.r.o.,Praha – Hostivař,,https://www.jobs.cz/rpd/2001240799/,2026-09-18T18:42:24+02:00
JB_4541,Regionální manažer fashion retailu | Služební vůz | Mezinárodní prostředí,HILL International s.r.o.,Hlavní město Praha,,https://www.jobs.cz/rpd/2001419448/,2026-09-18T18:42:24+02:00
JB_3446,Vedoucí zákaznické podpory | SvětKaravanů.cz (M/Ž),BURIMEX s.r.o.,Bavoryně,45 000 – 60 000 Kč,https://www.jobs.cz/rpd/2001431254/,2026-09-18T18:42:30+02:00
JB_3680,Team Leader POS týmu v Invia.cz,"Invia.cz, a.s.",Praha – Chodov,40 000 – 55 000 Kč,https://www.jobs.cz/rpd/2001277115/,2026-09-18T18:42:30+02:00
JB_3936,People & Culture Business Partner,Avenga Czechia s.r.o.,Praha – Libeň,,https://www.jobs.cz/rpd/2001426973/,2026-09-18T18:43:24+02:00
JB_2001,ERP Admin,fabini brand s.r.o.,Praha – Holešovice,,https://www.jobs.cz/rpd/2001347192/,2026-09-18T18:43:37+02:00
JB_0989,Senior Reserving Actuary - Life,"VIG RE zajišťovna, a.s.",Praha – Michle,,https://www.jobs.cz/rpd/2001433934/,2026-09-18T18:53:01+02:00
JB_3573,Prodejce partnerské prodejny - Benešov,Vodafone Czech Republic a.s. - partneři,Benešov,,https://www.jobs.cz/rpd/2001433802/,2026-09-18T18:53:23+02:00
JB_8091,HR Specialist,ARVAL CZ s.r.o.,Praha – Krč,,https://www.jobs.cz/rpd/2001433888/,2026-09-20T09:23:26+02:00
JB_6999,Administrativa a zákaznická komunikace | Bez praxe | 36 000 Kč + bonusy | Praha,Prime Ventures s.r.o.,Praha – Vinohrady,36 000 – 64 000 Kč,https://www.jobs.cz/rpd/2001433360/,2026-09-20T09:30:24+02:00
JB_7638,Head of Group Finance,SBR Recruiting,Praha – Staré Město,,https://www.jobs.cz/rpd/2001433600/,2026-09-20T09:30:24+02:00
JB_9931,Specialista interního vzdělávání (E&T) ✅,Talentinno s.r.o.,Poříčí nad Sázavou,40 000 – 80 000 Kč,https://www.jobs.cz/rpd/2001433911/,2026-09-20T09:30:53+02:00
JB_7183,HR Asistent/ka,"Saunia, s.r.o.",Praha – Braník,,https://www.jobs.cz/rpd/2001433575/,2026-09-20T09:31:31+02:00
JB_8475,Hlavní účetní,SPIE Stangl Technik spol. s r.o.,Praha – Kunratice,,https://www.jobs.cz/rpd/2001435242/,2026-09-20T09:31:44+02:00
JB_6477,React vývojář,Popron Systems,Praha – Radlice,,https://www.jobs.cz/rpd/2001434025/,2026-09-20T09:41:37+02:00
JB_2614,Brand manažer/ka pro značku Café Snack,"Crocodille ČR, spol. s r.o.",Praha – Hloubětín,,https://www.jobs.cz/rpd/2001433679/,2026-09-20T09:41:51+02:00
JB_6631,Python Developer – AI aplikace pro mediální dům (Denik.cz),VLTAVA LABE MEDIA a.s.,Praha – Jinonice,,https://www.jobs.cz/rpd/2001367610/,2026-09-20T09:43:01+02:00
JB_6120,Vibecoder / AI Developer 🚀,21 Consult Group s.r.o.,Praha,80 000 Kč,https://www.jobs.cz/rpd/2001434978/,2026-09-20T09:43:22+02:00
JB_7784,C++ vývojář/ka automatizovaných testů pro cyber-security řešení (m/ž/n),"Siemens Mobility, s.r.o.",Praha – Stodůlky,,https://www.jobs.cz/rpd/2001433663/,2026-09-20T09:43:32+02:00
JB_9917,Data Engineer,Skupina Klik.cz,Praha – Karlín,,https://www.jobs.cz/rpd/2001437959/,2026-09-21T17:22:11+02:00
JB_2393,Senior Data Analytik/Analytička pro direct marketing,mBank,Praha – Karlín,,https://www.jobs.cz/rpd/2001439088/,2026-09-21T17:22:21+02:00
JB_8296,Trainee pro Data CoE - Data analytik/čka s přesahem do Data Engineering,Trainee program v KB,Praha – Stodůlky,,https://www.jobs.cz/rpd/2001358369/,2026-09-21T17:22:21+02:00
JB_8347,Business analytik/analytička pro SAP transformaci,Skupina ČEZ,Praha – Michle + 1 další lokalita,,https://www.jobs.cz/rpd/2001438418/,2026-09-21T17:22:28+02:00
JB_7756,IT Systems Analyst,Toyota Tsusho Europe SA Czech Republic Branch,Praha – Smíchov,,https://www.jobs.cz/rpd/2001437828/,2026-09-21T17:22:28+02:00
JB_1170,ANALYTIK/ČKA ODBORU STRATEGIE,VŠEOBECNÁ ZDRAVOTNÍ POJIŠŤOVNA ČESKÉ REPUBLIKY,Praha – Vinohrady,,https://www.jobs.cz/rpd/2001437817/,2026-09-21T17:22:40+02:00
JB_2594,Business Expert for Dynamics CRM/Event Management,"COMMERZBANK Aktiengesellschaft, pobočka Praha",Praha – Nové Město,,https://www.jobs.cz/rpd/2001439003/,2026-09-21T17:22:40+02:00
JB_1292,Microsoft Dynamics 365 IT Analyst,"IDC Central Europe, the Middle East & Africa",Praha – Staré Město,,https://www.jobs.cz/rpd/2001438040/,2026-09-21T17:22:40+02:00
JB_9221,Market Research Analyst / Consultant - Beauty & Wellbeing | Prague,Kline CZ s.r.o.,Praha – Stodůlky,,https://www.jobs.cz/rpd/2001438847/,2026-09-21T17:23:01+02:00
JB_7457,Senior Continuous Improvement Analyst,ManpowerGroup s.r.o.,Praha,,https://www.jobs.cz/rpd/2001438942/,2026-09-21T17:23:01+02:00
JB_3598,Regulatory Systems Specialist | Global Regulatory Affairs,PRO.MED.CS Praha a.s.,Praha – Michle,,https://www.jobs.cz/rpd/2001438230/,2026-09-21T17:23:01+02:00
JB_5025,IT Systems Development Engineer,Raylyst Solar s.r.o.,Praha – Chodov,,https://www.jobs.cz/rpd/2001438970/,2026-09-21T17:23:15+02:00
JB_8756,"IT Analyst/Consultant - buď partnerem při tvorbě řešení, která mají skutečný dopad",SOFTEC,Praha – Krč,,https://www.jobs.cz/rpd/2001438096/,2026-09-21T17:23:26+02:00
JB_3535,Business Monitoring Specialist_Energo ESG,"Česká spořitelna, a.s.",Praha – Krč,,https://www.jobs.cz/rpd/2001438107/,2026-09-21T17:23:41+02:00
JB_8162,International Senior Retail Product Analyst (Can-Am),BRP,Praha,,https://www.jobs.cz/rpd/2001438791/,2026-09-21T17:23:41+02:00
JB_2233,Začínající Datový Analytik,Cross Masters a.s.,Praha – Nové Město,,https://www.jobs.cz/rpd/2001439136/,2026-09-21T17:23:52+02:00
JB_4604,Finance Business Partner,Notino s.r.o.,Praha + 1 další lokalita,75 000 – 92 000 Kč,https://www.jobs.cz/rpd/2001438555/,2026-09-21T17:23:52+02:00
JB_6476,Vedoucí směny/ Line Coordinator,Philip Morris ČR,Kutná Hora – Sedlec,,https://www.jobs.cz/rpd/2001233066/,2026-09-21T17:24:05+02:00
JB_8326,Trainee v Energetickém managementu,Skupina ČEZ,Praha – Libeň,,https://www.jobs.cz/rpd/2001437988/,2026-09-21T17:24:05+02:00
JB_3448,Systémový analytik / analytik informačních systémů,Syntea software group a.s.,Praha – Jinonice,,https://www.jobs.cz/rpd/2001438076/,2026-09-21T17:24:12+02:00
JB_9503,Analytik/analytička kybernetické bezpečnosti,"Elektroenergetické datové centrum, a. s.",Praha – Libeň,,https://www.jobs.cz/rpd/2001439193/,2026-09-21T17:24:19+02:00
JB_4106,Head of DWH Innovation & Optimization,Raiffeisenbank a.s.,Praha – Nusle,,https://www.jobs.cz/rpd/2001364516/,2026-09-21T17:24:19+02:00
JB_4203,Database Specialist (Informix),Deckard & Penfield s.r.o.,Praha – Holešovice,,https://www.jobs.cz/rpd/2001438825/,2026-09-21T17:24:19+02:00
JB_3119,IT Applications Support Specialist,Toyota Tsusho Europe SA Czech Republic Branch,Praha – Smíchov,,https://www.jobs.cz/rpd/2001437798/,2026-09-21T17:24:32+02:00
JB_9236,PPC specialist,Publicis Groupe,Praha – Libeň,,https://www.jobs.cz/rpd/2001438471/,2026-09-21T17:24:42+02:00
JB_8838,Insurance & Risk Analytics Specialist,"Energetický a průmyslový holding, a.s.",Praha – Josefov,,https://www.jobs.cz/rpd/2001433555/,2026-09-21T17:24:51+02:00
JB_5161,Procurement and Logistics Specialist,"W.A.G. payment solutions, a.s.",Praha – Nusle,,https://www.jobs.cz/rpd/2001348824/,2026-09-21T17:32:20+02:00
JB_2471,Cost Manager / Rozpočtář/ka nákladů projektu | RUBY Praha,RUBY Project Management s.r.o.,Praha – Karlín,,https://www.jobs.cz/rpd/2001437901/,2026-09-21T17:32:40+02:00
JB_5735,Junior konzultant/ka nebo vývojář/ka modelů – Řízení kreditního rizika,EY,Praha,50 000 Kč,https://www.jobs.cz/rpd/2001439010/,2026-09-21T17:32:40+02:00
JB_6515,Senior Product Owner,AAA Auto (AURES Holdings a.s.),Praha – Dolní Chabry,,https://www.jobs.cz/rpd/2001439208/,2026-09-21T17:32:52+02:00
JB_6371,Strategický Nákupčí - Energetika - Praha západ,Trenkwalder a.s.,Středočeský kraj,,https://www.jobs.cz/rpd/2001438370/,2026-09-21T17:33:23+02:00
JB_6851,Senior Strategic Purchaser,PŘEDVÝBĚR.CZ a.s.,Chrášťany,,https://www.jobs.cz/rpd/2001438981/,2026-09-21T17:33:32+02:00
JB_8317,Projektový vedoucí do oddělení Customer Relations,Lidl Česká republika s.r.o.,Praha – Stodůlky,,https://www.jobs.cz/rpd/2001433605/,2026-09-21T17:33:46+02:00
JB_6801,Regional Sales Manager – DACH Region s němčinou,Raylyst Solar s.r.o.,Praha – Chodov,,https://www.jobs.cz/rpd/2001438959/,2026-09-21T17:34:06+02:00
JB_5967,Regional Sales Manager – Itálie,Raylyst Solar s.r.o.,Praha – Chodov,,https://www.jobs.cz/rpd/2001438943/,2026-09-21T17:34:06+02:00
JB_1395,🚀 Growth & Marketing Manager,Bohemian Estates International s.r.o.,Praha – Holešovice,,https://www.jobs.cz/rpd/2001438991/,2026-09-21T17:34:06+02:00
JB_4461,Junior Media Consultant,Publicis Groupe,Praha – Libeň,,https://www.jobs.cz/rpd/2001438410/,2026-09-21T17:34:06+02:00
JB_1393,Zástupce vedoucího směny,DATART,Jirny,,https://www.jobs.cz/rpd/2001437865/,2026-09-21T17:34:21+02:00
JB_6480,Vedoucí směny logistického centra Jirny,DATART,Praha – Horní Počernice,,https://www.jobs.cz/rpd/2001437782/,2026-09-21T17:34:21+02:00
JB_6127,HR koordinátor v personální společnosti – mladý kolektiv a přátelská atmosféra.,PROPLUSCO GROUP s.r.o.,Praha – Karlín,35 000 Kč,https://www.jobs.cz/rpd/2001438129/,2026-09-21T17:34:30+02:00
JB_2167,Test manažer - digitální kanály a core,MOTYNA s.r.o.,Praha – Karlín,80 000 – 110 000 Kč,https://www.jobs.cz/rpd/2001436630/,2026-09-21T17:35:02+02:00
JB_3410,Gen AI Engineer / Consultant,Accenture,Praha – Holešovice,,https://www.jobs.cz/rpd/2001438728/,2026-09-21T17:35:02+02:00
JB_8030,IT BI/DWH specialista*ka – junior/medior,Raiffeisenbank a.s.,Praha – Nusle,,https://www.jobs.cz/rpd/2001272827/,2026-09-21T17:35:11+02:00
JB_9848,Account Manager – Digitalization & Enterprise IT Solutions,IXTENT s.r.o.,Praha – Holešovice,50 000 – 80 000 Kč,https://www.jobs.cz/rpd/2001438712/,2026-09-21T17:44:53+02:00
JB_9044,Influencer & Community Manager,P&G - Prague General Office,Praha – Karlín,,https://www.jobs.cz/rpd/2001439074/,2026-09-21T17:45:23+02:00
JB_9003,NAOS Key account manager,NAOS CZECH REPUBLIC s.r.o. - BIODERMA,Praha – Nusle,,https://www.jobs.cz/rpd/2001439084/,2026-09-21T17:45:39+02:00
JB_0142,Strategický nákupčí pro ZOOT,Trenýrkárna.cz,Praha – Smíchov,100 000 – 130 000 Kč,https://www.jobs.cz/rpd/2001438377/,2026-09-21T17:45:54+02:00
JB_7226,Business Development & Key Account Manager – veřejný sektor,Pramacom Prague spol. s r.o.,Praha – Stodůlky,70 000 – 100 000 Kč,https://www.jobs.cz/rpd/2001439219/,2026-09-21T17:45:54+02:00
JB_7498,Senior Sales Executive m/ž,Antal International s.r.o.,Praha,100 000 – 120 000 Kč,https://www.jobs.cz/rpd/2001437826/,2026-09-21T17:45:54+02:00
JB_2967,IT / AI Automation Engineer,fabini brand s.r.o.,Praha – Holešovice,,https://www.jobs.cz/rpd/2001438238/,2026-09-21T17:47:00+02:00
JB_5931,Full Stack Engineer – TypeScript / Python,teamIT s.r.o.,Hlavní město Praha,160 000 – 180 000 Kč,https://www.jobs.cz/rpd/2001438260/,2026-09-21T17:47:00+02:00
JB_1542,Programátor analytik/Programátorka analytička,"Česká pošta, s.p.",Praha – Žižkov,,https://www.jobs.cz/rpd/2001438500/,2026-09-21T17:47:00+02:00
JB_6550,AI Engineer,Skupina Klik.cz,Praha – Karlín,,https://www.jobs.cz/rpd/2001438007/,2026-09-21T17:47:06+02:00
JB_0110,Trading Compliance Analyst,Ezpada s.r.o.,Praha – Nové Město,,https://www.jobs.cz/rpd/2001439277/,2026-09-21T17:47:28+02:00
JB_5935,Technical Engineer,Linet spol. s r.o.,Slaný,,https://www.jobs.cz/rpd/2001438315/,2026-09-21T17:47:51+02:00
JB_9270,Specialista Diagnostika,"NET4GAS, s.r.o.",Praha – Nusle,,https://www.jobs.cz/rpd/2001438445/,2026-09-21T17:54:10+02:00
JB_7936,Technik stínící techniky - Praha a okolí,ZK BLINDS s.r.o.,Praha – Uhříněves,30 000 – 60 000 Kč,https://www.jobs.cz/rpd/2001438536/,2026-09-21T17:54:10+02:00
JB_6379,Energetický specialista | Praha,Prušák Group s.r.o.,Praha,55 000 – 100 000 Kč,https://www.jobs.cz/rpd/2001439247/,2026-09-21T17:54:17+02:00
JB_8057,Servisní technik / Troubleshooter,ALSTOM Czech Republic a.s.,Ústí nad Labem – Ústí nad Labem-centrum + 1 další lokalita,,https://www.jobs.cz/rpd/2000348442/,2026-09-21T17:54:17+02:00
JB_7306,Platform Automation Engineer | Budujte cloudovou platformu a self-service prostředí,Manpower IT,Praha,,https://www.jobs.cz/rpd/2001416980/,2026-09-21T17:54:40+02:00
JB_3263,Procesní inženýr/technolog | mzda dohodou + nadstandardní bonus!,DEVIRE s.r.o.,Hlavní město Praha,,https://www.jobs.cz/rpd/2001412094/,2026-09-21T17:55:06+02:00
JB_1280,CRM Specialista,APOLLO GAMES s.r.o.,Praha – Chodov,,https://www.jobs.cz/rpd/2001439140/,2026-09-21T17:56:05+02:00
JB_8912,Sales Coordinator for the Czech Market,ALLINTRADERS PROSTA SPÓŁKA AKCYJNA,Praha,,https://www.jobs.cz/rpd/2001438323/,2026-09-21T17:57:11+02:00
JB_7181,"Marketingový manažer (Part-time) – web, brand a VIP waiting list",KKIG Services s.r.o.,Praha – Vinohrady,,https://www.jobs.cz/rpd/2001342039/,2026-09-21T18:03:46+02:00
JB_7174,Marketingová manažer*ka - TIMO s.r.o. 👙,TIMO s.r.o.,Praha – Libeň,,https://www.jobs.cz/rpd/2001438679/,2026-09-21T18:03:46+02:00
JB_6753,Obchodní zástupkyně 🎒 pro velkoobchod Kauppa,Ski a BikeCentrum Radotín s.r.o.,Praha – Radotín,44 000 – 60 000 Kč,https://www.jobs.cz/rpd/2001438036/,2026-09-21T18:03:46+02:00
JB_9413,Trade Marketing Specialist,"Savencia Fromage & Dairy Czech Republic, a.s.",Praha – Michle,,https://www.jobs.cz/rpd/2001438352/,2026-09-21T18:04:12+02:00
JB_0292,Brand Manager / Brand Managerka – FINI (FMCG),VIOLET KANGAROO s.r.o.,Hlavní město Praha + 2 další lokality,60 000 – 100 000 Kč,https://www.jobs.cz/rpd/2001432866/,2026-09-21T18:04:21+02:00
JB_1601,CONTROLLER / ANALYTIK JUNIOR (M/Ž),Elektroline a.s.,Praha – Kobylisy,40 000 – 50 000 Kč,https://www.jobs.cz/rpd/2001438805/,2026-09-21T18:06:06+02:00
JB_3502,📊Finance & Operations Manager,elem6 s.r.o.,Praha – Strašnice,,https://www.jobs.cz/rpd/2001439125/,2026-09-21T18:16:15+02:00
JB_0924,Analytik/Analytička v oblasti sociálního zabezpečení a důchodového pojištění,Ministerstvo financí,Praha – Malá Strana,39 510 – 57 700 Kč,https://www.jobs.cz/rpd/2001438766/,2026-09-21T18:16:50+02:00
JB_8790,Senior Audit Analyst/Audit Consultant,LD Human Resources s.r.o.,Praha,55 000 – 80 000 Kč,https://www.jobs.cz/rpd/2001439256/,2026-09-21T18:16:58+02:00
JB_7634,AI Adoption Expert,EY,Praha – Nové Město,,https://www.jobs.cz/rpd/2001439218/,2026-09-21T18:17:24+02:00
JB_9022,Enterprise Architekt/ka,"MONETA Money Bank, a.s.",Praha – Michle,,https://www.jobs.cz/rpd/2001191305/,2026-09-21T18:17:24+02:00
JB_1772,Specialista controllingu / Financial Controller,"Letiště Praha, a. s.",Praha – Ruzyně,,https://www.jobs.cz/rpd/2001438112/,2026-09-21T18:17:46+02:00
JB_7589,Konzultant se zaměřením na IFRS a konsolidace,Deloitte,Praha – Vinohrady,,https://www.jobs.cz/rpd/2001438365/,2026-09-21T18:17:58+02:00
JB_0839,Accounting Methodology Expert (m/f),Raiffeisenbank a.s.,Praha – Nusle,,https://www.jobs.cz/rpd/2001438586/,2026-09-21T18:18:13+02:00
JB_2403,Associate Software Engineer - Full Stack,DHL Information Services (Europe) s.r.o.,Praha – Chodov,,https://www.jobs.cz/rpd/2001437917/,2026-09-21T18:25:03+02:00
JB_2490,Java Software Engineer | Spring Boot & REST API,Grafton Recruitment s.r.o.,Praha,70 000 – 95 000 Kč,https://www.jobs.cz/rpd/2001433460/,2026-09-21T18:26:21+02:00
JB_7145,Outbound Sales & Lead Generation Specialist,DoMyTax accounting s.r.o.,Praha – Nusle,50 000 – 70 000 Kč,https://www.jobs.cz/rpd/2001438715/,2026-09-21T18:26:33+02:00
JB_8387,Marketing Coordinator,Marriott Prague Hotel,Praha – Nové Město,,https://www.jobs.cz/rpd/2001438927/,2026-09-21T18:26:41+02:00
JB_3882,Junior konzultant/ka - Regulace finančního trhu,EY,Praha – Nové Město,50 000 Kč,https://www.jobs.cz/rpd/2001439128/,2026-09-21T18:26:47+02:00
JB_8579,Specialista/ka marketingu a komunikace (A2253),Metrostav TBR a.s.,Praha – Libeň,,https://www.jobs.cz/rpd/2001438722/,2026-09-21T18:26:54+02:00
JB_8363,Osobní bankéř/ka senior - Vinohradská,"Česká spořitelna, a.s.",Praha – Vinohrady,,https://www.jobs.cz/rpd/2001438643/,2026-09-21T18:26:54+02:00
JB_7804,Junior Field Service Technik,CDC Data s.r.o.,Praha – Horní Počernice,35 000 – 45 000 Kč,https://www.jobs.cz/rpd/2001426670/,2026-09-21T18:35:04+02:00
JB_4940,Junior Accounting IFRS Methodology specialist (m/f),Raiffeisenbank a.s.,Praha – Nusle,,https://www.jobs.cz/rpd/2001438587/,2026-09-21T18:35:34+02:00
JB_5281,Front Office & Support Assistant - Key Support Role,Deckard & Penfield s.r.o.,Praha – Holešovice,35 000 Kč,https://www.jobs.cz/rpd/2001439150/,2026-09-21T18:35:55+02:00
JB_1037,Senior Vedoucí Výroby - Line Lead,Philip Morris ČR,Kutná Hora – Sedlec,,https://www.jobs.cz/rpd/2001310872/,2026-09-21T18:43:52+02:00
JB_1198,SPECIALISTA TECHNICKÉHO DOHLEDU | AJ a NJ | až 60 000 Kč,Grafton Recruitment s.r.o.,Praha,45 000 – 60 000 Kč,https://www.jobs.cz/rpd/2001438692/,2026-09-21T18:43:59+02:00
JB_4798,Supervizor týmu zákaznické linky ČEZ ⚡,Konecta Czech a.s.,Česká republika,30 000 – 40 000 Kč,https://www.jobs.cz/rpd/2001340027/,2026-09-21T18:43:59+02:00
JB_1984,Sales representative (f/m),Barlinek S.A.,Praha,,https://www.jobs.cz/rpd/2001437960/,2026-09-21T18:44:28+02:00
JB_0335,Asistent/-ka prodeje - WOOLRICH - Westfield Chodov,GANT Central Europe s.r.o.,Praha – Chodov,,https://www.jobs.cz/rpd/2001438809/,2026-09-21T18:45:15+02:00
JB_3434,Senior Accountant | E-commerce & Inventory,fabini brand s.r.o.,Praha – Holešovice,70 000 – 80 000 Kč,https://www.jobs.cz/rpd/2001439259/,2026-09-21T18:45:15+02:00
JB_9723,Back Office & Office Manager/ka,KKIG Services s.r.o.,Praha – Vinohrady,,https://www.jobs.cz/rpd/2001436589/,2026-09-21T18:45:56+02:00
JB_1654,Tender & Transport Data Analyst,FM LOGISTIC,Tuchoměřice,,https://www.jobs.cz/rpd/2001440614/,2026-09-22T18:59:24+02:00
JB_3436,Compliance Technology & Data Specialist (JPO31953),Alza.cz a.s.,Praha – Holešovice,,https://www.jobs.cz/rpd/2001440749/,2026-09-22T18:59:24+02:00
JB_5098,AI Solutions Engineer,UNIQA,Praha – Vokovice + 1 další lokalita,,https://www.jobs.cz/rpd/2001441120/,2026-09-22T18:59:39+02:00
JB_7069,AI Governance Specialist,UNIQA,Praha – Vokovice + 1 další lokalita,,https://www.jobs.cz/rpd/2001441119/,2026-09-22T18:59:39+02:00
JB_1293,AI Platform Owner,UNIQA,Praha – Vokovice + 1 další lokalita,,https://www.jobs.cz/rpd/2001441179/,2026-09-22T18:59:39+02:00
JB_8751,Business/Datový analytik,"ČSOB Pojišťovna, a. s., člen holdingu ČSOB",Praha – Radlice + 1 další lokalita,,https://www.jobs.cz/rpd/2001440840/,2026-09-22T18:59:53+02:00
JB_7243,Junior Data Specialist (Risk & Finance) - zástup za MD/RD,innogy Česká republika a.s.,Praha – Strašnice,,https://www.jobs.cz/rpd/2001364173/,2026-09-22T19:00:06+02:00
JB_6068,Security Analyst,MagnaPharm CZ s.r.o.,Praha – Smíchov,,https://www.jobs.cz/rpd/2001441154/,2026-09-22T19:00:20+02:00
JB_0156,Investment Analyst Junior – Public Equities & M&A,AKIPIA a.s.,Praha,,https://www.jobs.cz/rpd/2001441181/,2026-09-22T19:00:20+02:00
JB_3157,"Sales Analyst, Fragrance & Beauty (Eastern Europe / EE)",CHANEL s.r.o.,Praha – Josefov,,https://www.jobs.cz/rpd/2001440688/,2026-09-22T19:00:20+02:00
JB_3044,AI Process & Control Specialist,UNIQA,Praha – Vokovice + 1 další lokalita,,https://www.jobs.cz/rpd/2001441148/,2026-09-22T19:00:32+02:00
JB_5968,Specialista/ka plánování zásob a objednávání,"MOL Česká republika, s.r.o.",Praha – Smíchov,,https://www.jobs.cz/rpd/2001440320/,2026-09-22T19:00:32+02:00
JB_1173,Big Data Administrátor/ka - Cloudera a Databricks,"Komerční banka, a.s.",Praha – Stodůlky,,https://www.jobs.cz/rpd/2001440645/,2026-09-22T19:00:32+02:00
JB_4947,Datový analytik pro správu zásob (ž/m),"ROSSMANN,spol.s r.o.",Praha – Nusle,,https://www.jobs.cz/rpd/2001441195/,2026-09-22T19:00:32+02:00
JB_6304,EXPERT/KA BUSINESS INTELIGENCE,Elektrárna Dukovany II,Praha – Michle + 2 další lokality,,https://www.jobs.cz/rpd/2001440294/,2026-09-22T19:00:57+02:00
JB_3668,Head of Growth & Marketing,Prague Fertility Centre s.r.o.,Praha – Vysočany,,https://www.jobs.cz/rpd/2001441274/,2026-09-22T19:01:44+02:00
JB_1427,Fiber Roll-out Senior Analyst,CETIN a.s.,Praha – Libeň,,https://www.jobs.cz/rpd/2001441437/,2026-09-22T19:02:08+02:00
JB_5628,Senior IT Support Specialist (Azure & On-prem),Allwyn Česko a.s.,Praha – Vokovice,,https://www.jobs.cz/rpd/2001440395/,2026-09-22T19:02:24+02:00
JB_0485,PPC Specialist (Medior/Senior) pro Nevyhasni,Nevyhasni z.s.,Praha – Vyšehrad,,https://www.jobs.cz/rpd/2001441304/,2026-09-22T19:02:24+02:00
JB_6054,"HR SPECIALIST S AJ, ZAJÍMAVÉ FINANČNÍ OHODNOCENÍ",ManpowerGroup s.r.o.,Praha + 1 další lokalita,,https://www.jobs.cz/rpd/2001441186/,2026-09-22T19:02:37+02:00
JB_2944,HR Operations Specialist,Bobcat,Dobříš,,https://www.jobs.cz/rpd/2001432709/,2026-09-22T19:02:38+02:00
JB_4418,Senior Financial Controlling Specialist,"Invia.cz, a.s.",Praha – Vinohrady,60 000 – 80 000 Kč,https://www.jobs.cz/rpd/2001441153/,2026-09-22T19:09:22+02:00
JB_7749,Internal Sales Specialist zakázkového oddělení,ESON CZ s.r.o.,Lety,70 000 Kč,https://www.jobs.cz/rpd/2001441429/,2026-09-22T19:09:28+02:00
JB_4540,Manažer investičního růstu a klientských cest (m/ž),"ČSOB Československá obchodní banka, a. s.",Hlavní město Praha,,https://www.jobs.cz/rpd/2001440124/,2026-09-22T19:09:51+02:00
JB_6049,Technology cybersecurity expert (f/m),T-Mobile Czech Republic a.s.,Praha – Chodov,,https://www.jobs.cz/rpd/2000789954/,2026-09-22T19:09:51+02:00
JB_3072,Specialista finančních operací,Pineal s.r.o.,Praha – Nusle,36 000 – 65 000 Kč,https://www.jobs.cz/rpd/2001440467/,2026-09-22T19:10:14+02:00
JB_6474,Account Manager pro nájemní bydlení,UlovDomov.cz s.r.o.,Praha – Strašnice,,https://www.jobs.cz/rpd/2001360019/,2026-09-22T19:10:14+02:00
JB_7056,Head of eCommerce (f/m/d),Josera Erbacher Service,Praha,,https://www.jobs.cz/rpd/2001440799/,2026-09-22T19:11:01+02:00
JB_3953,FINANČNÍ ŘEDITEL:KA,ISG Personalmanagement s.r.o.,okres Praha,,https://www.jobs.cz/rpd/2001406070/,2026-09-22T19:11:01+02:00
JB_8339,Senior Accountant,MINTH CZ s.r.o.,Úžice,,https://www.jobs.cz/rpd/2001441253/,2026-09-22T19:11:15+02:00
JB_3075,SENIOR účetní s AJ - zahraniční agenda,Bilsing Automation Czech s.r.o.,Benátky nad Jizerou – Benátky nad Jizerou II,,https://www.jobs.cz/rpd/2001440571/,2026-09-22T19:11:30+02:00
JB_3190,Asistent/ka zákaznické podpory skladu DATART,DATART,Jirny,40 000 – 45 000 Kč,https://www.jobs.cz/rpd/2001441201/,2026-09-22T19:11:41+02:00
JB_6376,Osobní bankéř/ka - Čelákovice,"Česká spořitelna, a.s.",Čelákovice,,https://www.jobs.cz/rpd/2001266637/,2026-09-22T19:11:41+02:00
JB_4690,IT Solution Designer (f/m),T-Mobile Czech Republic a.s.,Praha – Chodov,,https://www.jobs.cz/rpd/2001147388/,2026-09-22T19:12:01+02:00
JB_4733,UX Designer,Thales DIS Czech Republic s.r.o.,Praha – Michle,,https://www.jobs.cz/rpd/2001177524/,2026-09-22T19:12:13+02:00
JB_2196,Specialista/ka správy Srovnávacího nástroje,Energetický regulační úřad,Praha – Holešovice,35 840 – 45 940 Kč,https://www.jobs.cz/rpd/2001440066/,2026-09-22T19:17:29+02:00
JB_3855,Specialista*ka řízení rizik třetích stran,Raiffeisenbank a.s.,Praha,,https://www.jobs.cz/rpd/2001440805/,2026-09-22T19:17:29+02:00
JB_1241,PROGRAMÁTOR DESKTOPOVÝCH APLIKACÍ,"Technická správa komunikací hl. m. Prahy, a.s.",Praha – Holešovice,,https://www.jobs.cz/rpd/2001440597/,2026-09-22T19:17:29+02:00
JB_5326,Site Reliability Engineer / DevOps & Integration Engineer,Thales DIS Czech Republic s.r.o.,Praha – Michle,,https://www.jobs.cz/rpd/2001441278/,2026-09-22T19:17:40+02:00
JB_7725,Engineer Operations for Market Risk applications,"COMMERZBANK Aktiengesellschaft, pobočka Praha",Praha – Nové Město,,https://www.jobs.cz/rpd/2001440624/,2026-09-22T19:18:17+02:00
JB_6381,People Administration Support (part-time),"VIG RE zajišťovna, a.s.",Praha – Michle,,https://www.jobs.cz/rpd/2001433261/,2026-09-22T19:18:38+02:00
JB_3952,Operational Excellence Manager (FES&P),FORVIA Faurecia Group,Mladá Boleslav – Bezděčín,,https://www.jobs.cz/rpd/2001440154/,2026-09-22T19:18:38+02:00
JB_9173,Právník junior,KAPRAIN a.s.,Praha – Libeň,,https://www.jobs.cz/rpd/2001441412/,2026-09-22T19:19:03+02:00
JB_0955,Middle Content Creator - AI-Video-First,Scalepunk,Praha – Karlín,,https://www.jobs.cz/rpd/2001441340/,2026-09-22T19:19:03+02:00
JB_7392,Sales Team Manager – veďte náš obchodní tým v oblasti security!,"G4S Secure Solutions (CZ), a.s.",Praha – Michle,,https://www.jobs.cz/rpd/2001441276/,2026-09-22T19:19:03+02:00
JB_9578,Hlavní účetní do výrobní společnosti,Geus okna a.s.,Praha – Modřany + 1 další lokalita,55 000 – 70 000 Kč,https://www.jobs.cz/rpd/2001441037/,2026-09-22T19:19:03+02:00
JB_9079,Motion Designer,VML Czechia s.r.o.,Praha – Holešovice,,https://www.jobs.cz/rpd/2001440647/,2026-09-22T19:19:03+02:00
JB_7680,Senior SQL Server DBA / Infrastructure & Automation Engineer,AAA Auto (AURES Holdings a.s.),Praha – Dolní Chabry,,https://www.jobs.cz/rpd/2001441250/,2026-09-22T19:19:57+02:00
JB_1690,Inženýr pro vysokofrekvenční měřící techniku a metrologii (m/ž) Junior/Senior,ROHDE & SCHWARZ,Praha – Dejvice,69 000 – 82 000 Kč,https://www.jobs.cz/rpd/2001441162/,2026-09-22T19:20:09+02:00
JB_1206,Software Engineer do oddělení architektury,Elanor a.s.,Praha – Michle,,https://www.jobs.cz/rpd/2001441331/,2026-09-22T19:28:57+02:00
JB_2184,"Provozní energetik m/ž (údržbář, topenář, pracovník kotelny, operátor velínu)","Pivovary Staropramen, s.r.o.",Praha – Smíchov,,https://www.jobs.cz/rpd/2001284394/,2026-09-22T19:29:05+02:00
JB_0046,Cloud AWS & Site Reliability Engineer/ka,Air Bank a.s.,Praha – Dejvice + 1 další lokalita,,https://www.jobs.cz/rpd/2001440185/,2026-09-22T19:29:19+02:00
JB_6792,🔧 Seřizovač | Přesnost je tvoje vizitka,AERO Vodochody AEROSPACE a.s.,Odolena Voda – Dolínek,,https://www.jobs.cz/rpd/2001356527/,2026-09-22T19:29:31+02:00
JB_4253,Konzultant/ka nemocničního informačního systému FONS Akord,STAPRO s. r. o.,Praha – Vinohrady + 1 další lokalita,,https://www.jobs.cz/rpd/2001440787/,2026-09-22T19:30:10+02:00
JB_7963,Digital Marketing Account Manager,Vizergy Digital Marketing,Česká republika,,https://www.jobs.cz/rpd/2001441480/,2026-09-22T19:38:25+02:00
JB_9636,Obchodní zástupce – Česká republika,UAB Nordin group,Praha – Nusle,45 000 – 80 000 Kč,https://www.jobs.cz/rpd/2001433694/,2026-09-22T19:40:42+02:00
JB_0745,Linux Service Owner,Fortuna Group,Praha – Vinohrady,,https://www.jobs.cz/rpd/2001439528/,2026-09-22T19:50:22+02:00
JB_1896,Finanční a výrobní analytik/čka,"Uzeniny Příbram, a.s.",Příbram – Příbram I,,https://www.jobs.cz/rpd/2001440432/,2026-09-22T19:50:56+02:00
JB_7550,SAP FI Consultant,"CPI Services, a.s.",Praha – Nové Město,,https://www.jobs.cz/rpd/2001181798/,2026-09-22T19:52:07+02:00
JB_0835,Pracovník oddělení AML FRAUD,"Fio banka, a.s.",Praha – Nové Město,,https://www.jobs.cz/rpd/2001440227/,2026-09-22T19:52:07+02:00
JB_6032,CORPORATE FINANCING TRAINEE PROGRAM,J&T BANKA,Praha – Karlín,,https://www.jobs.cz/rpd/2001441042/,2026-09-22T19:52:42+02:00
JB_9113,PLC Engineer | Industrial Automation a Control Systems | Prague | Hybrid,Manpower IT,Praha,,https://www.jobs.cz/rpd/2001441194/,2026-09-22T20:00:13+02:00
JB_3891,Specialista bezpečnostního monitoringu (SIEM),"Česká spořitelna, a.s.",Praha – Krč,,https://www.jobs.cz/rpd/2001440772/,2026-09-22T20:00:30+02:00
JB_9442,VEDOUCÍ LOGISTICKÉHO TÝMU | REMOTE | 60 - 75 000 Kč,PERASPERA group,okres Praha-západ,60 000 – 75 000 Kč,https://www.jobs.cz/rpd/2001440693/,2026-09-22T20:02:25+02:00
JB_7767,Senior Brand Media Manager,foodora,Praha – Libeň,,https://www.jobs.cz/rpd/2001440089/,2026-09-22T20:29:30+02:00
JB_5455,Senior Talent Partner | Recruiter | HR (AI) Ambassador,mBank,Praha – Karlín,,https://www.jobs.cz/rpd/2001443436/,2026-09-23T20:05:26+02:00
JB_0023,Podpora manažerky obchodní sítě ČSOB Stavební spořitelny,ČSOB Stavební spořitelna - obchodní zastoupení,Hlavní město Praha,45 000 – 50 000 Kč,https://www.jobs.cz/rpd/2001443069/,2026-09-23T20:05:26+02:00
JB_9593,Data Scientist / Data Engineer and Process Mining Architect,Processand s.r.o.,Praha – Karlín,,https://www.jobs.cz/rpd/2000932703/,2026-09-23T20:05:26+02:00
JB_8925,Specialist IT SAP Business Process Management,Clarios,Česká Lípa,,https://www.jobs.cz/rpd/2001442397/,2026-09-23T20:05:47+02:00
JB_9545,IT Business Analyst,BNP Paribas Cardif,Praha – Libeň,,https://www.jobs.cz/rpd/2001443201/,2026-09-23T20:05:55+02:00
JB_3112,ODBORNÁ STÁŽ V OBLASTI ZPRACOVÁNÍ A AUTOMATIZACE DAT,"Toyota Motor Manufacturing Czech Republic, s.r.o.",Ovčáry,,https://www.jobs.cz/rpd/2001442183/,2026-09-23T20:05:55+02:00
JB_1808,Senior M&A Analyst/Advisor,Linet spol. s r.o.,Slaný,,https://www.jobs.cz/rpd/2001443159/,2026-09-23T20:06:05+02:00
JB_2345,HR analyst/Statistical expert,"PricewaterhouseCoopers Česká republika, s.r.o.",Praha – Nusle,,https://www.jobs.cz/rpd/2001250167/,2026-09-23T20:06:05+02:00
JB_6412,IT konzultant / Business analytik – zákaznické portály,UTILITIES SYSTEMS s.r.o.,Praha – Podolí,,https://www.jobs.cz/rpd/2001443146/,2026-09-23T20:06:05+02:00
JB_5892,Energy Analyst - Associate Consultant,"KPMG Česká republika, s.r.o.",Praha – Karlín,,https://www.jobs.cz/rpd/2001442595/,2026-09-23T20:06:05+02:00
JB_2203,IAM / IGA Specialist,teamIT s.r.o.,Hlavní město Praha,140 000 – 170 000 Kč,https://www.jobs.cz/rpd/2001443043/,2026-09-23T20:06:26+02:00
JB_2710,Metodik analýzy simulačních dat,"ENGINN EFFECT, s.r.o.",Praha – Nové Město,,https://www.jobs.cz/rpd/2001442638/,2026-09-23T20:06:39+02:00
JB_1495,RGM Business Partner,STOCK Plzeň-Božkov s.r.o.,Praha – Jinonice,,https://www.jobs.cz/rpd/2001443400/,2026-09-23T20:06:45+02:00
JB_9645,Promo Planning Specialist,Penny Market s.r.o.,Radonice,,https://www.jobs.cz/rpd/2001443141/,2026-09-23T20:06:53+02:00
JB_8278,Webový/á analytik/čka,"Člověk v tísni, o.p.s.",Praha – Vinohrady,45 000 – 50 000 Kč,https://www.jobs.cz/rpd/2001441487/,2026-09-23T20:06:53+02:00
JB_2118,Datový analytik senior,"Technologie hlavního města Prahy, a.s.",Praha – Holešovice,,https://www.jobs.cz/rpd/2000537771/,2026-09-23T20:07:01+02:00
JB_5944,Expert/ka datových analýz,Skupina ČEZ,Praha – Michle,,https://www.jobs.cz/rpd/2001442544/,2026-09-23T20:07:01+02:00
JB_1094,Informatik - příslušník IT/ICT oddělení,Bezpečnostní informační služba,Praha – Stodůlky,60 000 – 100 000 Kč,https://www.jobs.cz/rpd/2001442407/,2026-09-23T20:07:01+02:00
JB_2028,Specialista/tka technologií flexibility,Skupina ČEZ,Praha – Michle,,https://www.jobs.cz/rpd/2001441257/,2026-09-23T20:07:08+02:00
JB_6167,Full-Stack Data Scientist - Production🍩,"La Lorraine, a.s.",Kladno – Kročehlavy,,https://www.jobs.cz/rpd/2001443017/,2026-09-23T20:07:08+02:00
JB_9317,Junior Project Coordinator - Lean/Kaizen,GE Aviation Czech s.r.o.,Praha – Letňany,30 000 – 40 000 Kč,https://www.jobs.cz/rpd/2001331429/,2026-09-23T20:07:08+02:00
JB_4371,Expert oddělení Category Management - nákupčí (m/ž),OBI Česká republika s.r.o.,Praha – Michle,,https://www.jobs.cz/rpd/2001443081/,2026-09-23T20:07:22+02:00
JB_6908,Technical Lead Data Center & Storage,TOTAL SERVICE a.s.,Praha – Holešovice,,https://www.jobs.cz/rpd/2001417646/,2026-09-23T20:07:35+02:00
JB_5895,Expert/ka analýz a tradingu komodit,Skupina ČEZ,Praha – Michle,,https://www.jobs.cz/rpd/2001442520/,2026-09-23T20:07:35+02:00
JB_3433,Procurement/HR Operations Specialist,Creative Dock Czech s.r.o.,Praha – Holešovice,,https://www.jobs.cz/rpd/2001441637/,2026-09-23T20:08:07+02:00
JB_2688,DC & HR Support Specialist,"Albert Česká republika, s.r.o.",Klecany,,https://www.jobs.cz/rpd/2001443055/,2026-09-23T20:15:41+02:00
JB_2180,Marketing Specialist pro ukrajinskou pobočku (part-time),Solarity s.r.o.,Praha – Nové Město,18 000 – 23 000 Kč,https://www.jobs.cz/rpd/2001441527/,2026-09-23T20:15:41+02:00
JB_3984,Account Manager & Media Planner | POS / In-Store Marketing - mezinárodní agentura,REED SPECIALIST RECRUITMENT,Praha,,https://www.jobs.cz/rpd/2001443224/,2026-09-23T20:15:41+02:00
JB_6843,Account Manager & Media Planner | POS / In-Store Marketing - mezinárodní agentura,REED SPECIALIST RECRUITMENT,Praha,,https://www.jobs.cz/rpd/2001425564/,2026-09-23T20:15:49+02:00
JB_5940,TA Specialist- MSM Group,MSM GROUP s.r.o.,Praha – Karlín,,https://www.jobs.cz/rpd/2001443008/,2026-09-23T20:15:49+02:00
JB_9180,Junior Transport Specialist (Import Operations),"Private solution, s.r.o.",Praha – Nusle,55 000 Kč,https://www.jobs.cz/rpd/2001443206/,2026-09-23T20:16:02+02:00
JB_8165,Senior účetní s přesahem do controllingu,E D & F Man Ingredients s.r.o.,Praha – Vokovice,,https://www.jobs.cz/rpd/2001442536/,2026-09-23T20:16:13+02:00
JB_4415,Finanční controller/ka junior – výrobní společnost,Recrutech s.r.o.,Beroun,55 000 – 65 000 Kč,https://www.jobs.cz/rpd/2001443205/,2026-09-23T20:16:20+02:00
JB_8103,Hledáme parťáka do Interní komunikace (m/ž),O2 Czech Republic a.s.,Praha – Michle,,https://www.jobs.cz/rpd/2001443341/,2026-09-23T20:16:49+02:00
JB_8000,CRM specialista*ka bankovních kampaní,Raiffeisenbank a.s.,Praha – Nusle,,https://www.jobs.cz/rpd/2001440905/,2026-09-23T20:17:08+02:00
JB_5843,⭕ Specialista/ka logistických procesů se znalostí CargoWise |📍Praha |💰55.000 Kč + bonusy,"ProfesKontakt, s.r.o.",Hlavní město Praha,55 000 – 60 000 Kč,https://www.jobs.cz/rpd/2001443014/,2026-09-23T20:17:08+02:00
JB_3043,Specialista/tka na ICT architekturu a rozvoj systémů,Státní fond dopravní infrastruktury,Praha – Libeň,35 000 – 61 000 Kč,https://www.jobs.cz/rpd/2001442808/,2026-09-23T20:17:08+02:00
JB_1087,CRM & Customer Care Manager,KLENOTA s.r.o.,Praha – Staré Město,,https://www.jobs.cz/rpd/2001442921/,2026-09-23T20:17:18+02:00
JB_0909,Analytics and PowerBI Development Intern,Sanofi,Praha – Dejvice,,https://www.jobs.cz/rpd/2001443223/,2026-09-23T20:17:36+02:00
JB_2465,Manažer administrativy | Logistika,Grafton Recruitment s.r.o.,Tuchoměřice,50 000 – 70 000 Kč,https://www.jobs.cz/rpd/2001441334/,2026-09-23T20:17:45+02:00
JB_7232,HR Generalista/ka – Pravá ruka pro HR Business Partnery,HOPI s.r.o.,Říčany – Jažlovice,40 000 – 48 000 Kč,https://www.jobs.cz/rpd/2001443160/,2026-09-23T20:17:52+02:00
JB_5745,"Vývojáři webové aplikace (front-end, back-end, full-stack, databáze)","ENGINN EFFECT, s.r.o.",Praha – Nové Město,,https://www.jobs.cz/rpd/2001442654/,2026-09-23T20:17:52+02:00
JB_4478,Senior Solution Architect,Thales DIS Czech Republic s.r.o.,Praha – Michle,,https://www.jobs.cz/rpd/2001442699/,2026-09-23T20:27:53+02:00
JB_7459,"Product Manager, Analytics","Radio Free Europe/Radio Liberty - Rádio Svobodná Evropa, Inc.",Praha – Strašnice,,https://www.jobs.cz/rpd/2001425704/,2026-09-23T20:27:53+02:00
JB_6010,IT Asset Manager (Správce IT majetku a licencí),"Globus ČR, v.o.s.",Praha – Čakovice,,https://www.jobs.cz/rpd/2001442482/,2026-09-23T20:28:07+02:00
JB_3079,Senior Software Developer (Public Facing applications) HPP/ICO,"IDC Central Europe, the Middle East & Africa",Praha – Staré Město,,https://www.jobs.cz/rpd/2001443258/,2026-09-23T20:28:17+02:00
JB_7528,Sr. Account Manager - CRM team,ACTUM Digital,Praha – Karlín,,https://www.jobs.cz/rpd/2001442988/,2026-09-23T20:28:17+02:00
JB_1392,"Asistent/ka ředitele (IT Technologie, mezinárodní business), 50% Home office",teamIT s.r.o.,Hlavní město Praha,40 000 – 60 000 Kč,https://www.jobs.cz/rpd/2001442586/,2026-09-23T20:28:17+02:00
JB_7003,Senior Java Engineer (Angular experience is a plus) HPP/ICO,"IDC Central Europe, the Middle East & Africa",Praha – Staré Město,,https://www.jobs.cz/rpd/2001443268/,2026-09-23T20:28:26+02:00
JB_5296,Software Engineer,Thales DIS Czech Republic s.r.o.,Praha – Michle,,https://www.jobs.cz/rpd/2001442546/,2026-09-23T20:28:35+02:00
JB_0518,Retail Media Activation Manager,Publicis Groupe,Praha – Libeň,,https://www.jobs.cz/rpd/2001443375/,2026-09-23T20:28:35+02:00
JB_4339,​Brand Manager - Jack Daniel's Tennessee Whiskey,"Brown-Forman Czechia, s.r.o.",Praha – Nové Město,,https://www.jobs.cz/rpd/2001442700/,2026-09-23T20:28:53+02:00
JB_2271,"Manager Clinic Partnership, PHA","Axial Personnel Agency, s.r.o.",Praha,,https://www.jobs.cz/rpd/2001442382/,2026-09-23T20:28:53+02:00
JB_5295,Facility Back Office Administrator (m/ž),"Zentiva, k.s.",Praha – Dolní Měcholupy,,https://www.jobs.cz/rpd/2001441594/,2026-09-23T20:28:53+02:00
JB_5580,Supply Planner,ManpowerGroup s.r.o.,Praha,,https://www.jobs.cz/rpd/2001442870/,2026-09-23T20:29:03+02:00
JB_5863,VEDOUCÍ ÚČETNICTVÍ SKUPINY / GROUP ACCOUNTING & FINANCE MANAGER,AHC a.s.,Praha – Staré Město,,https://www.jobs.cz/rpd/2001442241/,2026-09-23T20:29:18+02:00
JB_5636,Strategický nákupčí | Food & Supply Chain (M/Ž),"ARAMARK, s.r.o.",Praha – Jinonice,,https://www.jobs.cz/rpd/2001175493/,2026-09-23T20:29:18+02:00
JB_6148,(Junior) Customer Care Agent in Finance & Accounting with Dutch (R00335320),Accenture,Praha – Holešovice,,https://www.jobs.cz/rpd/2001318455/,2026-09-23T20:29:30+02:00
JB_3417,Seniorní vývojář/ka s vedením týmu,Air Bank a.s.,Praha – Dejvice,,https://www.jobs.cz/rpd/2001442028/,2026-09-23T20:30:45+02:00
JB_6446,Geodet do střediska 3D technologií,PŘEDVÝBĚR.CZ a.s.,Praha – Vysočany,45 000 – 70 000 Kč,https://www.jobs.cz/rpd/2001443286/,2026-09-23T20:40:09+02:00
JB_9486,Specialista/ka automatizovaného testování,Air Bank a.s.,Praha – Dejvice + 1 další lokalita,,https://www.jobs.cz/rpd/2001443540/,2026-09-23T20:40:48+02:00
JB_5848,TESTER / TESTERKA SW APLIKACÍ,Apatyka servis s.r.o.,Praha – Hostivař,,https://www.jobs.cz/rpd/2001442279/,2026-09-23T20:40:54+02:00
JB_2882,Installation Supervisor | Mezinárodní projekty potravinářských provozů po celém světě,ManpowerGroup s.r.o.,Praha,,https://www.jobs.cz/rpd/2001442240/,2026-09-23T20:41:18+02:00
JB_6655,Konzultant/ka účetnictví a účetního výkaznictví,Tomáš Kašpar,Praha – Nové Město,50 000 – 60 000 Kč,https://www.jobs.cz/rpd/2001443550/,2026-09-23T20:49:49+02:00
JB_8873,Asistent/ka produktového a marketingového oddělení,DecodeIT s.r.o.,Praha,,https://www.jobs.cz/rpd/2001442228/,2026-09-23T20:50:16+02:00
JB_4357,Analytik procesů hodnocení veřejných soutěží v oddělení kolektivních orgánů,Technologická agentura ČR,Praha – Dejvice,,https://www.jobs.cz/rpd/2001442567/,2026-09-23T20:51:39+02:00
JB_8242,Junior Procurement Specialist,Deloitte,Praha – Vinohrady,,https://www.jobs.cz/rpd/2001443487/,2026-09-23T20:52:31+02:00
JB_4941,Buying Manager for Central Europe,Tesco Stores ČR a.s. - Centrála,Praha – Vršovice,,https://www.jobs.cz/rpd/2001438387/,2026-09-23T20:52:31+02:00
JB_2723,IT Business Analyst (COPS cluster / Cyber Risk cell),"COMMERZBANK Aktiengesellschaft, pobočka Praha",Praha – Nové Město,,https://www.jobs.cz/rpd/2001443301/,2026-09-23T20:59:03+02:00
JB_6623,⋙ Business Controller | Finance Business Partner ⋘,"mBlue Czech, s.r.o.",Praha,,https://www.jobs.cz/rpd/2001429443/,2026-09-23T20:59:42+02:00
JB_2443,IT Konzultant/ka (app- podnikové procesy),"acantha, s.r.o.",Praha,,https://www.jobs.cz/rpd/2001442220/,2026-09-23T21:00:36+02:00
JB_9674,Finanční BC konzultant pro Microsoft Dynamics 365,ARTEX informační systémy spol. s r.o.,Praha – Smíchov,,https://www.jobs.cz/rpd/2000973579/,2026-09-23T21:00:36+02:00
JB_8849,Obchodní konzultant | Liberecký a Pardubický kraj,"RM GASTRO, s.r.o.",Praha – Horní Počernice,44 000 – 60 000 Kč,https://www.jobs.cz/rpd/2001430579/,2026-09-23T21:00:55+02:00
JB_8960,SENIOR ACCOUNTANT / TEAM LEADER (RTR),OPENN s.r.o.,Praha,,https://www.jobs.cz/rpd/2001443480/,2026-09-23T21:01:16+02:00
JB_0649,SAP Specialista (m/ž),Škoda Auto a.s.,Praha,,https://www.jobs.cz/rpd/1631966409/,2026-09-23T21:07:52+02:00
JB_0810,SAP Specialist (m/f),Škoda Auto a.s.,Praha,,https://www.jobs.cz/rpd/1634507821/,2026-09-23T21:07:52+02:00
JB_8373,Osobní bankéř/ka - Litoměřice,"Česká spořitelna, a.s.",Litoměřice,,https://www.jobs.cz/rpd/2001443295/,2026-09-23T21:10:29+02:00
JB_4369,Osobní bankéř/ka - Anděl,"Česká spořitelna, a.s.",Praha – Smíchov,,https://www.jobs.cz/rpd/2001362404/,2026-09-23T21:10:29+02:00
JB_9693,Commercial Operations specialista/ka,Prusa Research a.s.,Praha – Holešovice,,https://www.jobs.cz/rpd/2001442743/,2026-09-23T21:29:13+02:00
JB_7732,Job description - Junior IT administrator,"Vojenský technický ústav, s.p.",Praha – Kbely,,https://www.jobs.cz/rpd/2001367601/,2026-09-23T21:29:26+02:00
JB_3626,Nákupčí v eshopu s fitness vybavením,StrongGear s.r.o.,Dětenice – Osenice,50 000 Kč,https://www.jobs.cz/rpd/2001441291/,2026-09-23T21:31:50+02:00
JB_8350,Provozní manažer prodejny Pánské obleky BANDI Praha,BANDI VAMOS a.s.,Praha – Libeň + 1 další lokalita,35 000 – 55 000 Kč,https://www.jobs.cz/rpd/2001369793/,2026-09-23T21:31:50+02:00
JB_8232,IVF Koordinátor/ka pro české klienty,Prague Fertility Centre s.r.o.,Praha – Vysočany,,https://www.jobs.cz/rpd/2001442815/,2026-09-23T21:32:03+02:00
JB_5763,Provozní manažer/ka - DATART (Galerie Butovice),DATART,Praha – Jinonice,43 000 – 50 000 Kč,https://www.jobs.cz/rpd/2001442391/,2026-09-23T21:32:03+02:00
JB_3027,Personální koordinátor/ka,Tesco Stores ČR a.s. - Centrála,Praha – Vršovice,,https://www.jobs.cz/rpd/2001443096/,2026-09-23T21:40:29+02:00
JB_6596,Senior Java Developer - AI-Driven Engineer (m/f),Raiffeisenbank a.s.,Praha – Nusle,,https://www.jobs.cz/rpd/2001441404/,2026-09-25T10:05:19+02:00
JB_1733,Data Engineer (Databricks) - Chceš stavět lakehouse v enterprise měřítku?,ADASTRA CZ s.r.o.,Praha – Karlín,,https://www.jobs.cz/rpd/2001445086/,2026-09-25T10:05:19+02:00
JB_1181,Business Intelligence Analyst | AI & Data Analytics,Vodafone Czech Republic a.s.,Praha – Stodůlky,,https://www.jobs.cz/rpd/2001446123/,2026-09-25T10:05:19+02:00
JB_4607,Data Engineer*ka - Praha,Raiffeisenbank a.s.,Praha,,https://www.jobs.cz/rpd/2001444921/,2026-09-25T10:05:25+02:00
JB_9818,Datový analytik (m/ž),"ČSOB Československá obchodní banka, a. s.",Hlavní město Praha,,https://www.jobs.cz/rpd/2001433421/,2026-09-25T10:06:08+02:00
JB_1520,Senior Business Analyst| Banking,Grafton Recruitment s.r.o.,Praha,140 000 – 160 000 Kč,https://www.jobs.cz/rpd/2001445225/,2026-09-25T10:06:08+02:00
JB_3803,ANALYTIK SKLADOVÝCH ZÁSOB (M/Ž) - flexibilní pracovní doba i home office!🏡,Foxconn Czech Republic,Kutná Hora – Karlov,,https://www.jobs.cz/rpd/2001445151/,2026-09-25T10:06:23+02:00
JB_9541,Documentation Specialist (October – December 2026),"Zentiva, k.s.",Praha – Dolní Měcholupy,,https://www.jobs.cz/rpd/2001444209/,2026-09-25T10:06:55+02:00
JB_5093,Intern Business Management,"HSBC Continental Europe, Czech Republic",Praha – Nové Město,,https://www.jobs.cz/rpd/2001445240/,2026-09-25T10:07:17+02:00
JB_7414,Sales Support Administrator (Order Management & Customer Support) - částečný úvazek (m/ž),Hitachi Energy Czech Republic s.r.o.,Praha – Braník,,https://www.jobs.cz/rpd/2001444804/,2026-09-25T10:07:24+02:00
JB_0513,"Financial Controller | Finance, Data & Business","acantha, s.r.o.",Praha,,https://www.jobs.cz/rpd/2001445103/,2026-09-25T10:07:34+02:00
JB_4683,Marketing Procurement Senior Specialist,NonStop Consulting s.r.o.,Hlavní město Praha,80 000 – 95 000 Kč,https://www.jobs.cz/rpd/2001444289/,2026-09-25T10:07:46+02:00
JB_8459,Demand Generation Specialist - Chceš posouvat leady k obchodu a vidět své výsledky?,ADASTRA CZ s.r.o.,Praha – Karlín,,https://www.jobs.cz/rpd/2001444621/,2026-09-25T10:07:59+02:00
JB_2451,Accounts Recievable & Payments Specialist,"Multi-Wing CZ, s.r.o.",Praha – Holešovice,,https://www.jobs.cz/rpd/2001444964/,2026-09-25T10:17:23+02:00
JB_2380,Learning and development specialist (m/ž),Zásilkovna s.r.o.,Praha – Libeň,,https://www.jobs.cz/rpd/2001444778/,2026-09-25T10:17:23+02:00
JB_4741,Power BI specialist (m/ž),"Zentiva, k.s.",Praha – Dolní Měcholupy,,https://www.jobs.cz/rpd/2001444387/,2026-09-25T10:17:23+02:00
JB_2251,Customer Support Specialist – Esport & Gaming (100% Remote),Oddin.gg s.r.o.,Praha – Holešovice,,https://www.jobs.cz/rpd/2001445280/,2026-09-25T10:17:29+02:00
JB_5512,Customer Service Specialist,"Fresenius Medical Care - DS, s.r.o.",Praha – Vokovice,,https://www.jobs.cz/rpd/2001277275/,2026-09-25T10:17:41+02:00
JB_3094,Back Office Specialist pro konference,"ABF, a.s.",Praha – Letňany,36 900 Kč,https://www.jobs.cz/rpd/2001444450/,2026-09-25T10:17:41+02:00
JB_5345,Senior specialista/ka finančního reportingu - Praha,"MONETA Money Bank, a.s.",Praha – Michle,,https://www.jobs.cz/rpd/2001445953/,2026-09-25T10:17:41+02:00
JB_3253,CYBER SECURITY SPECIALISTA,"EKO-KOM, a.s.",Praha – Nusle,,https://www.jobs.cz/rpd/2001445111/,2026-09-25T10:17:55+02:00
JB_2267,Junior IT specialista / IT generalista,COPY GENERAL s.r.o.,Praha – Smíchov,40 000 – 60 000 Kč,https://www.jobs.cz/rpd/2001444295/,2026-09-25T10:17:55+02:00
JB_7097,Interim manažer - Celá ČR,CIS interim s.r.o.,Středočeský kraj + 3 další lokality,60 000 – 100 000 Kč,https://www.jobs.cz/rpd/2001446151/,2026-09-25T10:18:09+02:00
JB_8512,Chyť příležitost za pačesy. Tvoje budoucnost začíná u nás - Praha,"Czech Invest Solutions, s.r.o.",Praha – Vinohrady,47 000 – 69 000 Kč,https://www.jobs.cz/rpd/2001444222/,2026-09-25T10:18:09+02:00
JB_1223,FINANČNÍ SPECIALISTA,MORIS design s.r.o.,Černíky,45 000 – 55 000 Kč,https://www.jobs.cz/rpd/2001444677/,2026-09-25T10:18:50+02:00
JB_3824,Specialista interního vzdělávání,"Wrigley Confections ČR, kom. spol.",Poříčí nad Sázavou,60 000 – 70 000 Kč,https://www.jobs.cz/rpd/2001445227/,2026-09-25T10:19:00+02:00
JB_4262,FINANCIAL CONTROLLER,Exec-Search,Středočeský kraj,,https://www.jobs.cz/rpd/2001445157/,2026-09-25T10:19:00+02:00
JB_4154,Systémový administrátor/ka datového skladu,"MONETA Money Bank, a.s.",Praha – Michle,,https://www.jobs.cz/rpd/2001445098/,2026-09-25T10:19:21+02:00
JB_2984,Last Mile Operations Manager – FSD,Košík.cz s.r.o.,Praha – Dejvice,,https://www.jobs.cz/rpd/2001444580/,2026-09-25T10:19:21+02:00
JB_4359,Vedoucí/ho odboru strategického rozvoje ČVUT,České vysoké učení technické v Praze,Praha – Dejvice,,https://www.jobs.cz/rpd/2001446176/,2026-09-25T10:19:21+02:00
JB_6079,Hlavní účetní,JAF HOLZ spol. s r.o.,Vlašim – Domašín,,https://www.jobs.cz/rpd/2001444152/,2026-09-25T10:19:30+02:00
JB_2672,"HR Lead, který/á propojí lidi, provoz a business",Infinite X Prague s.r.o.,Praha – Nové Město,65 000 Kč,https://www.jobs.cz/rpd/2001444660/,2026-09-25T10:19:30+02:00
JB_3302,JUNIOR ÚČETNÍ - Praha 10 (nové kancelářské prostory v blízkosti metra A),Unikont Group s.r.o.,Praha – Malešice,,https://www.jobs.cz/rpd/2001446144/,2026-09-25T10:19:38+02:00
JB_1889,SAMOSTATNÁ/NÝ ÚČETNÍ - Praha 10 bez AJ (nové kancelářské prostory v blízkosti metra A),Unikont Group s.r.o.,Praha – Malešice,,https://www.jobs.cz/rpd/2001446133/,2026-09-25T10:19:38+02:00
JB_4272,Specialista/ka pro obchody s Českou poštou - Berounsko / Praha,"ČSOB Československá obchodní banka, a. s.",Hlavní město Praha + 1 další lokalita,,https://www.jobs.cz/rpd/2001444646/,2026-09-25T10:19:38+02:00
JB_3913,CX manažer (m/ž),"ČSOB Československá obchodní banka, a. s.",Hlavní město Praha,,https://www.jobs.cz/rpd/2001433423/,2026-09-25T10:28:05+02:00
JB_9560,IT Project Manager,LERIS.CZ s.r.o.,Praha – Libeň,,https://www.jobs.cz/rpd/2001444593/,2026-09-25T10:28:18+02:00
JB_5492,Herdekbaba - obchodník na telefonu,SimplyUp Group s.r.o.,Praha – Holešovice,,https://www.jobs.cz/rpd/2001445043/,2026-09-25T10:28:18+02:00
JB_9739,Vedoucí technického týmu | Mezinárodní prostředí | 5 týdnů dovolené + roční bonus,Talentica s.r.o.,Hlavní město Praha,70 000 – 75 000 Kč,https://www.jobs.cz/rpd/2001445125/,2026-09-25T10:28:26+02:00
JB_3016,Specialista monitoringu solárních elektráren – noční směna,PEG Services s.r.o.,Praha – Nové Město,,https://www.jobs.cz/rpd/2001445113/,2026-09-25T10:28:39+02:00
JB_7629,🚀 SENIOR CRM SPECIALISTA,COFIDIS a.s.,Praha – Stodůlky,,https://www.jobs.cz/rpd/2001445118/,2026-09-25T10:28:39+02:00
JB_0276,SUPPLY CHAIN MANAGER,PERASPERA group,okres Louny,100 000 – 120 000 Kč,https://www.jobs.cz/rpd/2001444801/,2026-09-25T10:28:50+02:00
JB_4004,GitHub Platform Engineer (m/ž),"ČSOB Československá obchodní banka, a. s.",Praha – Radlice,,https://www.jobs.cz/rpd/2001445248/,2026-09-25T10:28:50+02:00
JB_7887,"Senior Controller (90-100 000,-Kč)",HR Direct s.r.o.,Mělník,90 000 – 100 000 Kč,https://www.jobs.cz/rpd/2001427616/,2026-09-25T10:28:50+02:00
JB_5301,»»HSE Manager–Safety & Environment««,"ALPLA, spol. s r.o.",Bystřice – Petrovice,,https://www.jobs.cz/rpd/2001445138/,2026-09-25T10:29:05+02:00
JB_0288,Global Category Buyer – Marketing Procurement,CoolPeople Technology a.s.,Praha,90 000 – 110 000 Kč,https://www.jobs.cz/rpd/2001444982/,2026-09-25T10:29:13+02:00
JB_8958,Interní auditorka / interní auditor,Fakultní nemocnice Bulovka,Praha – Libeň,,https://www.jobs.cz/rpd/2001443932/,2026-09-25T10:29:23+02:00
JB_8573,Senior Accountant,PEG Services s.r.o.,Praha – Nové Město,,https://www.jobs.cz/rpd/2001444359/,2026-09-25T10:29:37+02:00
JB_8322,Údržbář lakovacích robotů junior i senior | s řadou benefitů,ManpowerGroup s.r.o.,Nymburk,40 000 – 55 000 Kč,https://www.jobs.cz/rpd/2001310245/,2026-09-25T10:30:54+02:00
JB_9819,Database Developer,Veeam Software (Czech Republic) s.r.o.,Praha – Karlín,,https://www.jobs.cz/rpd/2001444410/,2026-09-25T10:31:05+02:00
JB_5152,Oracle Developer,CGI CS&EE,Praha – Stodůlky,,https://www.jobs.cz/rpd/2001444498/,2026-09-25T10:31:05+02:00
JB_5146,Project Engineer - vedení výrobních projektů (m/ž),HOFMANN WIZARD s.r.o.,Praha,55 000 – 75 000 Kč,https://www.jobs.cz/rpd/2001446228/,2026-09-25T10:31:36+02:00
JB_5068,DEVOPS ENGINEER (K8S) SE SOFTWARE ENGINEERING BACKGROUNDEM,"RENOMIA, a. s.",Praha – Nové Město + 1 další lokalita,,https://www.jobs.cz/rpd/2001445224/,2026-09-25T10:41:41+02:00
JB_9854,VÝROBNÍ TECHNOLOG | 15 dní volna v měsíci | nepřetržitý provoz,PRAKAB Pražská Kabelovna s.r.o.,Praha – Hostivař,,https://www.jobs.cz/rpd/2001444282/,2026-09-25T10:41:48+02:00
JB_4905,C/C++ Embedded Developer | Space Missions (ESA),esc Aerospace s.r.o.,Praha – Bubeneč,,https://www.jobs.cz/rpd/2001445257/,2026-09-25T10:42:00+02:00
JB_1417,Pracovník řízení produktů a prodeje (obchodní zástupce e-mobility),"Pražská energetika, a.s.",Praha – Vršovice,,https://www.jobs.cz/rpd/2001444893/,2026-09-25T10:42:00+02:00
JB_7818,"Vaše IT kariéra začíná u nás - IT Analytik pro Salesforce, zkrácený úvazek","ČSOB Československá obchodní banka, a. s.",Praha – Radlice,,https://www.jobs.cz/rpd/2001444400/,2026-09-25T10:44:05+02:00
JB_6075,Chief Revenue Officer,Prusa Research a.s.,Praha – Holešovice,,https://www.jobs.cz/rpd/2001444826/,2026-09-25T10:51:29+02:00
JB_2562,Senior Consultant - Strategy & Execution,EY,Praha – Nové Město,,https://www.jobs.cz/rpd/2000710876/,2026-09-25T10:52:38+02:00
JB_6739,Client Manager,"Industrial and Commercial Bank of China Limited, Prague Branch",Praha – Nusle,,https://www.jobs.cz/rpd/2001445160/,2026-09-25T10:53:01+02:00
JB_2547,Ředitel / Ředitelka Delivery & Engineering,Popron Systems,Praha – Radlice,,https://www.jobs.cz/rpd/2001445594/,2026-09-25T10:53:15+02:00
JB_8484,DELOITTE - Junior Finance Consultant | Účetnictví a finanční projekty,Deloitte,Praha – Vinohrady,,https://www.jobs.cz/rpd/2001444903/,2026-09-25T11:02:41+02:00
JB_3572,Solution Architect / Senior Software Engineer - (m/w/n),JABLOTRON a.s.,Praha – Chodov,,https://www.jobs.cz/rpd/2001443250/,2026-09-25T11:03:04+02:00
JB_6161,Bussines/IT Analytik,STAVMAT STAVEBNINY,Rudná,,https://www.jobs.cz/rpd/2001446310/,2026-09-25T11:03:04+02:00
JB_1259,Analytik v auditu (M/Ž),Moore Czech Republic s.r.o.,Příbram – Příbram II,,https://www.jobs.cz/rpd/2001383534/,2026-09-25T11:03:21+02:00
JB_6595,Enterprise Data Architekt,Manpower IT,Praha,,https://www.jobs.cz/rpd/2001444618/,2026-09-25T11:03:36+02:00
JB_9734,SAMOSTATNÝ/NÁ REFERENT/KA ODDĚLENÍ FINANČNÍHO PLÁNU A ROZPOČTU - 971,Vysoká škola chemicko-technologická v Praze,Praha – Dejvice,,https://www.jobs.cz/rpd/2001444823/,2026-09-25T11:04:19+02:00
JB_0526,Junior Finance Manager,Košík.cz s.r.o.,Praha – Dejvice,,https://www.jobs.cz/rpd/2001444773/,2026-09-25T11:05:10+02:00
JB_3994,Workshop Service Technician,"Fresenius Medical Care - DS, s.r.o.",Praha – Ruzyně,,https://www.jobs.cz/rpd/2001327116/,2026-09-25T11:14:55+02:00
JB_0615,Senior Forward Deployed Engineer: AI Agent Platform,DHL Information Services (Europe) s.r.o.,Praha – Chodov,,https://www.jobs.cz/rpd/2001444496/,2026-09-25T11:15:09+02:00
JB_3889,PLC Developer,EnergoStation s.r.o.,Praha – Jinonice,90 000 – 110 000 Kč,https://www.jobs.cz/rpd/2001444892/,2026-09-25T11:16:50+02:00
JB_1464,Osobní bankéř/ka senior - Future Lab,"Česká spořitelna, a.s.",Praha,,https://www.jobs.cz/rpd/2001444735/,2026-09-25T11:17:12+02:00
JB_9717,Osobní bankéř/ka - Vítězné náměstí,"Česká spořitelna, a.s.",Praha – Bubeneč,,https://www.jobs.cz/rpd/2001444768/,2026-09-25T11:17:12+02:00
JB_2382,Datový analytik/Datová analytička junior,"Česká pošta, s.p.",Praha,,https://www.jobs.cz/rpd/2001446338/,2026-09-25T11:26:15+02:00
JB_0114,ADMINISTRÁTOR DOTAČNÍCH PROJEKTŮ A OZP AGENDY ( m/ž ) - hybridní forma spolupráce !,"G4S Secure Solutions (CZ), a.s.",Praha – Michle,,https://www.jobs.cz/rpd/2001354185/,2026-09-25T11:28:05+02:00
JB_2536,HR Support - DPP (m/ž),Hitachi Energy Czech Republic s.r.o.,Praha – Braník,,https://www.jobs.cz/rpd/2001328679/,2026-09-25T11:28:05+02:00
JB_7970,Provozní manažer/-ka restaurace Maitrea | 11 směn měsíčně | 5 000 Kč za směnu,BUDDHA s.r.o.,Praha – Staré Město,55 000 Kč,https://www.jobs.cz/rpd/2001444889/,2026-09-25T11:35:23+02:00
JB_2238,Specialista monitoringu solárních elektráren – denní směna,PEG Services s.r.o.,Praha – Nové Město,,https://www.jobs.cz/rpd/2001444322/,2026-09-25T11:35:34+02:00
JB_7070,Financial Controller – Junior - Part-time (20 hours/week),EURO-CENTER HOLDING SE,Praha – Karlín,,https://www.jobs.cz/rpd/2001446255/,2026-09-25T11:43:33+02:00
JB_5654,Seniorní QA Engineer / Tester pro celoevropský digitalizační projekt,"Profinit EU, s.r.o.",Praha – Karlín,,https://www.jobs.cz/rpd/2001447092/,2026-09-26T10:11:48+02:00
JB_0196,DATA STEWARD (Configuration & Asset Management),BENTELER Business Services CZ,Praha – Karlín,,https://www.jobs.cz/rpd/2001446835/,2026-09-26T10:12:03+02:00
JB_9807,BUSINESS ANALYST Operations & Logistics,DRILL Business Services,Hlavní město Praha,,https://www.jobs.cz/rpd/2001447100/,2026-09-26T10:12:09+02:00
JB_9724,⋙Business Analytik pro automatizaci⋘,"mBlue Czech, s.r.o.",Praha,,https://www.jobs.cz/rpd/2001446864/,2026-09-26T10:12:09+02:00
JB_1267,Database Developer / Data Modeler – Snowflake,R4U s.r.o.,Praha – Chodov,,https://www.jobs.cz/rpd/2001446697/,2026-09-26T10:19:48+02:00
JB_5260,⋙Senior Business Analyst & Team Lead pro mezinárodní společnost⋘,"mBlue Czech, s.r.o.",Praha,,https://www.jobs.cz/rpd/2001446865/,2026-09-26T10:19:48+02:00
JB_2628,Senior Data Architect,CETIN a.s.,Praha – Libeň,,https://www.jobs.cz/rpd/2001446720/,2026-09-26T10:19:48+02:00
JB_5503,IT Analytik/čka,Skupina ČEZ,Praha – Michle,,https://www.jobs.cz/rpd/2001443133/,2026-09-26T10:19:59+02:00
JB_1921,Analytik pro AI a automatizaci - Pardubice,"ČSOB Pojišťovna, a. s., člen holdingu ČSOB",Praha – Radlice + 1 další lokalita,,https://www.jobs.cz/rpd/2001447044/,2026-09-26T10:20:12+02:00
JB_3288,Finanční analytik/čka,"EUROMEDIA GROUP, a.s.",Praha – Smíchov,,https://www.jobs.cz/rpd/2001446739/,2026-09-26T10:20:34+02:00
JB_7888,Customer Service Specialist,Arthrex s.r.o.,Praha – Horní Počernice,,https://www.jobs.cz/rpd/2001446631/,2026-09-26T10:20:45+02:00
JB_3431,Sales & Project Coordinator s AJ | 50–65 000 Kč,HOFMANN WIZARD s.r.o.,Praha – Ruzyně,50 000 – 65 000 Kč,https://www.jobs.cz/rpd/2001446470/,2026-09-26T10:20:53+02:00
JB_4425,Systémová podpora logistiky / SAP specialist,ManpowerGroup s.r.o.,Nymburk,45 000 – 60 000 Kč,https://www.jobs.cz/rpd/2001446426/,2026-09-26T10:21:06+02:00
JB_6871,Coordinator Financial Accounting,"Mary Kay (Czech Republic), s.r.o.",Praha – Libeň,,https://www.jobs.cz/rpd/2001446411/,2026-09-26T10:21:18+02:00
JB_2651,BUSINESS OPPORTUNITIES SPECIALIST - PRAHA,"Plzeňský Prazdroj, a.s.",Praha – Staré Město,,https://www.jobs.cz/rpd/2001447117/,2026-09-26T10:28:26+02:00
JB_0271,Marketing Assistant - mezinárodní pneu společnost,REED SPECIALIST RECRUITMENT,Praha,,https://www.jobs.cz/rpd/2001443112/,2026-09-26T10:28:36+02:00
JB_4958,Podpora e-learningu,"Ambis Univerzita, a. s.",Praha – Karlín,39 000 – 42 000 Kč,https://www.jobs.cz/rpd/2001447050/,2026-09-26T10:28:49+02:00
JB_7687,ONLINE MARKETING SPECIALISTA,TEREZIA COMPANY s.r.o.,Praha – Michle,,https://www.jobs.cz/rpd/2001446615/,2026-09-26T10:28:55+02:00
JB_6831,DISPONENT KAMIONOVÉ PŘEPRAVY,Expeditors International ČR s.r.o.,Praha – Ruzyně,,https://www.jobs.cz/rpd/2001446676/,2026-09-26T10:29:03+02:00
JB_4725,OCEAN EXPORT AGENT,Expeditors International ČR s.r.o.,Praha – Ruzyně,,https://www.jobs.cz/rpd/2001446614/,2026-09-26T10:29:03+02:00
JB_4326,"Hook > LUT (ale umíš obojí) – videomaker/ka (růst, pestrá tvorba a maximální svoboda)",ELODY s.r.o.,Praha – Břevnov,60 000 – 120 000 Kč,https://www.jobs.cz/rpd/2001446337/,2026-09-26T10:29:38+02:00
JB_1641,Specialista CRM / Direct Marketing (ž/m),Kaufland Česká republika v.o.s.,Praha – Břevnov,,https://www.jobs.cz/rpd/2001446412/,2026-09-26T10:29:38+02:00
JB_2500,HR Manager,Kienbaum und Partner GmbH,Středočeský kraj,,https://www.jobs.cz/rpd/2001446545/,2026-09-26T10:29:52+02:00
JB_9399,Director of Admissions & Marketing,"Prague British International School, s.r.o.",Praha – Kamýk,,https://www.jobs.cz/rpd/2001446704/,2026-09-26T10:30:00+02:00
JB_5485,Ředitel/Ředitelka Vojenských lázeňských a rekreačních zařízení (p.o.),Ministerstvo obrany,Praha – Vršovice,,https://www.jobs.cz/rpd/2001446203/,2026-09-26T10:30:00+02:00
JB_6625,OBCHODNĚ-TECHNICKÝ SPECIALISTA / REALIZÁTOR ZAKÁZEK,PROFITHERM CZ s.r.o.,Praha – Hostivař,,https://www.jobs.cz/rpd/2001446505/,2026-09-26T10:30:00+02:00
JB_7118,Risk manažer – úvěrové riziko,"Česká exportní banka, a.s.",Praha – Nové Město,,https://www.jobs.cz/rpd/2001446289/,2026-09-26T10:30:14+02:00
JB_8949,Finance and Accounting Manager,"Freight People, s.r.o.",Praha,,https://www.jobs.cz/rpd/2001447517/,2026-09-26T10:30:14+02:00
JB_0204,Brand Manager (CHC Portfolio),STADA PHARMA CZ s.r.o.,Praha – Stodůlky,,https://www.jobs.cz/rpd/2001446582/,2026-09-26T10:30:14+02:00
JB_7771,Logistik s angličtinou - práce se zákaznickými portály,"BRANO GROUP, a.s.",Mnichovo Hradiště,,https://www.jobs.cz/rpd/2001412025/,2026-09-26T10:30:47+02:00
JB_7580,Senior AI Solutions Engineer,Alma Career Czechia s.r.o.,Praha – Libeň + 2 další lokality,,https://www.jobs.cz/rpd/2001447056/,2026-09-26T10:30:57+02:00
JB_0756,SAP ARCHITEKT | PRAGUE |,Grafton Recruitment s.r.o.,Praha,130 000 – 180 000 Kč,https://www.jobs.cz/rpd/2001447113/,2026-09-26T10:41:08+02:00
JB_8212,Customer Success & Support Manager,"Global Health Ministries, a.s.",Praha – Michle,,https://www.jobs.cz/rpd/2001441403/,2026-09-26T10:41:08+02:00
JB_1554,"Executive Assistant - fluent English and Czech, remote","CBRE Global Workplace Solutions s.r.o.,",Praha – Karlín,,https://www.jobs.cz/rpd/2001446678/,2026-09-26T10:41:19+02:00
JB_2980,Microsoft Full-Stack Developer (VBA / MS SQL) with German,"COMMERZBANK Aktiengesellschaft, pobočka Praha",Praha – Nové Město,,https://www.jobs.cz/rpd/2001446828/,2026-09-26T10:41:44+02:00
JB_6727,Product Owner – HMG Segment,ComAp a.s.,Praha – Holešovice,,https://www.jobs.cz/rpd/2001446934/,2026-09-26T10:41:55+02:00
JB_1409,"Správce klientských kampaní - Praha východ, Klíčany","Allianz pojišťovna, a.s.",Klíčany,50 000 – 70 000 Kč,https://www.jobs.cz/rpd/2001438033/,2026-09-26T10:41:55+02:00
JB_6602,SW Manual Tester (Medior/Senior),xITee k.s.,Praha – Staré Město + 1 další lokalita,,https://www.jobs.cz/rpd/2001446984/,2026-09-26T10:42:07+02:00
JB_1422,Office manager*ka,"Freya, z. s.",Praha – Nové Město,25 000 – 27 000 Kč,https://www.jobs.cz/rpd/2001447080/,2026-09-26T10:42:22+02:00
JB_8935,Doménový architekt/ka energetických obchodních systémů,"ČEPS, a.s.",Praha – Michle,,https://www.jobs.cz/rpd/2001199365/,2026-09-26T10:42:22+02:00
JB_7304,"Technicko-obchodní specialista – FVE, bateriová uložiště, elektromobilita",PŘEDVÝBĚR.CZ a.s.,Vestec,50 000 – 80 000 Kč,https://www.jobs.cz/rpd/2001446625/,2026-09-26T10:50:59+02:00
JB_1760,KONSTRUKTÉR OBALŮ,AXXUM Packaging Czech Republic s.r.o.,Modřice + 1 další lokalita,,https://www.jobs.cz/rpd/2001446827/,2026-09-26T10:50:59+02:00
JB_3768,Start v marketingu | kancelářská práce | bez praxe,Morn Marketing s.r.o.,Praha – Nusle,33 000 – 50 000 Kč,https://www.jobs.cz/rpd/2001446419/,2026-09-26T10:53:14+02:00
JB_8185,Specialista podpory prodeje,"Broker Consulting, a.s.",Praha – Jinonice,,https://www.jobs.cz/rpd/2001446650/,2026-09-26T11:05:17+02:00
JB_3414,Specialista / ka obchodní podpory a Inside Sales (B2B),Rentokil Initial s.r.o.,Hořovice,35 000 – 50 000 Kč,https://www.jobs.cz/rpd/2001446623/,2026-09-26T11:39:23+02:00
JB_1204,Referent správy dat / 20 h týdně / projekt na 6 měsíců,Tessero Czech Republic s.r.o.,Praha,,https://www.jobs.cz/rpd/2001447014/,2026-09-26T11:40:30+02:00
JB_8105,"Aplikační podpora – bankovní factoringový systém (Praha + remote, částečný úvazek 20 h/t)","PORTUS, s.r.o.",Praha,17 500 – 25 000 Kč,https://www.jobs.cz/rpd/2001446662/,2026-09-26T11:52:12+02:00
JB_0725,⭕ Finanční controller s přesahem do datové analytiky - Praha,"ProfesKontakt, s.r.o.",Hlavní město Praha,60 000 – 75 000 Kč,https://www.jobs.cz/rpd/2001446560/,2026-09-29T10:58:21+02:00
JB_0037,Sourcing Specialist with CZ and EN,REED SPECIALIST RECRUITMENT,Praha,45 000 – 54 000 Kč,https://www.jobs.cz/rpd/2001453011/,2026-09-29T10:58:21+02:00
JB_8612,Metodik (metodika a rozvoj svěřené aplikace),"Pražská energetika, a.s.",Praha – Strašnice,,https://www.jobs.cz/rpd/2001453276/,2026-09-29T10:59:27+02:00
JB_6542,Financial Operations Specialist,Košík.cz s.r.o.,Praha – Dejvice,,https://www.jobs.cz/rpd/2001447316/,2026-09-29T10:59:50+02:00
JB_0025,Junior Operations Specialist - brigáda,foodora,Praha – Libeň,,https://www.jobs.cz/rpd/2001453345/,2026-09-29T11:00:06+02:00
JB_7860,Specialist(k)a zákaznické péče a back office v Aromaniac,"delicado kingdom, s. r. o.",Praha – Nové Město,37 000 – 42 000 Kč,https://www.jobs.cz/rpd/2001430915/,2026-09-29T11:08:34+02:00
JB_7480,Junior Valuation Consultant - oceňování podniků,PKF APOGEO Group,Praha – Karlín,,https://www.jobs.cz/rpd/2001453223/,2026-09-29T11:09:00+02:00
JB_1631,Technický specialista – posuzování vozidel,Carvago s.r.o.,Praha – Holešovice,45 000 – 55 000 Kč,https://www.jobs.cz/rpd/2001453254/,2026-09-29T11:09:10+02:00
JB_4488,Head of HR,21 Consult Group s.r.o.,Praha,90 000 – 100 000 Kč,https://www.jobs.cz/rpd/2001448603/,2026-09-29T11:09:36+02:00
JB_3059,"Hledáme 1 content creatorku, které dáme vytoužené příjmy i svobodu (iPhone + kamera)",ELODY s.r.o.,Praha – Břevnov,55 000 – 110 000 Kč,https://www.jobs.cz/rpd/2001453444/,2026-09-29T11:09:50+02:00
JB_6179,Administrative Trainee - Finance- vhodné pro studenty VŠ,VALEO PRAHA,Praha – Strašnice,,https://www.jobs.cz/rpd/2001452062/,2026-09-29T11:09:50+02:00
JB_8928,Product & Service Owner – Conversational AI (AVA),"Letiště Praha, a. s.",Praha – Ruzyně,,https://www.jobs.cz/rpd/2001444811/,2026-09-29T11:09:58+02:00
JB_3842,CFO | Finance leader pro českou část IT skupiny,Synteca Shared Services s.r.o.,Praha – Michle,,https://www.jobs.cz/rpd/2001446404/,2026-09-29T11:09:58+02:00
JB_7827,Regional Manager EU,Solarity s.r.o.,Praha – Nové Město,,https://www.jobs.cz/rpd/2001453367/,2026-09-29T11:10:06+02:00
JB_6882,E-commerce & Digital Media Manager,Oniverse,Praha – Karlín,,https://www.jobs.cz/rpd/2001453215/,2026-09-29T11:10:06+02:00
JB_6527,Technik,Future Recruitment s.r.o.,Praha,,https://www.jobs.cz/rpd/2001453073/,2026-09-29T11:10:43+02:00
JB_0778,Oddělení kontroly zemědělství: Kontrolor/ka,Nejvyšší kontrolní úřad,Praha – Holešovice,,https://www.jobs.cz/rpd/2001453154/,2026-09-29T11:11:12+02:00
JB_9459,AI Platform Engineer,Alma Career Czechia s.r.o.,Praha – Libeň + 2 další lokality,,https://www.jobs.cz/rpd/2001452063/,2026-09-29T11:11:12+02:00
JB_4006,Network Engineer – Secure Access Edge / App Services,DHL Information Services (Europe) s.r.o.,Praha – Chodov,,https://www.jobs.cz/rpd/2001453273/,2026-09-29T11:11:21+02:00
JB_2950,Senior Architect (Front-end),DHL Information Services (Europe) s.r.o.,Praha – Chodov,,https://www.jobs.cz/rpd/2001453056/,2026-09-29T11:11:36+02:00
JB_2539,Technický Product Owner - cloudová integrační platforma,"Asseco Solutions, a.s.",Praha – Braník + 1 další lokalita,,https://www.jobs.cz/rpd/2001451508/,2026-09-29T11:11:50+02:00
JB_4183,"Online Growth, Affiliates & Partnerships Manager for CE",Tesco Stores ČR a.s. - Centrála,Praha – Vršovice,,https://www.jobs.cz/rpd/2001453459/,2026-09-29T11:18:58+02:00
JB_9643,Key Account Manager (Electronics),Heureka Group a.s.,Praha,,https://www.jobs.cz/rpd/2001010822/,2026-09-29T11:19:22+02:00
JB_8329,(Junior) Customer Care Agent in Finance and Accounting with German PART-TIME,Accenture,Praha – Holešovice,,https://www.jobs.cz/rpd/2001347766/,2026-09-29T11:19:34+02:00
JB_9967,Internal Tools Engineer,Alma Career Czechia s.r.o.,Praha – Libeň + 2 další lokality,,https://www.jobs.cz/rpd/2001452066/,2026-09-29T11:20:17+02:00
JB_9161,"DevOps / Systems Engineer (RHEL, Ansible, Kontejnery) – Remote/Hybrid",František Kovařík,Hlavní město Praha,,https://www.jobs.cz/rpd/2001449992/,2026-09-29T11:21:06+02:00
JB_9799,SENIOR FULL STACK DEVELOPER & AI INNOVATION LEAD,J&T BANKA,Praha – Karlín,,https://www.jobs.cz/rpd/2001444830/,2026-09-29T11:21:06+02:00
JB_4347,Technik průmyslové senzoriky / Smart Sensor Technician,"Holcim (Česko), a.s.",Čížkovice,,https://www.jobs.cz/rpd/2001416978/,2026-09-29T11:28:04+02:00
JB_0016,Metodik - specialista uživatelského rozvoje aplikací v oblasti reportingu,"Pražská energetika, a.s.",Praha – Strašnice,,https://www.jobs.cz/rpd/2001453519/,2026-09-29T11:30:06+02:00
JB_3550,Solution Consultant / IT Business Analyst,DecisionRules a.s.,Praha – Vinohrady,,https://www.jobs.cz/rpd/2001450626/,2026-09-29T11:38:10+02:00
JB_8354,Digital Medical Advisor,Novo Nordisk,Praha,,https://www.jobs.cz/rpd/2001453184/,2026-09-29T11:39:32+02:00
JB_6301,IT Business Analytik – Staň se mostem mezi IT a investičním světem! 🚀,CTS TRADE IT a.s.,Praha – Krč,,https://www.jobs.cz/rpd/2001453108/,2026-09-29T11:40:06+02:00
JB_7973,Project Management Support (HR Transformation & Digitalization) for Generali CEE Holding,Generali CEE Holding,Praha – Michle,,https://www.jobs.cz/rpd/2001446969/,2026-09-29T11:40:40+02:00
JB_8652,Project Manager,CSG,Praha – Karlín,,https://www.jobs.cz/rpd/2001431962/,2026-09-29T11:51:26+02:00
JB_0103,SENIOR CONTROLLER – VÝROBNÍ CONTROLLING (70–80.000 Kč),"Advantage Consulting, s.r.o.",Mladá Boleslav,70 000 – 80 000 Kč,https://www.jobs.cz/rpd/2001453613/,2026-09-29T11:51:50+02:00
JB_9296,ÚČETNÍ METODIK / METODIČKA,"NEEDle, s.r.o.",Praha,,https://www.jobs.cz/rpd/2001452468/,2026-09-29T11:52:20+02:00
JB_3444,RELATIONSHIP MANAGER,"NEEDle, s.r.o.",Praha,,https://www.jobs.cz/rpd/2001452435/,2026-09-29T11:52:20+02:00
JB_5518,Robotics Engineer | Robotický inženýr | Full remote (home office),High Tech Engineering Center s.r.o.,Hlavní město Praha,,https://www.jobs.cz/rpd/2001450727/,2026-09-29T12:00:13+02:00
JB_6055,Back office junior,CORNERSTONE Investment Services s.r.o.,Praha – Staré Město,30 000 – 45 000 Kč,https://www.jobs.cz/rpd/2001446960/,2026-09-29T12:00:39+02:00
JB_2974,Junior Content Creator – brigáda pro studenta/studentku,"SYNERGIE, s.r.o.",okres Praha,,https://www.jobs.cz/rpd/2001453240/,2026-09-29T12:00:46+02:00
JB_3443,Dotační projektový manažer / manažerka,Digitální most z.s.,Hlavní město Praha + 7 dalších lokalit,30 000 – 60 000 Kč,https://www.jobs.cz/rpd/2001451244/,2026-09-29T12:00:58+02:00
JB_3972,Junior specialista/ka kvality a procesů – part-time,"TTC HOLDING, a.s.",Praha – Strašnice,,https://www.jobs.cz/rpd/2001452727/,2026-09-29T12:02:53+02:00
JB_2532,Správce sítě a IT infrastruktury,"METRANS, a.s.",Praha – Uhříněves,,https://www.jobs.cz/rpd/2001453338/,2026-09-29T12:14:17+02:00
JB_7241,Asistent/-ka prodeje - GANT - OC FLORA,GANT Central Europe s.r.o.,Praha – Žižkov,,https://www.jobs.cz/rpd/2001449076/,2026-09-29T12:24:43+02:00
JB_9584,Data Engineer,TRASK SOLUTIONS a.s.,Praha – Krč,,https://www.jobs.cz/rpd/2001359074/,2026-09-30T11:11:05+02:00
JB_7881,RMG Analyst (Business & Commercial Insights) | HEINEKEN 🍺,"Heineken Česká republika, a.s.",Praha – Michle,,https://www.jobs.cz/rpd/2001153800/,2026-09-30T11:11:46+02:00
JB_6855,Senior IT Business Analyst,ALPHA SEARCH s.r.o.,Praha – Stodůlky,,https://www.jobs.cz/rpd/2001453700/,2026-09-30T11:11:46+02:00
JB_8640,Pricing Analytik,"Würth, spol. s.r.o.",Nepřevázka,,https://www.jobs.cz/rpd/2001455329/,2026-09-30T11:12:04+02:00
JB_8859,Junior Training Coordinator | DPČ,"ESSILOR - OPTIKA, spol. s – EssilorLuxottica",Praha – Karlín,,https://www.jobs.cz/rpd/2001453935/,2026-09-30T11:12:51+02:00
JB_5529,SPECIALISTA/KA MZDOVÝCH ANALÝZ A PERSONÁLNÍCH DAT,VŠEOBECNÁ ZDRAVOTNÍ POJIŠŤOVNA ČESKÉ REPUBLIKY,Praha – Vinohrady,,https://www.jobs.cz/rpd/2001453398/,2026-09-30T11:12:51+02:00
JB_6062,Analytik / analytička kybernetické bezpečnosti v Odboru informatiky,Úřad vlády České republiky,Praha – Malá Strana,,https://www.jobs.cz/rpd/2001453679/,2026-09-30T11:12:51+02:00
JB_2582,Project coordinator f/m/d,Vitra Koncept s.r.o.,Praha – Karlín,,https://www.jobs.cz/rpd/2001453980/,2026-09-30T11:13:03+02:00
JB_5719,Pricing Specialist pro leteckou přepravu - Praha,Yusen Logistics (Czech) s.r.o.,Praha – Jinonice,,https://www.jobs.cz/rpd/2001455485/,2026-09-30T11:13:30+02:00
JB_6225,Supply Chain Specialist,rohlik.cz,Praha – Karlín,,https://www.jobs.cz/rpd/2001446504/,2026-09-30T11:13:41+02:00
JB_1418,Specialist in Standards and Frameworks,"COMMERZBANK Aktiengesellschaft, pobočka Praha",Praha – Vinohrady,,https://www.jobs.cz/rpd/2001455621/,2026-09-30T11:14:05+02:00
JB_9765,Senior CRM Specialist,"SYNERGIE, s.r.o.",okres Praha,,https://www.jobs.cz/rpd/2001454091/,2026-09-30T11:14:05+02:00
JB_1545,PROCUREMENT SPECIALIST - nepřímý nákup (Dr.Max),Dr.Max,Praha – Nové Město,,https://www.jobs.cz/rpd/2001453623/,2026-09-30T11:19:22+02:00
JB_7916,Retention Specialist,Košík.cz s.r.o.,Praha – Dejvice,,https://www.jobs.cz/rpd/2001454208/,2026-09-30T11:19:22+02:00
JB_7697,Category Manager - Pečivo,Košík.cz s.r.o.,Praha – Dejvice,,https://www.jobs.cz/rpd/2001454196/,2026-09-30T11:19:34+02:00
JB_4519,Controller,"EP Industries, a.s.",Praha – Strašnice,,https://www.jobs.cz/rpd/2001455433/,2026-09-30T11:19:47+02:00
JB_2745,Finanční kontrolor,Resilient a.s.,Praha – Modřany,100 000 – 130 000 Kč,https://www.jobs.cz/rpd/2001454263/,2026-09-30T11:19:57+02:00
JB_4914,Risk manager,PŘEDVÝBĚR.CZ a.s.,Praha – Staré Město,100 000 – 110 000 Kč,https://www.jobs.cz/rpd/2001455331/,2026-09-30T11:19:57+02:00
JB_0323,Administrátor skladu,DHL Solutions k.s.,Praha – Černý Most + 1 další lokalita,,https://www.jobs.cz/rpd/2001454053/,2026-09-30T11:20:03+02:00
JB_5652,Cyber Security Engineer – Web & Mobile (85-105.000 Kč),"Jobs Contact Personal, s.r.o.",Praha,85 000 – 105 000 Kč,https://www.jobs.cz/rpd/2001454277/,2026-09-30T11:20:03+02:00
JB_5526,Junior nákupčí,COOP Centrum družstvo,Praha – Žižkov,,https://www.jobs.cz/rpd/2001093149/,2026-09-30T11:20:28+02:00
JB_6387,Group Demand Planning Lead,STOCK Plzeň-Božkov s.r.o.,Praha – Jinonice,,https://www.jobs.cz/rpd/2001454111/,2026-09-30T11:20:34+02:00
JB_0472,Ředitel/ka finančního oddělení (Ž/M),Fotbalová asociace České republiky,Praha – Břevnov,150 000 Kč,https://www.jobs.cz/rpd/2001454217/,2026-09-30T11:21:03+02:00
JB_7734,INŽENÝR KVALITY (75-80.000 KČ),"Advantage Consulting, s.r.o.",Říčany,75 000 – 80 000 Kč,https://www.jobs.cz/rpd/2001455527/,2026-09-30T11:21:11+02:00
JB_0392,Junior HR Business Partner,"RESPECT, a.s.",Praha – Krč,,https://www.jobs.cz/rpd/2001453974/,2026-09-30T11:21:20+02:00
JB_8744,Produktový technik / Specialista nabídek,VARNET a.s.,Praha – Horní Počernice,,https://www.jobs.cz/rpd/2001455490/,2026-09-30T11:21:36+02:00
JB_3457,Účetní,TRASK SOLUTIONS a.s.,Praha – Krč,,https://www.jobs.cz/rpd/2001454346/,2026-09-30T11:21:36+02:00
JB_4036,SENIOR DEVOPS ENGINEER,Tesco Stores ČR a.s. - Centrála,Praha – Vršovice,,https://www.jobs.cz/rpd/2001453843/,2026-09-30T11:22:03+02:00
JB_0336,Manažer/ka konzultačního týmu (Team Manager),"KPCS CZ, s.r.o.",Praha – Nusle,,https://www.jobs.cz/rpd/2001454315/,2026-09-30T11:22:19+02:00
JB_5504,DevOps Engineer,"Profinit EU, s.r.o.",Praha – Karlín,,https://www.jobs.cz/rpd/2001453673/,2026-09-30T11:31:09+02:00
JB_7899,Talent Acquisition Specialista/ka (m-ž-d),"Siemens, s.r.o.",Praha – Stodůlky + 1 další lokalita,,https://www.jobs.cz/rpd/2001454129/,2026-09-30T11:31:26+02:00
JB_9172,Projektový koordinátor (m/ž) - negativní docházka,Foxconn Czech Republic,Kutná Hora – Karlov,,https://www.jobs.cz/rpd/2001454175/,2026-09-30T11:31:26+02:00
JB_3735,Private Brand Manager,Notino s.r.o.,Praha,,https://www.jobs.cz/rpd/2001453763/,2026-09-30T11:31:46+02:00
JB_0473,"Business Development Manager (M/F/D) – automatizace, robotizace",M2C,Praha – Chodov,,https://www.jobs.cz/rpd/2001455004/,2026-09-30T11:32:01+02:00
JB_3474,Junior Java Developer,"WOOD & Company Financial Services, a.s.",Praha – Nové Město,60 000 – 70 000 Kč,https://www.jobs.cz/rpd/2001455461/,2026-09-30T11:32:17+02:00
JB_5984,⭕Transport manager,"ProfesKontakt, s.r.o.",Hlavní město Praha + 1 další lokalita,80 000 – 130 000 Kč,https://www.jobs.cz/rpd/2001453816/,2026-09-30T11:32:30+02:00
JB_7188,Data Engineer,Accenture,Praha – Holešovice,,https://www.jobs.cz/rpd/2001454029/,2026-09-30T11:33:22+02:00
JB_2828,PLC PROGRAMÁTOR (40–70.000 Kč),"Advantage Consulting, s.r.o.",Příbram – Příbram I,40 000 – 70 000 Kč,https://www.jobs.cz/rpd/2001401509/,2026-09-30T11:34:11+02:00
JB_9472,DevOps Engineer,NNIT Czech s.r.o.,Praha – Smíchov,,https://www.jobs.cz/rpd/2001454044/,2026-09-30T11:41:37+02:00
JB_4853,Junior IT & AI Specialist,"WOOD & Company Financial Services, a.s.",Praha – Nové Město,,https://www.jobs.cz/rpd/2001454322/,2026-09-30T11:55:23+02:00
JB_2276,Metodik/Metodička kontroly dotací,Ministerstvo financí,Praha – Malá Strana,39 510 – 62 700 Kč,https://www.jobs.cz/rpd/2001455529/,2026-09-30T12:07:11+02:00
JB_4345,Accountant/Účetní,IKEA Purchasing Services (Czech Republic) spol. s r.o.,Praha – Třebonice,,https://www.jobs.cz/rpd/2001455484/,2026-09-30T12:07:25+02:00
JB_4422,Global Indirect Tax Manager,JetBrains s.r.o.,Praha – Nusle,,https://www.jobs.cz/rpd/2001455374/,2026-09-30T12:07:53+02:00
JB_4428,Marketing Manager,FRMWRK s.r.o.,Praha – Karlín,,https://www.jobs.cz/rpd/2001454556/,2026-09-30T12:18:39+02:00
JB_9836,Koordinátor/ka marketingových a fundraisingových projektů,Zdravotní klaun,Praha – Vysočany,38 000 – 42 000 Kč,https://www.jobs.cz/rpd/2001453942/,2026-09-30T12:18:39+02:00
JB_8618,Embedded SW developer C/C++ (f/m/d),"Siemens, s.r.o.",Praha – Stodůlky,,https://www.jobs.cz/rpd/2001455384/,2026-09-30T12:18:53+02:00
JB_5939,Senior Konzultant | DPH | Nepřímé daně,Deloitte,Praha – Vinohrady,,https://www.jobs.cz/rpd/2001455675/,2026-09-30T12:19:00+02:00
JB_6456,Senior Konzultant – Zdanění fyzických osob,Deloitte,Praha – Vinohrady,,https://www.jobs.cz/rpd/2001455656/,2026-09-30T12:19:00+02:00
JB_8934,Graphic Designer,ComAp a.s.,Praha – Holešovice,,https://www.jobs.cz/rpd/2001455492/,2026-09-30T12:19:22+02:00
JB_6114,Chief Software Architect,IceWarp Services s.r.o.,Praha – Karlín,,https://www.jobs.cz/rpd/2001455791/,2026-09-30T12:19:22+02:00
JB_8067,Senior Graphic Designer,ComAp a.s.,Praha – Holešovice,,https://www.jobs.cz/rpd/2001455495/,2026-09-30T12:19:22+02:00
JB_1990,"Specialista/ka zákaznických projektů (administrace zakázek, komunikace, obchod)",Český metrologický institut,Praha – Chodov,,https://www.jobs.cz/rpd/2001453897/,2026-09-30T12:19:57+02:00
JB_0202,Business Operations Assistant,Turner & Townsend PJM Czech Republic s.r.o.,Praha – Nové Město,,https://www.jobs.cz/rpd/2001455795/,2026-09-30T12:28:57+02:00
JB_5314,PANDORA - eCommerce Operations Assistant,Pandora Jewelry CR s.r.o.,Praha,,https://www.jobs.cz/rpd/2001454000/,2026-09-30T12:29:04+02:00
JB_4712,Administrativní podpora společnosti a chodu recepce (m/ž),GLOBAL ASSISTANCE a.s.,Praha – Dolní Chabry,,https://www.jobs.cz/rpd/2001453600/,2026-09-30T12:30:24+02:00
JB_5584,STORE MANAGER 🚀 - LINDT & SPRÜNGLI - OC Nový Smíchov,Lindt & Sprüngli (CEE) s.r.o.,Praha – Smíchov,,https://www.jobs.cz/rpd/2001444531/,2026-09-30T12:40:24+02:00
JB_0004,SPECIALISTA ZÁKAZNICKÉ PODPORY | AJ a NJ | až 60 000 Kč,Grafton Recruitment s.r.o.,Praha,45 000 – 60 000 Kč,https://www.jobs.cz/rpd/2001455429/,2026-09-30T12:40:24+02:00
JB_1720,Koordinátor partnerské sítě - junior (m/ž),GLOBAL ASSISTANCE a.s.,Praha – Dolní Chabry,,https://www.jobs.cz/rpd/2001455439/,2026-09-30T12:40:24+02:00
JB_8853,Specialista zákaznické péče,Fulfillment CZ s.r.o.,Úžice,45 000 – 60 000 Kč,https://www.jobs.cz/rpd/2001454308/,2026-09-30T12:40:37+02:00
JB_0825,⭕Administrativní pracovník v logistice - Praha-východ,"ProfesKontakt, s.r.o.",Hlavní město Praha,,https://www.jobs.cz/rpd/2001453806/,2026-09-30T12:40:37+02:00
JB_5837,B2B obchodník/obchodnice – AI řešení pro firmy,Atol solutions s.r.o.,Praha,,https://www.jobs.cz/rpd/2001455694/,2026-09-30T12:40:47+02:00
JB_3641,Android Mobile Developer / Architect pro digitalizační projekt,"Profinit EU, s.r.o.",Praha – Karlín,,https://www.jobs.cz/rpd/2001370717/,2026-10-02T11:09:29+02:00
JB_3929,Business Analyst – Data & Automation – Central Europe (CZ/SK/DE),STOCK Plzeň-Božkov s.r.o.,Praha – Jinonice,,https://www.jobs.cz/rpd/2001458956/,2026-10-02T11:09:29+02:00
JB_9895,DATA ENGINEER/DATA SOLUTION ENGINEER,"PHOENIX lékárenský velkoobchod, s.r.o.",Praha – Hostivař,,https://www.jobs.cz/rpd/2001457392/,2026-10-02T11:09:29+02:00
JB_5223,Data Engineer,Skupina ČEZ,Praha – Michle,,https://www.jobs.cz/rpd/2001458749/,2026-10-02T11:09:29+02:00
JB_7600,Business Analyst – Insights & Reporting – Central Europe (CZ/SK/DE),STOCK Plzeň-Božkov s.r.o.,Praha – Jinonice,,https://www.jobs.cz/rpd/2001458937/,2026-10-02T11:09:39+02:00
JB_9661,Data Engineer,JOBSTART s.r.o.,Praha,100 000 – 110 000 Kč,https://www.jobs.cz/rpd/2001457644/,2026-10-02T11:09:39+02:00
JB_0626,Treasury Data Analyst - Prague,"EP Commodities, a.s.",Praha – Nové Město,,https://www.jobs.cz/rpd/2001456987/,2026-10-02T11:09:39+02:00
JB_4777,Master Data Specialist,SAINT-GOBAIN,Hořovice,,https://www.jobs.cz/rpd/2001457607/,2026-10-02T11:09:47+02:00
JB_7428,Cloud Data Engineer,Skupina ČEZ,Praha – Michle + 1 další lokalita,,https://www.jobs.cz/rpd/2001456203/,2026-10-02T11:09:53+02:00
JB_2772,Space Data Admin,"CBRE Global Workplace Solutions s.r.o.,",Hlavní město Praha,,https://www.jobs.cz/rpd/2001457919/,2026-10-02T11:09:53+02:00
JB_5798,CAD Specialist,"CBRE Global Workplace Solutions s.r.o.,",Hlavní město Praha,,https://www.jobs.cz/rpd/2001457956/,2026-10-02T11:09:53+02:00
JB_2463,SASE & Managed LAN Security Governance & Compliance Specialist (f/m),T-Mobile Czech Republic a.s.,Praha – Chodov,,https://www.jobs.cz/rpd/2001457325/,2026-10-02T11:10:06+02:00
JB_8899,Business Customer Communication solutions Security Governance & Compl. Specialist (f/m),T-Mobile Czech Republic a.s.,Praha – Chodov,,https://www.jobs.cz/rpd/2001457361/,2026-10-02T11:10:06+02:00
JB_5849,IT systems and portals Security Governance & Compliance Specialist (f/m),T-Mobile Czech Republic a.s.,Praha – Chodov,,https://www.jobs.cz/rpd/2001457339/,2026-10-02T11:10:06+02:00
JB_1054,Market Research Analyst — Business & Market Insights (Middle/Senior) 💡,Talentor Advanced Search,Praha,,https://www.jobs.cz/rpd/2001457423/,2026-10-02T11:10:06+02:00
JB_2199,IT business analytik,Direct,Praha – Vysočany,,https://www.jobs.cz/rpd/2001456267/,2026-10-02T11:10:17+02:00
JB_6223,Business Analyst for CRM and Loyalty,Notino s.r.o.,Česká republika,,https://www.jobs.cz/rpd/2001456398/,2026-10-02T11:10:17+02:00
JB_7904,BI konzultant,"Asseco Solutions, a.s.",Praha – Braník,,https://www.jobs.cz/rpd/2001457561/,2026-10-02T11:10:17+02:00
JB_0950,Category Management Specialist – Central Europe (CZ/SK/DE),STOCK Plzeň-Božkov s.r.o.,Praha – Jinonice,,https://www.jobs.cz/rpd/2001458909/,2026-10-02T11:10:17+02:00
JB_0185,Ekonom - analytik,EKOSPOL a.s.,Praha – Holešovice,70 000 – 92 000 Kč,https://www.jobs.cz/rpd/2001457103/,2026-10-02T11:10:44+02:00
JB_5476,TMS Specialist - Ovčáry u Kolína,Yusen Logistics (Czech) s.r.o.,Ovčáry,,https://www.jobs.cz/rpd/2001396746/,2026-10-02T11:10:59+02:00
JB_0173,SAP Konzultant (FI/CO),REED SPECIALIST RECRUITMENT,Praha,,https://www.jobs.cz/rpd/2001458934/,2026-10-02T11:10:59+02:00
JB_3624,IT analytik – Digital,"Penta Bank, a. s., pobočka Česká republika",Praha – Nové Město,,https://www.jobs.cz/rpd/2001351699/,2026-10-02T11:10:59+02:00
JB_5538,Global Supply Chain Coordinator,"Multi-Wing CZ, s.r.o.",Praha – Holešovice,,https://www.jobs.cz/rpd/2001455926/,2026-10-02T11:11:13+02:00
JB_9433,Penalty & Promo Senior Specialist,Anheuser-Busch InBev Czech s.r.o.,Praha – Michle,,https://www.jobs.cz/rpd/2001456196/,2026-10-02T11:11:13+02:00
JB_2930,Administrativní podpora týmu Facility managementu (DPČ),"ORLEN Unipetrol RPA, s.r.o.",Praha – Krč,,https://www.jobs.cz/rpd/2001456227/,2026-10-02T11:11:13+02:00
JB_5288,PERFORMANCE & GROWTH MARKETING SPECIALIST,"TEMPO TRAINING & CONSULTING, a.s.",Praha + 1 další lokalita,85 000 Kč,https://www.jobs.cz/rpd/2001459146/,2026-10-02T11:11:26+02:00
JB_1029,Koordinátor(ka) Facility managementu,"ORLEN Unipetrol RPA, s.r.o.",Praha – Krč,,https://www.jobs.cz/rpd/2001459267/,2026-10-02T11:11:36+02:00
JB_9051,Voice of Customer Analyst – BI (m/ž),Kaufland Česká republika v.o.s.,Praha – Břevnov,,https://www.jobs.cz/rpd/2001458648/,2026-10-02T11:11:36+02:00
JB_4959,Business Development Manager,Direct,Praha – Holešovice,,https://www.jobs.cz/rpd/2001457461/,2026-10-02T11:11:47+02:00
JB_3477,Finance Manager - Real Estate,CITIC Europe Holdings a.s.,Praha – Nové Město,,https://www.jobs.cz/rpd/2001456124/,2026-10-02T11:11:56+02:00
JB_0886,SOCIAL MEDIA & CONTENT SPECIALIST pro UGO,Kofola,Praha,,https://www.jobs.cz/rpd/2001457930/,2026-10-02T11:11:56+02:00
JB_8476,Marketing Specialist se zájmem o Brand,"ALO jewelry CZ, s.r.o.",Praha – Holešovice,,https://www.jobs.cz/rpd/2001155393/,2026-10-02T11:12:02+02:00
JB_8762,SEO Specialist,Heureka Group a.s.,Praha,,https://www.jobs.cz/rpd/2001346515/,2026-10-02T11:12:16+02:00
JB_9230,Purchasing Specialist/Specialista nákupu - Pozice vhodná i pro absolventy,"Puratos CZ, a.s.",Praha,45 000 – 55 000 Kč,https://www.jobs.cz/rpd/2001457318/,2026-10-02T11:12:30+02:00
JB_5141,💊CMO QA Manager | Farmacie | 100-130 0000 Kč💰(m/ž),"Agentura Top Talent, s. r. o.",Praha,95 000 – 105 000 Kč,https://www.jobs.cz/rpd/2001447072/,2026-10-02T11:22:24+02:00
JB_1870,FINANCIAL CONTROLLER junior,"PHOENIX lékárenský velkoobchod, s.r.o.",Praha – Hostivař,,https://www.jobs.cz/rpd/2001459021/,2026-10-02T11:22:24+02:00
JB_1362,🗺️ Pojď si vydělat třeba na cestování - Praha,"Czech Invest Solutions, s.r.o.",Praha – Vinohrady,39 000 – 69 000 Kč,https://www.jobs.cz/rpd/2001457391/,2026-10-02T11:22:48+02:00
JB_5909,GV Manager with French,"ADP Employer Services Česká republika, a.s.",Praha – Karlín,,https://www.jobs.cz/rpd/2001456409/,2026-10-02T11:22:48+02:00
JB_4062,GV Manager with German,"ADP Employer Services Česká republika, a.s.",Praha – Karlín,,https://www.jobs.cz/rpd/2001457032/,2026-10-02T11:22:48+02:00
JB_8533,Studentská stáž v týmu Sales,foodora,Praha – Libeň,,https://www.jobs.cz/rpd/2001455676/,2026-10-02T11:22:59+02:00
JB_6257,Product Marketing Manager,Wultra s.r.o.,Praha – Nusle,80 000 – 120 000 Kč,https://www.jobs.cz/rpd/2001457514/,2026-10-02T11:22:59+02:00
JB_2285,Content creator_Bilingual with German,"Invia.cz, a.s.",Praha – Vinohrady,,https://www.jobs.cz/rpd/2001456234/,2026-10-02T11:22:59+02:00
JB_1168,Operátor/ka technické evidence,Pražské vodovody a kanalizace a.s.,Praha – Žižkov,,https://www.jobs.cz/rpd/2001457793/,2026-10-02T11:23:15+02:00
JB_5668,Sales Manager – ERP Helios & Cloud Solutions,"Asseco Solutions, a.s.",Praha – Braník + 1 další lokalita,,https://www.jobs.cz/rpd/2001457069/,2026-10-02T11:23:15+02:00
JB_6728,Key Account Manager Asia,Zásilkovna s.r.o.,Praha – Libeň,,https://www.jobs.cz/rpd/2001456339/,2026-10-02T11:23:21+02:00
JB_1308,Specialista digitálního marketingu (PPC/RTB),Cavixo s.r.o.,Praha – Holešovice,,https://www.jobs.cz/rpd/2001459104/,2026-10-02T11:23:21+02:00
JB_6470,Vedoucí paletového hospodářství 📦,HOPI s.r.o.,Říčany – Jažlovice,,https://www.jobs.cz/rpd/2001458015/,2026-10-02T11:23:21+02:00
JB_3847,Produktový školitel/TRENÉR,"FAST ČR, a.s.",Říčany,,https://www.jobs.cz/rpd/2001338410/,2026-10-02T11:23:21+02:00
JB_9961,Cost Controller / Specialista nákladů,Čedok a.s.,Praha – Vinohrady,,https://www.jobs.cz/rpd/2001459089/,2026-10-02T11:23:21+02:00
JB_5191,Ředitel mobilních služeb a konvergentních propozic (m/ž),O2 Czech Republic a.s.,Praha – Michle,,https://www.jobs.cz/rpd/2001457614/,2026-10-02T11:23:31+02:00
JB_0770,Director Area Operations,PPL CZ s.r.o.,Říčany – Jažlovice + 2 další lokality,,https://www.jobs.cz/rpd/2001456185/,2026-10-02T11:23:31+02:00
JB_6612,Nákupčí,MAHLE,Mnichovo Hradiště,,https://www.jobs.cz/rpd/2001456378/,2026-10-02T11:23:51+02:00
JB_2756,P&C Service Specialista/ka,"UniCredit Bank Czech Republic and Slovakia, a.s.",Praha,,https://www.jobs.cz/rpd/2001454474/,2026-10-02T11:24:03+02:00
JB_8636,Operativní nákupčí/ E-commerce specialista,myHeRoes,Praha,45 000 – 55 000 Kč,https://www.jobs.cz/rpd/2001457845/,2026-10-02T11:24:03+02:00
JB_2209,Expedient/ka,Skanska,Poříčany,,https://www.jobs.cz/rpd/2001457626/,2026-10-02T11:24:03+02:00
JB_8267,Senior PR Manager – CEE Markets,"ALENSA, s.r.o.",Praha – Libeň,,https://www.jobs.cz/rpd/2001457499/,2026-10-02T11:24:03+02:00
JB_8894,ERP aplikační administrátor,"SULCO Automotive Group, s.r.o.",Středočeský kraj,70 000 – 80 000 Kč,https://www.jobs.cz/rpd/2001456024/,2026-10-02T11:24:03+02:00
JB_4402,Treasury Commodity Manager,CE Industries a.s.,Praha,,https://www.jobs.cz/rpd/2001457427/,2026-10-02T11:24:34+02:00
JB_1804,Adoption Consultant — AI a Microsoft 365 Copilot,"Seyfor, a. s.",Praha – Krč,,https://www.jobs.cz/rpd/2001457037/,2026-10-02T11:24:48+02:00
JB_3720,Procesní manažer v oddělení Nákupu (ž/m),Kaufland Česká republika v.o.s.,Praha – Břevnov,,https://www.jobs.cz/rpd/2001456355/,2026-10-02T11:24:57+02:00
JB_7621,Group Content & E-commerce Strategist,Dr.Max,Praha – Nové Město,,https://www.jobs.cz/rpd/2001459324/,2026-10-02T11:25:11+02:00
JB_3924,Sales & Account Manager pro českou AI na vytěžování faktur,MEMOS Software s.r.o.,Praha – Vršovice,30 000 – 50 000 Kč,https://www.jobs.cz/rpd/2001421339/,2026-10-02T11:25:11+02:00
JB_4932,Senior Product Manager - Pricing & Promo,Notino s.r.o.,Česká republika,,https://www.jobs.cz/rpd/2001456400/,2026-10-02T11:25:19+02:00
JB_8943,Team Leader / Manažer prodejního týmu,PS Office s.r.o.,okres Praha,60 000 – 80 000 Kč,https://www.jobs.cz/rpd/2001456142/,2026-10-02T11:31:59+02:00
JB_0902,Team Leader (m/ž) - Purchase to Pay,"Česká spořitelna, a.s.",Praha – Krč,,https://www.jobs.cz/rpd/2001457493/,2026-10-02T11:32:10+02:00
JB_5632,Project & Production Quality Manager,2N TELEKOMUNIKACE a.s.,Praha – Modřany,,https://www.jobs.cz/rpd/2001457340/,2026-10-02T11:32:10+02:00
JB_9993,Commercial Manager Retail CZ a SK (CM RT CZSK),PŘEDVÝBĚR.CZ a.s.,Praha – Modřany,100 000 – 145 000 Kč,https://www.jobs.cz/rpd/2001457589/,2026-10-02T11:32:16+02:00
JB_8795,Obchodní zástupce – praxe není nutná,Benefit investment a.s.,Kladno – Kročehlavy,50 000 – 70 000 Kč,https://www.jobs.cz/rpd/2000560215/,2026-10-02T11:32:24+02:00
JB_4243,Obchodní zástupce – praxe není nutná,Benefit investment a.s.,Louny,72 500 – 102 300 Kč,https://www.jobs.cz/rpd/2001455681/,2026-10-02T11:32:24+02:00
JB_8090,SPECIALISTA/KA PROCESŮ A DIGITALIZACE (RENOMIA NETWORK),"RENOMIA, a. s.",Praha – Nové Město,,https://www.jobs.cz/rpd/2001458010/,2026-10-02T11:32:24+02:00
JB_2414,Enterprise Account Manager,Dateio s.r.o.,Praha – Smíchov,,https://www.jobs.cz/rpd/2001457315/,2026-10-02T11:32:24+02:00
JB_7812,Key Account Manager,"Global Payments Europe, s.r.o.",Praha – Strašnice,,https://www.jobs.cz/rpd/2001459210/,2026-10-02T11:32:47+02:00
JB_8249,Business Development Manager - Otevřete dveře novým trhům a strategickému růstu,DEFEND INSURANCE HOLDING s.r.o.,Praha – Chodov,,https://www.jobs.cz/rpd/2001458118/,2026-10-02T11:32:47+02:00
JB_0259,Sales Manager,CWS Hygiene Czech Republic s.r.o.,Praha – Horní Počernice,,https://www.jobs.cz/rpd/2001457829/,2026-10-02T11:32:47+02:00
JB_7452,Projektový koordinátor - DPČ 20h/týden,CETIN a.s.,Praha – Libeň,,https://www.jobs.cz/rpd/2001457755/,2026-10-02T11:32:47+02:00
JB_4023,COMPLIANCE MANAGER,KBP Back Office s.r.o.,Praha – Nové Město,,https://www.jobs.cz/rpd/2001457129/,2026-10-02T11:32:47+02:00
JB_0423,MANAŽER AKVIZIC - PRÉMIOVÝ DEVELOPER,Prušák Group s.r.o.,Praha,90 000 – 120 000 Kč,https://www.jobs.cz/rpd/2001433863/,2026-10-02T11:33:01+02:00
JB_7076,"BACKEND DEVELOPER – ASP.NET CORE (CZK 100,000 – 120,000 / month)","Victoria VR Group, a.s.",Praha – Nové Město,100 000 – 120 000 Kč,https://www.jobs.cz/rpd/2001457459/,2026-10-02T11:33:55+02:00
JB_9087,Business Intelligence Analyst - PART TIME,"Innomotics, s.r.o.",Praha – Stodůlky,,https://www.jobs.cz/rpd/2001459385/,2026-10-02T11:33:55+02:00
JB_7782,Senior Full Stack Engineer (Java + React/Node),"MoroSystems, s.r.o.",Praha – Karlín,,https://www.jobs.cz/rpd/2001459355/,2026-10-02T11:34:29+02:00
JB_4480,Control Algorithm Engineer (Aerospace) - junior/medior,Adamantem HR s.r.o.,Hlavní město Praha,,https://www.jobs.cz/rpd/2001412984/,2026-10-02T11:34:40+02:00
JB_8066,Cash Manager Backoffice - PART TIME,"Innomotics, s.r.o.",Praha – Stodůlky,,https://www.jobs.cz/rpd/2001459526/,2026-10-02T11:34:40+02:00
JB_9858,⭕ TECHNICKÁ PODPORA (Energetika) – Praha východ⚡🔋🚗,"ProfesKontakt, s.r.o.",Středočeský kraj,50 000 – 70 000 Kč,https://www.jobs.cz/rpd/2001456421/,2026-10-02T11:34:40+02:00
JB_5571,"DevOps Engineer – udržujte v chodu systémy, které zajišťují digitální identitu v EU",Aricoma,Praha + 1 další lokalita,,https://www.jobs.cz/rpd/2001051215/,2026-10-02T11:34:55+02:00
JB_0246,Technický dohled – administrátor,"Kongresové centrum Praha, a.s.",Praha – Nusle,,https://www.jobs.cz/rpd/2001453630/,2026-10-02T11:44:28+02:00
JB_9456,Servisní technik obráběcí stroje - Evropa,"TRUMPF Praha, spol. s r.o.",Česká republika,,https://www.jobs.cz/rpd/2001457168/,2026-10-02T11:44:28+02:00
JB_4245,Junior AI vývojář / Developer,Clientelo Czech s.r.o.,Praha – Braník,60 000 – 90 000 Kč,https://www.jobs.cz/rpd/2001457789/,2026-10-02T11:44:38+02:00
JB_5193,ICT Business Analyst | Mezinárodní transformační program (m/f),Drivalia Lease Czech Republic s.r.o.,Praha – Stodůlky,,https://www.jobs.cz/rpd/2001121371/,2026-10-02T11:45:07+02:00
JB_6063,QA Engineer (JPO17786),Alza.cz a.s.,Praha – Holešovice,,https://www.jobs.cz/rpd/2001455898/,2026-10-02T11:45:19+02:00
JB_4857,"Právník/právnička Centra pro podporu open science - autorské právo & ochrana dat (0,5)",Univerzita Karlova - Rektorát,Praha – Veleslavín,25 000 – 32 500 Kč,https://www.jobs.cz/rpd/2001458052/,2026-10-02T11:46:26+02:00
JB_0860,"Key Account Manager pro CZ, SK",Sunnysoft s.r.o.,Praha – Libeň,70 000 – 90 000 Kč,https://www.jobs.cz/rpd/2001456439/,2026-10-02T11:47:10+02:00
JB_6520,Marketingový specialista pro Payminator,RSM CZ a.s.,Praha – Karlín,,https://www.jobs.cz/rpd/2001459224/,2026-10-02T11:53:40+02:00
JB_5192,Projektový manažer (Planeo.cz / Planeo.sk),"FAST ČR, a.s.",Říčany,,https://www.jobs.cz/rpd/2001274812/,2026-10-02T11:54:04+02:00
JB_1110,JEDNATEL/JEDNATELKA SPOLEČNOSTI,VÝZKUMNÝ A ŠLECHTITELSKÝ ÚSTAV OVOCNÁŘSKÝ HOLOVOUSY s.r.o.,Středočeský kraj + 1 další lokalita,,https://www.jobs.cz/rpd/2001457917/,2026-10-02T11:54:14+02:00
JB_3933,Specialista zákaznické péče - od 35.000-45.000 + neomezené bonusy,Trustico s.r.o.,Praha – Nusle,,https://www.jobs.cz/rpd/2001459196/,2026-10-02T11:54:26+02:00
JB_2303,Application manager,GIT Consult Czech s.r.o.,Praha,,https://www.jobs.cz/rpd/2001327491/,2026-10-02T11:54:33+02:00
JB_8587,Librarian (Knihovník),"Prague British International School, s.r.o.",Praha – Kamýk,,https://www.jobs.cz/rpd/2001457676/,2026-10-02T11:54:42+02:00
JB_9700,Strategický koordinátor pro CEO,MSM GROUP s.r.o.,Praha – Karlín,,https://www.jobs.cz/rpd/2001456938/,2026-10-02T11:54:53+02:00
JB_2235,Credit Analyst Trainee with German,"COMMERZBANK Aktiengesellschaft, pobočka Praha",Praha – Vinohrady,,https://www.jobs.cz/rpd/2001457399/,2026-10-02T11:55:25+02:00
JB_0131,IT Business Analytik (banking),BARTON Consulting s.r.o.,Praha,,https://www.jobs.cz/rpd/2001455887/,2026-10-02T11:55:33+02:00
JB_5957,TMS Manager - Czech Republic,Yusen Logistics (Czech) s.r.o.,Praha – Nové Město,,https://www.jobs.cz/rpd/2001456269/,2026-10-02T11:55:48+02:00
JB_4190,COMERCIAL REAL ESTATE CONSULTANT,Prochazka & Partners s.r.o.,Praha – Nové Město,,https://www.jobs.cz/rpd/2001459533/,2026-10-02T12:03:02+02:00
JB_1943,TRANSACTION ADVISORY (DUE DILIGENCE) Senior konzultant/manažer (A473),Forvis Mazars s.r.o.,Praha – Holešovice,,https://www.jobs.cz/rpd/2001457376/,2026-10-02T12:03:23+02:00
JB_0008,SPECIALISTA KONCERNOVÉHO CONTROLLINGU (M/Ž),"Pražská plynárenská, a.s.",Praha – Michle,,https://www.jobs.cz/rpd/2001459063/,2026-10-02T12:03:23+02:00
JB_3976,Specialista/ka controllingu s přesahem do projektového řízení,Skupina ČEZ,Praha – Michle + 1 další lokalita,,https://www.jobs.cz/rpd/2001457568/,2026-10-02T12:03:23+02:00
JB_4786,Head of Group Controlling,REED SPECIALIST RECRUITMENT,Praha,,https://www.jobs.cz/rpd/2001457736/,2026-10-02T12:04:24+02:00
JB_1557,Manager Region IQOS Stores,Philip Morris ČR,Středočeský kraj,,https://www.jobs.cz/rpd/2001459049/,2026-10-02T12:04:30+02:00
JB_3874,Hledáme HR parťáka pro logistiku 🚀 (JPO19923),Alza.cz a.s.,Praha – Holešovice,35 000 – 45 000 Kč,https://www.jobs.cz/rpd/2001455946/,2026-10-02T12:13:22+02:00
JB_0714,Office manager/ka se zaměřením na finance,Clientelo Czech s.r.o.,Praha – Braník,60 000 – 85 000 Kč,https://www.jobs.cz/rpd/2001456059/,2026-10-02T12:13:22+02:00
JB_0537,SOLUTION ARCHITECT (JAVA) - REMOTE,FIEGE s.r.o.,Praha – Horní Počernice,,https://www.jobs.cz/rpd/2001446328/,2026-10-02T12:13:43+02:00
JB_9977,HR Manager / HR Generalista Ž/M s AJ,HR Direct s.r.o.,Hlavní město Praha,70 000 – 80 000 Kč,https://www.jobs.cz/rpd/2001459485/,2026-10-02T12:13:43+02:00
JB_6965,Specialista kvality - senior,"SEKO Aerospace, a.s.",Louny,,https://www.jobs.cz/rpd/2001459048/,2026-10-02T12:14:06+02:00
JB_7966,Junior finanční analytik,"Conseq Investment Management, a.s.",Praha – Staré Město,,https://www.jobs.cz/rpd/2001457838/,2026-10-02T12:23:24+02:00
JB_7596,ZÁKAZNICKÝ SERVIS/DISPEČINK,"Schindler CZ, a.s.",Praha – Jinonice,,https://www.jobs.cz/rpd/2001459055/,2026-10-02T12:24:39+02:00
JB_4497,Personal Assistant / Business Support - 30 dní volna + top benefity,CoolPeople Technology a.s.,Praha,40 000 – 45 000 Kč,https://www.jobs.cz/rpd/2001456294/,2026-10-02T12:24:53+02:00
JB_8153,"Koordinátor auto asistence, vhodné i pro absolventy (m/ž)",GLOBAL ASSISTANCE a.s.,Praha – Dolní Chabry,,https://www.jobs.cz/rpd/2001457926/,2026-10-02T12:25:37+02:00
JB_5166,Administrátor JIRA - trainee,PPF banka a.s.,Praha – Dejvice,,https://www.jobs.cz/rpd/2001457702/,2026-10-02T12:25:47+02:00
JB_8773,HLEDÁME ASISTENTKU VÝROBY – SAP,Primoco UAV SE,Praha – Radotín,50 000 – 60 000 Kč,https://www.jobs.cz/rpd/2001459177/,2026-10-02T12:26:03+02:00
JB_5674,Specialista/Specialistka prodeje a zákaznické péče – T-Mobile Smíchov,T-Mobile Czech Republic a.s.,Praha – Smíchov,44 200 – 74 200 Kč,https://www.jobs.cz/rpd/2001456422/,2026-10-02T12:26:17+02:00
JB_8441,Koordinátor/ka dobrovolníků pro Cestu domů,"Cesta domů, z.ú.",Praha – Michle,,https://www.jobs.cz/rpd/2001453875/,2026-10-02T12:26:17+02:00
JB_6306,Solution / Enterprise Architekt,ADASTRA CZ s.r.o.,Hlavní město Praha,,https://www.jobs.cz/rpd/2001459608/,2026-10-02T12:34:19+02:00
JB_0597,Sales Manager – Financial Services Industry R00314251,Accenture,Praha,,https://www.jobs.cz/rpd/2001222518/,2026-10-02T12:34:26+02:00
JB_0773,Asistent/-ka prodeje - GANT FLAGSHIP Store - Westfield Chodov,GANT Central Europe s.r.o.,Praha – Chodov,,https://www.jobs.cz/rpd/2001456580/,2026-10-02T12:35:05+02:00
JB_2175,Recepční / administrativa – volné víkendy,CENTRAL GROUP a.s.,Praha – Nusle,40 000 Kč,https://www.jobs.cz/rpd/2001457161/,2026-10-02T12:35:36+02:00
JB_9186,Financial Services Business Performance & Commercial Steering Specialist CEE,Mercedes-Benz Česká republika s.r.o.,Praha – Chodov,,https://www.jobs.cz/rpd/2001459726/,2026-10-03T09:50:25+02:00
JB_4710,IT business analytik/analytička,"Asseco Central Europe, a.s.",Praha – Michle + 1 další lokalita,,https://www.jobs.cz/rpd/2001352422/,2026-10-03T09:50:52+02:00
JB_9973,IT Business analytik*čka bankovních systémů – HO IT Delivery Retail – Micro & Mortgages,Raiffeisenbank a.s.,Praha – Nusle,,https://www.jobs.cz/rpd/2001460136/,2026-10-03T09:51:01+02:00
JB_7420,Senior Data Analyst | Machine Learning (m/ž),TIPSPORT,Beroun,,https://www.jobs.cz/rpd/2001460155/,2026-10-03T09:51:01+02:00
JB_7758,IT Business Analytik*čka – úvěrové produkty,Raiffeisenbank a.s.,Praha – Nusle,,https://www.jobs.cz/rpd/2001460426/,2026-10-03T09:51:13+02:00
JB_3274,Specialista/specialistka řízení informačních rizik a ISMS,Skupina ČEZ,Praha – Michle,,https://www.jobs.cz/rpd/2001460149/,2026-10-03T09:51:27+02:00
JB_1860,Data engineer_CRM Transformation,"Česká spořitelna, a.s.",Praha,,https://www.jobs.cz/rpd/2001459622/,2026-10-03T09:51:38+02:00
JB_5665,Category Management Specialist,Alliance Healthcare s.r.o.,Praha – Malešice,,https://www.jobs.cz/rpd/2001459732/,2026-10-03T09:51:52+02:00
JB_1887,Category Manager Junior / Coordinator,"HENKEL ČR, spol. s r.o.",Praha – Libeň,,https://www.jobs.cz/rpd/2001460456/,2026-10-03T09:52:16+02:00
JB_3670,Operations & Logistics Coordinator (International Relocation & Mobility),"AGS INTERNATIONAL MOVERS, spol. s r.o.",Praha – Ruzyně,50 000 – 55 000 Kč,https://www.jobs.cz/rpd/2001460154/,2026-10-03T09:52:16+02:00
JB_6854,HR Project Coordinator,R4U s.r.o.,Hlavní město Praha,,https://www.jobs.cz/rpd/2001459880/,2026-10-03T09:52:26+02:00
JB_1159,Analytik do laboratoře vysoce účinných látek (HPSL),QUINTA-ANALYTICA s.r.o.,Praha – Hostivař,,https://www.jobs.cz/rpd/2001459887/,2026-10-03T09:52:51+02:00
JB_6790,HPLC Analytik,QUINTA-ANALYTICA s.r.o.,Praha – Hostivař,,https://www.jobs.cz/rpd/2001459826/,2026-10-03T09:52:51+02:00
JB_7592,Outbound Transport Specialist,Aktin,Kralupy nad Vltavou,,https://www.jobs.cz/rpd/2001417655/,2026-10-03T09:53:07+02:00
JB_7558,Dispatcher / L1 Support Specialist,Second Foundation Tech a.s.,Praha – Nové Město,,https://www.jobs.cz/rpd/2001460130/,2026-10-03T09:53:15+02:00
JB_7323,Commercial Specialist,Alliance Healthcare s.r.o.,Praha – Malešice,,https://www.jobs.cz/rpd/2001460656/,2026-10-03T09:53:15+02:00
JB_0517,Konzultant/ka ERP systému,ARTEX informační systémy spol. s r.o.,Praha – Smíchov,,https://www.jobs.cz/rpd/2001189493/,2026-10-03T10:02:45+02:00
JB_5252,Konzultant / Senior konzultant – Oceňování,"EKP Advisory, s.r.o.",Praha – Nové Město,50 000 – 80 000 Kč,https://www.jobs.cz/rpd/2001460192/,2026-10-03T10:02:45+02:00
JB_9715,Specialista/ka zákaznické podpory – servis AV/IT techniky,AV MEDIA,Praha – Hostivař,40 000 – 45 000 Kč,https://www.jobs.cz/rpd/2000409900/,2026-10-03T10:03:08+02:00
JB_4108,Ředitel fixních služeb a konektivity (m/ž),O2 Czech Republic a.s.,Praha – Michle,,https://www.jobs.cz/rpd/2001460072/,2026-10-03T10:03:56+02:00
JB_2804,Provozní ředitel/ka,"Kongresové centrum Praha, a.s.",Praha – Nusle,,https://www.jobs.cz/rpd/2001446065/,2026-10-03T10:04:05+02:00
JB_1118,Team Leader Inbound,Aktin,Kralupy nad Vltavou,,https://www.jobs.cz/rpd/2001459708/,2026-10-03T10:04:21+02:00
JB_5175,Správa pohledávek fakturačního oddělení,"Seznam.cz, a.s.",Praha,,https://www.jobs.cz/rpd/2001310670/,2026-10-03T10:04:30+02:00
JB_3618,Senior Machine Learning Engineer | MLOps (m/ž),TIPSPORT,Beroun,,https://www.jobs.cz/rpd/2001460324/,2026-10-03T10:04:56+02:00
JB_6066,Java Backend Developer,"VIG RE zajišťovna, a.s.",Česká republika,,https://www.jobs.cz/rpd/2001457887/,2026-10-03T10:05:09+02:00
JB_3320,Facility manager (JPO10833),Alza.cz a.s.,Praha – Holešovice,,https://www.jobs.cz/rpd/2001459766/,2026-10-03T10:13:46+02:00
JB_4010,Validační specialista do laboratoře farmaceutických analýz,QUINTA-ANALYTICA s.r.o.,Praha – Hostivař,,https://www.jobs.cz/rpd/2001459928/,2026-10-03T10:13:54+02:00
JB_4316,Safety inspektor,"Letiště Praha, a. s.",Praha – Ruzyně,,https://www.jobs.cz/rpd/2001459624/,2026-10-03T10:14:04+02:00
JB_8927,Koordinátor plánování výroby - production planning support (m/ž),Hitachi Energy Czech Republic s.r.o.,Praha – Braník,,https://www.jobs.cz/rpd/2001460413/,2026-10-03T10:14:14+02:00
JB_8757,KEY ACCOUNT MANAGER – AUTOMOTIVE,MINTH CZ s.r.o.,Úžice,,https://www.jobs.cz/rpd/2001459851/,2026-10-03T10:14:14+02:00
JB_7974,Senior Machine Learning Specialist (m/ž),TIPSPORT,Beroun,,https://www.jobs.cz/rpd/2001460127/,2026-10-03T10:16:05+02:00
JB_8926,IT DEVOPS Specialist - Junior,Up Česká republika s.r.o.,Praha – Braník,,https://www.jobs.cz/rpd/2001460059/,2026-10-03T10:16:19+02:00
JB_1310,CLOUD AUTOMATION ENGINEER,J&T BANKA,Praha – Karlín,,https://www.jobs.cz/rpd/2001460028/,2026-10-03T10:25:15+02:00
JB_1600,Solution architekt (integrace a ERP),"EUROMEDIA GROUP, a.s.",Praha – Smíchov,,https://www.jobs.cz/rpd/2001333209/,2026-10-03T10:25:27+02:00
JB_2504,IT Product Owner / Application Manager,JUST CS spol. s r.o.,Praha – Hostivař,,https://www.jobs.cz/rpd/2001460132/,2026-10-03T10:27:05+02:00
JB_9509,Vývojový analytik,QUINTA-ANALYTICA s.r.o.,Praha – Hostivař,,https://www.jobs.cz/rpd/2001459949/,2026-10-03T10:37:54+02:00
JB_3765,UX designer digitálních služeb Komerčního bankovnictví (m/ž),"ČSOB Československá obchodní banka, a. s.",Hlavní město Praha,,https://www.jobs.cz/rpd/2001459940/,2026-10-03T10:38:14+02:00
JB_9077,Solution Architect – Enterprise Integration,Raiffeisenbank a.s.,Praha – Nusle,,https://www.jobs.cz/rpd/2001460225/,2026-10-03T10:40:09+02:00
JB_9423,Solution Architect – Corporate Digital Banking,Raiffeisenbank a.s.,Praha – Nusle,,https://www.jobs.cz/rpd/2001460226/,2026-10-03T10:40:09+02:00
JB_7236,Technický analytik / analytička obchodních zakázek | Praha,AMiT Transportation s.r.o.,Praha – Jinonice,,https://www.jobs.cz/rpd/2001297795/,2026-10-03T10:40:45+02:00
JB_1061,Senior BI / Data Analyst – banka (m/ž),HOFMANN WIZARD s.r.o.,Praha + 1 další lokalita,,https://www.jobs.cz/rpd/2001368263/,2026-10-03T10:46:42+02:00
JB_1402,FINANCIAL CONTROLLER,"PHOENIX lékárenský velkoobchod, s.r.o.",Praha – Hostivař,,https://www.jobs.cz/rpd/2001459756/,2026-10-03T10:47:28+02:00
JB_4970,Interní auditor / auditorka v pojišťovnictví - senior,"Allianz pojišťovna, a.s.",Praha – Karlín,,https://www.jobs.cz/rpd/2001459999/,2026-10-03T10:47:28+02:00
JB_1544,RPA vývojář (m/ž),"ČSOB Československá obchodní banka, a. s.",Praha – Radlice,,https://www.jobs.cz/rpd/2001459982/,2026-10-03T10:47:47+02:00
JB_1368,AI Specialist (M/Ž),Moore Czech Republic s.r.o.,Praha – Karlín,,https://www.jobs.cz/rpd/2001342060/,2026-10-03T10:49:14+02:00
JB_9454,Junior Agentic DevOps Engineer,2N TELEKOMUNIKACE a.s.,Praha – Modřany,,https://www.jobs.cz/rpd/2001459802/,2026-10-03T10:49:23+02:00
JB_6178,Full-stack Software Engineer – Digitální investiční platforma (CEE),Raiffeisenbank a.s.,Praha – Nusle,,https://www.jobs.cz/rpd/2001460227/,2026-10-03T10:58:30+02:00
JB_2223,Specialista/ka marketingu,SAINT-GOBAIN,Praha – Libeň,,https://www.jobs.cz/rpd/2001460410/,2026-10-03T10:58:52+02:00
JB_7862,SPECIALISTA / SPECIALISTKA MEZINÁRODNÍ LOGISTIKY,Fine Pack SE,Praha – Holešovice,50 000 – 70 000 Kč,https://www.jobs.cz/rpd/2001460008/,2026-10-03T10:59:11+02:00
JB_4794,Business Operations Assistent,Arleon s.r.o.,Praha – Karlín,,https://www.jobs.cz/rpd/2001437799/,2026-10-03T11:00:58+02:00
JB_4439,Specialista / Specialistka e-commerce & online marketingu (vyhrazeno pro OZP) – částečný ú,Metodický kabinet digitálního vzdělávání z.s.,Praha – Letňany,17 000 – 25 000 Kč,https://www.jobs.cz/rpd/2001255139/,2026-10-03T11:09:57+02:00
JB_2712,Full-stack vývojář/ka Nelisa,Alma Career Czechia s.r.o.,Praha – Libeň + 1 další lokalita,80 000 – 100 000 Kč,https://www.jobs.cz/rpd/2001465411/,2026-10-07T12:39:02+02:00
JB_2429,Data Engineer – Production & Supply Chain 🥖,"La Lorraine, a.s.",Kladno – Kročehlavy,,https://www.jobs.cz/rpd/2001467798/,2026-10-07T12:39:02+02:00
JB_6145,"(Senior) AI ICT Risk, Threat Modelling and Technology Research Specialist","COMMERZBANK Aktiengesellschaft, pobočka Praha",Praha – Vinohrady,,https://www.jobs.cz/rpd/2001467527/,2026-10-07T12:39:10+02:00
JB_7665,⭕ Business Data Support - Praha,"ProfesKontakt, s.r.o.",Hlavní město Praha,40 000 – 80 000 Kč,https://www.jobs.cz/rpd/2001463073/,2026-10-07T12:39:26+02:00
JB_4861,Junior Data & Credit Reporting Specialist (part-time / student),Provident Financial s.r.o.,Praha,20 000 – 28 000 Kč,https://www.jobs.cz/rpd/2001467612/,2026-10-07T12:39:26+02:00
JB_9068,Zkušený SQL / databázový specialista,"Medor Solutions, s.r.o.",Praha – Libeň,60 000 – 80 000 Kč,https://www.jobs.cz/rpd/2001463426/,2026-10-07T12:39:26+02:00
JB_3210,Senior Data Lead,UNIQA,Praha – Vokovice + 1 další lokalita,,https://www.jobs.cz/rpd/2001464986/,2026-10-07T12:39:26+02:00
JB_4826,🔍 Business & IT Systems Analyst – SAP S/4HANA (Prague),HOFMANN WIZARD s.r.o.,Praha – Smíchov,60 000 – 85 000 Kč,https://www.jobs.cz/rpd/2001466528/,2026-10-07T12:39:38+02:00
JB_5310,AI/ML Python developer / Data science / Data engineer/ - full remote,BARTON Consulting s.r.o.,Praha,,https://www.jobs.cz/rpd/2001466458/,2026-10-07T12:39:38+02:00
JB_8741,Datový analytik pro Homepage,"Seznam.cz, a.s.",Praha – Smíchov + 1 další lokalita,,https://www.jobs.cz/rpd/2001465549/,2026-10-07T12:39:38+02:00
JB_9404,Network Operations Center Analyst - 12 h směny,"Global Payments Europe, s.r.o.",Praha – Strašnice,,https://www.jobs.cz/rpd/2001465268/,2026-10-07T12:39:38+02:00
JB_1275,E-COMMERCE BUSINESS DEVELOPMENT SPECIALIST,BENU Česká republika s.r.o.,Praha – Hostivař,,https://www.jobs.cz/rpd/2001463184/,2026-10-07T12:39:38+02:00
JB_1208,IT Project Manager,BIZ DATA a.s.,Praha,,https://www.jobs.cz/rpd/2001464847/,2026-10-07T12:39:38+02:00
JB_7273,Geodata & Market Research Analyst (ž/m),Kaufland Česká republika v.o.s.,Praha – Břevnov,,https://www.jobs.cz/rpd/2001464746/,2026-10-07T12:39:38+02:00
JB_4045,Risk Developer/ka - Praha,"MONETA Money Bank, a.s.",Praha – Michle,,https://www.jobs.cz/rpd/2001467597/,2026-10-07T12:39:49+02:00
JB_8574,Medical Data& Insights Specialist/ Owner datového řešení,CEEOR spol. s r.o.,Praha – Smíchov,,https://www.jobs.cz/rpd/2001463625/,2026-10-07T12:40:05+02:00
JB_8309,Middle Office Analyst - Prague,"EP Commodities, a.s.",Praha – Nové Město,,https://www.jobs.cz/rpd/2001465298/,2026-10-07T12:40:05+02:00
JB_9440,Senior Environmental Specialist - End-of-Life Battery Management,Mercedes-Benz Česká republika s.r.o.,Praha – Smíchov,,https://www.jobs.cz/rpd/2001467833/,2026-10-07T12:40:05+02:00
JB_2157,BI ANALYTIK / JUNIOR BUSINESS INTELLIGENCE EXPERT,"NEEDle, s.r.o.",Praha,,https://www.jobs.cz/rpd/2001463079/,2026-10-07T12:40:05+02:00
JB_5670,TIS / Datový inženýr pro Holcim Česko,"Holcim (Česko), a.s.",Čížkovice,,https://www.jobs.cz/rpd/2001416932/,2026-10-07T12:40:12+02:00
JB_6101,Order Management Expert,Daimler Truck Customer Services & Parts s.r.o.,Praha – Stodůlky,,https://www.jobs.cz/rpd/2001462634/,2026-10-07T12:40:12+02:00
JB_4927,SQL DATABASE ADMINISTRATOR,TOTAL SERVICE a.s.,Praha,,https://www.jobs.cz/rpd/2001465120/,2026-10-07T12:40:12+02:00
JB_4454,Operations & Event Coordinator (30 hodin týdně),Nielsen,Praha – Nusle,,https://www.jobs.cz/rpd/2001463283/,2026-10-07T12:40:12+02:00
JB_8770,Technik/čka akvizic 📊,"SATPO management, s.r.o.",Praha – Smíchov,,https://www.jobs.cz/rpd/2001467334/,2026-10-07T12:40:12+02:00
JB_1136,Head of Data Center Projects,AXIANS ICT CZ,Praha – Chodov,90 000 – 150 000 Kč,https://www.jobs.cz/rpd/2001332989/,2026-10-07T12:40:20+02:00
JB_1647,Head of the Digital Phenotyping & Data Science Module (DSM),"Ústav molekulární genetiky AV ČR, v.v.i.",Vestec,70 000 – 100 000 Kč,https://www.jobs.cz/rpd/2001462073/,2026-10-07T12:40:20+02:00
JB_6388,Programátor,BIZ DATA a.s.,Praha,,https://www.jobs.cz/rpd/2001464825/,2026-10-07T12:40:20+02:00
JB_6150,🛡️ Security Analyst – Monitoring & SSDLC,"Penta Bank, a. s., pobočka Česká republika",Praha – Vinohrady + 1 další lokalita,,https://www.jobs.cz/rpd/2001465025/,2026-10-07T12:40:21+02:00
JB_8381,Konzultant a analytik pro ekonomický systém Pohoda / Praha,ARION spol. s r.o.,Praha – Vršovice,70 000 – 90 000 Kč,https://www.jobs.cz/rpd/2001463562/,2026-10-07T12:40:21+02:00
JB_7423,Finanční analytik (m/ž),Coca-Cola,Praha – Kyje,,https://www.jobs.cz/rpd/2001466189/,2026-10-07T12:40:21+02:00
JB_0977,Konzultant a analytik pro ERP HELIOS iNuvio / Praha,ARION spol. s r.o.,Praha – Vršovice,80 000 – 120 000 Kč,https://www.jobs.cz/rpd/2001463559/,2026-10-07T12:40:21+02:00
JB_6282,Fair Play Client Specialist | Praha,"MultiSport Benefit, s.r.o.",Praha – Karlín,,https://www.jobs.cz/rpd/2001466625/,2026-10-07T12:40:21+02:00
JB_7746,Financial Analyst – SPV Controlling & AI,"AVANT investiční společnost, a.s.",Praha – Nusle,,https://www.jobs.cz/rpd/2001462540/,2026-10-07T12:40:21+02:00
JB_3664,AI Architekt,"INVESTIKA, investiční společnost, a.s.",Praha,,https://www.jobs.cz/rpd/2001467747/,2026-10-07T12:40:36+02:00
JB_0207,MANAŽER/KA KYBERBEZPEČNOSTI - 990,Vysoká škola chemicko-technologická v Praze,Praha – Dejvice,,https://www.jobs.cz/rpd/2001467438/,2026-10-07T12:40:36+02:00
JB_1575,Senior Secret Management Solution Specialist,DHL Information Services (Europe) s.r.o.,Praha – Chodov,,https://www.jobs.cz/rpd/2001463659/,2026-10-07T12:40:36+02:00
JB_4518,Analyst v oceňování a podnikových financích,Grant Thornton Czech Republic s.r.o.,Praha – Nusle,,https://www.jobs.cz/rpd/2001464109/,2026-10-07T12:40:36+02:00
JB_4779,SENIOR DIGITAL ANALYST,Tesco Stores ČR a.s. - Centrála,Praha – Vršovice,,https://www.jobs.cz/rpd/2001465860/,2026-10-07T12:40:36+02:00
JB_1614,HR Controlling & Compensation Specialist,"EP Commodities, a.s.",Praha – Nové Město,,https://www.jobs.cz/rpd/2001463600/,2026-10-07T12:40:47+02:00
JB_7736,"Senior Specialist, Real Estate",foodora,Praha – Libeň,,https://www.jobs.cz/rpd/2001464843/,2026-10-07T12:40:47+02:00
JB_9738,IT Infrastructure Specialist,CEVA Ground Logistics Czech Republic s.r.o.,Říčany – Jažlovice,,https://www.jobs.cz/rpd/2001346036/,2026-10-07T12:40:47+02:00
JB_0496,SAP S/4HANA Rollout Coordinator – MM/SD,JOBSTART s.r.o.,Praha – Nové Město,100 000 Kč,https://www.jobs.cz/rpd/2001465719/,2026-10-07T12:40:55+02:00
JB_8442,Finance Specialist - part-time,"BILLIGENCE PTY LTD, organizační složka ČR",Praha – Karlín,,https://www.jobs.cz/rpd/2001465173/,2026-10-07T12:40:55+02:00
JB_2430,Sales Coordinator,Medlog Czech Republic s.r.o.,Praha – Smíchov,,https://www.jobs.cz/rpd/2001462715/,2026-10-07T12:40:55+02:00
JB_0221,Project Manager – Payroll & Time Transformation | 100.000 CZK,HOFMANN WIZARD s.r.o.,Praha – Michle,95 000 – 105 000 Kč,https://www.jobs.cz/rpd/2001463985/,2026-10-07T12:40:55+02:00
JB_9196,Specialista / Specialistka pro Identity management,PPF banka a.s.,Praha – Dejvice,,https://www.jobs.cz/rpd/2001212890/,2026-10-07T12:41:01+02:00
JB_1471,Office & Project Coordinator,"Brown-Forman Czechia, s.r.o.",Praha – Nové Město,,https://www.jobs.cz/rpd/2001462484/,2026-10-07T12:41:01+02:00
JB_8946,HR Coordinator - Clarion Congress Hotel Prague****,"CPI Hotels, a.s.",Praha – Vysočany,,https://www.jobs.cz/rpd/2001467338/,2026-10-07T12:41:01+02:00
JB_4187,Security Monitoring Analyst (m/f/n),ESET Research Czech Republic s.r.o.,Praha – Holešovice,,https://www.jobs.cz/rpd/2001424271/,2026-10-07T12:41:15+02:00
JB_4301,Obchodní manažer/ka – Technický Facility Management (Praha a Střední Čechy),Skupina ČEZ,Praha – Smíchov,,https://www.jobs.cz/rpd/2001465744/,2026-10-07T12:41:15+02:00
JB_5567,"PRICING SPECIALIST, nástup ASAP, hybrid režim, PHA 4","Axial Personnel Agency, s.r.o.",Praha,44 000 – 53 000 Kč,https://www.jobs.cz/rpd/2001467787/,2026-10-07T12:41:15+02:00
JB_5159,Master Data Expert – SAP SD/MM Key User / Praha – hybridně | IČO – full-time | Preferovaný,NO77 s.r.o.,Praha – Karlín,,https://www.jobs.cz/rpd/2001464053/,2026-10-07T12:41:15+02:00
JB_3967,Senior Bezpečnostní analytik pro Cyber Defense Center (m/ž),O2 Czech Republic a.s.,Praha – Michle,,https://www.jobs.cz/rpd/2001465918/,2026-10-07T12:41:15+02:00
JB_5693,Junior Bezpečnostní analytik pro Cyber Defense Center (m/ž),O2 Czech Republic a.s.,Praha – Michle,,https://www.jobs.cz/rpd/2001465905/,2026-10-07T12:41:15+02:00
JB_2097,Email Marketing Specialist,Triola a.s.,Praha – Nusle,,https://www.jobs.cz/rpd/2001462442/,2026-10-07T12:41:29+02:00
JB_4311,FINANČNÍ ANALYTIK/ČKA JUNIOR - PART TIME,J&T BANKA,Praha – Karlín,,https://www.jobs.cz/rpd/2001465284/,2026-10-07T12:41:39+02:00
JB_7419,IT Procurement Category Specialist - Pharma,NonStop Consulting s.r.o.,Hlavní město Praha,85 000 – 95 000 Kč,https://www.jobs.cz/rpd/2001465212/,2026-10-07T12:41:39+02:00
JB_6402,Senior PAM Solution Specialist,DHL Information Services (Europe) s.r.o.,Praha – Chodov,,https://www.jobs.cz/rpd/2001463711/,2026-10-07T12:41:39+02:00
JB_6819,SAP & IT Application Support Specialist,HOFMANN WIZARD s.r.o.,Praha – Smíchov,55 000 – 75 000 Kč,https://www.jobs.cz/rpd/2001466500/,2026-10-07T12:41:48+02:00
JB_9020,E-mailing & CRM Specialist,"Seznam.cz, a.s.",Praha,,https://www.jobs.cz/rpd/2001465407/,2026-10-07T12:41:48+02:00
JB_0500,HR Specialist,ADECCO spol.s r.o.,Praha – Karlín,,https://www.jobs.cz/rpd/2001467726/,2026-10-07T12:41:48+02:00
JB_9116,Technical & Business Specialist – Junior (vodárenství),PŘEDVÝBĚR.CZ a.s.,Praha – Vinohrady,45 000 – 55 000 Kč,https://www.jobs.cz/rpd/2001463778/,2026-10-07T12:51:12+02:00
JB_8109,Operations Support Specialist,EXCALIBUR INTERNATIONAL a. s.,Praha – Karlín,,https://www.jobs.cz/rpd/2001464078/,2026-10-07T12:51:12+02:00
JB_5672,💚 Customer Service Specialist (B2B),SPRINT spol.s r.o.,Praha – Uhříněves,45 000 – 55 000 Kč,https://www.jobs.cz/rpd/2001456121/,2026-10-07T12:51:12+02:00
JB_6479,AI Adoption Specialist,TV Nova s.r.o.,Praha – Hlubočepy,,https://www.jobs.cz/rpd/2001454353/,2026-10-07T12:51:12+02:00
JB_1602,GDPR & COMPLIANCE SPECIALIST,"BILLA, spol. s r. o.",Modletice,,https://www.jobs.cz/rpd/2001465354/,2026-10-07T12:51:12+02:00
JB_5309,PURCHASING TRADE SPECIALIST,"PHOENIX lékárenský velkoobchod, s.r.o.",Praha – Hostivař,,https://www.jobs.cz/rpd/2001463138/,2026-10-07T12:51:12+02:00
JB_0921,Account & Operations Specialist v kreativní agentuře,SUBSCRIBE s.r.o.,Praha – Holešovice,50 000 – 65 000 Kč,https://www.jobs.cz/rpd/2001462356/,2026-10-07T12:51:12+02:00
JB_6660,E-Commerce Manager Czech Republic,Metabowerke GmbH,Praha,,https://www.jobs.cz/rpd/2001465222/,2026-10-07T12:51:21+02:00
JB_6383,Vedoucí klientské podpory | Praha,CREDITAS Real Estate Management s.r.o.,Praha – Jinonice,,https://www.jobs.cz/rpd/2001466490/,2026-10-07T12:51:35+02:00
JB_2278,Specialista/ka restrukturalizace SME úvěrů,"Fio banka, a.s.",Praha – Nové Město,,https://www.jobs.cz/rpd/2001462503/,2026-10-07T12:51:35+02:00
JB_8924,Internship – Audit Praha (při bakalářském studiu),EY,Praha – Nové Město,,https://www.jobs.cz/rpd/2001464138/,2026-10-07T12:51:35+02:00
JB_3211,Senior Short Term Trader - Prague,"EP Commodities, a.s.",Praha – Nové Město,,https://www.jobs.cz/rpd/2001465286/,2026-10-07T12:51:47+02:00
JB_4446,MARKETING & COMMUNICATIONS DIRECTOR,ODIEN Group,Praha – Letňany,,https://www.jobs.cz/rpd/2001465403/,2026-10-07T12:51:55+02:00
JB_9375,Administrativní podpora vedení a finančního oddělení - poloviční úvazek - skvělé benefity,Arxada Biotec s.r.o.,Kouřim,,https://www.jobs.cz/rpd/2001466517/,2026-10-07T12:51:55+02:00
JB_0154,referent Oddělení podpory aplikací (Praha),Státní zemědělský intervenční fond,Praha – Nové Město,30 000 – 43 000 Kč,https://www.jobs.cz/rpd/2001462631/,2026-10-07T12:51:55+02:00
JB_4113,ROZVÍJEJTE SVŮJ POTENCIÁL S NÁMI! Praha,"Broker Investment, s.r.o.",Praha – Vinohrady,47 000 – 69 000 Kč,https://www.jobs.cz/rpd/2001464949/,2026-10-07T12:51:55+02:00
JB_2866,XXXLutz Trainee nákup – od absolventa k nákupčímu,XXXLutz,Čestlice,,https://www.jobs.cz/rpd/2001463782/,2026-10-07T12:52:03+02:00
JB_1000,Specialista pro marketing a komunikaci,"Fyzikální ústav AV ČR, v. v. i. - Centrum HiLASE",Dolní Břežany,,https://www.jobs.cz/rpd/2001465041/,2026-10-07T12:52:03+02:00
JB_8703,"Systémový administrátor IT / VmWare, Hyper-V, servery a datová pole Dell / Praha",ARION spol. s r.o.,Praha – Vršovice,50 000 – 80 000 Kč,https://www.jobs.cz/rpd/2001463558/,2026-10-07T12:52:03+02:00
JB_7126,Systémový administrátor IT / Microsoft 365 / Praha,ARION spol. s r.o.,Praha – Vršovice,50 000 – 80 000 Kč,https://www.jobs.cz/rpd/2001463553/,2026-10-07T12:52:03+02:00
JB_1106,CAMPAIGN STRATEGIST - B2C CRM,BENU Česká republika s.r.o.,Praha – Hostivař,,https://www.jobs.cz/rpd/2001463424/,2026-10-07T12:52:03+02:00
JB_4993,Packaging & Labelling Manager,rohlik.cz,Praha – Karlín,,https://www.jobs.cz/rpd/2001463321/,2026-10-07T12:52:03+02:00
JB_2308,Marketingový specialista / marketingová specialistka pro Vysokou školu Scio,Scio,Praha,30 000 – 40 000 Kč,https://www.jobs.cz/rpd/2001463200/,2026-10-07T12:52:10+02:00
JB_8818,Total Rewards Partner,"H & M Hennes & Mauritz CZ, s.r.o.",Praha – Nové Město,,https://www.jobs.cz/rpd/2001465245/,2026-10-07T12:52:10+02:00
JB_0602,Product Manager,"JPServis, a.s.",Praha – Michle,45 000 – 50 000 Kč,https://www.jobs.cz/rpd/2001466186/,2026-10-07T12:52:10+02:00
JB_1848,Supply Planning & Procurement Manager,PŘEDVÝBĚR.CZ a.s.,Praha – Libuš,70 000 – 80 000 Kč,https://www.jobs.cz/rpd/2001466163/,2026-10-07T12:52:10+02:00
JB_7779,Trade Marketing Manager - On Trade,"Brown-Forman Czechia, s.r.o.",Praha – Nové Město,,https://www.jobs.cz/rpd/2001463640/,2026-10-07T12:52:10+02:00
JB_8613,Sales Application Developer (m/ž) - Praha,Raiffeisenbank a.s.,Praha – Nusle,,https://www.jobs.cz/rpd/2001465184/,2026-10-07T12:52:36+02:00
JB_2449,CAD/PDM Specialista – ECA / ECA NG (M/Ž),Formel D Česká republika s.r.o.,Mladá Boleslav,120 000 – 140 000 Kč,https://www.jobs.cz/rpd/2001467165/,2026-10-07T12:52:43+02:00
JB_1668,Senior IP Solution Manager,Huawei Technologies (Czech) s.r.o.,Praha – Michle,,https://www.jobs.cz/rpd/2001463968/,2026-10-07T12:52:49+02:00
JB_4822,Specialista / Manažer BOZP,PŘEDVÝBĚR.CZ a.s.,Praha – Libeň,,https://www.jobs.cz/rpd/2001369665/,2026-10-07T12:52:49+02:00
JB_1018,Junior konzultant/ka – People Advisory Services,EY,Praha – Nové Město,60 000 Kč,https://www.jobs.cz/rpd/2001463892/,2026-10-07T12:52:49+02:00
JB_0104,HR administrátor/ka,"Ambis Univerzita, a. s.",Praha – Libeň,,https://www.jobs.cz/rpd/2001465464/,2026-10-07T12:52:59+02:00
JB_9350,International Forwarding Team Leader,Nagel Česko s.r.o.,Říčany – Jažlovice,,https://www.jobs.cz/rpd/2001467848/,2026-10-07T12:52:59+02:00
JB_2272,Specialista správy dopravců,DHL Automotive s.r.o.,Nepřevázka,,https://www.jobs.cz/rpd/2001459771/,2026-10-07T12:52:59+02:00
JB_9675,BRIGÁDA - ADMINISTRATIVA VE SKLADU,HAUSER spol. s r.o.,Praha – Holešovice,,https://www.jobs.cz/rpd/2001465306/,2026-10-07T12:52:59+02:00
JB_6621,Marketing Manager,Compelson s.r.o.,Praha – Holešovice,,https://www.jobs.cz/rpd/2001463716/,2026-10-07T12:53:10+02:00
JB_9163,HR specialista/ka,"Česká exportní banka, a.s.",Praha – Nové Město,,https://www.jobs.cz/rpd/2001463265/,2026-10-07T12:53:10+02:00
JB_1151,IT Incident & Problem Manager,GIT Consult Czech s.r.o.,Praha – Michle,,https://www.jobs.cz/rpd/2001463085/,2026-10-07T12:53:33+02:00
JB_0907,Backend Developer*ka v AWS – Kotlin / Spring Boot,Raiffeisenbank a.s.,Praha – Nusle,,https://www.jobs.cz/rpd/2001465385/,2026-10-07T12:53:40+02:00
JB_7883,Product designer - Personal AI,"Česká spořitelna, a.s.",Praha – Michle,,https://www.jobs.cz/rpd/2001463443/,2026-10-07T12:53:40+02:00
JB_8028,IT & Technology Manager,ODIEN Group,Praha – Letňany,,https://www.jobs.cz/rpd/2001463831/,2026-10-07T12:53:40+02:00
JB_4413,Specialista bezpečnostních systémů,"Letiště Praha, a. s.",Praha – Ruzyně,,https://www.jobs.cz/rpd/2001466160/,2026-10-07T12:53:40+02:00
JB_1307,Procesní expert/ka,"Komerční banka, a.s.",Praha – Stodůlky,,https://www.jobs.cz/rpd/2001459734/,2026-10-07T12:53:40+02:00
JB_3023,Python/DevSecOps Engineer - od backendu až po CI/CD a security,ADASTRA CZ s.r.o.,Praha – Karlín,,https://www.jobs.cz/rpd/2001462119/,2026-10-07T12:53:40+02:00
JB_8823,Senior Ethical Hacker (f/m),T-Mobile Czech Republic a.s.,Praha – Chodov,,https://www.jobs.cz/rpd/2001179911/,2026-10-07T12:53:47+02:00
JB_8307,🔐 Application Security Architect – SSDLC,"Penta Bank, a. s., pobočka Česká republika",Praha – Vinohrady,,https://www.jobs.cz/rpd/2001465078/,2026-10-07T13:02:35+02:00
JB_8170,SPRÁVCE/SPRÁVKYNĚ REGISTRU OSOB,Digitální a informační agentura,Praha – Žižkov,45 000 – 65 000 Kč,https://www.jobs.cz/rpd/2001467355/,2026-10-07T13:02:35+02:00
JB_8366,Junior Ethical Hacker (f/m),T-Mobile Czech Republic a.s.,Praha – Chodov,,https://www.jobs.cz/rpd/2001179906/,2026-10-07T13:02:35+02:00
JB_7790,IT Support / IT Administrator,Grant Thornton Czech Republic s.r.o.,Praha – Nusle,,https://www.jobs.cz/rpd/2001463359/,2026-10-07T13:02:44+02:00
JB_7209,Customer Care Manager,ManpowerGroup s.r.o.,Praha,,https://www.jobs.cz/rpd/2001458074/,2026-10-07T13:02:44+02:00
JB_2899,Strategic Transportation Buyer – EMEA,Grafton Recruitment s.r.o.,Praha,,https://www.jobs.cz/rpd/2001467459/,2026-10-07T13:02:56+02:00
JB_9191,Head of the Preclinical Evaluation Module (PEM),"Ústav molekulární genetiky AV ČR, v.v.i.",Vestec,70 000 – 100 000 Kč,https://www.jobs.cz/rpd/2001462068/,2026-10-07T13:02:56+02:00
JB_3113,Solution Engineer,Vodafone Czech Republic a.s.,Praha – Stodůlky,,https://www.jobs.cz/rpd/2001462564/,2026-10-07T13:02:56+02:00
JB_9592,Medior API / integrační tester/ka – bankovnictví,teamIT s.r.o.,Praha,100 000 – 120 000 Kč,https://www.jobs.cz/rpd/2001466054/,2026-10-07T13:02:56+02:00
JB_1218,Training & Enablement Designer – Cross-Functional Software Training,"IDC Central Europe, the Middle East & Africa",Praha – Staré Město,,https://www.jobs.cz/rpd/2001464127/,2026-10-07T13:02:56+02:00
JB_7166,Specialista/ka nefinančních rizik,"Česká spořitelna, a.s.",Praha – Michle,,https://www.jobs.cz/rpd/2001464780/,2026-10-07T13:02:56+02:00
JB_9613,HR Project Manager - Payroll & Time Attendance,NonStop Consulting s.r.o.,Hlavní město Praha,90 000 – 110 000 Kč,https://www.jobs.cz/rpd/2001464061/,2026-10-07T13:02:56+02:00
JB_8141,AWS DevOps Engineer,"Global Payments Europe, s.r.o.",Praha – Strašnice,,https://www.jobs.cz/rpd/2001465290/,2026-10-07T13:02:56+02:00
JB_3180,Aplikační specialista/specialistka pro kamerový systém hl. m. Prahy,"Operátor ICT, a. s.",Praha – Holešovice,,https://www.jobs.cz/rpd/2001462494/,2026-10-07T13:02:56+02:00
JB_8643,Specialista/Specialistka pro digitální kampaně a automatizaci,T-Mobile Czech Republic a.s.,Praha – Chodov,,https://www.jobs.cz/rpd/2001465538/,2026-10-07T13:03:19+02:00
JB_8079,Deputy Quality Assurance Manager,PARKER INTERNATIONAL CZECH s.r.o.,Kněževes,,https://www.jobs.cz/rpd/2001463596/,2026-10-07T13:03:19+02:00
JB_4726,SPECIALISTA OCEŇOVÁNÍ / VALUACE NEMOVITOSTÍ,"NEEDle, s.r.o.",Praha,,https://www.jobs.cz/rpd/2001463113/,2026-10-07T13:03:34+02:00
JB_0370,Junior produktový manažer/manažerka HYDRO-TECH,HENNLICH s.r.o.,Ústecký kraj + 2 další lokality,,https://www.jobs.cz/rpd/2001463089/,2026-10-07T13:03:34+02:00
JB_2794,SAMOSTATNÁ ÚČETNÍ,G3 Worldwide Mail (Czech Republic) s.r.o.,Praha – Vinohrady,,https://www.jobs.cz/rpd/2001461406/,2026-10-07T13:03:34+02:00
JB_6721,"Student Support in MCC & Client Valuation (Lebovic), Branch","COMMERZBANK Aktiengesellschaft, pobočka Praha",Praha – Vinohrady,,https://www.jobs.cz/rpd/2001463637/,2026-10-07T13:03:34+02:00
JB_8471,Customer Service & Collaboration Manager CZ/SK,Danone a.s.,Praha – Chodov,,https://www.jobs.cz/rpd/2001463813/,2026-10-07T13:03:45+02:00
JB_9189,Administrativní referent(ka),"GASTROART CZ, spol. s r.o.",Doubek,30 000 – 40 000 Kč,https://www.jobs.cz/rpd/2001465142/,2026-10-07T13:03:45+02:00
JB_5335,Seniorní HRBP,"SeniorGarden SERVICES, s.r.o.",Praha – Michle,,https://www.jobs.cz/rpd/2001465207/,2026-10-07T13:03:46+02:00
JB_2207,Hlavní účetní,2JCP a.s.,Příbram – Příbram VII,60 000 – 80 000 Kč,https://www.jobs.cz/rpd/2001464728/,2026-10-07T13:03:56+02:00
JB_3816,SENIOR VÝVOJÁŘ/KA DATOVÉ PLATFORMY,Digitální a informační agentura,Praha – Vršovice,44 000 Kč,https://www.jobs.cz/rpd/2001465216/,2026-10-07T13:04:22+02:00
JB_4782,TECHNICKÝ / PROCESNÍ INŽENÝR (náborový příspěvek 70 000Kč),SAINT-GOBAIN,Hořovice,,https://www.jobs.cz/rpd/2001462948/,2026-10-07T13:05:29+02:00
JB_3279,DevOps engineer,"CENDIS, s.p.",Praha – Holešovice,,https://www.jobs.cz/rpd/2001462617/,2026-10-07T13:05:29+02:00
JB_4860,DevOps engineer/ architekt,"Asseco Solutions, a.s.",Praha – Braník + 1 další lokalita,,https://www.jobs.cz/rpd/2001466051/,2026-10-07T13:05:29+02:00
JB_0739,Linux System Architect – Red Hat | 100 % Remote | Deutsch,HOFMANN WIZARD s.r.o.,Praha – Nové Město,,https://www.jobs.cz/rpd/2001466530/,2026-10-07T13:05:35+02:00
JB_6115,Technický pracovník - energetik,Kancelář Senátu,Praha – Malá Strana,,https://www.jobs.cz/rpd/2001467525/,2026-10-07T13:13:18+02:00
JB_1666,Ekolog - systémový specialista (M/Ž),"České dráhy, a.s.",Praha,,https://www.jobs.cz/rpd/2001463197/,2026-10-07T13:13:25+02:00
JB_9145,Projektový/á manažer/ka - TZB,"CONTEG, spol. s r.o.",Praha – Hostivař,,https://www.jobs.cz/rpd/2001467393/,2026-10-07T13:13:32+02:00
JB_6416,SYSTÉMOVÝ INŽENÝR,ČESKÁ TELEVIZE,Praha – Podolí,,https://www.jobs.cz/rpd/2000593110/,2026-10-07T13:13:32+02:00
JB_8952,Senior konstruktér jednoúčelových strojů,PŘEDVÝBĚR.CZ a.s.,Praha – Chodov,75 000 – 85 000 Kč,https://www.jobs.cz/rpd/2001462870/,2026-10-07T13:13:32+02:00
JB_4911,** Servisní technik - strojní zařízení **,GHS Consulting s.r.o.,Praha,60 000 – 70 000 Kč,https://www.jobs.cz/rpd/2001462365/,2026-10-07T13:13:32+02:00
JB_7805,projektový manažer v oboru stínící techniky,PROALU s.r.o.,Vestec,45 000 – 60 000 Kč,https://www.jobs.cz/rpd/2001461643/,2026-10-07T13:13:32+02:00
JB_2713,IT Analytik pro rozvoj bankovních systémů,GIT Consult Czech s.r.o.,Praha – Karlín,,https://www.jobs.cz/rpd/2001463141/,2026-10-07T13:13:56+02:00
JB_2978,"IT Consultant (kapitálové trhy, hybrid, Anděl)","ARBES Technologies, a.s.",Praha – Smíchov,,https://www.jobs.cz/rpd/2001465637/,2026-10-07T13:13:56+02:00
JB_0193,SW Administrátor/ka pro projekty kolejových vozidel (m/ž/n),"Siemens Mobility, s.r.o.",Praha – Stodůlky,,https://www.jobs.cz/rpd/2001466440/,2026-10-07T13:14:22+02:00
JB_9086,Head of the Models of Infectious Diseases Module (MID),"Ústav molekulární genetiky AV ČR, v.v.i.",Vestec,70 000 – 100 000 Kč,https://www.jobs.cz/rpd/2001462070/,2026-10-07T13:14:22+02:00
JB_3145,IT Konzultant/ka pro zdravotnické systémy,STAPRO s. r. o.,Praha – Vinohrady + 3 další lokality,,https://www.jobs.cz/rpd/2001463252/,2026-10-07T13:14:22+02:00
JB_1543,Akviziční Obchodník IT / Account Manager IT / Praha,ARION spol. s r.o.,Praha – Vršovice,50 000 – 90 000 Kč,https://www.jobs.cz/rpd/2001463535/,2026-10-07T13:16:10+02:00
JB_6661,Vertical Threat Intelligence Analyst (m/f/n),ESET Research Czech Republic s.r.o.,Praha – Holešovice,,https://www.jobs.cz/rpd/2001464905/,2026-10-07T13:25:03+02:00
JB_0157,Analytický chemik,"ALS Czech Republic, s.r.o.",Praha – Vysočany,,https://www.jobs.cz/rpd/2001462998/,2026-10-07T13:25:26+02:00
JB_5780,(Senior) ICT Strategy Specialist – Threat Intelligence & Landscape,"COMMERZBANK Aktiengesellschaft, pobočka Praha",Praha – Vinohrady,,https://www.jobs.cz/rpd/2001467623/,2026-10-07T13:25:57+02:00
JB_0706,Solution Architekt (m/ž),"ČSOB Československá obchodní banka, a. s.",Praha – Radlice,,https://www.jobs.cz/rpd/2001463641/,2026-10-07T13:25:57+02:00
JB_8313,Farmaceutický/á laborant/ka,Genetia production s.r.o.,Zlatníky-Hodkovice – Hodkovice,45 000 – 50 000 Kč,https://www.jobs.cz/rpd/2001464732/,2026-10-07T13:25:57+02:00
JB_1615,(Senior) Quantum Computing & Post-Quantum Cryptography Specialist,"COMMERZBANK Aktiengesellschaft, pobočka Praha",Praha – Vinohrady,,https://www.jobs.cz/rpd/2001467679/,2026-10-07T13:25:57+02:00
JB_4239,(Senior) ICT Strategy Specialist – ICT Portfolio & Capabilities,"COMMERZBANK Aktiengesellschaft, pobočka Praha",Praha – Vinohrady,,https://www.jobs.cz/rpd/2001467512/,2026-10-07T13:25:57+02:00
JB_9959,Senior Account Manager / Project Lead - rozvoj klientů v 360° agentuře,Acomware,Praha – Michle,,https://www.jobs.cz/rpd/2001463895/,2026-10-07T13:26:20+02:00
JB_3234,Sales specialist,"Kateřinská Hotel, s.r.o.",Praha – Nové Město,,https://www.jobs.cz/rpd/2001179977/,2026-10-07T13:26:20+02:00
JB_9754,"Facility Manager, Inditex - Praha","INDITEX Česká republika, s.r.o.",Praha – Staré Město,,https://www.jobs.cz/rpd/2001465858/,2026-10-07T13:26:20+02:00
JB_3769,Territory Sales Representative - Czech Republic & Slovakia,HYTORC,Praha,,https://www.jobs.cz/rpd/2001466694/,2026-10-07T13:26:20+02:00
JB_9487,🤝 Scrum Master | Core Banking,"Penta Bank, a. s., pobočka Česká republika",Praha – Vinohrady,,https://www.jobs.cz/rpd/2001467369/,2026-10-07T13:26:20+02:00
JB_2493,Cluster Pricing & Billing Specialist,Mars Czech s.r.o.,Praha – Michle,,https://www.jobs.cz/rpd/2001465339/,2026-10-07T13:26:32+02:00
JB_8878,CAD Designer - Automation Team,Motherson SAS Automotive Service Czechia s.r.o.,Plazy,,https://www.jobs.cz/rpd/2001467087/,2026-10-07T13:35:54+02:00
JB_9226,Solution Architekt*ka,Raiffeisenbank a.s.,Praha – Nusle,,https://www.jobs.cz/rpd/2001465174/,2026-10-07T13:36:03+02:00
JB_7921,"Vedoucí IT odboru Solution centrum ADMS (DŘS, GIS, a WFM)",Skupina ČEZ,Praha – Michle,,https://www.jobs.cz/rpd/2001462436/,2026-10-07T13:36:03+02:00
JB_8256,⋙ Business Controller | Finance Business Partner ⋘,"mBlue Czech, s.r.o.",Praha,,https://www.jobs.cz/rpd/2001463694/,2026-10-07T13:36:03+02:00
JB_1697,SENIOR CREDIT RISK ANALYST / TEAM LEADER Mercedes-Benz Financial Services Česká republika,Mercedes-Benz Financial Services Česká republika s.r.o.,Praha – Chodov,,https://www.jobs.cz/rpd/2001465392/,2026-10-07T13:36:32+02:00
JB_3785,Junior KYC Compliance Analysts,Fast Offshore,Praha – Karlín,,https://www.jobs.cz/rpd/2001467717/,2026-10-07T13:36:52+02:00
JB_5330,Operátor/ka Praha – Anděl 🚀,Škola Investorů s.r.o.,Praha – Smíchov,40 000 – 80 000 Kč,https://www.jobs.cz/rpd/2001462931/,2026-10-07T13:37:08+02:00
JB_4145,referent Oddělení finančních zdrojů a plateb (Praha),Státní zemědělský intervenční fond,Praha – Nové Město,33 000 – 49 000 Kč,https://www.jobs.cz/rpd/2001464759/,2026-10-07T13:37:45+02:00
JB_2498,Fakturant/ka,Yusen Logistics (Czech) s.r.o.,Praha – Jinonice,,https://www.jobs.cz/rpd/2001463158/,2026-10-07T13:37:45+02:00
JB_7295,Expert/expertka regulace a cenotvorby,Skupina ČEZ,Praha – Michle,,https://www.jobs.cz/rpd/2001462486/,2026-10-07T13:37:45+02:00
JB_5442,Daňový konzultant - flex. prac. doba & HO & přátelský tým,ECOVIS FACTA a.s.,Praha – Krč,,https://www.jobs.cz/rpd/2001467356/,2026-10-07T13:38:19+02:00
JB_3374,Tax manažer se specializací na převodní ceny (A450),Forvis Mazars s.r.o.,Praha – Holešovice,,https://www.jobs.cz/rpd/2001463316/,2026-10-07T13:38:19+02:00
JB_7632,Portfolio Manager – Real Estate,"Bright HR, s.r.o.",Praha,,https://www.jobs.cz/rpd/2001465830/,2026-10-07T13:38:19+02:00
JB_9369,Výběrové řízení - Tajemník / tajemnice Fakulty architektury,ČVUT - Fakulta architektury,Praha – Dejvice,120 000 Kč,https://www.jobs.cz/rpd/2001463567/,2026-10-07T13:38:30+02:00
JB_0782,Factory manager,"Harimatec Czech, s.r.o.",Klecany – Zdibsko,,https://www.jobs.cz/rpd/2001467879/,2026-10-07T13:38:39+02:00
JB_3109,Customer Care Specialist – English + Spanish / French / Portuguese,Talentor Advanced Search,Praha,50 000 – 65 000 Kč,https://www.jobs.cz/rpd/2001462978/,2026-10-07T13:38:46+02:00
JB_5953,Agentic AI Development Principal Consultant,DHL Information Services (Europe) s.r.o.,Praha – Chodov,90 000 – 160 000 Kč,https://www.jobs.cz/rpd/2001463493/,2026-10-07T13:38:59+02:00
JB_2220,"Product Engineer - React, TypeScript, .Net","Asseco Solutions, a.s.",Praha – Braník,,https://www.jobs.cz/rpd/2001463757/,2026-10-07T13:46:55+02:00
JB_8356,QA Engineer - tým Klientské procesy a tým Nebanka,"Partners Banka, a.s.",Praha – Chodov,,https://www.jobs.cz/rpd/2001465235/,2026-10-07T13:47:10+02:00
JB_6193,Produktový manažer ve vzdělávání pro slovenský trh – Slovenka nebo Slovák v Praze,"Seminaria, s.r.o.",Praha – Smíchov,45 000 – 55 000 Kč,https://www.jobs.cz/rpd/2001465277/,2026-10-07T13:47:27+02:00
JB_8684,Konstruktér ve vývoji,INSET s.r.o.,Praha – Vinohrady,,https://www.jobs.cz/rpd/2001465713/,2026-10-07T13:47:42+02:00
JB_3828,Osobní bankéř/ka - Mnichovo Hradiště,"Česká spořitelna, a.s.",Mnichovo Hradiště,,https://www.jobs.cz/rpd/2001353620/,2026-10-07T13:47:48+02:00
JB_0674,"Marketing Lead 0,75 FTE",tesena s.r.o.,Praha – Michle,45 000 – 68 000 Kč,https://www.jobs.cz/rpd/2001463735/,2026-10-07T13:48:07+02:00
JB_7581,Data science Team leader - AI/ML/NLP - full remote,BARTON Consulting s.r.o.,Praha,,https://www.jobs.cz/rpd/2001467955/,2026-10-07T13:58:04+02:00
JB_2581,Senior Corporate Loan Operations Lead,"Partners Banka, a.s.",Praha – Chodov,,https://www.jobs.cz/rpd/2001467666/,2026-10-07T13:59:06+02:00
JB_8135,CYBERSECURITY SPECIALIST / JUNIOR CYBERSECURITY SPECIALIST,"NEEDle, s.r.o.",Praha,,https://www.jobs.cz/rpd/2001463051/,2026-10-07T13:59:06+02:00
JB_8726,Customer Relations Agent | Gastro/FinTech (Praha-Karlín🔥),Teya Czech Republic s.r.o.,Praha – Karlín,,https://www.jobs.cz/rpd/2001464095/,2026-10-07T14:00:09+02:00
JB_5015,Referent/ka administrativy a datové zprávy,Stavební bytové družstvo Praha,Praha – Kobylisy,,https://www.jobs.cz/rpd/2001463323/,2026-10-07T14:07:26+02:00
JB_4330,Specialista péče o klienty,Skupina Citfin,Praha – Vysočany,,https://www.jobs.cz/rpd/2001467346/,2026-10-07T14:07:26+02:00
JB_2125,Koordinátor / ka pojistných událostí – Podpora klientů při hlášení a řešení škod (SK/CZ),DEFEND INSURANCE HOLDING s.r.o.,Praha – Chodov,,https://www.jobs.cz/rpd/2001463570/,2026-10-07T14:07:26+02:00
JB_7369,Researcher – telefonické zjišťování informací o stavebních projektech (ČR & SR),Hubexo Czech Republic and Slovakia s.r.o.,Praha – Smíchov,,https://www.jobs.cz/rpd/2001467493/,2026-10-07T14:08:21+02:00
JB_7280,Specialista péče o klienty,Direct,Praha – Vysočany,,https://www.jobs.cz/rpd/2001468038/,2026-10-07T14:08:21+02:00
JB_5975,IVF Koordinátor/ka pro zahraniční klienty s AJ/NJ/SRB/FR,Prague Fertility Centre s.r.o.,Praha – Vysočany,,https://www.jobs.cz/rpd/2001466486/,2026-10-07T14:08:21+02:00
JB_6222,Senior Internal Auditor ICT,"Česká spořitelna, a.s.",Praha – Krč,,https://www.jobs.cz/rpd/2001467367/,2026-10-07T14:08:41+02:00
JB_8517,Referent/ka zpracování zakázek Praha,Keraservis Group a.s.,Praha – Karlín,40 000 – 45 000 Kč,https://www.jobs.cz/rpd/2001467103/,2026-10-07T14:10:02+02:00
