ID,Job Title,Company,Location,Salary,URL,Mining_Date
SJ_107121,Senior/Lead Backend Engineer – AI / HR Tech (Category-defining European Startup),Sloneek Europe s.r.o.,Prague,,https://www.startupjobs.cz/nabidka/107121/senior-lead-backend-engineer-ai-hr-tech-category-defining-european-startup,2026-09-11T23:07:27+02:00
SJ_106515,Senior Node.js Developer – Shoptet Pay,Shoptet,Prague,,https://www.startupjobs.cz/nabidka/106515/senior-node-js-developer-shoptet-pay,2026-09-11T23:07:27+02:00
SJ_107253,Staff Server Engineer_Agent Platform - Developer Experience,Charged Monkey s.r.o.,Prague,,https://www.startupjobs.cz/nabidka/107253/staff-server-engineer-agent-platform-developer-experience,2026-09-11T23:07:27+02:00
SJ_107141,Senior Software Engineer in Python - nový projekt,Windy.com,Prague,,https://www.startupjobs.cz/nabidka/107141/senior-software-engineer-in-python-novy-projekt,2026-09-11T23:07:27+02:00
SJ_107749,Data Analytik (m/f),Trigema a.s.,Prague,,https://www.startupjobs.cz/nabidka/107749/data-analytik-m-f,2026-09-11T23:07:27+02:00
SJ_107747,Data Engineer (m/f),Trigema a.s.,Prague,,https://www.startupjobs.cz/nabidka/107747/data-engineer-m-f,2026-09-11T23:07:27+02:00
SJ_107739,Crypto Backend Engineer,Trezor,Prague,,https://www.startupjobs.cz/nabidka/107739/crypto-backend-engineer,2026-09-11T23:07:27+02:00
SJ_107723,Senior Backend C++/ C# Developer,MyQ,Prague,,https://www.startupjobs.cz/nabidka/107723/senior-backend-c-c-developer,2026-09-11T23:07:27+02:00
SJ_107495,Vývojář / developer / AI orchestrator,ORGREZ DATA s.r.o.,Prague,,https://www.startupjobs.cz/nabidka/107495/vyvojar-developer-ai-orchestrator,2026-09-11T23:07:27+02:00
SJ_104595,"🖤💛 Backend Engineer | Build Infrastructure, Not Another SaaS 🚀",signageOS,Prague,,https://www.startupjobs.cz/nabidka/104595/backend-engineer-build-infrastructure-not-another-saas,2026-09-11T23:07:28+02:00
SJ_94129,Senior Application Python Developer 🚀,Ematiq a.s.,Prague,,https://www.startupjobs.cz/nabidka/94129/senior-application-python-developer,2026-09-11T23:07:28+02:00
SJ_107669,Team Lead Data Analytics,Datamole,Prague,,https://www.startupjobs.cz/nabidka/107669/team-lead-data-analytics,2026-09-11T23:07:28+02:00
SJ_106691,Mobile Reverse Engineer – Android,Wultra,Prague,,https://www.startupjobs.cz/nabidka/106691/mobile-reverse-engineer-android,2026-09-11T23:07:28+02:00
SJ_107591,Senior Backend Engineer for Foundation group,Apify,Prague,,https://www.startupjobs.cz/nabidka/107591/senior-backend-engineer-for-foundation-group,2026-09-11T23:07:28+02:00
SJ_107577,Senior Java Developer - up to 200K CZK,Andrew Paulsen,Prague,,https://www.startupjobs.cz/nabidka/107577/senior-java-developer-up-to-200k-czk,2026-09-11T23:07:28+02:00
SJ_107535,Java Developer,Wultra,Prague,,https://www.startupjobs.cz/nabidka/107535/java-developer,2026-09-11T23:07:28+02:00
SJ_107521,Senior Backend Engineer (Laravel),Sloneek Europe s.r.o.,Prague,,https://www.startupjobs.cz/nabidka/107521/senior-backend-engineer-laravel,2026-09-11T23:07:28+02:00
SJ_101863,Senior Back End Engineer,Ciklum,Prague,,https://www.startupjobs.cz/nabidka/101863/senior-back-end-engineer,2026-09-11T23:07:28+02:00
SJ_107517,Medior/Senior Data Engineer,DataSentics a.s.,Prague,,https://www.startupjobs.cz/nabidka/107517/medior-senior-data-engineer,2026-09-11T23:07:28+02:00
SJ_107475,Backend Developer,ASSIST spol. s r.o.,Prague,,https://www.startupjobs.cz/nabidka/107475/backend-developer,2026-09-11T23:07:28+02:00
SJ_107471,"🧠 Medior PHP & Node.js vývojář | Nette, TypeScript | Freelance remote 🚀",Mountain Lift s.r.o.,Prague,,https://www.startupjobs.cz/nabidka/107471/medior-php-and-node-js-vyvojar-nette-typescript-freelance-remote,2026-09-12T10:43:17+02:00
SJ_107429,Zručný Java učeň,Trixi,Prague,,https://www.startupjobs.cz/nabidka/107429/zrucny-java-ucen,2026-09-12T10:43:17+02:00
SJ_107393,Senior Java Engineer,Avenga Czechia s.r.o.,Prague,,https://www.startupjobs.cz/nabidka/107393/senior-java-engineer,2026-09-12T10:43:17+02:00
SJ_107389,BE vývojář (Java/Kotlin) - Stream Karty,"Partners Banka, a.s.",Prague,,https://www.startupjobs.cz/nabidka/107389/be-vyvojar-java-kotlin-stream-karty,2026-09-12T10:43:17+02:00
SJ_106487,Senior/Staff Software Engineer Backend,Myriad AI,Prague,,https://www.startupjobs.cz/nabidka/106487/senior-staff-software-engineer-backend,2026-09-12T10:43:17+02:00
SJ_107339,Senior Data Specialist / Analytics Engineer - Electree,Electree,Prague,,https://www.startupjobs.cz/nabidka/107339/senior-data-specialist-analytics-engineer-electree,2026-09-12T10:43:17+02:00
SJ_106357,Data Scientist Senior 🚀,Ematiq a.s.,Prague,,https://www.startupjobs.cz/nabidka/106357/data-scientist-senior,2026-09-12T10:43:17+02:00
SJ_107287,Control & State Estimation Engineer,NOONTIDE SYSTEMS s.r.o.,Prague,,https://www.startupjobs.cz/nabidka/107287/control-and-state-estimation-engineer,2026-09-12T10:43:17+02:00
SJ_107281,Computer Vision Engineer,NOONTIDE SYSTEMS s.r.o.,Prague,,https://www.startupjobs.cz/nabidka/107281/computer-vision-engineer,2026-09-12T10:43:17+02:00
SJ_107257,Software Developer,1.PF s.r.o.,Prague,,https://www.startupjobs.cz/nabidka/107257/software-developer,2026-09-12T10:43:17+02:00
SJ_107261,BI Engineer,Lundegaard a.s.,Prague,,https://www.startupjobs.cz/nabidka/107261/bi-engineer,2026-09-12T10:43:17+02:00
SJ_106181,Backend Rust Developer,Braiins,Prague,,https://www.startupjobs.cz/nabidka/106181/backend-rust-developer,2026-09-12T10:43:17+02:00
SJ_107223,(Senior) Trading Data Analyst pro greentech startup Delta Green ⚡,Delta Green,Prague,,https://www.startupjobs.cz/nabidka/107223/senior-trading-data-analyst-pro-greentech-startup-delta-green,2026-09-12T10:43:17+02:00
SJ_106221,Junior HW Engineer (part-time s výhledem na HPP) Praha,BTL Medical,Prague,,https://www.startupjobs.cz/nabidka/106221/junior-hw-engineer-part-time-s-vyhledem-na-hpp,2026-09-12T10:43:17+02:00
SJ_107177,Team Lead for Actors (Node.js/TypeScript),Apify,Prague,,https://www.startupjobs.cz/nabidka/107177/team-lead-for-actors-node-js-typescript,2026-09-12T10:43:17+02:00
SJ_105261,Junior Esims Trader,Oddin.gg,Prague,,https://www.startupjobs.cz/nabidka/105261/junior-esims-trader,2026-09-12T10:43:17+02:00
SJ_107135,Programátor/ka pro vývoj SW pozemní části letecké techniky,SPEEL PRAHA s.r.o.,Prague,,https://www.startupjobs.cz/nabidka/107135/programator-ka-pro-vyvoj-sw-pozemni-casti-letecke-techniky,2026-09-12T10:43:17+02:00
SJ_107115,Senior Backend (PHP) developer,Malcom Finance,Prague,,https://www.startupjobs.cz/nabidka/107115/senior-backend-php-developer,2026-09-12T10:43:17+02:00
SJ_107109,Junior / Mid-level Scala Developer,AMP Algo,Prague,,https://www.startupjobs.cz/nabidka/107109/junior-mid-level-scala-developer,2026-09-12T10:43:17+02:00
SJ_107055,Senior BI/DWH Engineer - pojď s námi posunout data zas o kousek dál 💚,Logio s.r.o.,Prague,,https://www.startupjobs.cz/nabidka/107055/senior-bi-dwh-engineer-pojd-s-nami-posunout-data-zas-o-kousek-dal,2026-09-12T10:43:17+02:00
SJ_99101,Software Engineer - Data Integrations 🚀,Ematiq a.s.,Prague,,https://www.startupjobs.cz/nabidka/99101/software-engineer-data-integrations,2026-09-12T10:46:32+02:00
SJ_70217,Senior Software Engineer | Backend / Full-Stack | E-commerce SaaS,Merchantee,Prague,,https://www.startupjobs.cz/nabidka/70217/senior-software-engineer-backend-full-stack-e-commerce-saas,2026-09-12T10:46:32+02:00
SJ_99861,Junior Salesforce Developer,Enehano Solutions s.r.o.,Prague,,https://www.startupjobs.cz/nabidka/99861/junior-salesforce-developer,2026-09-12T10:46:32+02:00
SJ_106837,Medior PHP Developer - backend pro VERITICO - platforma pro řízení celého doda,Logio s.r.o.,Prague,,https://www.startupjobs.cz/nabidka/106837/medior-php-developer-backend-pro-veritico-platforma-pro-rizeni-celeho-doda,2026-09-12T10:46:32+02:00
SJ_40052,⚙️ Senior vývojář/ka eSales platformy – PHP | remote,Emorfiq - e-commerce řešení nové generace,Prague,,https://www.startupjobs.cz/nabidka/40052/senior-vyvojar-ka-esales-platformy-php-remote-130-160-000-kc,2026-09-12T10:46:32+02:00
SJ_107713,"Medior Full-Stack Developer - TypeScript, PostgreSQL & AI",Veroc Brands Group a.s.,Prague,,https://www.startupjobs.cz/nabidka/107713/medior-full-stack-developer-typescript-postgresql-and-ai,2026-09-12T10:46:32+02:00
SJ_107617,SW konzultant I no-code I Praha I 40-60 tis.,INFOMATIC,Prague,,https://www.startupjobs.cz/nabidka/107617/sw-konzultant-i-no-code-i-praha-i-40-60-tis,2026-09-12T10:46:32+02:00
SJ_107555,Founder’s Associate / Junior Business Builder,ROBOSALES.AI,Prague,,https://www.startupjobs.cz/nabidka/107555/founder-s-associate-junior-business-builder,2026-09-12T10:46:32+02:00
SJ_103979,Energický akviziční obchodník pro softwarová řešení (vč. AI a produktů),Juicymo s.r.o.,Prague,,https://www.startupjobs.cz/nabidka/103979/energicky-akvizicni-obchodnik-pro-softwarova-reseni-vc-ai-a-produktu-full-time-praha,2026-09-12T10:46:32+02:00
SJ_106395,Junior Project Manager ve Viole - expanduj do Evropy s digitální platformou 🧓🏻,Viola Technology s.r.o.,Prague,,https://www.startupjobs.cz/nabidka/106395/junior-project-manager-ve-viole-expanduj-do-evropy-s-digitalni-platformou,2026-09-12T10:46:32+02:00
SJ_106655,Sales Manager | Firemní software a digitalizace,MULTIMA AI s.r.o.,Prague,,https://www.startupjobs.cz/nabidka/106655/sales-manager-firemni-software-a-digitalizace,2026-09-12T10:46:32+02:00
SJ_106649,FullFullstack (just Fullstack is not enough) DEV+ops Platfor,Knihobot & Bookbot,Prague,,https://www.startupjobs.cz/nabidka/106649/fullfullstack-just-fullstack-is-not-enough-dev-ops-platfor,2026-09-12T10:46:32+02:00
SJ_106389,Junior Controller @PRAGER'S,PRAGER'S,Prague,,https://www.startupjobs.cz/nabidka/106389/junior-controller-pragers,2026-09-12T10:46:32+02:00
SJ_107385,🚀 Obchodní zástupce | Laba Czech | Bez cold callů,Laba Czech,Prague,,https://www.startupjobs.cz/nabidka/107385/obchodni-zastupce-laba-czech-bez-cold-callu,2026-09-12T10:46:32+02:00
SJ_107381,Customer Care | 2Bminer,2Bminer.com,Prague,,https://www.startupjobs.cz/nabidka/107381/customer-care-2bminer,2026-09-12T10:46:32+02:00
SJ_107379,Obchodní konzultant | 2Bminer,2Bminer.com,Prague,,https://www.startupjobs.cz/nabidka/107379/obchodni-konzultant-2bminer,2026-09-12T10:46:32+02:00
SJ_106075,Nákupčí pro B2B Merchandising 🦖,Valxon,Prague,,https://www.startupjobs.cz/nabidka/106075/nakupci-pro-b2b-merchandising,2026-09-12T10:46:32+02:00
SJ_106559,Ambiciózní kolega do kanceláře 🚀,Futuro Invest,Prague,,https://www.startupjobs.cz/nabidka/106559/ambiciozni-kolega-do-kancelare,2026-09-12T10:46:32+02:00
SJ_106545,Sales Team Leader,Futuro Invest,Prague,,https://www.startupjobs.cz/nabidka/106545/sales-team-leader,2026-09-12T10:46:32+02:00
SJ_107285,Hledáme šikovného editora pro web Energozrouti.cz (přes 200 tisíc návštěv denně),"GOOD PEOPLE media, s.r.o.",Prague,,https://www.startupjobs.cz/nabidka/107285/hledame-sikovneho-editora-pro-web-energozrouti-cz-pres-200-tisic-navstev-denne,2026-09-12T10:46:32+02:00
SJ_107243,B2B Sales Trader – European IT & Electronics,Mobility Vision s.r.o.,Prague,,https://www.startupjobs.cz/nabidka/107243/b2b-sales-trader-european-it-and-electronics,2026-09-12T10:55:23+02:00
SJ_103263,IT Business Analytik – Staň se mostem mezi IT a investičním světem! 🚀,CTS Trade IT a.s.,Prague,,https://www.startupjobs.cz/nabidka/103263/it-business-analytik-stan-se-mostem-mezi-it-a-investicnim-svetem,2026-09-12T10:55:23+02:00
SJ_107181,Partnership Manager,BigHub s.r.o.,Prague,,https://www.startupjobs.cz/nabidka/107181/partnership-manager,2026-09-12T10:55:23+02:00
SJ_107099,Technický lídr produktu a implementací GITRIX™,GITRIX,Prague,,https://www.startupjobs.cz/nabidka/107099/technicky-lidr-produktu-a-implementaci-gitrixtm,2026-09-12T10:55:23+02:00
SJ_105967,Software Engineer (Mobile) | Fintech/Hospitality,Storyous,Prague,,https://www.startupjobs.cz/nabidka/105967/software-engineer-mobile-fintech-hospitality,2026-09-12T10:55:23+02:00
SJ_107049,"Video Creator & Content Producer — YouTube, Instagram, osobní brand CEO",For Traders,Prague,,https://www.startupjobs.cz/nabidka/107049/video-creator-and-content-producer-youtube-instagram-osobni-brand-ceo,2026-09-12T10:55:23+02:00
SJ_106673,Graphic & Digital Designer,"Europosters, s.r.o.",Prague,,https://www.startupjobs.cz/nabidka/106673/graphic-and-digital-designer,2026-09-12T10:55:23+02:00
SJ_106723,Head of Sales,Inbank,Prague,,https://www.startupjobs.cz/nabidka/106723/head-of-sales,2026-09-12T10:55:23+02:00
SJ_106895,Head of Business Reporting & Data Management,mBank,Prague,,https://www.startupjobs.cz/nabidka/106895/head-of-business-reporting-and-data-management,2026-09-12T10:55:23+02:00
SJ_106847,Marketing manager / specialist pro e-learning,Scormium,Prague,,https://www.startupjobs.cz/nabidka/106847/marketing-manager-specialist-pro-e-learning,2026-09-12T10:55:23+02:00
SJ_105797,Forward Deployed Engineer,Sudolabs,Prague,,https://www.startupjobs.cz/nabidka/105797/forward-deployed-engineer,2026-09-12T10:55:23+02:00
SJ_107731,Senior Full-stack PHP Developer,MyQ,Prague,,https://www.startupjobs.cz/nabidka/107731/senior-full-stack-php-developer,2026-09-12T10:55:23+02:00
SJ_107727,TV Special Operations Specialist,Dentsu Czech Republic s.r.o.,Prague,,https://www.startupjobs.cz/nabidka/107727/tv-special-operations-specialist,2026-09-12T10:55:23+02:00
SJ_107725,Digital Junior Account manager,Dentsu Czech Republic s.r.o.,Prague,,https://www.startupjobs.cz/nabidka/107725/digital-junior-account-manager,2026-09-12T10:55:23+02:00
SJ_107677,"Full-stack senior developer (React, Typescript, Java, Rust) 🚀",Simpleway,Prague,,https://www.startupjobs.cz/nabidka/107677/full-stack-senior-developer-react-typescript-java-rust,2026-09-12T10:55:23+02:00
SJ_89827,Specialista/ka péče o zákazníky pro Polsko 🚀,Ecomail.cz,Prague,,https://www.startupjobs.cz/nabidka/89827/specialista-ka-pece-o-zakazniky-pro-polsko,2026-09-12T10:55:23+02:00
SJ_106587,Vedoucí analytického oddělení | Business analytika,Albatros Media a.s.,Prague,,https://www.startupjobs.cz/nabidka/106587/vedouci-analytickeho-oddeleni-business-analytika,2026-09-12T10:55:23+02:00
SJ_107721,Senior Network Administrator (Fortinet),Alinet cz s.r.o.,Prague,,https://www.startupjobs.cz/nabidka/107721/senior-network-administrator-fortinet,2026-09-12T10:55:23+02:00
SJ_83153,Trainee Marketing Specialist | Staň se hlasem naší značky na LinkedInu 🚀 Hybrid Zdiby,Blue Dynamic,Prague,,https://www.startupjobs.cz/nabidka/83153/trainee-marketing-specialist-stan-se-hlasem-nasi-znacky-na-linkedinu,2026-09-12T10:55:23+02:00
SJ_99547,Integration Consultant (with Czech/Slovak),Success Solutions s.r.o.,Prague,,https://www.startupjobs.cz/nabidka/99547/integration-consultant-with-czech-slovak,2026-09-12T10:55:23+02:00
SJ_107711,Production Manager,Fabini,Prague,,https://www.startupjobs.cz/nabidka/107711/production-manager,2026-09-12T10:56:33+02:00
SJ_107703,"C# Developer – .NET, Unity & Realtime Systems",VIRTUPLEX,Prague,,https://www.startupjobs.cz/nabidka/107703/c-developer-net-unity-and-realtime-systems,2026-09-12T10:56:33+02:00
SJ_107689,B2B Sales Manager – Fintech / SaaS,Symfio,Prague,,https://www.startupjobs.cz/nabidka/107689/b2b-sales-manager-fintech-saas,2026-09-12T10:56:33+02:00
SJ_107687,Seniorní účetní,Piano,Prague,,https://www.startupjobs.cz/nabidka/107687/seniorni-ucetni,2026-09-12T10:56:33+02:00
SJ_107657,Product manager junior pro tým CONNECT IT,IT Trade a.s.,Prague,,https://www.startupjobs.cz/nabidka/107657/product-manager-junior-pro-tym-connect-it,2026-09-12T10:56:33+02:00
SJ_107673,Marketing & Brand Manager,OKTAGON MMA,Prague,,https://www.startupjobs.cz/nabidka/107673/marketing-and-brand-manager,2026-09-12T10:56:33+02:00
SJ_107679,Technical Product Builder / Analytic + AI Engineer (Full-Cycle),KENTINO s.r.o.,Prague,,https://www.startupjobs.cz/nabidka/107679/technical-product-builder-analytic-ai-engineer-full-cycle,2026-09-12T10:56:33+02:00
SJ_107685,Vývoj doplňků stravy / Manažer produktového portfolia Junior,MOVit Energy s.r.o.,Prague,,https://www.startupjobs.cz/nabidka/107685/vyvoj-doplnku-stravy-manazer-produktoveho-portfolia-junior,2026-09-12T10:56:33+02:00
SJ_107675,Head of HR,OKTAGON MMA,Prague,,https://www.startupjobs.cz/nabidka/107675/head-of-hr,2026-09-12T10:56:33+02:00
SJ_107663,Account Manager pro kreativní a marketingovou agenturu Proboston,PROBOSTON,Prague,,https://www.startupjobs.cz/nabidka/107663/account-manager-pro-kreativni-a-marketingovou-agenturu-proboston,2026-09-12T10:56:33+02:00
SJ_107671,Product Manager,FaceUp 💙,Prague,,https://www.startupjobs.cz/nabidka/107671/product-manager,2026-09-12T10:56:33+02:00
SJ_89463,"QA Engineer / Automation Tester (medior) – Praha, Karlín",Ackee,Prague,,https://www.startupjobs.cz/nabidka/89463/qa-engineer-automation-tester-medior-praha-karlin,2026-09-12T10:56:33+02:00
SJ_107461,"Technický QA Team Lead – Praha, Karlín",Ackee,Prague,,https://www.startupjobs.cz/nabidka/107461/technicky-qa-team-lead-praha-karlin,2026-09-12T10:56:33+02:00
SJ_107667,"Business & Sales Assistant – AI, obchod a technologie",Intellmaps s.r.o.,Prague,,https://www.startupjobs.cz/nabidka/107667/business-and-sales-assistant-ai-obchod-a-technologie,2026-09-12T10:56:33+02:00
SJ_107659,Account manager – Hlavní úvazek – Praha,REkrabička a REkelímek,Prague,,https://www.startupjobs.cz/nabidka/107659/account-manager-hlavni-uvazek-praha,2026-09-12T10:56:33+02:00
SJ_104721,Marketing & Project Lead - vyprávěj příběh našich značek!,ACOMWARE s.r.o.,Prague,,https://www.startupjobs.cz/nabidka/104721/marketing-project-lead-vypravej-pribeh-nasich-znacek,2026-09-12T10:56:33+02:00
SJ_106715,🎥 Route Filming & Production Specialist 🚴,ROUVY,Prague,,https://www.startupjobs.cz/nabidka/106715/route-filming-and-production-specialist,2026-09-12T10:56:33+02:00
SJ_107449,PRista pro spotřební elektroniku a domácí spotřebiče,Adison,Prague,,https://www.startupjobs.cz/nabidka/107449/prista-pro-spotrebni-elektroniku-a-domaci-spotrebice,2026-09-12T10:56:33+02:00
SJ_106523,Digital Product Manager,"Byzkids, s.r.o.",Prague,,https://www.startupjobs.cz/nabidka/106523/digital-product-manager,2026-09-12T10:56:33+02:00
SJ_107653,AML Specialista/​ka,T-Mobile Czech Republic a.s.; Slovak Telekom a.s.,Prague,,https://www.startupjobs.cz/nabidka/107653/aml-specialista-ka,2026-09-12T10:56:33+02:00
SJ_107637,IT Project manager / ka,Coding Bear,Prague,,https://www.startupjobs.cz/nabidka/107637/it-project-manager-ka,2026-09-12T10:57:33+02:00
SJ_107633,Produktový lídr a vývojář nové AI služby,"KPCS CZ, s.r.o.",Prague,,https://www.startupjobs.cz/nabidka/107633/produktovy-lidr-a-vyvojar-nove-ai-sluzby,2026-09-12T10:57:33+02:00
SJ_107635,Senior Account Manager,CITY DIGITAL MEDIA s.r.o.,Prague,,https://www.startupjobs.cz/nabidka/107635/senior-account-manager,2026-09-12T10:57:33+02:00
SJ_107625,Video Producer,Trezor,Prague,,https://www.startupjobs.cz/nabidka/107625/video-producer,2026-09-12T10:57:33+02:00
SJ_107547,E-commerce Product owner,MageXo s.r.o.,Prague,,https://www.startupjobs.cz/nabidka/107547/e-commerce-product-owner,2026-09-12T10:57:33+02:00
SJ_107629,"Revenue & Payments Accountant – e-commerce, B2B & retail",Fabini,Prague,,https://www.startupjobs.cz/nabidka/107629/revenue-and-payments-accountant-e-commerce-b2b-and-retail,2026-09-12T10:57:33+02:00
SJ_107627,Head of Accounting,Fabini,Prague,,https://www.startupjobs.cz/nabidka/107627/head-of-accounting,2026-09-12T10:57:33+02:00
SJ_107623,"HR generalista/ka — nábor, provoz a kancelář",Reas.cz,Prague,,https://www.startupjobs.cz/nabidka/107623/hr-generalista-ka-nabor-provoz-a-kancelar,2026-09-12T10:57:33+02:00
SJ_107621,IT specialist - systems administration and internal development with AI (part-time),LDparks Solutions s.r.o.,Prague,,https://www.startupjobs.cz/nabidka/107621/it-specialist-systems-administration-and-internal-development-with-ai-part-time,2026-09-12T10:57:33+02:00
SJ_107619,AI Strategist Lead,Greyson Consulting,Prague,,https://www.startupjobs.cz/nabidka/107619/ai-strategist-lead,2026-09-12T10:57:33+02:00
SJ_107615,Finance & Tax Controller,K83,Prague,,https://www.startupjobs.cz/nabidka/107615/finance-and-tax-controller,2026-09-12T10:57:33+02:00
SJ_107613,🚀 PPC Specialista – AI kampaně,SIMPLY DIGITAL s.r.o.,Prague,,https://www.startupjobs.cz/nabidka/107613/ppc-specialista-ai-kampane,2026-09-12T10:57:33+02:00
SJ_107609,Senior Sales Account Manager – e-commerce | CZ/SK | SaaS,base.com,Prague,,https://www.startupjobs.cz/nabidka/107609/senior-sales-account-manager-e-commerce-cz-sk-saas,2026-09-12T10:57:33+02:00
SJ_107607,Business Development Representative,Teya,Prague,,https://www.startupjobs.cz/nabidka/107607/business-development-representative,2026-09-12T10:57:33+02:00
SJ_105455,Principal Engineer,Aktin,Prague,,https://www.startupjobs.cz/nabidka/105455/principal-engineer,2026-09-12T10:57:33+02:00
SJ_107593,Social Media Specialist,Lafluence Agency,Prague,,https://www.startupjobs.cz/nabidka/107593/social-media-specialist,2026-09-12T10:57:33+02:00
SJ_107595,Social Media Specialist / Content Creator,LCG New Media,Prague,,https://www.startupjobs.cz/nabidka/107595/social-media-specialist-content-creator,2026-09-12T10:57:33+02:00
SJ_107587,Platform Reliability Engineer,Apify,Prague,,https://www.startupjobs.cz/nabidka/107587/platform-reliability-engineer,2026-09-12T10:57:33+02:00
SJ_107589,Account Manager,Revolgy Business Solutions a.s.,Prague,,https://www.startupjobs.cz/nabidka/107589/account-manager,2026-09-12T10:57:33+02:00
SJ_86761,Performance marketing manažer/ka (Senior/Medior) pro Mixit Praha,Mixit s.r.o.,Prague,,https://www.startupjobs.cz/nabidka/86761/performance-marketing-manazer-ka-senior-medior-pro-mixit,2026-09-12T10:57:33+02:00
SJ_107585,Junior QA Engineer,Applifting,Prague,,https://www.startupjobs.cz/nabidka/107585/junior-qa-engineer,2026-09-12T10:58:33+02:00
SJ_106547,Customer Success Manager,ROIVENUE,Prague,,https://www.startupjobs.cz/nabidka/106547/customer-success-manager,2026-09-12T10:58:33+02:00
SJ_72267,Junior IT konzultant / Trainee – Finance & Microsoft Dynamics 365 🚀 Zdiby,Blue Dynamic,Prague,,https://www.startupjobs.cz/nabidka/72267/junior-it-konzultant-trainee-finance-and-microsoft-dynamics-365,2026-09-12T10:58:33+02:00
SJ_88279,Trainee Account Manager | Staň se součástí světa IT obchodu 🚀 Onsite Zdiby,Blue Dynamic,Prague,,https://www.startupjobs.cz/nabidka/88279/trainee-account-manager-stan-se-soucasti-sveta-it-obchodu,2026-09-12T10:58:33+02:00
SJ_107575,Účetní,"Seznam.cz, a.s.",Prague,,https://www.startupjobs.cz/nabidka/107575/ucetni,2026-09-12T10:58:33+02:00
SJ_107571,Product Manager (možnost full remote) | Tipli.cz,Tipli,Prague,,https://www.startupjobs.cz/nabidka/107571/product-manager-moznost-full-remote-tipli-cz,2026-09-12T10:58:33+02:00
SJ_107569,Senior Accountant | E-commerce & Inventory,Fabini,Prague,,https://www.startupjobs.cz/nabidka/107569/senior-accountant-e-commerce-and-inventory,2026-09-12T10:58:33+02:00
SJ_107567,Junior Accountant,Fabini,Prague,,https://www.startupjobs.cz/nabidka/107567/junior-accountant,2026-09-12T10:58:33+02:00
SJ_102637,Marketing & Product Specialist,MAGU s.r.o.,Prague,,https://www.startupjobs.cz/nabidka/102637/marketing-and-product-specialist,2026-09-12T10:58:33+02:00
SJ_107565,AI Platform Engineer,Trezor,Prague,,https://www.startupjobs.cz/nabidka/107565/ai-platform-engineer,2026-09-12T10:58:33+02:00
SJ_107563,Junior CRM Specialist,PromoGEN,Prague,,https://www.startupjobs.cz/nabidka/107563/junior-crm-specialist,2026-09-12T10:58:33+02:00
SJ_107559,Administrátor/ka IT infrastruktury,"Sprinx Systems, a.s.",Prague,,https://www.startupjobs.cz/nabidka/107559/administrator-ka-it-infrastruktury,2026-09-12T10:58:33+02:00
SJ_107545,Platform Engineer (HealthTech),PurposeTech,Prague,,https://www.startupjobs.cz/nabidka/107545/platform-engineer-healthtech,2026-09-12T10:58:33+02:00
SJ_107551,BTC Prague - Marketing Generalist,BTC Prague,Prague,,https://www.startupjobs.cz/nabidka/107551/btc-prague-marketing-generalist,2026-09-12T10:58:33+02:00
SJ_106613,Web & Analytics Specialist,BTL Medical,Prague,,https://www.startupjobs.cz/nabidka/106613/web-and-analytics-specialist,2026-09-12T10:58:33+02:00
SJ_104329,Senior B2B Sales Consultant pro Česko a Slovensko,"Hedepy, online therapy",Prague,,https://www.startupjobs.cz/nabidka/104329/senior-b2b-sales-consultant-pro-cesko-a-slovensko,2026-09-12T10:58:33+02:00
SJ_107531,Seniorní účetní | digitální účetnictví s přesahem do byznysu,Karma Digits,Prague,,https://www.startupjobs.cz/nabidka/107531/seniorni-ucetni-digitalni-ucetnictvi-s-presahem-do-byznysu,2026-09-12T10:58:33+02:00
SJ_107525,Senior Enterprise BDR pro zdravotnictví | CZ/SK,Medevio s.r.o.,Prague,,https://www.startupjobs.cz/nabidka/107525/senior-enterprise-bdr-pro-zdravotnictvi-cz-sk,2026-09-12T10:58:33+02:00
SJ_107515,Senior QA Engineer – Take Our Test Automation to the Next Level!,localhost s.r.o.,Prague,,https://www.startupjobs.cz/nabidka/107515/senior-qa-engineer-take-our-test-automation-to-the-next-level,2026-09-12T10:58:33+02:00
SJ_107513,Senior Creative Strategist,Big Time,Prague,,https://www.startupjobs.cz/nabidka/107513/senior-creative-strategist,2026-09-12T10:58:33+02:00
SJ_107511,Senior QA analytik | Platby | Bankovní prostředí | Praha,Tesena | Praha,Prague,,https://www.startupjobs.cz/nabidka/107511/senior-qa-analytik-platby-bankovni-prostredi-praha,2026-09-12T10:59:33+02:00
SJ_104481,Customer Care v MAGU🌱,MAGU s.r.o.,Prague,,https://www.startupjobs.cz/nabidka/104481/customer-care-v-magu,2026-09-12T10:59:33+02:00
SJ_107509,IT Specialist,Resistant AI,Prague,,https://www.startupjobs.cz/nabidka/107509/it-specialist,2026-09-12T10:59:33+02:00
SJ_107501,Investment Associate (HealthTech),PurposeTech,Prague,,https://www.startupjobs.cz/nabidka/107501/investment-associate-healthtech,2026-09-12T10:59:33+02:00
SJ_107505,Junior Project Support Coordinator – Healthcare (Czech Republic),grandaliro s.r.o.,Prague,,https://www.startupjobs.cz/nabidka/107505/junior-project-support-coordinator-healthcare-czech-republic,2026-09-12T10:59:33+02:00
SJ_107503,PPC Performance Specialist,Fragile media,Prague,,https://www.startupjobs.cz/nabidka/107503/ppc-performance-specialist,2026-09-12T10:59:33+02:00
SJ_98933,Project manager (Digital marketing),Proficio,Prague,,https://www.startupjobs.cz/nabidka/98933/project-manager-digital-marketing,2026-09-12T10:59:33+02:00
SJ_107489,Produktový manažer,CEDA Maps a.s.,Prague,,https://www.startupjobs.cz/nabidka/107489/produktovy-manazer,2026-09-12T10:59:33+02:00
SJ_106601,Zkušený obchodník - Fintech & Acquiring,"InspiPay, s.r.o.",Prague,,https://www.startupjobs.cz/nabidka/106601/zkuseny-obchodnik-fintech-and-acquiring,2026-09-12T10:59:33+02:00
SJ_107487,IT Projektový manažer,CEDA Maps a.s.,Prague,,https://www.startupjobs.cz/nabidka/107487/it-projektovy-manazer,2026-09-12T10:59:33+02:00
SJ_107497,MIXIT hledá Senior grafického designéra/designérku!,Mixit s.r.o.,Prague,,https://www.startupjobs.cz/nabidka/107497/mixit-hleda-senior-grafickeho-designera-designerku,2026-09-12T10:59:33+02:00
SJ_106693,Lead UX Designer,Datamole,Prague,,https://www.startupjobs.cz/nabidka/106693/lead-ux-designer,2026-09-12T10:59:33+02:00
SJ_21242,Customer Care (chat & mail) EN/CZ – se zájmem o IT a síť,CDN77,Prague,,https://www.startupjobs.cz/nabidka/21242/customer-care-chat-and-mail-en-cz-se-zajmem-o-it-a-sit,2026-09-12T10:59:33+02:00
SJ_104837,Marketingový specialista s polštinou pro českou značku nádobí FABINI,Fabini,Prague,,https://www.startupjobs.cz/nabidka/104837/marketingovy-specialista-s-polstinou-pro-ceskou-znacku-nadobi-fabini,2026-09-12T10:59:33+02:00
SJ_107491,E-commerce & Performance Lead,Fabini,Prague,,https://www.startupjobs.cz/nabidka/107491/e-commerce-and-performance-lead,2026-09-12T10:59:33+02:00
SJ_107485,"PPC Specialista (Ads/Meta, medior/senior, FT/PT, Vyšehrad)",NANOOK s.r.o.,Prague,,https://www.startupjobs.cz/nabidka/107485/ppc-specialista-ads-meta-medior-senior-ft-pt-vysehrad,2026-09-12T10:59:33+02:00
SJ_107479,RevOps and Sales Transformation Lead,Dateio,Prague,,https://www.startupjobs.cz/nabidka/107479/revops-and-sales-transformation-lead,2026-09-12T10:59:33+02:00
SJ_107477,HR & Office Administrator (Czech Expansion),Connect2 Sp. z o.o,Prague,,https://www.startupjobs.cz/nabidka/107477/hr-and-office-administrator-czech-expansion,2026-09-12T10:59:33+02:00
SJ_107409,Senior React Native Engineer @Fans Holdings,Fans API,Prague,,https://www.startupjobs.cz/nabidka/107409/senior-react-native-engineer-at-fans-holdings,2026-09-12T10:59:33+02:00
SJ_104853,Customer Care Specialist - Apple Accessories,Epico International .s.r.o.,Prague,,https://www.startupjobs.cz/nabidka/104853/customer-care-specialist-apple-accessories,2026-09-12T10:59:33+02:00
SJ_107467,Sales Development Representative at a Mobile Gaming Agency,AppAgent,Prague,,https://www.startupjobs.cz/nabidka/107467/sales-development-representative-at-a-mobile-gaming-agency,2026-09-12T11:00:38+02:00
SJ_107465,Fashion Developer/ka pro vlastní kolekce spodního prádla a plavek,Astratex,Prague,,https://www.startupjobs.cz/nabidka/107465/fashion-developer-ka-pro-vlastni-kolekce-spodniho-pradla-a-plavek,2026-09-12T11:00:38+02:00
SJ_107463,B2B Sales & Business Development Manager | Decor by Glassor,Glassor Decorations s.r.o.,Prague,,https://www.startupjobs.cz/nabidka/107463/b2b-sales-and-business-development-manager-decor-by-glassor,2026-09-12T11:00:38+02:00
SJ_106293,Obchodník v Digitoo.ai (80.000 - 150.000 Kč),Digitoo,Prague,,https://www.startupjobs.cz/nabidka/106293/obchodnik-v-digitoo-ai-80-000-150-000-kc,2026-09-12T11:00:38+02:00
SJ_107457,Android Developer pro unattended retail,Spiroq,Prague,,https://www.startupjobs.cz/nabidka/107457/android-developer-pro-unattended-retail,2026-09-12T11:00:38+02:00
SJ_107403,Junior Business Development Representative (BDR) 🚀🌍,wflow.com,Prague,,https://www.startupjobs.cz/nabidka/107403/junior-business-development-representative-bdr,2026-09-12T11:00:38+02:00
SJ_107455,Senior Cloud Engineer / Architect (Microsoft Azure),Česká národní banka,Prague,,https://www.startupjobs.cz/nabidka/107455/senior-cloud-engineer-architect-microsoft-azure,2026-09-12T11:00:38+02:00
SJ_107445,Account manažer/ka na,2FRESH,Prague,,https://www.startupjobs.cz/nabidka/107445/account-manazer-ka-na-part-time-predni-ceske-designove-studio,2026-09-12T11:00:38+02:00
SJ_107441,Senior Project Manager high-end webů do webového studia,Apadore,Prague,,https://www.startupjobs.cz/nabidka/107441/senior-project-manager-high-end-webu-do-weboveho-studia,2026-09-12T11:00:38+02:00
SJ_106465,Senior webový analytik Praha,Publicis Groupe,Prague,,https://www.startupjobs.cz/nabidka/106465/senior-webovy-analytik,2026-09-12T11:00:38+02:00
SJ_107437,"Obchodní specialista | Vyber si svůj tým – energetika, pojištění nebo telekomunikace",Kalkulátor.cz,Prague,,https://www.startupjobs.cz/nabidka/107437/obchodni-specialista-vyber-si-svuj-tym-energetika-pojisteni-nebo-telekomunikace,2026-09-12T11:00:38+02:00
SJ_107435,Asistent/ka v developerské společnosti s přesahem do marketingu,REFLECTA Development a.s.,Prague,,https://www.startupjobs.cz/nabidka/107435/asistent-ka-v-developerske-spolecnosti-s-presahem-do-marketingu,2026-09-12T11:00:38+02:00
SJ_104795,Hledáme brigádníky na kulturní akce Praha,PLG Group: GoOut & Ticketportal,Prague,,https://www.startupjobs.cz/nabidka/104795/hledame-brigadniky-na-kulturni-akce,2026-09-12T11:00:38+02:00
SJ_105631,Junior HW Technik Praha,BTL Medical,Prague,,https://www.startupjobs.cz/nabidka/105631/junior-hw-technik,2026-09-12T11:00:38+02:00
SJ_107423,Pricing Expert (F/M),T-Mobile Czech Republic a.s.; Slovak Telekom a.s.,Prague,,https://www.startupjobs.cz/nabidka/107423/pricing-expert-f-m,2026-09-12T11:00:38+02:00
SJ_107427,Enterprise Mobility Engineer (F/M),T-Mobile Czech Republic a.s.; Slovak Telekom a.s.,Prague,,https://www.startupjobs.cz/nabidka/107427/enterprise-mobility-engineer-f-m,2026-09-12T11:00:38+02:00
SJ_107417,.NET Full Stack Developer,"cbData, s.r.o.",Prague,,https://www.startupjobs.cz/nabidka/107417/net-full-stack-developer,2026-09-12T11:00:38+02:00
SJ_105573,Senior Project Lead Praha,Datamole,Prague,,https://www.startupjobs.cz/nabidka/105573/senior-project-lead,2026-09-12T11:00:38+02:00
SJ_104277,Digital Marketing Strategist pro mobilní aplikace Praha,"Seznam.cz, a.s.",Prague,,https://www.startupjobs.cz/nabidka/104277/digital-marketing-strategist-pro-mobilni-aplikace,2026-09-12T11:00:38+02:00
SJ_102685,Product Manager do Pixelfield,Pixelfield,Prague,,https://www.startupjobs.cz/nabidka/102685/product-manager-do-pixelfield,2026-09-12T11:00:38+02:00
SJ_107407,AI-first DevOps Engineer,Fortion Networks,Prague,,https://www.startupjobs.cz/nabidka/107407/ai-first-devops-engineer,2026-09-12T11:01:43+02:00
SJ_107405,💻 Backend Tech Lead – for Tanganica B2B Saas | ABUGO Group,Tanganica.com,Prague,,https://www.startupjobs.cz/nabidka/107405/backend-tech-lead-for-tanganica-b2b-saas-abugo-group,2026-09-12T11:01:43+02:00
SJ_107401,Fullstack Developer (Java + React),ASSIST spol. s r.o.,Prague,,https://www.startupjobs.cz/nabidka/107401/fullstack-developer-java-react,2026-09-12T11:01:43+02:00
SJ_101761,Junior Sales Specialist – výdělek až 70 000 Kč,MAGU s.r.o.,Prague,,https://www.startupjobs.cz/nabidka/101761/junior-sales-specialist-vydelek-az-70-000-kc,2026-09-12T11:01:43+02:00
SJ_107399,L2 Support Specialist,CreativeDock Czech s.r.o.,Prague,,https://www.startupjobs.cz/nabidka/107399/l2-support-specialist,2026-09-12T11:01:43+02:00
SJ_107395,PHP & AI Software Developer,ARTIN,Prague,,https://www.startupjobs.cz/nabidka/107395/php-and-ai-software-developer,2026-09-12T11:01:43+02:00
SJ_76223,"UX/UI (no bullshit) designer - Praha, Karlín",Ackee,Prague,,https://www.startupjobs.cz/nabidka/76223/ux-ui-no-bullshit-designer-praha-karlin,2026-09-12T11:01:43+02:00
SJ_107397,DevOps Engineer,Avenga Czechia s.r.o.,Prague,,https://www.startupjobs.cz/nabidka/107397/devops-engineer,2026-09-12T11:01:43+02:00
SJ_107383,"CTO pro AI MedTech | C#/.NET, React a Azure",Aireen a.s.,Prague,,https://www.startupjobs.cz/nabidka/107383/cto-pro-ai-medtech-c-net-react-a-azure,2026-09-12T11:01:43+02:00
SJ_103703,Obchodní konzultant (junior / expert) pro optický internet,T-Mobile Czech Republic a.s. - Partner,Prague,,https://www.startupjobs.cz/nabidka/103703/obchodni-konzultant-junior-expert-pro-opticky-internet,2026-09-12T11:01:43+02:00
SJ_104563,HR Generalist Praha,Invity,Prague,,https://www.startupjobs.cz/nabidka/104563/hr-generalist,2026-09-12T11:01:43+02:00
SJ_107377,Senior Game Producer (RNG & Instant-Win Games),Oddin.gg,Prague,,https://www.startupjobs.cz/nabidka/107377/senior-game-producer-rng-and-instant-win-games,2026-09-12T11:01:43+02:00
SJ_107369,Sales & Business Development Manager – Healthcare AI (CEE),Neurona Lab s.r.o.,Prague,,https://www.startupjobs.cz/nabidka/107369/sales-and-business-development-manager-healthcare-ai-cee,2026-09-12T11:01:43+02:00
SJ_107297,Programmatic Consultant,Zircon Tree,Prague,,https://www.startupjobs.cz/nabidka/107297/programmatic-consultant,2026-09-12T11:01:43+02:00
SJ_107363,Junior Product Packaging Coordinator - Apple Accessories,Epico International .s.r.o.,Prague,,https://www.startupjobs.cz/nabidka/107363/junior-product-packaging-coordinator-apple-accessories,2026-09-12T11:01:43+02:00
SJ_107365,Testovací pilot dronů (PX4 / ArduPilot),Fly4Future s.r.o,Prague,,https://www.startupjobs.cz/nabidka/107365/testovaci-pilot-dronu-px4-ardupilot,2026-09-12T11:01:43+02:00
SJ_107359,BI/Data Engineer,ASSIST spol. s r.o.,Prague,,https://www.startupjobs.cz/nabidka/107359/bi-data-engineer,2026-09-12T11:01:43+02:00
SJ_107355,Junior Account Manager – vyber si trh: CZ / SK / HU,Reas.cz,Prague,,https://www.startupjobs.cz/nabidka/107355/junior-account-manager-vyber-si-trh-cz-sk-hu,2026-09-12T11:01:43+02:00
SJ_107353,Business Development Manager pro realitní partnery,Reas.cz,Prague,,https://www.startupjobs.cz/nabidka/107353/business-development-manager-pro-realitni-partnery,2026-09-12T11:01:43+02:00
SJ_107351,Account Manager pro Reas.cz,Reas.cz,Prague,,https://www.startupjobs.cz/nabidka/107351/account-manager-pro-reas-cz,2026-09-12T11:01:43+02:00
SJ_85117,Hledáme parťáka do Postprodukce i do terénu!,IMPRESA FILMS s.r.o.,Prague,,https://www.startupjobs.cz/nabidka/85117/hledame-partaka-do-postprodukce-i-do-terenu,2026-09-12T11:02:48+02:00
SJ_107341,PPC Specialista v digitální agentuře,Media:list s.r.o.,Prague,,https://www.startupjobs.cz/nabidka/107341/ppc-specialista-v-digitalni-agenture,2026-09-12T11:02:48+02:00
SJ_107337,"Vývojář/ka vlastní tradingové aplikace — AMPower (Karlín, Praha)",AMPower,Prague,,https://www.startupjobs.cz/nabidka/107337/vyvojar-ka-vlastni-tradingove-aplikace-ampower-karlin-praha,2026-09-12T11:02:48+02:00
SJ_99821,AI/ML Engineer (💡leadership role),Myšlenková cesta s.r.o.,Prague,,https://www.startupjobs.cz/nabidka/99821/ai-ml-engineer-leadership-role,2026-09-12T11:02:48+02:00
SJ_107329,IT ředitel v menší technologické firmě 🖥️,EGIT s.r.o.,Prague,,https://www.startupjobs.cz/nabidka/107329/it-reditel-v-mensi-technologicke-firme,2026-09-12T11:02:48+02:00
SJ_107331,Product Manager / Product Owner v menší technologické firmě 🖥️,EGIT s.r.o.,Prague,,https://www.startupjobs.cz/nabidka/107331/product-manager-product-owner-v-mensi-technologicke-firme,2026-09-12T11:02:48+02:00
SJ_107327,Head of Data,Direct,Prague,,https://www.startupjobs.cz/nabidka/107327/head-of-data,2026-09-12T11:02:48+02:00
SJ_80397,"Kurýři jezdí, ty držíš systém. Hledáme parťáka na administrativu a support. Praha",rozvazej.cz,Prague,,https://www.startupjobs.cz/nabidka/80397/kuryri-jezdi-ty-drzis-system-hledame-partaka-na-administrativu-a-support,2026-09-12T11:02:48+02:00
SJ_106337,Project Owner — Data & AI Platform Transformation Projects,DataSentics a.s.,Prague,,https://www.startupjobs.cz/nabidka/106337/project-owner-data-and-ai-platform-transformation-projects,2026-09-12T11:02:48+02:00
SJ_107325,PPC specialist medior/senior v Systedo Marketing 🔥,Systedo Marketing,Prague,,https://www.startupjobs.cz/nabidka/107325/ppc-specialist-medior-senior-v-systedo-marketing,2026-09-12T11:02:48+02:00
SJ_106443,Data Governance Consultant pro rostoucí scale-up 🚀,Dawiso,Prague,,https://www.startupjobs.cz/nabidka/106443/data-governance-consultant-pro-rostouci-scale-up,2026-09-12T11:02:48+02:00
SJ_106435,Marketing generalist v tech startupu,CDN77,Prague,,https://www.startupjobs.cz/nabidka/106435/marketing-generalist-v-tech-startupu,2026-09-12T11:02:48+02:00
SJ_36746,🐧 Linux server administrator / DevOps Engineer pro globální infrastrukturu,CDN77,Prague,,https://www.startupjobs.cz/nabidka/36746/linux-server-administrator-devops-engineer-pro-globalni-infrastrukturu,2026-09-12T11:02:48+02:00
SJ_107319,Social media manager,PKFD Management s.r.o.,Prague,,https://www.startupjobs.cz/nabidka/107319/social-media-manager,2026-09-12T11:02:48+02:00
SJ_107315,Trader pro krátkodobé energetické trhy | AMPower,AMPower,Prague,,https://www.startupjobs.cz/nabidka/107315/trader-pro-kratkodobe-energeticke-trhy-ampower,2026-09-12T11:02:48+02:00
SJ_103033,"🖤💛 Customer Success & Delivery Manager | Key Global Clients, Real Ownership 🚀",signageOS,Prague,,https://www.startupjobs.cz/nabidka/103033/customer-success-and-delivery-manager-key-global-clients-real-ownership,2026-09-12T11:02:48+02:00
SJ_107309,Head of Sales 🦁 Fix až 120 000 Kč měsíčně,Valxon,Prague,,https://www.startupjobs.cz/nabidka/107309/head-of-sales-fix-az-120-000-kc-mesicne,2026-09-12T11:02:48+02:00
SJ_107307,Hledáme zkušeného grafického designéra / designérku,KOTELNA 55 s. r. o.,Prague,,https://www.startupjobs.cz/nabidka/107307/hledame-zkuseneho-grafickeho-designera-designerku,2026-09-12T11:02:48+02:00
SJ_107303,Head of Brand,Apify,Prague,,https://www.startupjobs.cz/nabidka/107303/head-of-brand,2026-09-12T11:02:48+02:00
SJ_107301,AI Engineer,Apify,Prague,,https://www.startupjobs.cz/nabidka/107301/ai-engineer,2026-09-12T11:02:48+02:00
SJ_106257,Key Account Manager 🚀 Fix až 60 000 Kč měsíčně,Valxon,Prague,,https://www.startupjobs.cz/nabidka/106257/key-account-manager-fix-az-60-000-kc-mesicne,2026-09-12T11:03:48+02:00
SJ_103567,Senior Product Manager (AI solutions),Sudolabs,Prague,,https://www.startupjobs.cz/nabidka/103567/senior-product-manager-ai-solutions,2026-09-12T11:03:48+02:00
SJ_107299,Account Manager,Direct,Prague,,https://www.startupjobs.cz/nabidka/107299/account-manager,2026-09-12T11:03:48+02:00
SJ_107293,Programmatic Account Manager,Zircon Tree,Prague,,https://www.startupjobs.cz/nabidka/107293/programmatic-account-manager,2026-09-12T11:03:48+02:00
SJ_74515,Konzultant pro E-mail marketing,PromoGEN,Prague,,https://www.startupjobs.cz/nabidka/74515/konzultant-pro-e-mail-marketing,2026-09-12T11:03:48+02:00
SJ_107291,Marketing Data Analyst,Alza.cz,Prague,,https://www.startupjobs.cz/nabidka/107291/marketing-data-analyst,2026-09-12T11:03:48+02:00
SJ_107283,Hardware & Embedded Engineer,NOONTIDE SYSTEMS s.r.o.,Prague,,https://www.startupjobs.cz/nabidka/107283/hardware-and-embedded-engineer,2026-09-12T11:03:48+02:00
SJ_104363,IT Business Analyst / Solution Designer | AI & Enterprise projekty 🚀,Viable One s.r.o,Prague,,https://www.startupjobs.cz/nabidka/104363/it-business-analyst-solution-designer-ai-enterprise-projekty,2026-09-12T11:03:48+02:00
SJ_105787,AI Solution Architect / Analyst | Enterprise projekty 🚀,Viable One s.r.o,Prague,,https://www.startupjobs.cz/nabidka/105787/ai-solution-architect-analyst-enterprise-projekty,2026-09-12T11:03:48+02:00
SJ_107275,"Medior Koordinátor/ka kanceláře, sales a marketingu v realitním fondu",MARLO FUND,Prague,,https://www.startupjobs.cz/nabidka/107275/medior-koordinator-ka-kancelare-sales-a-marketingu-v-realitnim-fondu,2026-09-12T11:03:48+02:00
SJ_37818,Senior travel konsultant pro outgoingové oddělení – Praha,Asiana - Letuska.cz,Prague,,https://www.startupjobs.cz/nabidka/37818/senior-travel-konsultant-pro-outgoingove-oddeleni-praha,2026-09-12T11:03:48+02:00
SJ_107271,Key Account Manager,Dateio,Prague,,https://www.startupjobs.cz/nabidka/107271/key-account-manager,2026-09-12T11:03:48+02:00
SJ_78125,🎨 UX/UI Designer,Applifting,Prague,,https://www.startupjobs.cz/nabidka/78125/ux-ui-designer,2026-09-12T11:03:48+02:00
SJ_107265,AI Fullstack developer (React & Node.js),Qest technologies s.r.o.,Prague,,https://www.startupjobs.cz/nabidka/107265/ai-fullstack-developer-react-and-node-js,2026-09-12T11:03:48+02:00
SJ_107259,Business Development Manager Siesta AI,SIESTA LABS,Prague,,https://www.startupjobs.cz/nabidka/107259/business-development-manager-siesta-ai,2026-09-12T11:03:48+02:00
SJ_107251,Admin interního IT - Specialista identity a integrací,Etnetera Core a.s.,Prague,,https://www.startupjobs.cz/nabidka/107251/admin-interniho-it-specialista-identity-a-integraci,2026-09-12T11:03:48+02:00
SJ_107249,🖤💛 Developer Experience Engineer | 200K+ devices. 60+ HW platforms. One ecosystem. 🚀,signageOS,Prague,,https://www.startupjobs.cz/nabidka/107249/developer-experience-engineer-200k-devices-60-hw-platforms-one-ecosystem,2026-09-12T11:03:48+02:00
SJ_107239,Digital designer (UX/UI),Yolk Studio,Prague,,https://www.startupjobs.cz/nabidka/107239/digital-designer-ux-ui,2026-09-12T11:03:48+02:00
SJ_105605,Senior Accountant (with Controlling Responsibilities),Braiins,Prague,,https://www.startupjobs.cz/nabidka/105605/senior-accountant-with-controlling-responsibilities,2026-09-12T11:03:48+02:00
SJ_106183,IT Operations Team Lead,Braiins,Prague,,https://www.startupjobs.cz/nabidka/106183/it-operations-team-lead,2026-09-12T11:03:48+02:00
SJ_106185,Product Discovery & Prototyping Engineer,Braiins,Prague,,https://www.startupjobs.cz/nabidka/106185/product-discovery-prototyping-engineer,2026-09-12T11:04:53+02:00
SJ_106219,Site Reliability Engineer,Braiins,Prague,,https://www.startupjobs.cz/nabidka/106219/site-reliability-engineer,2026-09-12T11:04:53+02:00
SJ_107231,Senior Backend Developer (PHP),Reservio,Prague,,https://www.startupjobs.cz/nabidka/107231/senior-backend-developer-php,2026-09-12T11:04:53+02:00
SJ_101397,⚡️Maestro energetického IT consultingu – Senior Consultant📈,Deepview,Prague,,https://www.startupjobs.cz/nabidka/101397/maestro-energetickeho-it-consultingu-senior-consultant,2026-09-12T11:04:53+02:00
SJ_69905,Senior Business a IT Consultant 🧠🚀 Praha,Deepview,Prague,,https://www.startupjobs.cz/nabidka/69905/senior-business-a-it-consultant,2026-09-12T11:04:53+02:00
SJ_107229,Business Development Representative for Poland | E-commerce agentic SaaS,Merchantee,Prague,,https://www.startupjobs.cz/nabidka/107229/business-development-representative-for-poland-e-commerce-agentic-saas,2026-09-12T11:04:53+02:00
SJ_105785,Junior Analyst / Student Consultant – Compliance & Sustainability,Greenometer,Prague,,https://www.startupjobs.cz/nabidka/105785/junior-analyst-student-consultant-compliance-sustainability,2026-09-12T11:04:53+02:00
SJ_107225,DevOps Engineer,Custom Ink,Prague,,https://www.startupjobs.cz/nabidka/107225/devops-engineer,2026-09-12T11:04:53+02:00
SJ_107195,Head of Hardware Team (UAV & Robotics),Fly4Future s.r.o,Prague,,https://www.startupjobs.cz/nabidka/107195/head-of-hardware-team-uav-and-robotics,2026-09-12T11:04:53+02:00
SJ_107213,IT Administrátor,Carvago s.r.o.,Prague,,https://www.startupjobs.cz/nabidka/107213/it-administrator,2026-09-12T11:04:53+02:00
SJ_100985,Sales Entry Point – CZ & SK (Sales Rep / Sales Operations Assistant) 🚀,Choice QR s.r.o.,Prague,,https://www.startupjobs.cz/nabidka/100985/sales-entry-point-cz-sk-sales-rep-sales-operations-assistant,2026-09-12T11:04:53+02:00
SJ_107169,Art Director,Big Time,Prague,,https://www.startupjobs.cz/nabidka/107169/art-director,2026-09-12T11:04:53+02:00
SJ_107215,IT Analytik | Klientská identifikace & Java backend,"ČSOB, a. s.",Prague,,https://www.startupjobs.cz/nabidka/107215/it-analytik-klientska-identifikace-and-java-backend,2026-09-12T11:04:53+02:00
SJ_107207,"Medior Account Manager & Projektový koordinátor – Jira, Webflow/WordPress",Neuschl2 s.r.o.,Prague,,https://www.startupjobs.cz/nabidka/107207/medior-account-manager-and-projektovy-koordinator-jira-webflow-wordpress,2026-09-12T11:04:53+02:00
SJ_107199,B2B Partnership Manager | Zážitky.cz 💜,Zážitky.cz,Prague,,https://www.startupjobs.cz/nabidka/107199/b2b-partnership-manager-zazitky-cz,2026-09-12T11:04:53+02:00
SJ_107201,Team Lead – DevOps & Cloud Infrastructure 🚀,Ematiq a.s.,Prague,,https://www.startupjobs.cz/nabidka/107201/team-lead-devops-and-cloud-infrastructure,2026-09-12T11:04:53+02:00
SJ_106267,🏎️ Customer Journey & Growth Officer 🏍️,TicketsGP s.r.o.,Prague,,https://www.startupjobs.cz/nabidka/106267/customer-journey-and-growth-officer,2026-09-12T11:04:53+02:00
SJ_106229,Patent Specialist (junior) / Technický analytik inovací Praha,BTL Medical,Prague,,https://www.startupjobs.cz/nabidka/106229/patent-specialist-junior-technicky-analytik-inovaci,2026-09-12T11:04:53+02:00
SJ_103245,Sales Specialist - top marketingové služby pro lovebrandy,ACOMWARE s.r.o.,Prague,,https://www.startupjobs.cz/nabidka/103245/sales-specialist-top-marketingove-sluzby-pro-lovebrandy,2026-09-12T11:04:53+02:00
SJ_24290,🤖Fullstack Agentic Engineer,Applifting,Prague,,https://www.startupjobs.cz/nabidka/24290/fullstack-agentic-engineer,2026-09-12T11:04:53+02:00
SJ_107153,Sales specialista pro SKVOT | kreativní kurzy 🖤,Laba Czech,Prague,,https://www.startupjobs.cz/nabidka/107153/sales-specialista-pro-skvot-kreativni-kurzy,2026-09-12T11:05:58+02:00
SJ_107179,Recepční - srdce našich kanceláří!,Publicis Groupe,Prague,,https://www.startupjobs.cz/nabidka/107179/recepcni-srdce-nasich-kancelari,2026-09-12T11:05:58+02:00
SJ_102677,Senior Business Developer s francouzštinou Praha,Dateio,Prague,,https://www.startupjobs.cz/nabidka/102677/senior-business-developer-s-francouzstinou,2026-09-12T11:05:58+02:00
SJ_105341,Enterprise Account Manager Tapix Praha,Dateio,Prague,,https://www.startupjobs.cz/nabidka/105341/enterprise-account-manager-tapix,2026-09-12T11:05:58+02:00
SJ_107167,Embedded SW Developer – senior; vývoj smart produktů (ž/m) – 100% HOME OFFICE,Festool s.r.o.,Prague,,https://www.startupjobs.cz/nabidka/107167/embedded-sw-developer-senior-vyvoj-smart-produktu-z-m-100-home-office,2026-09-12T11:05:58+02:00
SJ_107163,"„CapCut, reels, AI, Canva, TALENT...“ Hledám zkušenou content creatorku",ELODY s.r.o.,Prague,,https://www.startupjobs.cz/nabidka/107163/capcut-reels-ai-canva-talent-hledam-zkusenou-content-creatorku,2026-09-12T11:05:58+02:00
SJ_107155,Senior CMO — Marketing Strategy & Product Launch,MAGIC PLANET s.r.o.,Prague,,https://www.startupjobs.cz/nabidka/107155/senior-cmo-marketing-strategy-and-product-launch,2026-09-12T11:05:58+02:00
SJ_107157,Senior Communication Specialist,K83,Prague,,https://www.startupjobs.cz/nabidka/107157/senior-communication-specialist,2026-09-12T11:05:58+02:00
SJ_107159,CEO – NWCMRS,K83,Prague,,https://www.startupjobs.cz/nabidka/107159/ceo-nwcmrs,2026-09-12T11:05:58+02:00
SJ_107161,Junior AI Developer,EVOMOTIV s.r.o.,Prague,,https://www.startupjobs.cz/nabidka/107161/junior-ai-developer,2026-09-12T11:05:58+02:00
SJ_107151,Cloud Engineer (medior),Transcarent Technologies s.r.o.,Prague,,https://www.startupjobs.cz/nabidka/107151/cloud-engineer-medior,2026-09-12T11:05:58+02:00
SJ_107149,Junior Customer Support Specialist (m/ž),Digitoo,Prague,,https://www.startupjobs.cz/nabidka/107149/junior-customer-support-specialist-m-z,2026-09-12T11:05:58+02:00
SJ_107147,Data Security Consultant,ENLIL s.r.o.,Prague,,https://www.startupjobs.cz/nabidka/107147/data-security-consultant,2026-09-12T11:05:58+02:00
SJ_103009,Senior UNITY Engineer (Building titles with a world-class gaming studio),Charged Monkey s.r.o.,Prague,,https://www.startupjobs.cz/nabidka/103009/senior-unity-engineer-building-titles-with-a-world-class-gaming-studio,2026-09-12T11:05:58+02:00
SJ_106585,"Backend Developer (C++/C#) — high-performance trading systems, Brno",Kladné nuly,Prague,,https://www.startupjobs.cz/nabidka/106585/backend-developer-c-c-high-performance-trading-systems-brno,2026-09-12T11:05:58+02:00
SJ_107145,Business Development Representative | Fast-Growing Fintech Startup CZ/SK,Malcom Finance,Prague,,https://www.startupjobs.cz/nabidka/107145/business-development-representative-fast-growing-fintech-startup-cz-sk,2026-09-12T11:05:58+02:00
SJ_101453,Sales Development Representative,Saleskit,Prague,,https://www.startupjobs.cz/nabidka/101453/sales-development-representative,2026-09-12T11:05:58+02:00
SJ_98925,Senior product lead pro B2B SaaS,Single Case,Prague,,https://www.startupjobs.cz/nabidka/98925/senior-product-lead-pro-b2b-saas,2026-09-12T11:05:58+02:00
SJ_107131,Python Developer,EASYCON Solution s.r.o.,Prague,,https://www.startupjobs.cz/nabidka/107131/python-developer,2026-09-12T11:05:58+02:00
SJ_105317,Sales & Business Development | Vývoj softwaru,Ententee s.r.o,Prague,,https://www.startupjobs.cz/nabidka/105317/sales-and-business-development-vyvoj-softwaru,2026-09-12T11:05:58+02:00
SJ_81669,"🤝 Project manager (Agile, Scrum, Kanban)",Applifting,Prague,,https://www.startupjobs.cz/nabidka/81669/project-manager-agile-scrum-kanban,2026-09-12T11:07:03+02:00
SJ_105543,Creator Relationship Manager for MADMONQ® Praha,MADMONQ® | Singularity Labs s.r.o.,Prague,,https://www.startupjobs.cz/nabidka/105543/creator-relationship-manager-for-madmonq-r,2026-09-12T11:07:03+02:00
SJ_107125,Kampaňový specialista,Direct,Prague,,https://www.startupjobs.cz/nabidka/107125/kampanovy-specialista,2026-09-12T11:07:03+02:00
SJ_100993,Obchod a komunikace s jednateli a šéfy firem,Porto MMXVII s.r.o.,Prague,,https://www.startupjobs.cz/nabidka/100993/obchod-a-komunikace-s-jednateli-a-sefy-firem,2026-09-12T11:07:03+02:00
SJ_107113,Marketingový a digitální konzultant,"Beneficio Media, s.r.o.",Prague,,https://www.startupjobs.cz/nabidka/107113/marketingovy-a-digitalni-konzultant,2026-09-12T11:07:03+02:00
SJ_105327,PPC / Performance Specialist,Magnas Performance s.r.o.,Prague,,https://www.startupjobs.cz/nabidka/105327/ppc-performance-specialist,2026-09-12T11:07:03+02:00
SJ_107043,Ambasador sportovní a gamingové komunity pro BETNITO | Affiliate partner | IČO,Betnito.cz,Prague,,https://www.startupjobs.cz/nabidka/107043/ambasador-sportovni-a-gamingove-komunity-pro-betnito-affiliate-partner-ico,2026-09-12T11:07:03+02:00
SJ_105147,Zákaznická podpora / Customer care pro nově vznikající značku Provencelia,Provencelia CZ,Prague,,https://www.startupjobs.cz/nabidka/105147/zakaznicka-podpora-customer-care-pro-nove-vznikajici-znacku-provencelia,2026-09-12T11:07:03+02:00
SJ_107095,Samostatná/ý účetní pro Amazing Places a další projekty,Amazing Places,Prague,,https://www.startupjobs.cz/nabidka/107095/samostatna-y-ucetni-pro-amazing-places-a-dalsi-projekty,2026-09-12T11:07:03+02:00
SJ_107093,Team Lead & Technical Product Manager - Integrations 🚀,Ematiq a.s.,Prague,,https://www.startupjobs.cz/nabidka/107093/team-lead-and-technical-product-manager-integrations,2026-09-12T11:07:03+02:00
SJ_107069,"Tiskoviny, partnerské balíčky a eventy. Celá produkce na tobě",Rufruf s.r.o.,Prague,,https://www.startupjobs.cz/nabidka/107069/tiskoviny-partnerske-balicky-a-eventy-cela-produkce-na-tobe,2026-09-12T11:07:03+02:00
SJ_107089,GTM Operator — AI-driven sales development (junior),MBI,Prague,,https://www.startupjobs.cz/nabidka/107089/gtm-operator-ai-driven-sales-development-junior,2026-09-12T11:07:03+02:00
SJ_107013,🐍 Python / Full-stack developer pro AI éru 🤖,COex,Prague,,https://www.startupjobs.cz/nabidka/107013/python-full-stack-developer-pro-ai-eru,2026-09-12T11:07:03+02:00
SJ_105899,Social Ads Team Leader Praha,Publicis Groupe,Prague,,https://www.startupjobs.cz/nabidka/105899/social-ads-team-leader,2026-09-12T11:07:03+02:00
SJ_107063,Obchodník/obchodnice pro AI platformu Singulora.ai,"Fresh Services, s.r.o.",Prague,,https://www.startupjobs.cz/nabidka/107063/obchodnik-obchodnice-pro-ai-platformu-singulora-ai,2026-09-12T11:07:03+02:00
SJ_107057,IT Recruiter/ka,BOOTIQ s.r.o.,Prague,,https://www.startupjobs.cz/nabidka/107057/it-recruiter-ka,2026-09-12T11:07:03+02:00
SJ_105525,Business Development Manager (B2B SaaS),Speybl,Prague,,https://www.startupjobs.cz/nabidka/105525/business-development-manager-b2b-saas,2026-09-12T11:07:03+02:00
SJ_107051,Sales Representative,XPUP,Prague,,https://www.startupjobs.cz/nabidka/107051/sales-representative,2026-09-12T11:07:03+02:00
SJ_107047,"Hledám prvního technického člověka do Speyce | Junior fullstack/backend vývojář, AI-native",Speyce,Prague,,https://www.startupjobs.cz/nabidka/107047/hledam-prvniho-technickeho-cloveka-do-speyce-junior-fullstack-backend-vyvojar-ai-native,2026-09-12T11:07:03+02:00
SJ_107045,Embedded C vývojář,MACH SYSTEMS s.r.o.,Prague,,https://www.startupjobs.cz/nabidka/107045/embedded-c-vyvojar,2026-09-12T11:07:03+02:00
SJ_105457,🚀 Obchodní partner / Business Developer pro startup Betnito.cz | Provizní spolupráce | IČO | Remote | Neomezený růst,Betnito.cz,Prague,,https://www.startupjobs.cz/nabidka/105457/obchodni-partner-business-developer-pro-startup-betnito-cz-provizni-spoluprace-ico-remote-neomezeny-rust,2026-09-12T11:08:03+02:00
SJ_107041,Sr. Product Manager - Pharmacy Care,Transcarent Technologies s.r.o.,Prague,,https://www.startupjobs.cz/nabidka/107041/sr-product-manager-pharmacy-care,2026-09-12T11:08:03+02:00
SJ_107007,Hľadáme Senior Sales reprezentanta pre český trh (B2B),"DAITABLE, s.r.o.",Prague,,https://www.startupjobs.cz/nabidka/107007/hladame-senior-sales-reprezentanta-pre-cesky-trh-b2b,2026-09-12T11:08:03+02:00
SJ_107027,Solution architekt/ka senior,Air Bank a.s.,Prague,,https://www.startupjobs.cz/nabidka/107027/solution-architekt-ka-senior,2026-09-12T11:08:03+02:00
SJ_107017,Group Compliance Lead – Make compliance work across markets,DEFEND INSURANCE HOLDING s.r.o.,Prague,,https://www.startupjobs.cz/nabidka/107017/group-compliance-lead-make-compliance-work-across-markets,2026-09-12T11:08:03+02:00
SJ_104331,Hledáme nového Zážitkáře na Zákaznickou Podporu!💜 - částečný úvazek,Zážitky.cz,Prague,,https://www.startupjobs.cz/nabidka/104331/hledame-noveho-zazitkare-na-zakaznickou-podporu-castecny-uvazek,2026-09-12T11:08:03+02:00
SJ_95707,Finance Specialist 💼📈,Easy8,Prague,,https://www.startupjobs.cz/nabidka/95707/finance-specialist,2026-09-12T11:08:03+02:00
SJ_107015,Technical Business Analyst,Kuoni Destination Management s.r.o.,Prague,,https://www.startupjobs.cz/nabidka/107015/technical-business-analyst,2026-09-12T11:08:03+02:00
SJ_96471,"Generative AI Developer | Velké AI výzvy, viditelný přínos 💡🤖 🎯",Viable One s.r.o,Prague,,https://www.startupjobs.cz/nabidka/96471/generative-ai-developer-velke-ai-vyzvy-viditelny-prinos,2026-09-12T11:08:03+02:00
SJ_106853,Part-Time HR & Office Support,Pixelfield,Prague,,https://www.startupjobs.cz/nabidka/106853/part-time-hr-and-office-support,2026-09-12T11:08:03+02:00
SJ_107005,Engineering Lead,Direct,Prague,,https://www.startupjobs.cz/nabidka/107005/engineering-lead,2026-09-12T11:08:03+02:00
SJ_106997,"Account Executive, New Business (Prague, On-Site → Europe Travel)",Mosaic (UNIRMI s.r.o),Prague,,https://www.startupjobs.cz/nabidka/106997/account-executive-new-business-prague-on-site-europe-travel,2026-09-12T11:08:03+02:00
SJ_106987,Marketing Project Manager,LCG New Media,Prague,,https://www.startupjobs.cz/nabidka/106987/marketing-project-manager,2026-09-12T11:08:03+02:00
SJ_89973,Sales Manager pro Ecomail.cz 🚀,Ecomail.cz,Prague,,https://www.startupjobs.cz/nabidka/89973/sales-manager-pro-ecomail-cz,2026-09-12T11:08:03+02:00
SJ_78159,Akviziční obchodník ve zdravotnictví (full-cycle) (CZ/SK),Medevio s.r.o.,Prague,,https://www.startupjobs.cz/nabidka/78159/akvizicni-obchodnik-ve-zdravotnictvi-full-cycle-cz-sk,2026-09-12T11:08:03+02:00
SJ_106985,Obchodní manažer / manažerka — fundraising pro investiční fondy,Clientelo Czech s.r.o.,Prague,,https://www.startupjobs.cz/nabidka/106985/obchodni-manazer-manazerka-fundraising-pro-investicni-fondy,2026-09-12T11:08:03+02:00
SJ_106983,Customer Success Manager v Ecomailu ✉️🚀,Ecomail.cz,Prague,,https://www.startupjobs.cz/nabidka/106983/customer-success-manager-v-ecomailu,2026-09-12T11:08:03+02:00
SJ_106977,Head of Brand Design - Sportovní výživa,Complex Labs s.r.o.,Prague,,https://www.startupjobs.cz/nabidka/106977/head-of-brand-design-sportovni-vyziva,2026-09-12T11:08:03+02:00
SJ_106975,Hledááááméééééé social media managera,Mevea,Prague,,https://www.startupjobs.cz/nabidka/106975/hledaaaameeeeee-social-media-managera,2026-09-12T11:08:03+02:00
SJ_106979,Business Representative pro AI/Data,Jimmy Technologies,Prague,,https://www.startupjobs.cz/nabidka/106979/business-representative-pro-ai-data,2026-09-12T11:08:03+02:00
SJ_104347,Onboarding / Implementation Specialist,Single Case,Prague,,https://www.startupjobs.cz/nabidka/104347/onboarding-implementation-specialist,2026-09-12T11:09:08+02:00
SJ_97069,IT vedoucí zákaznické podpory a zákaznická podpora,Single Case,Prague,,https://www.startupjobs.cz/nabidka/97069/it-vedouci-zakaznicke-podpory-a-zakaznicka-podpora,2026-09-12T11:09:08+02:00
SJ_105563,🚀Social Media & Content Specialist pro Autentické studio & Autentickou Výzvu Praha,Autentická média s. r. o.,Prague,,https://www.startupjobs.cz/nabidka/105563/social-media-content-specialist-pro-autenticke-studio-autentickou-vyzvu,2026-09-12T11:09:08+02:00
SJ_97077,Performance Manager – POLSKI rynek,Mixit s.r.o.,Prague,,https://www.startupjobs.cz/nabidka/97077/performance-manager-polski-rynek,2026-09-12T11:09:08+02:00
SJ_103071,Tester - oblast investičního bankovnictví,CTS Trade IT a.s.,Prague,,https://www.startupjobs.cz/nabidka/103071/tester-oblast-investicniho-bankovnictvi,2026-09-12T11:09:08+02:00
SJ_106925,Head of Engineering – Tech Superdomain,Shoptet,Prague,,https://www.startupjobs.cz/nabidka/106925/head-of-engineering-tech-superdomain,2026-09-12T11:09:08+02:00
SJ_106923,QA Embedded SW Test Engineer – (manuální testy),BTL Medical,Prague,,https://www.startupjobs.cz/nabidka/106923/qa-embedded-sw-test-engineer-manualni-testy,2026-09-12T11:09:08+02:00
SJ_106921,Samostatný/á účetní pro technologickou firmu 🖥️,EGIT s.r.o.,Prague,,https://www.startupjobs.cz/nabidka/106921/samostatny-a-ucetni-pro-technologickou-firmu,2026-09-12T11:09:08+02:00
SJ_105171,Principal DevOps Engineer,Wultra,Prague,,https://www.startupjobs.cz/nabidka/105171/principal-devops-engineer,2026-09-12T11:09:08+02:00
SJ_105167,Principal QA Engineer,Wultra,Prague,,https://www.startupjobs.cz/nabidka/105167/principal-qa-engineer,2026-09-12T11:09:08+02:00
SJ_105161,Mobile Security Tester,Wultra,Prague,,https://www.startupjobs.cz/nabidka/105161/mobile-security-tester,2026-09-12T11:09:08+02:00
SJ_106763,Senior Influencer Marketing Manager,Apify,Prague,,https://www.startupjobs.cz/nabidka/106763/senior-influencer-marketing-manager,2026-09-12T11:09:08+02:00
SJ_106901,AI Creative Specialist,BRAINZ STUDIOS,Prague,,https://www.startupjobs.cz/nabidka/106901/ai-creative-specialist,2026-09-12T11:09:08+02:00
SJ_106899,Application Support Engineer - mezinárodní zákazníci,Simpleway,Prague,,https://www.startupjobs.cz/nabidka/106899/application-support-engineer-mezinarodni-zakaznici,2026-09-12T11:09:08+02:00
SJ_106897,Strategická marketingová agentura Number One hledá Consulting Managera!,"Number One Digital, s.r.o.",Prague,,https://www.startupjobs.cz/nabidka/106897/strategicka-marketingova-agentura-number-one-hleda-consulting-managera,2026-09-12T11:09:08+02:00
SJ_104055,"Senior PR account manažer/ka – technologie, startupy a inovace",Hustá,Prague,,https://www.startupjobs.cz/nabidka/104055/senior-pr-account-manazer-ka-technologie-startupy-a-inovace,2026-09-12T11:09:08+02:00
SJ_106883,Instalační technik pokladních systémů,Veslo Česko s. r. o.,Prague,,https://www.startupjobs.cz/nabidka/106883/instalacni-technik-pokladnich-systemu,2026-09-12T11:09:08+02:00
SJ_106879,⭐ IT Aplikační inženýr - ČSOB CEB,"ČSOB, a. s.",Prague,,https://www.startupjobs.cz/nabidka/106879/it-aplikacni-inzenyr-csob-ceb,2026-09-12T11:09:08+02:00
SJ_106875,"Platform Engineer - Operations & Reliability | On-site or Hybrid (Prague, Brno)",Meiro.io,Prague,,https://www.startupjobs.cz/nabidka/106875/platform-engineer-operations-and-reliability-on-site-or-hybrid-prague-brno,2026-09-12T11:09:08+02:00
SJ_104989,Business Analyst,localhost s.r.o.,Prague,,https://www.startupjobs.cz/nabidka/104989/business-analyst,2026-09-12T11:09:08+02:00
SJ_106865,Embedded Software Developer - medior/senior,Zuri.com SE,Prague,,https://www.startupjobs.cz/nabidka/106865/embedded-software-developer-medior-senior,2026-09-12T11:10:13+02:00
SJ_98177,Business Development Representative (Akvizice),Saleskit,Prague,,https://www.startupjobs.cz/nabidka/98177/business-development-representative-akvizice,2026-09-12T11:10:13+02:00
SJ_106863,Specialista/ka spolupráce s pořadateli akcí,Herohero,Prague,,https://www.startupjobs.cz/nabidka/106863/specialista-ka-spoluprace-s-poradateli-akci,2026-09-12T11:10:13+02:00
SJ_104413,BI Analyst / Developer (Looker & Data Platform),ASSIST spol. s r.o.,Prague,,https://www.startupjobs.cz/nabidka/104413/bi-analyst-developer-looker-data-platform,2026-09-12T11:10:13+02:00
SJ_106855,HW Designer – Junior+,Zuri.com SE,Prague,,https://www.startupjobs.cz/nabidka/106855/hw-designer-junior,2026-09-12T11:10:13+02:00
SJ_106861,Specialista/ka spolupráce s tvůrci,Herohero,Prague,,https://www.startupjobs.cz/nabidka/106861/specialista-ka-spoluprace-s-tvurci,2026-09-12T11:10:13+02:00
SJ_106799,Key Account Manager | Czech Republic,SmartJídlo s.r.o.,Prague,,https://www.startupjobs.cz/nabidka/106799/key-account-manager-czech-republic,2026-09-12T11:10:13+02:00
SJ_106849,Head of Engineering,Malcom Finance,Prague,,https://www.startupjobs.cz/nabidka/106849/head-of-engineering,2026-09-12T11:10:13+02:00
SJ_106841,Hands-on Marketing Specialista,nobig.deals,Prague,,https://www.startupjobs.cz/nabidka/106841/hands-on-marketing-specialista,2026-09-12T11:10:13+02:00
SJ_106843,Product Manager,PLG Group: GoOut & Ticketportal,Prague,,https://www.startupjobs.cz/nabidka/106843/product-manager,2026-09-12T11:10:13+02:00
SJ_105949,QA inženýr medior/senior,Tesena | Praha,Prague,,https://www.startupjobs.cz/nabidka/105949/qa-inzenyr-medior-senior,2026-09-12T11:10:13+02:00
SJ_105969,Growth & Marketing Lead,Pale Fire Capital,Prague,,https://www.startupjobs.cz/nabidka/105969/growth-and-marketing-lead,2026-09-12T11:10:13+02:00
SJ_106773,People & Workplace Director,Shoptet,Prague,,https://www.startupjobs.cz/nabidka/106773/people-and-workplace-director,2026-09-12T11:10:13+02:00
SJ_100339,"BDR SK – Obchodný špecialista na telefóne |100% Remote, 40 000+ Kč",Medevio s.r.o.,Prague,,https://www.startupjobs.cz/nabidka/100339/bdr-sk-obchodny-specialista-na-telefone-100-remote-40-000-kc,2026-09-12T11:10:13+02:00
SJ_103899,B2B Business Sales Development Manager Praha,Bolt,Prague,,https://www.startupjobs.cz/nabidka/103899/b2b-business-sales-development-manager,2026-09-12T11:10:13+02:00
SJ_105767,Senior Social Ads Specialist Praha,Publicis Groupe,Prague,,https://www.startupjobs.cz/nabidka/105767/senior-social-ads-specialist,2026-09-12T11:10:13+02:00
SJ_105005,🚀 Junior start-up projekťák,nula s.r.o.,Prague,,https://www.startupjobs.cz/nabidka/105005/junior-start-up-projektak,2026-09-12T11:10:13+02:00
SJ_77879,"BDR - Obchodní specialista na telefonu | CZ/SK, 100% REMOTE, 40.000+ Kč",Medevio s.r.o.,Prague,,https://www.startupjobs.cz/nabidka/77879/bdr-obchodni-specialista-na-telefonu-cz-sk-100-remote-40-000-kc,2026-09-12T11:10:13+02:00
SJ_107661,SDR Team Lead – Czech & Slovak Markets,Choice QR s.r.o.,Prague,,https://www.startupjobs.cz/nabidka/107661/sdr-team-lead-czech-and-slovak-markets,2026-09-12T11:10:13+02:00
SJ_107779,Django/Python Developer/ka,Zentity a.s.,Prague,,https://www.startupjobs.cz/nabidka/107779/django-python-developer-ka,2026-09-14T22:28:07+02:00
SJ_107771,Specialista / specialistka datově-inovačních projektů,Digital First Marketing Group s.r.o.,Prague,,https://www.startupjobs.cz/nabidka/107771/specialista-specialistka-datove-inovacnich-projektu,2026-09-14T22:28:07+02:00
SJ_107769,Machine Learning Engineer/ka,Zentity a.s.,Prague,,https://www.startupjobs.cz/nabidka/107769/machine-learning-engineer-ka,2026-09-14T22:28:07+02:00
SJ_105459,Senior Back End Developer with Kotlin,Powertica Commodities AG,Prague,,https://www.startupjobs.cz/nabidka/105459/senior-back-end-developer-with-kotlin,2026-09-14T22:28:07+02:00
SJ_104577,🧠 Software Engineer / Performance Engineer,CDN77,Prague,,https://www.startupjobs.cz/nabidka/104577/software-engineer-performance-engineer-full-time-i-part-time-pro-studenty,2026-09-17T10:39:56+02:00
SJ_107847,Digital Marketing & Content Manager,Alaskan Fisherman,Prague,,https://www.startupjobs.cz/nabidka/107847/digital-marketing-and-content-manager,2026-09-17T10:42:06+02:00
SJ_34453,"IT HW technik, helpdesk, zákaznická podpora",Nethost s.r.o.,Prague,,https://www.startupjobs.cz/nabidka/34453/it-hw-technik-helpdesk-zakaznicka-podpora,2026-09-17T10:42:06+02:00
SJ_107811,Product Builder / Vibe Coder 🚀,Foxino,Prague,,https://www.startupjobs.cz/nabidka/107811/product-builder-vibe-coder,2026-09-17T10:42:06+02:00
SJ_107761,AI Solution Architect (Gen AI),BigHub s.r.o.,Prague,,https://www.startupjobs.cz/nabidka/107761/ai-solution-architect-gen-ai,2026-09-17T10:42:06+02:00
SJ_107865,Account Manager/ka s citem pro klienty a technologie,CDN77,Prague,,https://www.startupjobs.cz/nabidka/107865/account-manager-ka-s-citem-pro-klienty-a-technologie,2026-09-17T10:43:06+02:00
SJ_107863,IT/Business Analyst | Procesy a integrace v bankovnictví 🏦💡,Viable One s.r.o,Prague,,https://www.startupjobs.cz/nabidka/107863/it-business-analyst-procesy-a-integrace-v-bankovnictvi,2026-09-17T10:43:06+02:00
SJ_107861,Creative Designer / Multifunkční kreativec,BTL Medical,Prague,,https://www.startupjobs.cz/nabidka/107861/creative-designer-multifunkcni-kreativec,2026-09-17T10:43:06+02:00
SJ_107857,Chief Revenue Officer (CRO),FINGRLIX,Prague,,https://www.startupjobs.cz/nabidka/107857/chief-revenue-officer-cro,2026-09-17T10:43:06+02:00
SJ_50703,Graphic Designer at Henceforth.,Henceforth.,Prague,,https://www.startupjobs.cz/nabidka/50703/graphic-designer-at-henceforth,2026-09-17T10:43:06+02:00
SJ_107853,Online Marketing Specialist pro FAVI.cz,FAVI,Prague,,https://www.startupjobs.cz/nabidka/107853/online-marketing-specialist-pro-favi-cz,2026-09-17T10:44:16+02:00
SJ_107849,Senior Influencer Marketing Manager,Apify,Prague,,https://www.startupjobs.cz/nabidka/107849/senior-influencer-marketing-manager,2026-09-17T10:44:16+02:00
SJ_107845,Technický Support Engineer pro Linux a databáze ve FLOWBOXu,FLOWBOX,Prague,,https://www.startupjobs.cz/nabidka/107845/technicky-support-engineer-pro-linux-a-databaze-ve-flowboxu,2026-09-17T10:44:16+02:00
SJ_107843,Pohřební průvodce: Pojď s námi dělat pohřby jinak.,Pohřební průvodci,Prague,,https://www.startupjobs.cz/nabidka/107843/pohrebni-pruvodce-pojd-s-nami-delat-pohrby-jinak,2026-09-17T10:44:16+02:00
SJ_107837,Designer / Grafik,Addict Agency,Prague,,https://www.startupjobs.cz/nabidka/107837/designer-grafik,2026-09-17T10:44:16+02:00
SJ_101857,Atlassian Solution Architekt Praha + 1 další,MoroSystems,Prague,,https://www.startupjobs.cz/nabidka/101857/atlassian-solution-architekt,2026-09-17T10:44:16+02:00
SJ_107827,Hackni s námi svět jako Citadelo Junior Etický Hacker / Penetration Tester,Citadelo Czech Republic s.r.o.,Prague,,https://www.startupjobs.cz/nabidka/107827/hackni-s-nami-svet-jako-citadelo-junior-eticky-hacker-penetration-tester,2026-09-17T10:44:16+02:00
SJ_107831,DevOps,ASSIST spol. s r.o.,Prague,,https://www.startupjobs.cz/nabidka/107831/devops,2026-09-17T10:44:16+02:00
SJ_107835,Senior Atlassian Consultant / Presales & Business Analyst,BOOTIQ s.r.o.,Prague,,https://www.startupjobs.cz/nabidka/107835/senior-atlassian-consultant-presales-and-business-analyst,2026-09-17T10:44:16+02:00
SJ_107833,Video & Content Creator,Fabini,Prague,,https://www.startupjobs.cz/nabidka/107833/video-and-content-creator,2026-09-17T10:44:16+02:00
SJ_107823,Technical Support Specialist,Trezor,Prague,,https://www.startupjobs.cz/nabidka/107823/technical-support-specialist,2026-09-17T10:44:16+02:00
SJ_107821,Business Development Officer for DACH region,Dateio,Prague,,https://www.startupjobs.cz/nabidka/107821/business-development-officer-for-dach-region,2026-09-17T10:44:16+02:00
SJ_105593,Influencer Marketing Specialist Praha,Publicis Groupe,Prague,,https://www.startupjobs.cz/nabidka/105593/influencer-marketing-specialist,2026-09-17T10:44:16+02:00
SJ_106675,Campaign Operations Specialist,Publicis Groupe,Prague,,https://www.startupjobs.cz/nabidka/106675/campaign-operations-specialist,2026-09-17T10:44:16+02:00
SJ_107783,Partnership Development Manager,Dronetag,Prague,,https://www.startupjobs.cz/nabidka/107783/partnership-development-manager,2026-09-17T10:44:16+02:00
SJ_100921,People Operations Partner,Mediaboard s.r.o.,Prague,,https://www.startupjobs.cz/nabidka/100921/people-operations-partner,2026-09-17T10:44:16+02:00
SJ_107813,Technical Support Engineer,CallMiner (VOCALLS),Prague,,https://www.startupjobs.cz/nabidka/107813/technical-support-engineer,2026-09-17T10:44:16+02:00
SJ_107809,Business Development & Account Manager – CZ & SK,Billigence,Prague,,https://www.startupjobs.cz/nabidka/107809/business-development-and-account-manager-cz-and-sk,2026-09-17T10:45:16+02:00
SJ_107805,Test Analyst,Qest technologies s.r.o.,Prague,,https://www.startupjobs.cz/nabidka/107805/test-analyst,2026-09-17T10:45:16+02:00
SJ_104293,Client Lead,Publicis Groupe,Prague,,https://www.startupjobs.cz/nabidka/104293/client-lead,2026-09-17T10:45:16+02:00
SJ_104299,Senior Media Consultant,Publicis Groupe,Prague,,https://www.startupjobs.cz/nabidka/104299/senior-media-consultant,2026-09-17T10:45:16+02:00
SJ_104627,Senior PPC Specialista,Publicis Groupe,Prague,,https://www.startupjobs.cz/nabidka/104627/senior-ppc-specialista,2026-09-17T10:45:16+02:00
SJ_106303,PPC (Amazon Ads | Marketplace Ads),Publicis Groupe,Prague,,https://www.startupjobs.cz/nabidka/106303/ppc-amazon-ads-marketplace-ads,2026-09-17T10:45:16+02:00
SJ_107781,.NET Developer/ka,Papirfly,Prague,,https://www.startupjobs.cz/nabidka/107781/net-developer-ka,2026-09-17T10:45:16+02:00
SJ_107775,Founding AI Engineer / RAG Specialist,Managed & Autonomous s.r.o.,Prague,,https://www.startupjobs.cz/nabidka/107775/founding-ai-engineer-rag-specialist,2026-09-17T10:45:16+02:00
SJ_78697,IT konzultant a programátor ERP systému,K2 atmitec s.r.o.,Prague,,https://www.startupjobs.cz/nabidka/78697/it-konzultant-a-programator-erp-systemu,2026-09-17T10:45:16+02:00
SJ_97737,Software developer,K2 atmitec s.r.o.,Prague,,https://www.startupjobs.cz/nabidka/97737/software-developer,2026-09-17T10:45:16+02:00
SJ_107763,Infrastructure & DevOps Engineer,The MAMA AI,Prague,,https://www.startupjobs.cz/nabidka/107763/infrastructure-and-devops-engineer,2026-09-17T10:45:16+02:00
SJ_100475,"Marketing Consultant - stratég, co propojí byznys, digitál i lidi",ACOMWARE s.r.o.,Prague,,https://www.startupjobs.cz/nabidka/100475/marketing-consultant-strateg-co-propoji-byznys-digital-i-lidi,2026-09-17T10:45:16+02:00
SJ_107757,Máš přehled o české tvůrčí scéně a baví tě oslovovat nové lidi?,Forendors.cz,Prague,,https://www.startupjobs.cz/nabidka/107757/mas-prehled-o-ceske-tvurci-scene-a-bavi-te-oslovovat-nove-lidi,2026-09-17T10:45:16+02:00
SJ_570180,Programmatic Consultant (Campaign Execution & Optimization),Zircon Tree,Prague,,https://www.startupjobs.cz/nabidka/107297/programmatic-consultant-campaign-execution-and-optimization,2026-09-17T10:51:21+02:00
SJ_728711,Junior Account Manager,Reas.cz,Prague,,https://www.startupjobs.cz/nabidka/107355/junior-account-manager,2026-09-17T10:51:21+02:00
SJ_107073,Strategic Insights Consultant,Zircon Tree,Prague,,https://www.startupjobs.cz/nabidka/107073/strategic-insights-consultant,2026-09-17T10:52:21+02:00
SJ_924966,Programmatic Account Manager (Strategy & Client Growth),Zircon Tree,Prague,,https://www.startupjobs.cz/nabidka/107293/programmatic-account-manager-strategy-and-client-growth,2026-09-17T10:53:21+02:00
SJ_761562,Marketingový a digitální konzultant - online specialista,"Beneficio Media, s.r.o.",Prague,,https://www.startupjobs.cz/nabidka/107113/marketingovy-a-digitalni-konzultant-online-specialista,2026-09-17T10:56:29+02:00
SJ_286569,"BDR SK – Obchodný špecialista na telefóne | 100% Remote, 60 000+ Kč",Medevio s.r.o.,Prague,,https://www.startupjobs.cz/nabidka/100339/bdr-sk-obchodny-specialista-na-telefone-100-remote-60-000-kc,2026-09-17T10:57:36+02:00
SJ_210060,"BDR - Obchodní specialista na telefonu | CZ/SK, 100% REMOTE, 60.000+ Kč",Medevio s.r.o.,Prague,,https://www.startupjobs.cz/nabidka/77879/bdr-obchodni-specialista-na-telefonu-cz-sk-100-remote-60-000-kc,2026-09-17T10:57:36+02:00
SJ_107905,Data Analyst | Microsoft Fabric (možnost remote spolupráce),BizzTreat,Prague,,https://www.startupjobs.cz/nabidka/107905/data-analyst-microsoft-fabric-moznost-remote-spoluprace,2026-09-18T18:57:39+02:00
SJ_107893,Data Engineer,Skupina Klik.cz,Prague,,https://www.startupjobs.cz/nabidka/107893/data-engineer,2026-09-18T18:57:39+02:00
SJ_107891,AI First Software Engineer (.NET & Go)*,Skupina Klik.cz,Prague,,https://www.startupjobs.cz/nabidka/107891/ai-first-software-engineer-net-and-go,2026-09-18T18:57:39+02:00
SJ_107743,"Senior Linux Administrator pro IPTV, OTT a streamingové platformy",CRA,Prague,,https://www.startupjobs.cz/nabidka/107743/senior-linux-administrator-pro-iptv-ott-a-streamingove-platformy,2026-09-18T18:59:54+02:00
SJ_107885,Office Assistant/Recepční,Livesport,Prague,,https://www.startupjobs.cz/nabidka/107885/office-assistant-recepcni,2026-09-18T18:59:54+02:00
SJ_107507,"Marketér pro prop trading (paid ads, creators, AI) – ForTraders.com",For Traders,Prague,,https://www.startupjobs.cz/nabidka/107507/marketer-pro-prop-trading-paid-ads-creators-ai-fortraders-com,2026-09-18T18:59:54+02:00
SJ_107869,Senior Marketing Director,Shoptet,Prague,,https://www.startupjobs.cz/nabidka/107869/senior-marketing-director,2026-09-18T18:59:54+02:00
SJ_107917,Customer Project Coordinator – se zájmem o IT,CDN77,Prague,,https://www.startupjobs.cz/nabidka/107917/customer-project-coordinator-se-zajmem-o-it,2026-09-18T19:00:49+02:00
SJ_107745,Senior Infrastructure Engineer – provoz a výstavba velkého cloudového prostředí,CRA,Prague,,https://www.startupjobs.cz/nabidka/107745/senior-infrastructure-engineer-provoz-a-vystavba-velkeho-cloudoveho-prostredi,2026-09-18T19:00:49+02:00
SJ_107913,Talent Acquisition Specialist,Wultra,Prague,,https://www.startupjobs.cz/nabidka/107913/talent-acquisition-specialist,2026-09-18T19:00:49+02:00
SJ_107825,Akviziční obchodník - nový business pro softwarové produkty a služby (B2B),Designeo Creative,Prague,,https://www.startupjobs.cz/nabidka/107825/akvizicni-obchodnik-novy-business-pro-softwarove-produkty-a-sluzby-b2b,2026-09-18T19:01:54+02:00
SJ_107907,"CDP & CRM Automation Specialist Prague, Czechia · Hybrid ·",Meiro.io,Prague,,https://www.startupjobs.cz/nabidka/107907/cdp-and-crm-automation-specialist-prague-czechia-hybrid-full-time,2026-09-18T19:01:54+02:00
SJ_107901,BI Developer (medior),Lundegaard a.s.,Prague,,https://www.startupjobs.cz/nabidka/107901/bi-developer-medior,2026-09-18T19:01:54+02:00
SJ_107737,Junior B2B Sales Representative (HW + SaaS),Výdejní-Automaty.com,Prague,,https://www.startupjobs.cz/nabidka/107737/junior-b2b-sales-representative-hw-saas,2026-09-18T19:01:54+02:00
SJ_103781,🚀 Full-Stack Engineer (Node.js) | VETSTOR | Remote / Praha | 70–200k + podíl 🐶,VETSTOR,Prague,,https://www.startupjobs.cz/nabidka/103781/full-stack-engineer-node-js-vetstor-remote-praha-70-200k-podil,2026-09-18T19:01:54+02:00
SJ_107895,Full-stack Developer (medior/senior),Senvio,Prague,,https://www.startupjobs.cz/nabidka/107895/full-stack-developer-medior-senior,2026-09-18T19:01:54+02:00
SJ_104401,AI Engineer,Skupina Klik.cz,Prague,,https://www.startupjobs.cz/nabidka/104401/ai-engineer,2026-09-18T19:01:54+02:00
SJ_107889,Media Consultant,Publicis Groupe,Prague,,https://www.startupjobs.cz/nabidka/107889/media-consultant,2026-09-18T19:01:54+02:00
SJ_107709,Social Media Specialista/ka – Práce s AI výhodou,YDEAL s.r.o.,Prague,,https://www.startupjobs.cz/nabidka/107709/social-media-specialista-ka-prace-s-ai-vyhodou,2026-09-18T19:01:54+02:00
SJ_107879,Operations Administrative Specialist,Livesport,Prague,,https://www.startupjobs.cz/nabidka/107879/operations-administrative-specialist,2026-09-18T19:01:54+02:00
SJ_107877,Growth manager pro NICEBOY 💛,NICEBOY s.r.o.,Prague,,https://www.startupjobs.cz/nabidka/107877/growth-manager-pro-niceboy,2026-09-18T19:01:54+02:00
SJ_107875,Manažer-ka/architekt-ka kybernetické a informační bezpečnosti,Národní technická knihovna,Prague,,https://www.startupjobs.cz/nabidka/107875/manazer-ka-architekt-ka-kyberneticke-a-informacni-bezpecnosti,2026-09-18T19:01:54+02:00
SJ_107873,Frontend tester/ka - Automatizace,"CZ.NIC, z. s. p. o.",Prague,,https://www.startupjobs.cz/nabidka/107873/frontend-tester-ka-automatizace,2026-09-18T19:01:54+02:00
SJ_107867,User Acquisition Manager | AI & Subscription Apps at GAMEE,GAMEE,Prague,,https://www.startupjobs.cz/nabidka/107867/user-acquisition-manager-ai-and-subscription-apps-at-gamee,2026-09-18T19:01:54+02:00
SJ_237536,"Full-stack senior developer (Java, Typescript) 🚀",Simpleway,Prague,,https://www.startupjobs.cz/nabidka/107677/full-stack-senior-developer-java-typescript,2026-09-18T19:05:27+02:00
SJ_674193,Hlavní PHP programátor v menší technologické firmě 🖥️,EGIT s.r.o.,Prague,,https://www.startupjobs.cz/nabidka/107329/hlavni-php-programator-v-mensi-technologicke-firme,2026-09-18T19:12:04+02:00
SJ_787767,Sales Development Team Lead – Czech & Slovak Markets,Choice QR s.r.o.,Prague,,https://www.startupjobs.cz/nabidka/107661/sales-development-team-lead-czech-and-slovak-markets,2026-09-18T19:16:44+02:00
SJ_107927,Junior / Mid-level Scala Developer,AMP Algo,Prague,,https://www.startupjobs.cz/nabidka/107927/junior-mid-level-scala-developer,2026-09-20T10:52:57+02:00
SJ_107965,DevOps Engineer,PLG Group: GoOut & Ticketportal,Prague,,https://www.startupjobs.cz/nabidka/107965/devops-engineer,2026-09-21T19:00:02+02:00
SJ_107961,UX/UI Designer pro e-shop Mixit,Mixit s.r.o.,Prague,,https://www.startupjobs.cz/nabidka/107961/ux-ui-designer-pro-e-shop-mixit,2026-09-21T19:00:02+02:00
SJ_107537,Specialista/ka podpory bezpečnostních řešení,ISECO.CZ s.r.o.,Prague,,https://www.startupjobs.cz/nabidka/107537/specialista-ka-podpory-bezpecnostnich-reseni,2026-09-21T19:00:02+02:00
SJ_107953,Senior Manager - Business Development & Delivery | Česká republika,Greyson Consulting,Prague,,https://www.startupjobs.cz/nabidka/107953/senior-manager-business-development-and-delivery-ceska-republika,2026-09-21T19:00:02+02:00
SJ_103813,Senior Media Strategy Planner,Publicis Groupe,Prague,,https://www.startupjobs.cz/nabidka/103813/senior-media-strategy-planner,2026-09-21T19:00:02+02:00
SJ_107947,PPC Specialist,Publicis Groupe,Prague,,https://www.startupjobs.cz/nabidka/107947/ppc-specialist,2026-09-21T19:01:07+02:00
SJ_107945,Junior Media Consultant,Publicis Groupe,Prague,,https://www.startupjobs.cz/nabidka/107945/junior-media-consultant,2026-09-21T19:01:07+02:00
SJ_107939,Samostatný/á účetní pro technologickou firmu 🖥️,EGIT s.r.o.,Prague,,https://www.startupjobs.cz/nabidka/107939/samostatny-a-ucetni-pro-technologickou-firmu,2026-09-21T19:01:07+02:00
SJ_107937,Koordinátor / ka pojistných událostí - Podpora klientů při hlášení a řešení škod,DEFEND INSURANCE HOLDING s.r.o.,Prague,,https://www.startupjobs.cz/nabidka/107937/koordinator-ka-pojistnych-udalosti-podpora-klientu-pri-hlaseni-a-reseni-skod,2026-09-21T19:01:07+02:00
SJ_107929,Sales Representative Poland,Greenometer,Prague,,https://www.startupjobs.cz/nabidka/107929/sales-representative-poland,2026-09-21T19:01:07+02:00
SJ_386519,CDP & CRM Automation Specialist | On-site or Hybrid,Meiro.io,Prague,,https://www.startupjobs.cz/nabidka/107907/cdp-and-crm-automation-specialist-on-site-or-hybrid,2026-09-21T19:01:07+02:00
SJ_009207,Marketing Specialist,MAGU s.r.o.,Prague,,https://www.startupjobs.cz/nabidka/102637/marketing-specialist,2026-09-21T19:08:02+02:00
SJ_755488,Regionální obchodník | Česko & Slovensko| Zážitky.cz 💜,Zážitky.cz,Prague,,https://www.startupjobs.cz/nabidka/107199/regionalni-obchodnik-cesko-and-slovensko-zazitky-cz,2026-09-21T19:14:52+02:00
SJ_107967,Obchodní konzultant pro CFO služby a AI finanční nástroj 🚀,My Value Officer,Prague,,https://www.startupjobs.cz/nabidka/107967/obchodni-konzultant-pro-cfo-sluzby-a-ai-financni-nastroj,2026-09-22T20:36:06+02:00
SJ_108003,Business Intelligence Analyst (junior),Transcarent Technologies s.r.o.,Prague,,https://www.startupjobs.cz/nabidka/108003/business-intelligence-analyst-junior,2026-09-22T20:37:21+02:00
SJ_101167,SaaS Business Development Manager or Executive,Sustainova,Prague,,https://www.startupjobs.cz/nabidka/101167/saas-business-development-manager-or-executive,2026-09-22T20:37:21+02:00
SJ_107997,Konzultant/ka pro tvůrce a tvůrkyně,Herohero,Prague,,https://www.startupjobs.cz/nabidka/107997/konzultant-ka-pro-tvurce-a-tvurkyne,2026-09-22T20:37:21+02:00
SJ_107993,Graphic Designer pro NICEBOY 💛,NICEBOY s.r.o.,Prague,,https://www.startupjobs.cz/nabidka/107993/graphic-designer-pro-niceboy,2026-09-22T20:37:21+02:00
SJ_107973,AI Developer | AI výzvy s viditelným dopadem 🎯,Viable One s.r.o,Prague,,https://www.startupjobs.cz/nabidka/107973/ai-developer-ai-vyzvy-s-viditelnym-dopadem,2026-09-22T20:38:31+02:00
SJ_107979,Talent Acquisition Specialist | Laba Czech 💛,Laba Czech,Prague,,https://www.startupjobs.cz/nabidka/107979/talent-acquisition-specialist-laba-czech,2026-09-22T20:38:31+02:00
SJ_107975,Account Manager - CDP & Customer Data | On-site or Hybrid,Meiro.io,Prague,,https://www.startupjobs.cz/nabidka/107975/account-manager-cdp-and-customer-data-on-site-or-hybrid,2026-09-22T20:38:31+02:00
SJ_107707,Senior SAP BTP Developer (SAP Build),MSD,Prague,,https://www.startupjobs.cz/nabidka/107707/senior-sap-btp-developer-sap-build,2026-09-22T20:38:31+02:00
SJ_107971,Sales Manager pro gastro segment,Piano,Prague,,https://www.startupjobs.cz/nabidka/107971/sales-manager-pro-gastro-segment,2026-09-22T20:38:31+02:00
SJ_107969,PUELLA Emailing / CRM Specialist (Bloomreach),PUELLAvone s.r.o.,Prague,,https://www.startupjobs.cz/nabidka/107969/puella-emailing-crm-specialist-bloomreach,2026-09-22T20:38:31+02:00
SJ_930523,Senior Digital Account manager,Dentsu Czech Republic s.r.o.,Prague,,https://www.startupjobs.cz/nabidka/107725/senior-digital-account-manager,2026-09-22T20:47:26+02:00
SJ_108037,Senior Software Engineer – Rust & Linux,Datamole,Prague,,https://www.startupjobs.cz/nabidka/108037/senior-software-engineer-rust-linux,2026-09-23T21:45:13+02:00
SJ_108011,Hands-on Tech Lead (PHP) | remote | 140–180 tis. + osobní ohodnocení,Emorfiq - e-commerce řešení nové generace,Prague,,https://www.startupjobs.cz/nabidka/108011/hands-on-tech-lead-php-remote-140-180-tis-osobni-ohodnoceni,2026-09-23T21:45:13+02:00
SJ_106595,"Art Director , který umí naplno využít AI - pro naši kreativní a marketingovou agenturu Proboston",PROBOSTON,Prague,,https://www.startupjobs.cz/nabidka/106595/art-director-ktery-umi-naplno-vyuzit-ai-pro-nasi-kreativni-a-marketingovou-agenturu-proboston,2026-09-23T21:48:38+02:00
SJ_107959,EO/GIS Analyst,World from Space,Prague,,https://www.startupjobs.cz/nabidka/107959/eo-gis-analyst,2026-09-23T21:48:38+02:00
SJ_108051,Finanční a administrativní asistent/ka (angličtina B2/C1) – částečný úvazek,Nextedy Systems s.r.o.,Prague,,https://www.startupjobs.cz/nabidka/108051/financni-a-administrativni-asistent-ka-anglictina-b2-c1-castecny-uvazek,2026-09-23T21:48:38+02:00
SJ_108049,"QA Tester, AI and automation (student or entry level job)",Deafcom Solutions International,Prague,,https://www.startupjobs.cz/nabidka/108049/qa-tester-ai-and-automation-student-or-entry-level-job,2026-09-23T21:48:38+02:00
SJ_108047,Retail Media Activation Manager,Publicis Groupe,Prague,,https://www.startupjobs.cz/nabidka/108047/retail-media-activation-manager,2026-09-23T21:48:38+02:00
SJ_108041,Infrastructure Engineer,Braiins,Prague,,https://www.startupjobs.cz/nabidka/108041/infrastructure-engineer,2026-09-23T21:48:38+02:00
SJ_108029,Medior full-stack developer for a product with social impact,Deafcom Solutions International,Prague,,https://www.startupjobs.cz/nabidka/108029/medior-full-stack-developer-for-a-product-with-social-impact,2026-09-23T21:48:38+02:00
SJ_108025,Mobile App Developer,ESO,Prague,,https://www.startupjobs.cz/nabidka/108025/mobile-app-developer,2026-09-23T21:48:38+02:00
SJ_108027,Data Delivery Manager,Dateio,Prague,,https://www.startupjobs.cz/nabidka/108027/data-delivery-manager,2026-09-23T21:49:43+02:00
SJ_108019,Business Development Representative | Fast-Growing Fintech Startup CZ/SK,Malcom Finance,Prague,,https://www.startupjobs.cz/nabidka/108019/business-development-representative-fast-growing-fintech-startup-cz-sk,2026-09-23T21:49:43+02:00
SJ_107963,IT Project & Team Manager,Mixit s.r.o.,Prague,,https://www.startupjobs.cz/nabidka/107963/it-project-team-manager,2026-09-23T21:49:43+02:00
SJ_108013,Tech Lead Developer,Success Solutions s.r.o.,Prague,,https://www.startupjobs.cz/nabidka/108013/tech-lead-developer,2026-09-23T21:49:43+02:00
SJ_108009,Produktový manažer/ka - účty a platby,Air Bank a.s.,Prague,,https://www.startupjobs.cz/nabidka/108009/produktovy-manazer-ka-ucty-a-platby,2026-09-23T21:49:43+02:00
SJ_107989,Procurement/HR Operations Specialist,CreativeDock Czech s.r.o.,Prague,,https://www.startupjobs.cz/nabidka/107989/procurement-hr-operations-specialist,2026-09-23T21:49:43+02:00
SJ_300777,Generative AI Developer | AI výzvy s viditelným dopadem 🎯,Viable One s.r.o,Prague,,https://www.startupjobs.cz/nabidka/107973/generative-ai-developer-ai-vyzvy-s-viditelnym-dopadem,2026-09-23T21:49:43+02:00
SJ_658999,Sales Representative Poland with Polish,Greenometer,Prague,,https://www.startupjobs.cz/nabidka/107929/sales-representative-poland-with-polish,2026-09-23T21:51:47+02:00
SJ_289491,Atlassian Consultant / Solution Architekt (i pro Business analytiky nebo IT konzultanty) Praha + 1 další,MoroSystems,Prague,,https://www.startupjobs.cz/nabidka/101857/atlassian-consultant-solution-architekt-i-pro-business-analytiky-nebo-it-konzultanty,2026-09-23T21:56:18+02:00
SJ_245421,🎥 Route Filming & Production Specialist 🚴,ROUVY,Prague,,https://www.startupjobs.cz/nabidka/106715/route-filming-production-specialist,2026-09-23T22:01:53+02:00
SJ_841870,Performance marketing manažer/ka (Senior) pro Mixit Praha,Mixit s.r.o.,Prague,,https://www.startupjobs.cz/nabidka/86761/performance-marketing-manazer-ka-senior-pro-mixit,2026-09-23T22:02:58+02:00
SJ_736027,"Vedoucí telesales týmu – gastro tech, Praha",Choice QR s.r.o.,Prague,,https://www.startupjobs.cz/nabidka/107661/vedouci-telesales-tymu-gastro-tech-praha,2026-09-23T22:04:08+02:00
SJ_108077,"Senior Backend Engineer, Core Services",Apify,Prague,,https://www.startupjobs.cz/nabidka/108077/senior-backend-engineer-core-services,2026-09-25T11:47:51+02:00
SJ_108075,Product Lead - Real estate / Finance / Wealth management,Liberty Choice,Prague,,https://www.startupjobs.cz/nabidka/108075/product-lead-real-estate-finance-wealth-management,2026-09-25T11:50:01+02:00
SJ_105487,Senior Infrastructure Engineer,CallMiner (VOCALLS),Prague,,https://www.startupjobs.cz/nabidka/105487/senior-infrastructure-engineer,2026-09-25T11:51:01+02:00
SJ_108105,Forward Deployed Engineer,CallMiner (VOCALLS),Prague,,https://www.startupjobs.cz/nabidka/108105/forward-deployed-engineer,2026-09-25T11:51:01+02:00
SJ_108101,Performance Marketing Lead,Apify,Prague,,https://www.startupjobs.cz/nabidka/108101/performance-marketing-lead,2026-09-25T11:51:01+02:00
SJ_108099,Social Performance & Creative Specialist,Direct,Prague,,https://www.startupjobs.cz/nabidka/108099/social-performance-creative-specialist,2026-09-25T11:51:01+02:00
SJ_108089,"C++20/23 Developer | Robotics, AI & Real-World Tech | Brno",Roboauto s.r.o.,Prague,,https://www.startupjobs.cz/nabidka/108089/c-20-23-developer-robotics-ai-real-world-tech-brno,2026-09-25T11:51:01+02:00
SJ_108095,Customer Support Specialist,Oddin.gg,Prague,,https://www.startupjobs.cz/nabidka/108095/customer-support-specialist,2026-09-25T11:51:01+02:00
SJ_108017,Hledáme polsky mluvícího parťáka do zákaznické péče a poradenství v psí výživě 🐾,Rufruf s.r.o.,Prague,,https://www.startupjobs.cz/nabidka/108017/hledame-polsky-mluviciho-partaka-do-zakaznicke-pece-a-poradenstvi-v-psi-vyzive,2026-09-25T11:51:01+02:00
SJ_108085,Performance & Growth Specialist — Tipli & Kaufino,Tipli,Prague,,https://www.startupjobs.cz/nabidka/108085/performance-growth-specialist-tipli-kaufino,2026-09-25T11:51:01+02:00
SJ_108087,Full-Stack Engineer (JAVA&REACT),Avenga Czechia s.r.o.,Prague,,https://www.startupjobs.cz/nabidka/108087/full-stack-engineer-java-react,2026-09-25T11:52:06+02:00
SJ_108083,"Prodávej a konzultuj AI, ERP a automatizaci - remote 🚀",Apertia Tech s.r.o.,Prague,,https://www.startupjobs.cz/nabidka/108083/prodavej-a-konzultuj-ai-erp-a-automatizaci-remote,2026-09-25T11:52:06+02:00
SJ_108079,Head of Sales,Dateio,Prague,,https://www.startupjobs.cz/nabidka/108079/head-of-sales,2026-09-25T11:52:06+02:00
SJ_108067,IT Business Consultant / Technical Presales specialista,Datera s.r.o.,Prague,,https://www.startupjobs.cz/nabidka/108067/it-business-consultant-technical-presales-specialista,2026-09-25T11:52:06+02:00
SJ_108073,Business Analyst for Fintech Startup (Techstars Company 🚀),Flowpay,Prague,,https://www.startupjobs.cz/nabidka/108073/business-analyst-for-fintech-startup-techstars-company,2026-09-25T11:52:06+02:00
SJ_108071,"🚀 Koordinátor/ka Autentického studia | Marketing, obchod & administrativa",Autentická média s. r. o.,Prague,,https://www.startupjobs.cz/nabidka/108071/koordinator-ka-autentickeho-studia-marketing-obchod-administrativa,2026-09-25T11:52:06+02:00
SJ_108043,Fullstack Engineer / AI Engineer for BRAIINS MANAGER,Braiins,Prague,,https://www.startupjobs.cz/nabidka/108043/fullstack-engineer-ai-engineer-for-braiins-manager,2026-09-25T11:52:06+02:00
SJ_107941,DevOps engineer (C/C++),Tritonsystems s.r.o.,Prague,,https://www.startupjobs.cz/nabidka/107941/devops-engineer-c-c,2026-09-25T11:52:06+02:00
SJ_107983,Medior/Senior Backend vývojář/ka .NET – Credit Check,"Credit Check, s.r.o.",Prague,,https://www.startupjobs.cz/nabidka/107983/medior-senior-backend-vyvojar-ka-net-credit-check,2026-09-25T11:52:06+02:00
SJ_539171,Technický specialista pro inovace a registraci technologií Praha,BTL Medical,Prague,,https://www.startupjobs.cz/nabidka/106229/technicky-specialista-pro-inovace-a-registraci-technologii,2026-09-25T11:52:06+02:00
SJ_523140,Sales Support – se zájmem o IT,CDN77,Prague,,https://www.startupjobs.cz/nabidka/107917/sales-support-se-zajmem-o-it,2026-09-25T11:55:36+02:00
SJ_107977,"Senior full-stack vývojář (AI-native, integrace, ESOP)","TAXY, s. r. o.",Prague,,https://www.startupjobs.cz/nabidka/107977/senior-full-stack-vyvojar-ai-native-integrace-esop,2026-09-25T12:06:46+02:00
SJ_108113,"Team Lead, Actors",Apify,Prague,,https://www.startupjobs.cz/nabidka/108113/team-lead-actors,2026-09-26T12:06:05+02:00
SJ_108107,Social Media Content Creator pro mladou firmu 🚀,Futuro Invest,Prague,,https://www.startupjobs.cz/nabidka/108107/social-media-content-creator-pro-mladou-firmu,2026-09-26T12:08:25+02:00
SJ_66517,PHP backend platform developer,Cantata Health Solutions,Prague,,https://www.startupjobs.cz/nabidka/66517/php-backend-platform-developer,2026-09-26T12:09:35+02:00
SJ_87237,"Fullstack Developer – Kotlin, React | Recommendation engine pro evropský retail",we.builders s.r.o.,Prague,,https://www.startupjobs.cz/nabidka/87237/fullstack-developer-kotlin-react-recommendation-engine-pro-evropsky-retail,2026-09-26T12:09:35+02:00
SJ_108117,Motion Designer (3D),Leo Prague,Prague,,https://www.startupjobs.cz/nabidka/108117/motion-designer-3d,2026-09-26T12:09:35+02:00
SJ_108115,Client Lead pro Plzeňský Prazdroj,Publicis Groupe,Prague,,https://www.startupjobs.cz/nabidka/108115/client-lead-pro-plzensky-prazdroj,2026-09-26T12:09:35+02:00
SJ_108111,"🖤💛 Senior Cloud / DevOps Engineer | AWS, GCP, Kubernetes 🚀",signageOS,Prague,,https://www.startupjobs.cz/nabidka/108111/senior-cloud-devops-engineer-aws-gcp-kubernetes,2026-09-26T12:09:35+02:00
SJ_108109,Pravá ruka CEO – AMPOWER,AMPower,Prague,,https://www.startupjobs.cz/nabidka/108109/prava-ruka-ceo-ampower,2026-09-26T12:09:35+02:00
SJ_106769,Sr Software Engineer - PHP/Java,Transcarent Technologies s.r.o.,Prague,,https://www.startupjobs.cz/nabidka/106769/sr-software-engineer-php-java,2026-09-29T12:28:35+02:00
SJ_108133,Komunikativní parťák do kanceláře 🚀,Futuro Invest,Prague,,https://www.startupjobs.cz/nabidka/108133/komunikativni-partak-do-kancelare,2026-09-29T12:30:40+02:00
SJ_108137,"Hledáme 1 content creatora/ku, které/mu dáme vytoužené příjmy i svobodu (iPhone + kamera)",ELODY s.r.o.,Prague,,https://www.startupjobs.cz/nabidka/108137/hledame-1-content-creatora-ku-ktere-mu-dame-vytouzene-prijmy-i-svobodu-iphone-kamera,2026-09-29T12:32:55+02:00
SJ_108139,Receptionist & Back Office assistant,Slevomat Group,Prague,,https://www.startupjobs.cz/nabidka/108139/receptionist-back-office-assistant,2026-09-29T12:32:55+02:00
SJ_108131,B2B Client Support – online podpora pro naše klienty,BeeFlex Agency s.r.o.,Prague,,https://www.startupjobs.cz/nabidka/108131/b2b-client-support-online-podpora-pro-nase-klienty,2026-09-29T12:32:55+02:00
SJ_108129,CEO (Chief Executive Officer),Molecula a.s.,Prague,,https://www.startupjobs.cz/nabidka/108129/ceo-chief-executive-officer,2026-09-29T12:32:55+02:00
SJ_108125,Senior Account Manager / Project Lead - rozvoj klientů v 360° agentuře,ACOMWARE s.r.o.,Prague,,https://www.startupjobs.cz/nabidka/108125/senior-account-manager-project-lead-rozvoj-klientu-v-360-agenture,2026-09-29T12:32:55+02:00
SJ_061604,📊 Medior/Senior Data Analyst (možnost remote),BizzTreat,Prague,,https://www.startupjobs.cz/nabidka/107905/medior-senior-data-analyst-moznost-remote,2026-09-30T12:46:22+02:00
SJ_108157,Obchodník / obchodnice pro IT řešení (SmartFP),"Gappex, s.r.o. - výrobce platformy SmartFP",Prague,,https://www.startupjobs.cz/nabidka/108157/obchodnik-obchodnice-pro-it-reseni-smartfp,2026-09-30T12:47:27+02:00
SJ_108163,Produktový manažer pro Seznam Homepage,"Seznam.cz, a.s.",Prague,,https://www.startupjobs.cz/nabidka/108163/produktovy-manazer-pro-seznam-homepage,2026-09-30T12:49:47+02:00
SJ_98951,Financial Controller,OKTAGON MMA,Prague,,https://www.startupjobs.cz/nabidka/98951/financial-controller,2026-09-30T12:49:47+02:00
SJ_108081,🚀 Customer Success Manager - Samba.ai (SaaS / AI Marketing Automation),Samba.ai,Prague,,https://www.startupjobs.cz/nabidka/108081/customer-success-manager-samba-ai-saas-ai-marketing-automation,2026-09-30T12:49:47+02:00
SJ_108147,"Specialista/Specialistka BOZP, PO",innogy Česká republika a.s.,Prague,,https://www.startupjobs.cz/nabidka/108147/specialista-specialistka-bozp-po,2026-09-30T12:49:47+02:00
SJ_108149,"Content, sales & marketing",US Launchpad s.r.o.,Prague,,https://www.startupjobs.cz/nabidka/108149/content-sales-marketing,2026-09-30T12:49:47+02:00
SJ_108127,Business Developer for Germany (DACH) | E-commerce agentic PaaS,Merchantee,Prague,,https://www.startupjobs.cz/nabidka/108127/business-developer-for-germany-dach-e-commerce-agentic-paas,2026-09-30T12:49:47+02:00
SJ_108145,Specialista/Specialistka životního prostředí,innogy Česká republika a.s.,Prague,,https://www.startupjobs.cz/nabidka/108145/specialista-specialistka-zivotniho-prostredi,2026-09-30T12:49:47+02:00
SJ_601215,Strategic Account Manager,Dateio,Prague,,https://www.startupjobs.cz/nabidka/107271/strategic-account-manager,2026-09-30T12:49:47+02:00
SJ_69457,Customer Support Specialist - night shifts,Sharry,Prague,,https://www.startupjobs.cz/nabidka/69457/customer-support-specialist-night-shifts,2026-09-30T12:49:47+02:00
SJ_953143,Business Developer for Poland | E-commerce agentic PaaS,Merchantee,Prague,,https://www.startupjobs.cz/nabidka/107229/business-developer-for-poland-e-commerce-agentic-paas,2026-09-30T12:50:52+02:00
SJ_108225,Seniorní Java vývojář pro celoevropský digitalizační projekt,"Profinit EU, s.r.o.",Prague,,https://www.startupjobs.cz/nabidka/108225/seniorni-java-vyvojar-pro-celoevropsky-digitalizacni-projekt,2026-10-02T12:39:24+02:00
SJ_70233,Java Engineer,CONFIRMO s.r.o,Prague,,https://www.startupjobs.cz/nabidka/70233/java-engineer,2026-10-02T12:39:24+02:00
SJ_108259,Data Analyst (CRM & Campaigns),Future Journey Agency,Prague,,https://www.startupjobs.cz/nabidka/108259/data-analyst-crm-campaigns,2026-10-02T12:39:24+02:00
SJ_108247,Java Backend Developer,1.PF s.r.o.,Prague,,https://www.startupjobs.cz/nabidka/108247/java-backend-developer,2026-10-02T12:39:24+02:00
SJ_108231,"Senior Backend Engineer, Billing",Apify,Prague,,https://www.startupjobs.cz/nabidka/108231/senior-backend-engineer-billing,2026-10-02T12:39:24+02:00
SJ_105551,"Senior Backend Engineer, Store",Apify,Prague,,https://www.startupjobs.cz/nabidka/105551/senior-backend-engineer-store,2026-10-02T12:39:24+02:00
SJ_108197,Data & BI Consultant / Power BI Developer – průmyslová a energetická analytika,HECON,Prague,,https://www.startupjobs.cz/nabidka/108197/data-bi-consultant-power-bi-developer-prumyslova-a-energeticka-analytika,2026-10-02T12:39:24+02:00
SJ_108243,🚀 IT Project Manager / Team Leader,ASSIST spol. s r.o.,Prague,,https://www.startupjobs.cz/nabidka/108243/it-project-manager-team-leader,2026-10-02T12:41:34+02:00
SJ_108223,DevOps Engineer,"Profinit EU, s.r.o.",Prague,,https://www.startupjobs.cz/nabidka/108223/devops-engineer,2026-10-02T12:41:34+02:00
SJ_108227,IT Analytik pro transformační a integrační projekty,"Profinit EU, s.r.o.",Prague,,https://www.startupjobs.cz/nabidka/108227/it-analytik-pro-transformacni-a-integracni-projekty,2026-10-02T12:41:34+02:00
SJ_108221,🚙 Junior Project Manager,Stěhuju.cz s.r.o.,Prague,,https://www.startupjobs.cz/nabidka/108221/junior-project-manager,2026-10-02T12:41:34+02:00
SJ_108179,Data Team Leader – buduj s námi nové datové oddělení,Trigema a.s.,Prague,,https://www.startupjobs.cz/nabidka/108179/data-team-leader-buduj-s-nami-nove-datove-oddeleni,2026-10-02T12:41:34+02:00
SJ_108263,🛠️ 💻 IT Support Manager - vezmi naše IT pod svá křídla!,Revido s.r.o.,Prague,,https://www.startupjobs.cz/nabidka/108263/it-support-manager-vezmi-nase-it-pod-sva-kridla,2026-10-02T12:42:34+02:00
SJ_108257,🙋 Office Manager,Datamole,Prague,,https://www.startupjobs.cz/nabidka/108257/office-manager,2026-10-02T12:42:34+02:00
SJ_108255,Visual Designer,Twisto,Prague,,https://www.startupjobs.cz/nabidka/108255/visual-designer,2026-10-02T12:42:34+02:00
SJ_101307,Project Manager (with Czech or Slovak),Success Solutions s.r.o.,Prague,,https://www.startupjobs.cz/nabidka/101307/project-manager-with-czech-or-slovak,2026-10-02T12:42:34+02:00
SJ_88403,Junior PR account executive,Hustá,Prague,,https://www.startupjobs.cz/nabidka/88403/junior-pr-account-executive,2026-10-02T12:42:34+02:00
SJ_108249,IT Analyst,Avenga Czechia s.r.o.,Prague,,https://www.startupjobs.cz/nabidka/108249/it-analyst,2026-10-02T12:42:34+02:00
SJ_106145,Administrativní podpora nákupu – poloviční úvazek Praha,BTL Medical,Prague,,https://www.startupjobs.cz/nabidka/106145/administrativni-podpora-nakupu-polovicni-uvazek,2026-10-02T12:42:34+02:00
SJ_108253,Obchodník pro Shoptet,Shoptet,Prague,,https://www.startupjobs.cz/nabidka/108253/obchodnik-pro-shoptet,2026-10-02T12:42:34+02:00
SJ_108251,AI Solutions Designer,PromethistAI a.s.,Prague,,https://www.startupjobs.cz/nabidka/108251/ai-solutions-designer,2026-10-02T12:42:34+02:00
SJ_108195,SOC analytik - Chceš nastartovat nebo rozvíjet kariéru v kyberbezpečnosti?,Alintrust s.r.o.,Prague,,https://www.startupjobs.cz/nabidka/108195/soc-analytik-chces-nastartovat-nebo-rozvijet-karieru-v-kyberbezpecnosti,2026-10-02T12:42:34+02:00
SJ_108245,"Partnership Manager | integrace do CRM, HR, DMS... | DigiSign","Digital Solutions, s.r.o.",Prague,,https://www.startupjobs.cz/nabidka/108245/partnership-manager-integrace-do-crm-hr-dms-digisign,2026-10-02T12:43:39+02:00
SJ_108235,Junior Product Packaging Coordinator - Apple Accessories,Epico International .s.r.o.,Prague,,https://www.startupjobs.cz/nabidka/108235/junior-product-packaging-coordinator-apple-accessories,2026-10-02T12:43:39+02:00
SJ_93697,Front Office Specialist,Portu,Prague,,https://www.startupjobs.cz/nabidka/93697/front-office-specialist,2026-10-02T12:43:39+02:00
SJ_105553,"Senior Fullstack Engineer, Store",Apify,Prague,,https://www.startupjobs.cz/nabidka/105553/senior-fullstack-engineer-store,2026-10-02T12:43:39+02:00
SJ_108213,Full Stack / Backend Developer,uLékaře.cz s.r.o.,Prague,,https://www.startupjobs.cz/nabidka/108213/full-stack-backend-developer,2026-10-02T12:43:39+02:00
SJ_108209,Head of Brand,Apify,Prague,,https://www.startupjobs.cz/nabidka/108209/head-of-brand,2026-10-02T12:43:39+02:00
SJ_108201,Corporate Care Manager,uLékaře.cz s.r.o.,Prague,,https://www.startupjobs.cz/nabidka/108201/corporate-care-manager,2026-10-02T12:43:39+02:00
SJ_108199,Head of Performance Marketing,Mixit s.r.o.,Prague,,https://www.startupjobs.cz/nabidka/108199/head-of-performance-marketing,2026-10-02T12:43:39+02:00
SJ_108193,"HR Generalist | People, Office & Culture",Epico International .s.r.o.,Prague,,https://www.startupjobs.cz/nabidka/108193/hr-generalist-people-office-culture,2026-10-02T12:43:39+02:00
SJ_108189,Office manager/ka se zaměřením na finance,Clientelo Czech s.r.o.,Prague,,https://www.startupjobs.cz/nabidka/108189/office-manager-ka-se-zamerenim-na-finance,2026-10-02T12:43:39+02:00
SJ_108185,Junior AI Engineer,ARTIN,Prague,,https://www.startupjobs.cz/nabidka/108185/junior-ai-engineer,2026-10-02T12:43:39+02:00
SJ_108183,ICT Business Analyst | Mezinárodní transformační program,Drivalia Lease Czech Republic s.r.o.,Prague,,https://www.startupjobs.cz/nabidka/108183/ict-business-analyst-mezinarodni-transformacni-program,2026-10-02T12:43:39+02:00
SJ_108169,🚀 Hledáme Senior / Lead Rust developera - 200 - 250tis Kč,TangibleCodes,Prague,,https://www.startupjobs.cz/nabidka/108169/hledame-senior-lead-rust-developera-200-250tis-kc,2026-10-02T12:43:39+02:00
SJ_106289,Email Marketing Specialist,Triola a.s.,Prague,,https://www.startupjobs.cz/nabidka/106289/email-marketing-specialist,2026-10-03T11:26:11+02:00
SJ_108281,Account Director (Digital marketing),Proficio,Prague,,https://www.startupjobs.cz/nabidka/108281/account-director-digital-marketing,2026-10-03T11:26:11+02:00
SJ_108279,FIFA Players na PS5 ⚽ Dámská liga ⚽ Hraj za peníze přímo ve studiu v Praze!,Oddin.gg,Prague,,https://www.startupjobs.cz/nabidka/108279/fifa-players-na-ps5-damska-liga-hraj-za-penize-primo-ve-studiu-v-praze,2026-10-03T11:26:11+02:00
SJ_108271,Technický spoluzakladatel startupu – Node.js & JavaScript Builder,Melatony,Prague,,https://www.startupjobs.cz/nabidka/108271/technicky-spoluzakladatel-startupu-node-js-javascript-builder,2026-10-03T11:26:11+02:00
SJ_108275,Hledáme pravou ruku designového startupu: Office Manager & Asistent majitele.,Moodpasta,Prague,,https://www.startupjobs.cz/nabidka/108275/hledame-pravou-ruku-designoveho-startupu-office-manager-asistent-majitele,2026-10-03T11:26:11+02:00
SJ_108151,Konzultant a projektový manažer implementací Odoo,ORIGAMIS s.r.o.,Prague,,https://www.startupjobs.cz/nabidka/108151/konzultant-a-projektovy-manazer-implementaci-odoo,2026-10-03T11:26:11+02:00
SJ_108261,Ambasador optického internetu,T-Mobile Czech Republic a.s. - Partner,Prague,,https://www.startupjobs.cz/nabidka/108261/ambasador-optickeho-internetu,2026-10-03T11:26:11+02:00
SJ_464609,"Product Engineer (full-stack, medior/senior) 🚀",Senvio,Prague,,https://www.startupjobs.cz/nabidka/107895/product-engineer-full-stack-medior-senior,2026-10-03T11:35:11+02:00
SJ_103893,Sr. Test Automation Backend Engineer,Charged Monkey s.r.o.,Prague,,https://www.startupjobs.cz/nabidka/103893/sr-test-automation-backend-engineer,2026-10-07T14:13:14+02:00
SJ_108353,Founding Acquisition Engineer / Senior Acquisition Engineer | ESOP | Provize z prodeje,Edmund,Prague,,https://www.startupjobs.cz/nabidka/108353/founding-acquisition-engineer-senior-acquisition-engineer-esop-provize-z-prodeje,2026-10-07T14:15:14+02:00
SJ_108333,Senior Full-Stack PHP / Frontend Architect,Logmanager a.s.,Prague,,https://www.startupjobs.cz/nabidka/108333/senior-full-stack-php-frontend-architect,2026-10-07T14:15:14+02:00
SJ_108293,Senior Software Engineer (Full-stack),Storyous,Prague,,https://www.startupjobs.cz/nabidka/108293/senior-software-engineer-full-stack,2026-10-07T14:15:14+02:00
SJ_813155,DevOps Engineer - remote projekty,"Profinit EU, s.r.o.",Prague,,https://www.startupjobs.cz/nabidka/108223/devops-engineer-remote-projekty,2026-10-07T14:16:19+02:00
SJ_108359,Specialista/​ka pro digitální kampaně a automatizaci,T-Mobile Czech Republic a.s.; Slovak Telekom a.s.,Prague,,https://www.startupjobs.cz/nabidka/108359/specialista-ka-pro-digitalni-kampane-a-automatizaci,2026-10-07T14:17:09+02:00
SJ_39169,PPC Specialist @Taste,Taste,Prague,,https://www.startupjobs.cz/nabidka/39169/ppc-specialist-at-taste,2026-10-07T14:17:09+02:00
SJ_108337,Senior Product Designer / UX + AI prototyping,Leadhub E-commerce,Prague,,https://www.startupjobs.cz/nabidka/108337/senior-product-designer-ux-ai-prototyping,2026-10-07T14:17:09+02:00
SJ_108351,Office & Events Coordinator,Filuta AI,Prague,,https://www.startupjobs.cz/nabidka/108351/office-events-coordinator,2026-10-07T14:17:09+02:00
SJ_108347,Technický specialista,CleverFarm,Prague,,https://www.startupjobs.cz/nabidka/108347/technicky-specialista,2026-10-07T14:17:09+02:00
SJ_108349,E-mailing & CRM Specialist,"Seznam.cz, a.s.",Prague,,https://www.startupjobs.cz/nabidka/108349/e-mailing-crm-specialist,2026-10-07T14:17:09+02:00
SJ_108269,Obchodník pro AI startup: prodávej AI starostům,TrixTech s.r.o.,Prague,,https://www.startupjobs.cz/nabidka/108269/obchodnik-pro-ai-startup-prodavej-ai-starostum,2026-10-07T14:17:09+02:00
SJ_108339,Training & Events Lead – Run a company within the company,Tesena | Praha,Prague,,https://www.startupjobs.cz/nabidka/108339/training-events-lead-run-a-company-within-the-company,2026-10-07T14:17:09+02:00
SJ_108335,AI-Native Growth Marketer,Dawiso,Prague,,https://www.startupjobs.cz/nabidka/108335/ai-native-growth-marketer,2026-10-07T14:17:09+02:00
SJ_108329,Lawyer | Venture Builder's Legal Partner,CreativeDock Czech s.r.o.,Prague,,https://www.startupjobs.cz/nabidka/108329/lawyer-venture-builder-s-legal-partner,2026-10-07T14:17:09+02:00
SJ_84593,🤖Mobile Agentic Engineer,Applifting,Prague,,https://www.startupjobs.cz/nabidka/84593/mobile-agentic-engineer,2026-10-07T14:17:09+02:00
SJ_108325,Prodejce autodiagnostiky a zákaznický servis pro diagstore.cz,diagstore.cz,Prague,,https://www.startupjobs.cz/nabidka/108325/prodejce-autodiagnostiky-a-zakaznicky-servis-pro-diagstore-cz,2026-10-07T14:17:09+02:00
SJ_108299,"Sales Manager | New Business - AI, Cloud & Data Solutions",Optimics s.r.o.,Prague,,https://www.startupjobs.cz/nabidka/108299/sales-manager-new-business-ai-cloud-data-solutions,2026-10-07T14:17:09+02:00
SJ_108321,🚨 Account/Projektový manažer pro digitální marketing a PPC strategie,agentura KOFEIN s.r.o.,Prague,,https://www.startupjobs.cz/nabidka/108321/account-projektovy-manazer-pro-digitalni-marketing-a-ppc-strategie,2026-10-07T14:17:09+02:00
SJ_108317,Mosaic Camera Technician,Mosaic (UNIRMI s.r.o),Prague,,https://www.startupjobs.cz/nabidka/108317/mosaic-camera-technician,2026-10-07T14:18:14+02:00
SJ_108313,People & Operations Support,Charged Monkey s.r.o.,Prague,,https://www.startupjobs.cz/nabidka/108313/people-operations-support,2026-10-07T14:18:14+02:00
SJ_638699,PPC / Performance Specialist - Medior/Senior,Magnas Performance s.r.o.,Prague,,https://www.startupjobs.cz/nabidka/105327/ppc-performance-specialist-medior-senior,2026-10-07T14:18:14+02:00
SJ_108311,Senior CRM Consultant,Publicis Production EMEA Hub,Prague,,https://www.startupjobs.cz/nabidka/108311/senior-crm-consultant,2026-10-07T14:18:14+02:00
SJ_108265,"Senior vývojář/ka – stav s námi nový firemní systém s AI agenty po boku ⚡ Brno, až 120k Kč",GEOMAT s.r.o.,Prague,,https://www.startupjobs.cz/nabidka/108265/senior-vyvojar-ka-stav-s-nami-novy-firemni-system-s-ai-agenty-po-boku-brno-az-120k-kc,2026-10-07T14:18:14+02:00
SJ_108309,"Marketing Lead - 0,75 FTE",Tesena | Praha,Prague,,https://www.startupjobs.cz/nabidka/108309/marketing-lead-0-75-fte,2026-10-07T14:18:14+02:00
SJ_108297,AI Model Red Teamer 🦅,Synhawk s.r.o.,Prague,,https://www.startupjobs.cz/nabidka/108297/ai-model-red-teamer,2026-10-07T14:18:14+02:00
SJ_108303,Website Owner s technickým přesahem,CDN77,Prague,,https://www.startupjobs.cz/nabidka/108303/website-owner-s-technickym-presahem,2026-10-07T14:18:14+02:00
SJ_90769,Delivery Account Manager | Řízení AI projektů v enterprise prostředí 🚀,Viable One s.r.o,Prague,,https://www.startupjobs.cz/nabidka/90769/delivery-account-manager-rizeni-ai-projektu-v-enterprise-prostredi,2026-10-07T14:18:14+02:00
SJ_108301,Senior DevOps Engineer,MyQ,Prague,,https://www.startupjobs.cz/nabidka/108301/senior-devops-engineer,2026-10-07T14:18:14+02:00
SJ_108295,AI Learning Content Engineer,Foxino,Prague,,https://www.startupjobs.cz/nabidka/108295/ai-learning-content-engineer,2026-10-07T14:18:14+02:00
SJ_108291,🇩🇪 🇨🇿 Country Brand Manager Germany,Mixit s.r.o.,Prague,,https://www.startupjobs.cz/nabidka/108291/country-brand-manager-germany,2026-10-07T14:18:14+02:00
SJ_98135,DevOps Inženýr/ka - Microsoft Azure,Všeobecná zdravotní pojišťovna České republiky,Prague,,https://www.startupjobs.cz/nabidka/98135/devops-inzenyr-ka-microsoft-azure,2026-10-07T14:18:14+02:00
SJ_108289,Team Lead Graphic Designer | Digital & Branding,Media:list s.r.o.,Prague,,https://www.startupjobs.cz/nabidka/108289/team-lead-graphic-designer-digital-branding,2026-10-07T14:18:14+02:00
SJ_108285,Launcher–výsadkář(ka): Polsko 🇵🇱,grid.online,Prague,,https://www.startupjobs.cz/nabidka/108285/launcher-vysadkar-ka-polsko,2026-10-07T14:18:14+02:00
SJ_103631,Administrativní podpora nákupu (vhodné pro absolventy) Praha,BTL Medical,Prague,,https://www.startupjobs.cz/nabidka/103631/administrativni-podpora-nakupu-vhodne-pro-absolventy,2026-10-07T14:18:14+02:00
SJ_851136,Junior produktový manažer pro Seznam Homepage,"Seznam.cz, a.s.",Prague,,https://www.startupjobs.cz/nabidka/108163/junior-produktovy-manazer-pro-seznam-homepage,2026-10-07T14:20:29+02:00
SJ_606423,Esports Trading & Operations Specialist,Oddin.gg,Prague,,https://www.startupjobs.cz/nabidka/108095/esports-trading-operations-specialist,2026-10-07T14:22:48+02:00
SJ_396896,Senior Accountant | E-commerce & Inventory,Fabini,Prague,,https://www.startupjobs.cz/nabidka/107569/senior-accountant-e-commerce-inventory,2026-10-07T14:30:39+02:00
